122875_001.jpg,257691,f8c123f1,\Movie Night\Movie Night Part 1\,{ARG01~Movie Night~320XDMPT~Movie Night Part 1}
122875_002.jpg,451321,0020a07b,\Movie Night\Movie Night Part 1\,{ARG01~Movie Night~320XDMPT~Movie Night Part 1}
122875_003.jpg,272665,2e55f437,\Movie Night\Movie Night Part 1\,{ARG01~Movie Night~320XDMPT~Movie Night Part 1}
122875_004.jpg,267419,fe632612,\Movie Night\Movie Night Part 1\,{ARG01~Movie Night~320XDMPT~Movie Night Part 1}
122875_005.jpg,272991,29d74957,\Movie Night\Movie Night Part 1\,{ARG01~Movie Night~320XDMPT~Movie Night Part 1}
122875_006.jpg,240788,c6d016a7,\Movie Night\Movie Night Part 1\,{ARG01~Movie Night~320XDMPT~Movie Night Part 1}
122875_007.jpg,242747,10f6dc4c,\Movie Night\Movie Night Part 1\,{ARG01~Movie Night~320XDMPT~Movie Night Part 1}
122875_008.jpg,480634,f3b0cf74,\Movie Night\Movie Night Part 1\,{ARG01~Movie Night~320XDMPT~Movie Night Part 1}
122875_009.jpg,170768,4cc1167f,\Movie Night\Movie Night Part 1\,{ARG01~Movie Night~320XDMPT~Movie Night Part 1}
122875_010.jpg,470687,d1be8018,\Movie Night\Movie Night Part 1\,{ARG01~Movie Night~320XDMPT~Movie Night Part 1}
122875_011.jpg,382435,0c6df809,\Movie Night\Movie Night Part 1\,{ARG01~Movie Night~320XDMPT~Movie Night Part 1}
122875_012.jpg,418544,e2faad6e,\Movie Night\Movie Night Part 1\,{ARG01~Movie Night~320XDMPT~Movie Night Part 1}
122875_013.jpg,433900,c9dc4b96,\Movie Night\Movie Night Part 1\,{ARG01~Movie Night~320XDMPT~Movie Night Part 1}
122875_014.jpg,279070,c9e449c3,\Movie Night\Movie Night Part 1\,{ARG01~Movie Night~320XDMPT~Movie Night Part 1}
122875_015.jpg,407493,0675f8f5,\Movie Night\Movie Night Part 1\,{ARG01~Movie Night~320XDMPT~Movie Night Part 1}
movie night part 1 adult time.mp4,65445034,8dd71d8e,\Movie Night\Movie Night Part 1\,{ARG01~Movie Night~320XDMPT~Movie Night Part 1}
112356_001.jpg,113194,31f09f2e,\All My Roommate's Love\All My Roommate's Love 1\,{ARG01~All My Roommate's Love~3213PHHR~All My Roommate's Love 1}
112356_002.jpg,137007,435f5267,\All My Roommate's Love\All My Roommate's Love 1\,{ARG01~All My Roommate's Love~3213PHHR~All My Roommate's Love 1}
112356_003.jpg,161241,0d0160aa,\All My Roommate's Love\All My Roommate's Love 1\,{ARG01~All My Roommate's Love~3213PHHR~All My Roommate's Love 1}
112356_004.jpg,123987,4d2f8793,\All My Roommate's Love\All My Roommate's Love 1\,{ARG01~All My Roommate's Love~3213PHHR~All My Roommate's Love 1}
112356_005.jpg,121943,823805b3,\All My Roommate's Love\All My Roommate's Love 1\,{ARG01~All My Roommate's Love~3213PHHR~All My Roommate's Love 1}
112356_006.jpg,205718,ffc28607,\All My Roommate's Love\All My Roommate's Love 1\,{ARG01~All My Roommate's Love~3213PHHR~All My Roommate's Love 1}
112356_007.jpg,106245,6d4b890e,\All My Roommate's Love\All My Roommate's Love 1\,{ARG01~All My Roommate's Love~3213PHHR~All My Roommate's Love 1}
112356_008.jpg,148886,e426f139,\All My Roommate's Love\All My Roommate's Love 1\,{ARG01~All My Roommate's Love~3213PHHR~All My Roommate's Love 1}
112356_009.jpg,145427,8d528f64,\All My Roommate's Love\All My Roommate's Love 1\,{ARG01~All My Roommate's Love~3213PHHR~All My Roommate's Love 1}
112356_010.jpg,124240,7741b646,\All My Roommate's Love\All My Roommate's Love 1\,{ARG01~All My Roommate's Love~3213PHHR~All My Roommate's Love 1}
112356_011.jpg,134361,d90bd9a6,\All My Roommate's Love\All My Roommate's Love 1\,{ARG01~All My Roommate's Love~3213PHHR~All My Roommate's Love 1}
112356_012.jpg,155093,44950f15,\All My Roommate's Love\All My Roommate's Love 1\,{ARG01~All My Roommate's Love~3213PHHR~All My Roommate's Love 1}
112356_013.jpg,145700,a4f7b1e1,\All My Roommate's Love\All My Roommate's Love 1\,{ARG01~All My Roommate's Love~3213PHHR~All My Roommate's Love 1}
112356_014.jpg,162426,2a7b3fc2,\All My Roommate's Love\All My Roommate's Love 1\,{ARG01~All My Roommate's Love~3213PHHR~All My Roommate's Love 1}
112356_015.jpg,197256,10497b3c,\All My Roommate's Love\All My Roommate's Love 1\,{ARG01~All My Roommate's Love~3213PHHR~All My Roommate's Love 1}
all my roommate's love adult time-2.mp4,19553162,e6e29c95,\All My Roommate's Love\All My Roommate's Love 1\,{ARG01~All My Roommate's Love~3213PHHR~All My Roommate's Love 1}
112357_001.jpg,223790,455b869f,\All My Roommate's Love\All My Roommate's Love 2\,{ARG01~All My Roommate's Love~32140IJF~All My Roommate's Love 2}
112357_002.jpg,124460,6b473ba6,\All My Roommate's Love\All My Roommate's Love 2\,{ARG01~All My Roommate's Love~32140IJF~All My Roommate's Love 2}
112357_003.jpg,139318,d01d07bb,\All My Roommate's Love\All My Roommate's Love 2\,{ARG01~All My Roommate's Love~32140IJF~All My Roommate's Love 2}
112357_004.jpg,271060,45c38051,\All My Roommate's Love\All My Roommate's Love 2\,{ARG01~All My Roommate's Love~32140IJF~All My Roommate's Love 2}
112357_005.jpg,225074,3275fc32,\All My Roommate's Love\All My Roommate's Love 2\,{ARG01~All My Roommate's Love~32140IJF~All My Roommate's Love 2}
112357_006.jpg,142393,9ca669fe,\All My Roommate's Love\All My Roommate's Love 2\,{ARG01~All My Roommate's Love~32140IJF~All My Roommate's Love 2}
112357_007.jpg,160631,3843eb94,\All My Roommate's Love\All My Roommate's Love 2\,{ARG01~All My Roommate's Love~32140IJF~All My Roommate's Love 2}
112357_008.jpg,144177,efac4a15,\All My Roommate's Love\All My Roommate's Love 2\,{ARG01~All My Roommate's Love~32140IJF~All My Roommate's Love 2}
112357_009.jpg,155857,aade283c,\All My Roommate's Love\All My Roommate's Love 2\,{ARG01~All My Roommate's Love~32140IJF~All My Roommate's Love 2}
112357_010.jpg,170404,02e369e3,\All My Roommate's Love\All My Roommate's Love 2\,{ARG01~All My Roommate's Love~32140IJF~All My Roommate's Love 2}
112357_011.jpg,254112,2419e89e,\All My Roommate's Love\All My Roommate's Love 2\,{ARG01~All My Roommate's Love~32140IJF~All My Roommate's Love 2}
112357_012.jpg,145775,26ab1fc5,\All My Roommate's Love\All My Roommate's Love 2\,{ARG01~All My Roommate's Love~32140IJF~All My Roommate's Love 2}
112357_013.jpg,120668,8b7dea1f,\All My Roommate's Love\All My Roommate's Love 2\,{ARG01~All My Roommate's Love~32140IJF~All My Roommate's Love 2}
112357_014.jpg,157914,c9eb354a,\All My Roommate's Love\All My Roommate's Love 2\,{ARG01~All My Roommate's Love~32140IJF~All My Roommate's Love 2}
112357_015.jpg,140842,c8acb1e1,\All My Roommate's Love\All My Roommate's Love 2\,{ARG01~All My Roommate's Love~32140IJF~All My Roommate's Love 2}
all my roommate's love 2 adult time.mp4,52769001,ac22d90d,\All My Roommate's Love\All My Roommate's Love 2\,{ARG01~All My Roommate's Love~32140IJF~All My Roommate's Love 2}
112358_001.jpg,455342,a05c8db5,\All My Roommate's Love\All My Roommate's Love 3\,{ARG01~All My Roommate's Love~32148U5F~All My Roommate's Love 3}
112358_002.jpg,237559,81c32dc3,\All My Roommate's Love\All My Roommate's Love 3\,{ARG01~All My Roommate's Love~32148U5F~All My Roommate's Love 3}
112358_003.jpg,392333,c83de1ca,\All My Roommate's Love\All My Roommate's Love 3\,{ARG01~All My Roommate's Love~32148U5F~All My Roommate's Love 3}
112358_004.jpg,447628,b89ec003,\All My Roommate's Love\All My Roommate's Love 3\,{ARG01~All My Roommate's Love~32148U5F~All My Roommate's Love 3}
112358_005.jpg,361393,9dbbe4ed,\All My Roommate's Love\All My Roommate's Love 3\,{ARG01~All My Roommate's Love~32148U5F~All My Roommate's Love 3}
112358_006.jpg,179398,10373433,\All My Roommate's Love\All My Roommate's Love 3\,{ARG01~All My Roommate's Love~32148U5F~All My Roommate's Love 3}
112358_007.jpg,176972,fa6b1c1b,\All My Roommate's Love\All My Roommate's Love 3\,{ARG01~All My Roommate's Love~32148U5F~All My Roommate's Love 3}
112358_008.jpg,274562,33595806,\All My Roommate's Love\All My Roommate's Love 3\,{ARG01~All My Roommate's Love~32148U5F~All My Roommate's Love 3}
112358_009.jpg,421639,249a5dbf,\All My Roommate's Love\All My Roommate's Love 3\,{ARG01~All My Roommate's Love~32148U5F~All My Roommate's Love 3}
112358_010.jpg,306889,ba60fb9e,\All My Roommate's Love\All My Roommate's Love 3\,{ARG01~All My Roommate's Love~32148U5F~All My Roommate's Love 3}
112358_011.jpg,420829,9972733a,\All My Roommate's Love\All My Roommate's Love 3\,{ARG01~All My Roommate's Love~32148U5F~All My Roommate's Love 3}
112358_012.jpg,306735,ff8ddcd2,\All My Roommate's Love\All My Roommate's Love 3\,{ARG01~All My Roommate's Love~32148U5F~All My Roommate's Love 3}
112358_013.jpg,315403,fc8120d2,\All My Roommate's Love\All My Roommate's Love 3\,{ARG01~All My Roommate's Love~32148U5F~All My Roommate's Love 3}
112358_014.jpg,422597,878e0959,\All My Roommate's Love\All My Roommate's Love 3\,{ARG01~All My Roommate's Love~32148U5F~All My Roommate's Love 3}
112358_015.jpg,259668,892f1bc9,\All My Roommate's Love\All My Roommate's Love 3\,{ARG01~All My Roommate's Love~32148U5F~All My Roommate's Love 3}
all my roommate's love 3 adult time.mp4,76184962,da2dc0c5,\All My Roommate's Love\All My Roommate's Love 3\,{ARG01~All My Roommate's Love~32148U5F~All My Roommate's Love 3}
120878_001.jpg,337680,bd7ef166,\All My Roommate's Love\All My Roommate's Love 4\,{ARG01~All My Roommate's Love~3214KC8P~All My Roommate's Love 4}
120878_002.jpg,325269,74420551,\All My Roommate's Love\All My Roommate's Love 4\,{ARG01~All My Roommate's Love~3214KC8P~All My Roommate's Love 4}
120878_003.jpg,242777,0d40b97e,\All My Roommate's Love\All My Roommate's Love 4\,{ARG01~All My Roommate's Love~3214KC8P~All My Roommate's Love 4}
120878_004.jpg,348845,10f999de,\All My Roommate's Love\All My Roommate's Love 4\,{ARG01~All My Roommate's Love~3214KC8P~All My Roommate's Love 4}
120878_005.jpg,216488,f83ae811,\All My Roommate's Love\All My Roommate's Love 4\,{ARG01~All My Roommate's Love~3214KC8P~All My Roommate's Love 4}
120878_006.jpg,264452,27fd1e9e,\All My Roommate's Love\All My Roommate's Love 4\,{ARG01~All My Roommate's Love~3214KC8P~All My Roommate's Love 4}
120878_007.jpg,232562,8ae8efbb,\All My Roommate's Love\All My Roommate's Love 4\,{ARG01~All My Roommate's Love~3214KC8P~All My Roommate's Love 4}
120878_008.jpg,390504,030a27c5,\All My Roommate's Love\All My Roommate's Love 4\,{ARG01~All My Roommate's Love~3214KC8P~All My Roommate's Love 4}
120878_009.jpg,297869,b2387460,\All My Roommate's Love\All My Roommate's Love 4\,{ARG01~All My Roommate's Love~3214KC8P~All My Roommate's Love 4}
120878_010.jpg,304380,9dfbdd57,\All My Roommate's Love\All My Roommate's Love 4\,{ARG01~All My Roommate's Love~3214KC8P~All My Roommate's Love 4}
120878_011.jpg,279657,9bcd74ed,\All My Roommate's Love\All My Roommate's Love 4\,{ARG01~All My Roommate's Love~3214KC8P~All My Roommate's Love 4}
120878_012.jpg,344518,613a5ab5,\All My Roommate's Love\All My Roommate's Love 4\,{ARG01~All My Roommate's Love~3214KC8P~All My Roommate's Love 4}
120878_013.jpg,252418,ba977b1b,\All My Roommate's Love\All My Roommate's Love 4\,{ARG01~All My Roommate's Love~3214KC8P~All My Roommate's Love 4}
120878_014.jpg,358855,9d037d56,\All My Roommate's Love\All My Roommate's Love 4\,{ARG01~All My Roommate's Love~3214KC8P~All My Roommate's Love 4}
120878_015.jpg,312142,a16830ff,\All My Roommate's Love\All My Roommate's Love 4\,{ARG01~All My Roommate's Love~3214KC8P~All My Roommate's Love 4}
all my roommate's love 4 adult time.mp4,75360756,d8599068,\All My Roommate's Love\All My Roommate's Love 4\,{ARG01~All My Roommate's Love~3214KC8P~All My Roommate's Love 4}
112373_001.jpg,502991,e1521ad0,\All My Roommate's Love\All My Roommates Love 5\,{ARG01~All My Roommate's Love~32153NKI~All My Roommates Love 5}
112373_002.jpg,355268,9dbfc076,\All My Roommate's Love\All My Roommates Love 5\,{ARG01~All My Roommate's Love~32153NKI~All My Roommates Love 5}
112373_003.jpg,241927,d820af9a,\All My Roommate's Love\All My Roommates Love 5\,{ARG01~All My Roommate's Love~32153NKI~All My Roommates Love 5}
112373_004.jpg,238776,50e57a95,\All My Roommate's Love\All My Roommates Love 5\,{ARG01~All My Roommate's Love~32153NKI~All My Roommates Love 5}
112373_005.jpg,559106,21e593c7,\All My Roommate's Love\All My Roommates Love 5\,{ARG01~All My Roommate's Love~32153NKI~All My Roommates Love 5}
112373_006.jpg,539960,ac2a4a40,\All My Roommate's Love\All My Roommates Love 5\,{ARG01~All My Roommate's Love~32153NKI~All My Roommates Love 5}
112373_007.jpg,401326,d47b70b1,\All My Roommate's Love\All My Roommates Love 5\,{ARG01~All My Roommate's Love~32153NKI~All My Roommates Love 5}
112373_008.jpg,559577,5a8c48fb,\All My Roommate's Love\All My Roommates Love 5\,{ARG01~All My Roommate's Love~32153NKI~All My Roommates Love 5}
112373_009.jpg,403501,766ff3af,\All My Roommate's Love\All My Roommates Love 5\,{ARG01~All My Roommate's Love~32153NKI~All My Roommates Love 5}
112373_010.jpg,271362,58f8ab55,\All My Roommate's Love\All My Roommates Love 5\,{ARG01~All My Roommate's Love~32153NKI~All My Roommates Love 5}
112373_011.jpg,395780,33e4b38b,\All My Roommate's Love\All My Roommates Love 5\,{ARG01~All My Roommate's Love~32153NKI~All My Roommates Love 5}
112373_012.jpg,446854,f4d45d1d,\All My Roommate's Love\All My Roommates Love 5\,{ARG01~All My Roommate's Love~32153NKI~All My Roommates Love 5}
112373_013.jpg,227867,84fbf586,\All My Roommate's Love\All My Roommates Love 5\,{ARG01~All My Roommate's Love~32153NKI~All My Roommates Love 5}
112373_014.jpg,684630,80ca93ec,\All My Roommate's Love\All My Roommates Love 5\,{ARG01~All My Roommate's Love~32153NKI~All My Roommates Love 5}
112373_015.jpg,406395,6aa43180,\All My Roommate's Love\All My Roommates Love 5\,{ARG01~All My Roommate's Love~32153NKI~All My Roommates Love 5}
all my roommates love 5 - mary's turn adult time.mp4,74326783,1215c2bc,\All My Roommate's Love\All My Roommates Love 5\,{ARG01~All My Roommate's Love~32153NKI~All My Roommates Love 5}
112375_001.jpg,251159,858fa5e4,\All My Roommate's Love\All My Roommates Love 6\,{ARG01~All My Roommate's Love~3215LH6K~All My Roommates Love 6}
112375_002.jpg,272419,2d95476b,\All My Roommate's Love\All My Roommates Love 6\,{ARG01~All My Roommate's Love~3215LH6K~All My Roommates Love 6}
112375_003.jpg,281073,2a1b201c,\All My Roommate's Love\All My Roommates Love 6\,{ARG01~All My Roommate's Love~3215LH6K~All My Roommates Love 6}
112375_004.jpg,251944,dbc59f47,\All My Roommate's Love\All My Roommates Love 6\,{ARG01~All My Roommate's Love~3215LH6K~All My Roommates Love 6}
112375_005.jpg,440486,029ff9eb,\All My Roommate's Love\All My Roommates Love 6\,{ARG01~All My Roommate's Love~3215LH6K~All My Roommates Love 6}
112375_006.jpg,367533,221ab9aa,\All My Roommate's Love\All My Roommates Love 6\,{ARG01~All My Roommate's Love~3215LH6K~All My Roommates Love 6}
112375_007.jpg,345704,968fa518,\All My Roommate's Love\All My Roommates Love 6\,{ARG01~All My Roommate's Love~3215LH6K~All My Roommates Love 6}
112375_008.jpg,242626,6e43aa6c,\All My Roommate's Love\All My Roommates Love 6\,{ARG01~All My Roommate's Love~3215LH6K~All My Roommates Love 6}
112375_009.jpg,391950,22223acd,\All My Roommate's Love\All My Roommates Love 6\,{ARG01~All My Roommate's Love~3215LH6K~All My Roommates Love 6}
112375_010.jpg,307128,f3ff4787,\All My Roommate's Love\All My Roommates Love 6\,{ARG01~All My Roommate's Love~3215LH6K~All My Roommates Love 6}
112375_011.jpg,526088,7ff66066,\All My Roommate's Love\All My Roommates Love 6\,{ARG01~All My Roommate's Love~3215LH6K~All My Roommates Love 6}
112375_012.jpg,386172,801f467b,\All My Roommate's Love\All My Roommates Love 6\,{ARG01~All My Roommate's Love~3215LH6K~All My Roommates Love 6}
112375_013.jpg,423576,649c62ec,\All My Roommate's Love\All My Roommates Love 6\,{ARG01~All My Roommate's Love~3215LH6K~All My Roommates Love 6}
112375_014.jpg,254246,f9586ef5,\All My Roommate's Love\All My Roommates Love 6\,{ARG01~All My Roommate's Love~3215LH6K~All My Roommates Love 6}
112375_015.jpg,273920,a698e21e,\All My Roommate's Love\All My Roommates Love 6\,{ARG01~All My Roommate's Love~3215LH6K~All My Roommates Love 6}
112375_016.jpg,222476,42d4f314,\All My Roommate's Love\All My Roommates Love 6\,{ARG01~All My Roommate's Love~3215LH6K~All My Roommates Love 6}
112375_017.jpg,240321,311a0bd5,\All My Roommate's Love\All My Roommates Love 6\,{ARG01~All My Roommate's Love~3215LH6K~All My Roommates Love 6}
112375_018.jpg,217981,f715dc00,\All My Roommate's Love\All My Roommates Love 6\,{ARG01~All My Roommate's Love~3215LH6K~All My Roommates Love 6}
112375_019.jpg,312001,8ab7f1af,\All My Roommate's Love\All My Roommates Love 6\,{ARG01~All My Roommate's Love~3215LH6K~All My Roommates Love 6}
112375_020.jpg,268193,1f7ca742,\All My Roommate's Love\All My Roommates Love 6\,{ARG01~All My Roommate's Love~3215LH6K~All My Roommates Love 6}
112375_021.jpg,273329,e8e49fa9,\All My Roommate's Love\All My Roommates Love 6\,{ARG01~All My Roommate's Love~3215LH6K~All My Roommates Love 6}
112375_022.jpg,289977,3150b921,\All My Roommate's Love\All My Roommates Love 6\,{ARG01~All My Roommate's Love~3215LH6K~All My Roommates Love 6}
112375_023.jpg,156629,70c0ed2e,\All My Roommate's Love\All My Roommates Love 6\,{ARG01~All My Roommate's Love~3215LH6K~All My Roommates Love 6}
112375_024.jpg,597047,b4fae6b4,\All My Roommate's Love\All My Roommates Love 6\,{ARG01~All My Roommate's Love~3215LH6K~All My Roommates Love 6}
112375_025.jpg,242310,15e54ba0,\All My Roommate's Love\All My Roommates Love 6\,{ARG01~All My Roommate's Love~3215LH6K~All My Roommates Love 6}
112375_026.jpg,226610,50133b74,\All My Roommate's Love\All My Roommates Love 6\,{ARG01~All My Roommate's Love~3215LH6K~All My Roommates Love 6}
112375_027.jpg,233665,9eef6192,\All My Roommate's Love\All My Roommates Love 6\,{ARG01~All My Roommate's Love~3215LH6K~All My Roommates Love 6}
112375_028.jpg,454262,4bfc57bc,\All My Roommate's Love\All My Roommates Love 6\,{ARG01~All My Roommate's Love~3215LH6K~All My Roommates Love 6}
112375_029.jpg,305885,4863ab5f,\All My Roommate's Love\All My Roommates Love 6\,{ARG01~All My Roommate's Love~3215LH6K~All My Roommates Love 6}
112375_030.jpg,283410,9ac26fe7,\All My Roommate's Love\All My Roommates Love 6\,{ARG01~All My Roommate's Love~3215LH6K~All My Roommates Love 6}
112375_031.jpg,194755,f1cd8314,\All My Roommate's Love\All My Roommates Love 6\,{ARG01~All My Roommate's Love~3215LH6K~All My Roommates Love 6}
112375_032.jpg,537906,37ac2f8b,\All My Roommate's Love\All My Roommates Love 6\,{ARG01~All My Roommate's Love~3215LH6K~All My Roommates Love 6}
112375_033.jpg,224130,690fdc0e,\All My Roommate's Love\All My Roommates Love 6\,{ARG01~All My Roommate's Love~3215LH6K~All My Roommates Love 6}
112375_034.jpg,208005,6ad48da3,\All My Roommate's Love\All My Roommates Love 6\,{ARG01~All My Roommate's Love~3215LH6K~All My Roommates Love 6}
112375_035.jpg,346483,7276529c,\All My Roommate's Love\All My Roommates Love 6\,{ARG01~All My Roommate's Love~3215LH6K~All My Roommates Love 6}
all my roommates love 6 adult time.mp4,150700055,091c300e,\All My Roommate's Love\All My Roommates Love 6\,{ARG01~All My Roommate's Love~3215LH6K~All My Roommates Love 6}
119137_001.jpg,302750,f81e5642,\All My Roommate's Love\All My Roommates Love 7 Part 1\,{ARG01~All My Roommate's Love~3215VPJS~All My Roommates Love 7 Part 1}
119137_002.jpg,286246,94f83aad,\All My Roommate's Love\All My Roommates Love 7 Part 1\,{ARG01~All My Roommate's Love~3215VPJS~All My Roommates Love 7 Part 1}
119137_003.jpg,392596,20a2bba1,\All My Roommate's Love\All My Roommates Love 7 Part 1\,{ARG01~All My Roommate's Love~3215VPJS~All My Roommates Love 7 Part 1}
119137_004.jpg,336749,2791168f,\All My Roommate's Love\All My Roommates Love 7 Part 1\,{ARG01~All My Roommate's Love~3215VPJS~All My Roommates Love 7 Part 1}
119137_005.jpg,297838,a553ee64,\All My Roommate's Love\All My Roommates Love 7 Part 1\,{ARG01~All My Roommate's Love~3215VPJS~All My Roommates Love 7 Part 1}
119137_006.jpg,262412,04cb8687,\All My Roommate's Love\All My Roommates Love 7 Part 1\,{ARG01~All My Roommate's Love~3215VPJS~All My Roommates Love 7 Part 1}
119137_007.jpg,315534,4e4ab70d,\All My Roommate's Love\All My Roommates Love 7 Part 1\,{ARG01~All My Roommate's Love~3215VPJS~All My Roommates Love 7 Part 1}
119137_008.jpg,417752,c4513f36,\All My Roommate's Love\All My Roommates Love 7 Part 1\,{ARG01~All My Roommate's Love~3215VPJS~All My Roommates Love 7 Part 1}
119137_009.jpg,288994,4d4cbf96,\All My Roommate's Love\All My Roommates Love 7 Part 1\,{ARG01~All My Roommate's Love~3215VPJS~All My Roommates Love 7 Part 1}
119137_010.jpg,339684,4fd33120,\All My Roommate's Love\All My Roommates Love 7 Part 1\,{ARG01~All My Roommate's Love~3215VPJS~All My Roommates Love 7 Part 1}
119137_011.jpg,263663,85d45dad,\All My Roommate's Love\All My Roommates Love 7 Part 1\,{ARG01~All My Roommate's Love~3215VPJS~All My Roommates Love 7 Part 1}
119137_012.jpg,304900,58335c53,\All My Roommate's Love\All My Roommates Love 7 Part 1\,{ARG01~All My Roommate's Love~3215VPJS~All My Roommates Love 7 Part 1}
119137_013.jpg,360775,658abdf1,\All My Roommate's Love\All My Roommates Love 7 Part 1\,{ARG01~All My Roommate's Love~3215VPJS~All My Roommates Love 7 Part 1}
119137_014.jpg,302832,0b2e8fa1,\All My Roommate's Love\All My Roommates Love 7 Part 1\,{ARG01~All My Roommate's Love~3215VPJS~All My Roommates Love 7 Part 1}
119137_015.jpg,313971,abfa0895,\All My Roommate's Love\All My Roommates Love 7 Part 1\,{ARG01~All My Roommate's Love~3215VPJS~All My Roommates Love 7 Part 1}
all my roommates love 7 part 1 adult time.mp4,117714884,904bed20,\All My Roommate's Love\All My Roommates Love 7 Part 1\,{ARG01~All My Roommate's Love~3215VPJS~All My Roommates Love 7 Part 1}
120316_001.jpg,240065,0b72e41a,\All My Roommate's Love\All My Roommates Love 7 Part 2\,{ARG01~All My Roommate's Love~3216BBQN~All My Roommates Love 7 Part 2}
120316_002.jpg,292321,6f140a9c,\All My Roommate's Love\All My Roommates Love 7 Part 2\,{ARG01~All My Roommate's Love~3216BBQN~All My Roommates Love 7 Part 2}
120316_003.jpg,277737,c9239eae,\All My Roommate's Love\All My Roommates Love 7 Part 2\,{ARG01~All My Roommate's Love~3216BBQN~All My Roommates Love 7 Part 2}
120316_004.jpg,333225,745493f4,\All My Roommate's Love\All My Roommates Love 7 Part 2\,{ARG01~All My Roommate's Love~3216BBQN~All My Roommates Love 7 Part 2}
120316_005.jpg,315573,e9878426,\All My Roommate's Love\All My Roommates Love 7 Part 2\,{ARG01~All My Roommate's Love~3216BBQN~All My Roommates Love 7 Part 2}
120316_006.jpg,223285,f0ddeb39,\All My Roommate's Love\All My Roommates Love 7 Part 2\,{ARG01~All My Roommate's Love~3216BBQN~All My Roommates Love 7 Part 2}
120316_007.jpg,343699,4245e09d,\All My Roommate's Love\All My Roommates Love 7 Part 2\,{ARG01~All My Roommate's Love~3216BBQN~All My Roommates Love 7 Part 2}
120316_008.jpg,305311,52d27594,\All My Roommate's Love\All My Roommates Love 7 Part 2\,{ARG01~All My Roommate's Love~3216BBQN~All My Roommates Love 7 Part 2}
120316_009.jpg,314992,554b476b,\All My Roommate's Love\All My Roommates Love 7 Part 2\,{ARG01~All My Roommate's Love~3216BBQN~All My Roommates Love 7 Part 2}
120316_010.jpg,411364,c625a727,\All My Roommate's Love\All My Roommates Love 7 Part 2\,{ARG01~All My Roommate's Love~3216BBQN~All My Roommates Love 7 Part 2}
120316_011.jpg,326730,cf7c1523,\All My Roommate's Love\All My Roommates Love 7 Part 2\,{ARG01~All My Roommate's Love~3216BBQN~All My Roommates Love 7 Part 2}
120316_012.jpg,386505,4f240a8d,\All My Roommate's Love\All My Roommates Love 7 Part 2\,{ARG01~All My Roommate's Love~3216BBQN~All My Roommates Love 7 Part 2}
120316_013.jpg,298560,cc753892,\All My Roommate's Love\All My Roommates Love 7 Part 2\,{ARG01~All My Roommate's Love~3216BBQN~All My Roommates Love 7 Part 2}
120316_014.jpg,311184,5c7c6591,\All My Roommate's Love\All My Roommates Love 7 Part 2\,{ARG01~All My Roommate's Love~3216BBQN~All My Roommates Love 7 Part 2}
120316_015.jpg,250330,71979f32,\All My Roommate's Love\All My Roommates Love 7 Part 2\,{ARG01~All My Roommate's Love~3216BBQN~All My Roommates Love 7 Part 2}
all my roommates love 7 part 2 adult time.mp4,70013225,36994287,\All My Roommate's Love\All My Roommates Love 7 Part 2\,{ARG01~All My Roommate's Love~3216BBQN~All My Roommates Love 7 Part 2}
114985_001.jpg,277011,af1f2dee,\Amy's Big Wish\Amy's Big Wish Episode 1\,{ARG01~Amy's Big Wish~330R7ZZ8~Amy's Big Wish Episode 1}
114985_002.jpg,235844,305e2085,\Amy's Big Wish\Amy's Big Wish Episode 1\,{ARG01~Amy's Big Wish~330R7ZZ8~Amy's Big Wish Episode 1}
114985_003.jpg,262659,29ecb890,\Amy's Big Wish\Amy's Big Wish Episode 1\,{ARG01~Amy's Big Wish~330R7ZZ8~Amy's Big Wish Episode 1}
114985_004.jpg,314219,33ceac1d,\Amy's Big Wish\Amy's Big Wish Episode 1\,{ARG01~Amy's Big Wish~330R7ZZ8~Amy's Big Wish Episode 1}
114985_005.jpg,349801,72f56164,\Amy's Big Wish\Amy's Big Wish Episode 1\,{ARG01~Amy's Big Wish~330R7ZZ8~Amy's Big Wish Episode 1}
114985_006.jpg,360538,689f7b77,\Amy's Big Wish\Amy's Big Wish Episode 1\,{ARG01~Amy's Big Wish~330R7ZZ8~Amy's Big Wish Episode 1}
114985_007.jpg,349705,b70718e9,\Amy's Big Wish\Amy's Big Wish Episode 1\,{ARG01~Amy's Big Wish~330R7ZZ8~Amy's Big Wish Episode 1}
114985_008.jpg,342809,4aa715f5,\Amy's Big Wish\Amy's Big Wish Episode 1\,{ARG01~Amy's Big Wish~330R7ZZ8~Amy's Big Wish Episode 1}
114985_009.jpg,279769,a86dd24a,\Amy's Big Wish\Amy's Big Wish Episode 1\,{ARG01~Amy's Big Wish~330R7ZZ8~Amy's Big Wish Episode 1}
114985_010.jpg,236218,2cb96f69,\Amy's Big Wish\Amy's Big Wish Episode 1\,{ARG01~Amy's Big Wish~330R7ZZ8~Amy's Big Wish Episode 1}
114985_011.jpg,250721,e598103d,\Amy's Big Wish\Amy's Big Wish Episode 1\,{ARG01~Amy's Big Wish~330R7ZZ8~Amy's Big Wish Episode 1}
114985_012.jpg,245239,e22b5af7,\Amy's Big Wish\Amy's Big Wish Episode 1\,{ARG01~Amy's Big Wish~330R7ZZ8~Amy's Big Wish Episode 1}
114985_013.jpg,344304,efe416b9,\Amy's Big Wish\Amy's Big Wish Episode 1\,{ARG01~Amy's Big Wish~330R7ZZ8~Amy's Big Wish Episode 1}
114985_014.jpg,351028,7175dea4,\Amy's Big Wish\Amy's Big Wish Episode 1\,{ARG01~Amy's Big Wish~330R7ZZ8~Amy's Big Wish Episode 1}
114985_015.jpg,351909,e20b63a8,\Amy's Big Wish\Amy's Big Wish Episode 1\,{ARG01~Amy's Big Wish~330R7ZZ8~Amy's Big Wish Episode 1}
amy's big wish episode 1 adult time.mp4,41399596,c2e28d83,\Amy's Big Wish\Amy's Big Wish Episode 1\,{ARG01~Amy's Big Wish~330R7ZZ8~Amy's Big Wish Episode 1}
115491_001.jpg,290369,ebf582cf,\Amy's Big Wish\Amy's Big Wish Episode 2 & 3\,{ARG01~Amy's Big Wish~330RHNNB~Amy's Big Wish Episode 2 & 3}
115491_002.jpg,197309,cc6e0714,\Amy's Big Wish\Amy's Big Wish Episode 2 & 3\,{ARG01~Amy's Big Wish~330RHNNB~Amy's Big Wish Episode 2 & 3}
115491_003.jpg,216733,f34b4e8c,\Amy's Big Wish\Amy's Big Wish Episode 2 & 3\,{ARG01~Amy's Big Wish~330RHNNB~Amy's Big Wish Episode 2 & 3}
115491_004.jpg,370673,793abe84,\Amy's Big Wish\Amy's Big Wish Episode 2 & 3\,{ARG01~Amy's Big Wish~330RHNNB~Amy's Big Wish Episode 2 & 3}
115491_005.jpg,347836,4368a71c,\Amy's Big Wish\Amy's Big Wish Episode 2 & 3\,{ARG01~Amy's Big Wish~330RHNNB~Amy's Big Wish Episode 2 & 3}
115491_006.jpg,263292,cfc1aaa2,\Amy's Big Wish\Amy's Big Wish Episode 2 & 3\,{ARG01~Amy's Big Wish~330RHNNB~Amy's Big Wish Episode 2 & 3}
115491_007.jpg,342915,27b3014e,\Amy's Big Wish\Amy's Big Wish Episode 2 & 3\,{ARG01~Amy's Big Wish~330RHNNB~Amy's Big Wish Episode 2 & 3}
115491_008.jpg,349266,d900f3b0,\Amy's Big Wish\Amy's Big Wish Episode 2 & 3\,{ARG01~Amy's Big Wish~330RHNNB~Amy's Big Wish Episode 2 & 3}
115491_009.jpg,246862,9dd9046b,\Amy's Big Wish\Amy's Big Wish Episode 2 & 3\,{ARG01~Amy's Big Wish~330RHNNB~Amy's Big Wish Episode 2 & 3}
115491_010.jpg,195922,d303a330,\Amy's Big Wish\Amy's Big Wish Episode 2 & 3\,{ARG01~Amy's Big Wish~330RHNNB~Amy's Big Wish Episode 2 & 3}
115491_011.jpg,269470,67ab2aa7,\Amy's Big Wish\Amy's Big Wish Episode 2 & 3\,{ARG01~Amy's Big Wish~330RHNNB~Amy's Big Wish Episode 2 & 3}
115491_012.jpg,380543,6071ee41,\Amy's Big Wish\Amy's Big Wish Episode 2 & 3\,{ARG01~Amy's Big Wish~330RHNNB~Amy's Big Wish Episode 2 & 3}
115491_013.jpg,210738,e16eddad,\Amy's Big Wish\Amy's Big Wish Episode 2 & 3\,{ARG01~Amy's Big Wish~330RHNNB~Amy's Big Wish Episode 2 & 3}
115491_014.jpg,313548,d1b66f86,\Amy's Big Wish\Amy's Big Wish Episode 2 & 3\,{ARG01~Amy's Big Wish~330RHNNB~Amy's Big Wish Episode 2 & 3}
115491_015.jpg,282577,97f8affa,\Amy's Big Wish\Amy's Big Wish Episode 2 & 3\,{ARG01~Amy's Big Wish~330RHNNB~Amy's Big Wish Episode 2 & 3}
amy's big wish episode 2 & 3 adult time.mp4,91852994,7b3db963,\Amy's Big Wish\Amy's Big Wish Episode 2 & 3\,{ARG01~Amy's Big Wish~330RHNNB~Amy's Big Wish Episode 2 & 3}
115995_001.jpg,525125,9c2179a8,\Amy's Big Wish\Amy's Big Wish Episode 4\,{ARG01~Amy's Big Wish~330RZ3XX~Amy's Big Wish Episode 4}
115995_002.jpg,485489,9122ddb0,\Amy's Big Wish\Amy's Big Wish Episode 4\,{ARG01~Amy's Big Wish~330RZ3XX~Amy's Big Wish Episode 4}
115995_003.jpg,460416,cfd031b2,\Amy's Big Wish\Amy's Big Wish Episode 4\,{ARG01~Amy's Big Wish~330RZ3XX~Amy's Big Wish Episode 4}
115995_004.jpg,403285,0acb33b2,\Amy's Big Wish\Amy's Big Wish Episode 4\,{ARG01~Amy's Big Wish~330RZ3XX~Amy's Big Wish Episode 4}
115995_005.jpg,388186,7fcac43b,\Amy's Big Wish\Amy's Big Wish Episode 4\,{ARG01~Amy's Big Wish~330RZ3XX~Amy's Big Wish Episode 4}
115995_006.jpg,414189,fec8215d,\Amy's Big Wish\Amy's Big Wish Episode 4\,{ARG01~Amy's Big Wish~330RZ3XX~Amy's Big Wish Episode 4}
115995_007.jpg,492324,ca150b43,\Amy's Big Wish\Amy's Big Wish Episode 4\,{ARG01~Amy's Big Wish~330RZ3XX~Amy's Big Wish Episode 4}
115995_008.jpg,492329,44ce5756,\Amy's Big Wish\Amy's Big Wish Episode 4\,{ARG01~Amy's Big Wish~330RZ3XX~Amy's Big Wish Episode 4}
115995_009.jpg,525059,cb1cca5a,\Amy's Big Wish\Amy's Big Wish Episode 4\,{ARG01~Amy's Big Wish~330RZ3XX~Amy's Big Wish Episode 4}
115995_010.jpg,504043,213598ff,\Amy's Big Wish\Amy's Big Wish Episode 4\,{ARG01~Amy's Big Wish~330RZ3XX~Amy's Big Wish Episode 4}
115995_011.jpg,529640,3dd4b7a8,\Amy's Big Wish\Amy's Big Wish Episode 4\,{ARG01~Amy's Big Wish~330RZ3XX~Amy's Big Wish Episode 4}
115995_012.jpg,504354,fe9fd7a9,\Amy's Big Wish\Amy's Big Wish Episode 4\,{ARG01~Amy's Big Wish~330RZ3XX~Amy's Big Wish Episode 4}
115995_013.jpg,545273,de176281,\Amy's Big Wish\Amy's Big Wish Episode 4\,{ARG01~Amy's Big Wish~330RZ3XX~Amy's Big Wish Episode 4}
115995_014.jpg,564149,569e5118,\Amy's Big Wish\Amy's Big Wish Episode 4\,{ARG01~Amy's Big Wish~330RZ3XX~Amy's Big Wish Episode 4}
115995_015.jpg,552206,4eabd24f,\Amy's Big Wish\Amy's Big Wish Episode 4\,{ARG01~Amy's Big Wish~330RZ3XX~Amy's Big Wish Episode 4}
amy's big wish episode 4 adult time.mp4,87228199,a9a56c92,\Amy's Big Wish\Amy's Big Wish Episode 4\,{ARG01~Amy's Big Wish~330RZ3XX~Amy's Big Wish Episode 4}
117828_001.jpg,288435,0823d342,\Amy's Big Wish\Amy's Big Wish Episode 5\,{ARG01~Amy's Big Wish~330SSJT8~Amy's Big Wish Episode 5}
117828_002.jpg,224934,cd7abad9,\Amy's Big Wish\Amy's Big Wish Episode 5\,{ARG01~Amy's Big Wish~330SSJT8~Amy's Big Wish Episode 5}
117828_003.jpg,283539,ebb9f7bf,\Amy's Big Wish\Amy's Big Wish Episode 5\,{ARG01~Amy's Big Wish~330SSJT8~Amy's Big Wish Episode 5}
117828_004.jpg,298154,661dcab7,\Amy's Big Wish\Amy's Big Wish Episode 5\,{ARG01~Amy's Big Wish~330SSJT8~Amy's Big Wish Episode 5}
117828_005.jpg,300555,538b1397,\Amy's Big Wish\Amy's Big Wish Episode 5\,{ARG01~Amy's Big Wish~330SSJT8~Amy's Big Wish Episode 5}
117828_006.jpg,510124,84c8d503,\Amy's Big Wish\Amy's Big Wish Episode 5\,{ARG01~Amy's Big Wish~330SSJT8~Amy's Big Wish Episode 5}
117828_007.jpg,249130,59795a2d,\Amy's Big Wish\Amy's Big Wish Episode 5\,{ARG01~Amy's Big Wish~330SSJT8~Amy's Big Wish Episode 5}
117828_008.jpg,233212,c9d1565c,\Amy's Big Wish\Amy's Big Wish Episode 5\,{ARG01~Amy's Big Wish~330SSJT8~Amy's Big Wish Episode 5}
117828_009.jpg,342412,268ae722,\Amy's Big Wish\Amy's Big Wish Episode 5\,{ARG01~Amy's Big Wish~330SSJT8~Amy's Big Wish Episode 5}
117828_010.jpg,396954,af74b6d4,\Amy's Big Wish\Amy's Big Wish Episode 5\,{ARG01~Amy's Big Wish~330SSJT8~Amy's Big Wish Episode 5}
117828_011.jpg,236320,590c5d3a,\Amy's Big Wish\Amy's Big Wish Episode 5\,{ARG01~Amy's Big Wish~330SSJT8~Amy's Big Wish Episode 5}
117828_012.jpg,211910,a95116a9,\Amy's Big Wish\Amy's Big Wish Episode 5\,{ARG01~Amy's Big Wish~330SSJT8~Amy's Big Wish Episode 5}
117828_013.jpg,475323,07f3a24e,\Amy's Big Wish\Amy's Big Wish Episode 5\,{ARG01~Amy's Big Wish~330SSJT8~Amy's Big Wish Episode 5}
117828_014.jpg,384409,bd93b37b,\Amy's Big Wish\Amy's Big Wish Episode 5\,{ARG01~Amy's Big Wish~330SSJT8~Amy's Big Wish Episode 5}
117828_015.jpg,252159,b8043f59,\Amy's Big Wish\Amy's Big Wish Episode 5\,{ARG01~Amy's Big Wish~330SSJT8~Amy's Big Wish Episode 5}
amy's big wish episode 5 adult time.mp4,62346137,e020d313,\Amy's Big Wish\Amy's Big Wish Episode 5\,{ARG01~Amy's Big Wish~330SSJT8~Amy's Big Wish Episode 5}