doe love _ adult time[unnamed-file].mp4,457921180,f8900f3c,\Doe\Doe Love\,{ARG3~Doe~RK0WDC7L~Doe Love}
126743_001.jpg,149732,ea16e1ff,\Doe\Doe Love\,{ARG3~Doe~RK0WDC7L~Doe Love}
126743_002.jpg,196745,c8442e0e,\Doe\Doe Love\,{ARG3~Doe~RK0WDC7L~Doe Love}
126743_003.jpg,181040,54d7d5bc,\Doe\Doe Love\,{ARG3~Doe~RK0WDC7L~Doe Love}
126743_004.jpg,321017,69641e45,\Doe\Doe Love\,{ARG3~Doe~RK0WDC7L~Doe Love}
126743_005.jpg,223368,889e1e4f,\Doe\Doe Love\,{ARG3~Doe~RK0WDC7L~Doe Love}
126743_006.jpg,272820,be46faac,\Doe\Doe Love\,{ARG3~Doe~RK0WDC7L~Doe Love}
126743_007.jpg,303432,896d832a,\Doe\Doe Love\,{ARG3~Doe~RK0WDC7L~Doe Love}
126743_008.jpg,272177,27f196a4,\Doe\Doe Love\,{ARG3~Doe~RK0WDC7L~Doe Love}
126743_009.jpg,149395,8c738fcf,\Doe\Doe Love\,{ARG3~Doe~RK0WDC7L~Doe Love}
126743_010.jpg,260824,df9ec4bb,\Doe\Doe Love\,{ARG3~Doe~RK0WDC7L~Doe Love}
126743_011.jpg,193529,62064d04,\Doe\Doe Love\,{ARG3~Doe~RK0WDC7L~Doe Love}
126743_012.jpg,318523,cabedf86,\Doe\Doe Love\,{ARG3~Doe~RK0WDC7L~Doe Love}
126743_013.jpg,199067,5d6b6f89,\Doe\Doe Love\,{ARG3~Doe~RK0WDC7L~Doe Love}
126743_014.jpg,367600,de652bf7,\Doe\Doe Love\,{ARG3~Doe~RK0WDC7L~Doe Love}
126743_015.jpg,293291,ca8275df,\Doe\Doe Love\,{ARG3~Doe~RK0WDC7L~Doe Love}
doe candy _ adult time[unnamed-file].mp4,742618802,f4ee9946,\Doe\Doe Candy\,{ARG3~Doe~RK0WUEY3~Doe Candy}
146595_001.jpg,340010,c0000e4d,\Doe\Doe Candy\,{ARG3~Doe~RK0WUEY3~Doe Candy}
146595_002.jpg,465533,ffb0117a,\Doe\Doe Candy\,{ARG3~Doe~RK0WUEY3~Doe Candy}
146595_003.jpg,332516,601cf3ab,\Doe\Doe Candy\,{ARG3~Doe~RK0WUEY3~Doe Candy}
146595_004.jpg,261522,3c8592ba,\Doe\Doe Candy\,{ARG3~Doe~RK0WUEY3~Doe Candy}
146595_005.jpg,288139,97a86242,\Doe\Doe Candy\,{ARG3~Doe~RK0WUEY3~Doe Candy}
146595_006.jpg,263647,0fc128ca,\Doe\Doe Candy\,{ARG3~Doe~RK0WUEY3~Doe Candy}
146595_007.jpg,372572,af0b8caf,\Doe\Doe Candy\,{ARG3~Doe~RK0WUEY3~Doe Candy}
146595_008.jpg,258448,08047aea,\Doe\Doe Candy\,{ARG3~Doe~RK0WUEY3~Doe Candy}
146595_009.jpg,404063,21822eb5,\Doe\Doe Candy\,{ARG3~Doe~RK0WUEY3~Doe Candy}
146595_010.jpg,357677,f93e0ef8,\Doe\Doe Candy\,{ARG3~Doe~RK0WUEY3~Doe Candy}
146595_011.jpg,348318,9b61be34,\Doe\Doe Candy\,{ARG3~Doe~RK0WUEY3~Doe Candy}
146595_012.jpg,423363,e19fe9aa,\Doe\Doe Candy\,{ARG3~Doe~RK0WUEY3~Doe Candy}
146595_013.jpg,286052,f40b41a0,\Doe\Doe Candy\,{ARG3~Doe~RK0WUEY3~Doe Candy}
146595_014.jpg,266851,d62dae69,\Doe\Doe Candy\,{ARG3~Doe~RK0WUEY3~Doe Candy}
146595_015.jpg,276734,f46bdc61,\Doe\Doe Candy\,{ARG3~Doe~RK0WUEY3~Doe Candy}