rileyivy1.ms.001.jpg,699020,34be6e6d,\2024-07\16 - Riley Ivy\,{AATG02~2024-07~1G0X4GH7~16 - Riley Ivy}
rileyivy1.ms.002.jpg,669230,e324e64c,\2024-07\16 - Riley Ivy\,{AATG02~2024-07~1G0X4GH7~16 - Riley Ivy}
rileyivy1.ms.003.jpg,564355,a712cb6b,\2024-07\16 - Riley Ivy\,{AATG02~2024-07~1G0X4GH7~16 - Riley Ivy}
rileyivy1.ms.004.jpg,650763,25b01c00,\2024-07\16 - Riley Ivy\,{AATG02~2024-07~1G0X4GH7~16 - Riley Ivy}
rileyivy1.ms.005.jpg,661543,df3f998b,\2024-07\16 - Riley Ivy\,{AATG02~2024-07~1G0X4GH7~16 - Riley Ivy}
rileyivy1.ms.006.jpg,573133,3de2fbed,\2024-07\16 - Riley Ivy\,{AATG02~2024-07~1G0X4GH7~16 - Riley Ivy}
rileyivy1.ms.007.jpg,569689,5f83f6cc,\2024-07\16 - Riley Ivy\,{AATG02~2024-07~1G0X4GH7~16 - Riley Ivy}
rileyivy1.ms.008.jpg,601605,ef23d42f,\2024-07\16 - Riley Ivy\,{AATG02~2024-07~1G0X4GH7~16 - Riley Ivy}
rileyivy1.ms.009.jpg,634093,91d73b90,\2024-07\16 - Riley Ivy\,{AATG02~2024-07~1G0X4GH7~16 - Riley Ivy}
rileyivy1.ms.010.jpg,811726,000b44be,\2024-07\16 - Riley Ivy\,{AATG02~2024-07~1G0X4GH7~16 - Riley Ivy}
rileyivy1.ms.011.jpg,810625,93fa5e5e,\2024-07\16 - Riley Ivy\,{AATG02~2024-07~1G0X4GH7~16 - Riley Ivy}
rileyivy1.ms.012.jpg,643186,d0f63b85,\2024-07\16 - Riley Ivy\,{AATG02~2024-07~1G0X4GH7~16 - Riley Ivy}
rileyivy1.ms.013.jpg,823887,c2aafa86,\2024-07\16 - Riley Ivy\,{AATG02~2024-07~1G0X4GH7~16 - Riley Ivy}
rileyivy1.ms.014.jpg,812905,45d66edb,\2024-07\16 - Riley Ivy\,{AATG02~2024-07~1G0X4GH7~16 - Riley Ivy}
rileyivy1.ms.015.jpg,793550,88b4d937,\2024-07\16 - Riley Ivy\,{AATG02~2024-07~1G0X4GH7~16 - Riley Ivy}
rileyivy1.ms.016.jpg,688463,dd6e2f71,\2024-07\16 - Riley Ivy\,{AATG02~2024-07~1G0X4GH7~16 - Riley Ivy}
rileyivy1.ms.017.jpg,761141,4b800228,\2024-07\16 - Riley Ivy\,{AATG02~2024-07~1G0X4GH7~16 - Riley Ivy}
rileyivy1.ms.018.jpg,654111,f5c9ff33,\2024-07\16 - Riley Ivy\,{AATG02~2024-07~1G0X4GH7~16 - Riley Ivy}
rileyivy1.ms.019.jpg,536046,877671ab,\2024-07\16 - Riley Ivy\,{AATG02~2024-07~1G0X4GH7~16 - Riley Ivy}
rileyivy1.ms.020.jpg,374046,2449edb6,\2024-07\16 - Riley Ivy\,{AATG02~2024-07~1G0X4GH7~16 - Riley Ivy}
rileyivy1.ms.021.jpg,388577,88a210b1,\2024-07\16 - Riley Ivy\,{AATG02~2024-07~1G0X4GH7~16 - Riley Ivy}
rileyivy1.ms.022.jpg,456308,f180c13e,\2024-07\16 - Riley Ivy\,{AATG02~2024-07~1G0X4GH7~16 - Riley Ivy}
rileyivy1.ms.023.jpg,423721,e3ed3f74,\2024-07\16 - Riley Ivy\,{AATG02~2024-07~1G0X4GH7~16 - Riley Ivy}
rileyivy1.ms.024.jpg,486602,2e2dc015,\2024-07\16 - Riley Ivy\,{AATG02~2024-07~1G0X4GH7~16 - Riley Ivy}
rileyivy1.ms.025.jpg,593302,5b070711,\2024-07\16 - Riley Ivy\,{AATG02~2024-07~1G0X4GH7~16 - Riley Ivy}
rileyivy1.ms.026.jpg,573494,68de0b87,\2024-07\16 - Riley Ivy\,{AATG02~2024-07~1G0X4GH7~16 - Riley Ivy}
rileyivy1.ms.027.jpg,513403,b494204a,\2024-07\16 - Riley Ivy\,{AATG02~2024-07~1G0X4GH7~16 - Riley Ivy}
rileyivy1.ms.028.jpg,632852,b035fae8,\2024-07\16 - Riley Ivy\,{AATG02~2024-07~1G0X4GH7~16 - Riley Ivy}
rileyivy1.ms.029.jpg,646228,8c368dff,\2024-07\16 - Riley Ivy\,{AATG02~2024-07~1G0X4GH7~16 - Riley Ivy}
rileyivy1.ms.030.jpg,635855,0b2d97b8,\2024-07\16 - Riley Ivy\,{AATG02~2024-07~1G0X4GH7~16 - Riley Ivy}
rileyivy1.ms.031.jpg,690628,d0b70f50,\2024-07\16 - Riley Ivy\,{AATG02~2024-07~1G0X4GH7~16 - Riley Ivy}
rileyivy1.ms.032.jpg,663775,c85acc35,\2024-07\16 - Riley Ivy\,{AATG02~2024-07~1G0X4GH7~16 - Riley Ivy}
rileyivy1.ms.033.jpg,585067,4540f516,\2024-07\16 - Riley Ivy\,{AATG02~2024-07~1G0X4GH7~16 - Riley Ivy}
rileyivy1.ms.034.jpg,594589,5f2af388,\2024-07\16 - Riley Ivy\,{AATG02~2024-07~1G0X4GH7~16 - Riley Ivy}
rileyivy1.ms.035.jpg,537318,34d28835,\2024-07\16 - Riley Ivy\,{AATG02~2024-07~1G0X4GH7~16 - Riley Ivy}
rileyivy1.ms.036.jpg,532240,0a8b759f,\2024-07\16 - Riley Ivy\,{AATG02~2024-07~1G0X4GH7~16 - Riley Ivy}
rileyivy1.ms.037.jpg,553799,31692e65,\2024-07\16 - Riley Ivy\,{AATG02~2024-07~1G0X4GH7~16 - Riley Ivy}
rileyivy1.ms.038.jpg,463027,a4285a49,\2024-07\16 - Riley Ivy\,{AATG02~2024-07~1G0X4GH7~16 - Riley Ivy}
rileyivy1.ms.039.jpg,451805,03e22862,\2024-07\16 - Riley Ivy\,{AATG02~2024-07~1G0X4GH7~16 - Riley Ivy}
rileyivy1.ms.040.jpg,576300,502ffca3,\2024-07\16 - Riley Ivy\,{AATG02~2024-07~1G0X4GH7~16 - Riley Ivy}
rileyivy1.ms.041.jpg,593512,e0c89297,\2024-07\16 - Riley Ivy\,{AATG02~2024-07~1G0X4GH7~16 - Riley Ivy}
rileyivy1.ms.042.jpg,602514,369a4b5d,\2024-07\16 - Riley Ivy\,{AATG02~2024-07~1G0X4GH7~16 - Riley Ivy}
rileyivy1.ms.043.jpg,647487,4ee3b571,\2024-07\16 - Riley Ivy\,{AATG02~2024-07~1G0X4GH7~16 - Riley Ivy}
rileyivy1.ms.044.jpg,653105,f44c5afa,\2024-07\16 - Riley Ivy\,{AATG02~2024-07~1G0X4GH7~16 - Riley Ivy}
rileyivy1.ms.045.jpg,640429,fe0763fb,\2024-07\16 - Riley Ivy\,{AATG02~2024-07~1G0X4GH7~16 - Riley Ivy}
rileyivy1.ms.046.jpg,643281,ed431166,\2024-07\16 - Riley Ivy\,{AATG02~2024-07~1G0X4GH7~16 - Riley Ivy}
rileyivy1.ms.047.jpg,677726,f8ac21d3,\2024-07\16 - Riley Ivy\,{AATG02~2024-07~1G0X4GH7~16 - Riley Ivy}
rileyivy1.ms.048.jpg,640617,96ba7ae7,\2024-07\16 - Riley Ivy\,{AATG02~2024-07~1G0X4GH7~16 - Riley Ivy}
rileyivy1.ms.049.jpg,666272,eaa125e1,\2024-07\16 - Riley Ivy\,{AATG02~2024-07~1G0X4GH7~16 - Riley Ivy}
rileyivy1.ms.050.jpg,817399,dc5e5d40,\2024-07\16 - Riley Ivy\,{AATG02~2024-07~1G0X4GH7~16 - Riley Ivy}
rileyivy1.ms.051.jpg,768794,30b31d26,\2024-07\16 - Riley Ivy\,{AATG02~2024-07~1G0X4GH7~16 - Riley Ivy}
rileyivy1.ms.052.jpg,713548,117f5d92,\2024-07\16 - Riley Ivy\,{AATG02~2024-07~1G0X4GH7~16 - Riley Ivy}
rileyivy1.ms.053.jpg,717293,f715d5bd,\2024-07\16 - Riley Ivy\,{AATG02~2024-07~1G0X4GH7~16 - Riley Ivy}
rileyivy1.ms.054.jpg,717445,b6ca0891,\2024-07\16 - Riley Ivy\,{AATG02~2024-07~1G0X4GH7~16 - Riley Ivy}
rileyivy1.ms.055.jpg,639964,0fcb5b6d,\2024-07\16 - Riley Ivy\,{AATG02~2024-07~1G0X4GH7~16 - Riley Ivy}
rileyivy1.ms.056.jpg,610642,673ddc22,\2024-07\16 - Riley Ivy\,{AATG02~2024-07~1G0X4GH7~16 - Riley Ivy}
rileyivy1.ms.057.jpg,600830,af541aae,\2024-07\16 - Riley Ivy\,{AATG02~2024-07~1G0X4GH7~16 - Riley Ivy}
rileyivy1.ms.058.jpg,616130,e5118134,\2024-07\16 - Riley Ivy\,{AATG02~2024-07~1G0X4GH7~16 - Riley Ivy}
rileyivy1.ms.059.jpg,613006,4069a4dd,\2024-07\16 - Riley Ivy\,{AATG02~2024-07~1G0X4GH7~16 - Riley Ivy}
rileyivy1.ms.060.jpg,604473,722d3ffd,\2024-07\16 - Riley Ivy\,{AATG02~2024-07~1G0X4GH7~16 - Riley Ivy}
rileyivy1.ms.061.jpg,605349,cb3aa413,\2024-07\16 - Riley Ivy\,{AATG02~2024-07~1G0X4GH7~16 - Riley Ivy}
rileyivy1.ms.062.jpg,1016123,aa4c016b,\2024-07\16 - Riley Ivy\,{AATG02~2024-07~1G0X4GH7~16 - Riley Ivy}
rileyivy1.ms.063.jpg,980511,81681c6a,\2024-07\16 - Riley Ivy\,{AATG02~2024-07~1G0X4GH7~16 - Riley Ivy}
rileyivy1.ms.064.jpg,989200,54c4be5a,\2024-07\16 - Riley Ivy\,{AATG02~2024-07~1G0X4GH7~16 - Riley Ivy}
rileyivy1.ms.065.jpg,1013668,46aba8dc,\2024-07\16 - Riley Ivy\,{AATG02~2024-07~1G0X4GH7~16 - Riley Ivy}
rileyivy1.ms.066.jpg,1095540,32138504,\2024-07\16 - Riley Ivy\,{AATG02~2024-07~1G0X4GH7~16 - Riley Ivy}
rileyivy1.ms.067.jpg,1033892,ac76bd44,\2024-07\16 - Riley Ivy\,{AATG02~2024-07~1G0X4GH7~16 - Riley Ivy}
rileyivy1.ms.068.jpg,1022986,224fce28,\2024-07\16 - Riley Ivy\,{AATG02~2024-07~1G0X4GH7~16 - Riley Ivy}
rileyivy1.ms.069.jpg,1081929,37f1d384,\2024-07\16 - Riley Ivy\,{AATG02~2024-07~1G0X4GH7~16 - Riley Ivy}
rileyivy1.ms.070.jpg,851486,68a5326b,\2024-07\16 - Riley Ivy\,{AATG02~2024-07~1G0X4GH7~16 - Riley Ivy}
rileyivy1.ms.071.jpg,560092,b4f755b1,\2024-07\16 - Riley Ivy\,{AATG02~2024-07~1G0X4GH7~16 - Riley Ivy}
rileyivy1.ms.072.jpg,842462,fccd85d6,\2024-07\16 - Riley Ivy\,{AATG02~2024-07~1G0X4GH7~16 - Riley Ivy}
rileyivy1.ms.073.jpg,736718,70d1f48c,\2024-07\16 - Riley Ivy\,{AATG02~2024-07~1G0X4GH7~16 - Riley Ivy}
rileyivy1.ms.074.jpg,712152,0a97fe1b,\2024-07\16 - Riley Ivy\,{AATG02~2024-07~1G0X4GH7~16 - Riley Ivy}
rileyivy1.ms.075.jpg,696050,87180131,\2024-07\16 - Riley Ivy\,{AATG02~2024-07~1G0X4GH7~16 - Riley Ivy}
rileyivy1.ms.076.jpg,666222,45f77ce6,\2024-07\16 - Riley Ivy\,{AATG02~2024-07~1G0X4GH7~16 - Riley Ivy}
rileyivy1.ms.077.jpg,643548,33dd55e1,\2024-07\16 - Riley Ivy\,{AATG02~2024-07~1G0X4GH7~16 - Riley Ivy}
rileyivy1.ms.078.jpg,722678,6de0690e,\2024-07\16 - Riley Ivy\,{AATG02~2024-07~1G0X4GH7~16 - Riley Ivy}
rileyivy1.ms.079.jpg,763787,b594c5e1,\2024-07\16 - Riley Ivy\,{AATG02~2024-07~1G0X4GH7~16 - Riley Ivy}
rileyivy1.ms.080.jpg,738842,0182b8b8,\2024-07\16 - Riley Ivy\,{AATG02~2024-07~1G0X4GH7~16 - Riley Ivy}
rileyivy1.ms.081.jpg,639897,08260e1f,\2024-07\16 - Riley Ivy\,{AATG02~2024-07~1G0X4GH7~16 - Riley Ivy}
rileyivy1.ms.082.jpg,509809,89a84317,\2024-07\16 - Riley Ivy\,{AATG02~2024-07~1G0X4GH7~16 - Riley Ivy}
rileyivy1.ms.083.jpg,511236,7b577920,\2024-07\16 - Riley Ivy\,{AATG02~2024-07~1G0X4GH7~16 - Riley Ivy}
rileyivy1.ms.084.jpg,513568,39a31a3e,\2024-07\16 - Riley Ivy\,{AATG02~2024-07~1G0X4GH7~16 - Riley Ivy}
rileyivy1.ms.085.jpg,613744,089370f7,\2024-07\16 - Riley Ivy\,{AATG02~2024-07~1G0X4GH7~16 - Riley Ivy}
rileyivy1.ms.086.jpg,652518,a8b278c6,\2024-07\16 - Riley Ivy\,{AATG02~2024-07~1G0X4GH7~16 - Riley Ivy}
rileyivy1.ms.087.jpg,599106,ae5c6d10,\2024-07\16 - Riley Ivy\,{AATG02~2024-07~1G0X4GH7~16 - Riley Ivy}
rileyivy1.ms.088.jpg,658884,ceff549e,\2024-07\16 - Riley Ivy\,{AATG02~2024-07~1G0X4GH7~16 - Riley Ivy}
rileyivy1.ms.089.jpg,669948,55135fd4,\2024-07\16 - Riley Ivy\,{AATG02~2024-07~1G0X4GH7~16 - Riley Ivy}
rileyivy1.ms.090.jpg,656676,6c38403b,\2024-07\16 - Riley Ivy\,{AATG02~2024-07~1G0X4GH7~16 - Riley Ivy}
rileyivy1.ms.091.jpg,655581,e5905cc9,\2024-07\16 - Riley Ivy\,{AATG02~2024-07~1G0X4GH7~16 - Riley Ivy}
rileyivy1.ms.092.jpg,656137,0e219071,\2024-07\16 - Riley Ivy\,{AATG02~2024-07~1G0X4GH7~16 - Riley Ivy}
rileyivy1.ms.093.jpg,706951,d947df89,\2024-07\16 - Riley Ivy\,{AATG02~2024-07~1G0X4GH7~16 - Riley Ivy}
rileyivy1.ms.094.jpg,687520,91a0f9a5,\2024-07\16 - Riley Ivy\,{AATG02~2024-07~1G0X4GH7~16 - Riley Ivy}
rileyivy1.ms.095.jpg,701681,9a7ee531,\2024-07\16 - Riley Ivy\,{AATG02~2024-07~1G0X4GH7~16 - Riley Ivy}
rileyivy1.ms.096.jpg,708166,1c16016d,\2024-07\16 - Riley Ivy\,{AATG02~2024-07~1G0X4GH7~16 - Riley Ivy}
rileyivy1.ms.097.jpg,684640,b17246a1,\2024-07\16 - Riley Ivy\,{AATG02~2024-07~1G0X4GH7~16 - Riley Ivy}
rileyivy1.ms.098.jpg,618024,cd48bd6d,\2024-07\16 - Riley Ivy\,{AATG02~2024-07~1G0X4GH7~16 - Riley Ivy}
rileyivy1.ms.099.jpg,516049,1926de53,\2024-07\16 - Riley Ivy\,{AATG02~2024-07~1G0X4GH7~16 - Riley Ivy}
rileyivy1.ms.100.jpg,504606,9e494d0a,\2024-07\16 - Riley Ivy\,{AATG02~2024-07~1G0X4GH7~16 - Riley Ivy}
rileyivy1.ms.101.jpg,550482,689a35cd,\2024-07\16 - Riley Ivy\,{AATG02~2024-07~1G0X4GH7~16 - Riley Ivy}
rileyivy1.ms.102.jpg,488944,a297561a,\2024-07\16 - Riley Ivy\,{AATG02~2024-07~1G0X4GH7~16 - Riley Ivy}
rileyivy1.ms.103.jpg,648562,5851f4b2,\2024-07\16 - Riley Ivy\,{AATG02~2024-07~1G0X4GH7~16 - Riley Ivy}
rileyivy1.ms.104.jpg,483378,1894b0ce,\2024-07\16 - Riley Ivy\,{AATG02~2024-07~1G0X4GH7~16 - Riley Ivy}
rileyivy1.ms.105.jpg,574475,6dcb2d85,\2024-07\16 - Riley Ivy\,{AATG02~2024-07~1G0X4GH7~16 - Riley Ivy}
rileyivy1.ms.106.jpg,515733,ec8742f6,\2024-07\16 - Riley Ivy\,{AATG02~2024-07~1G0X4GH7~16 - Riley Ivy}
rileyivy1.ms.107.jpg,481570,ea00fd5e,\2024-07\16 - Riley Ivy\,{AATG02~2024-07~1G0X4GH7~16 - Riley Ivy}
rileyivy1.ms.108.jpg,492292,9f65690f,\2024-07\16 - Riley Ivy\,{AATG02~2024-07~1G0X4GH7~16 - Riley Ivy}
rileyivy1.ms.109.jpg,496696,17e3c887,\2024-07\16 - Riley Ivy\,{AATG02~2024-07~1G0X4GH7~16 - Riley Ivy}
rileyivy1.ms.110.jpg,580202,4709e0ce,\2024-07\16 - Riley Ivy\,{AATG02~2024-07~1G0X4GH7~16 - Riley Ivy}
rileyivy1.ms.111.jpg,617742,359438bd,\2024-07\16 - Riley Ivy\,{AATG02~2024-07~1G0X4GH7~16 - Riley Ivy}
rileyivy1.ms.112.jpg,529156,613d3807,\2024-07\16 - Riley Ivy\,{AATG02~2024-07~1G0X4GH7~16 - Riley Ivy}
rileyivy1.ms.113.jpg,379973,e1bec0b1,\2024-07\16 - Riley Ivy\,{AATG02~2024-07~1G0X4GH7~16 - Riley Ivy}
rileyivy1.ms.114.jpg,381104,c28baade,\2024-07\16 - Riley Ivy\,{AATG02~2024-07~1G0X4GH7~16 - Riley Ivy}
rileyivy1.ms.115.jpg,483390,8f67eafc,\2024-07\16 - Riley Ivy\,{AATG02~2024-07~1G0X4GH7~16 - Riley Ivy}
rileyivy1.ms.116.jpg,504469,637127dd,\2024-07\16 - Riley Ivy\,{AATG02~2024-07~1G0X4GH7~16 - Riley Ivy}
rileyivy1.ms.117.jpg,443623,3b1daab3,\2024-07\16 - Riley Ivy\,{AATG02~2024-07~1G0X4GH7~16 - Riley Ivy}
rileyivy1.ms.118.jpg,447075,6ae81c22,\2024-07\16 - Riley Ivy\,{AATG02~2024-07~1G0X4GH7~16 - Riley Ivy}
rileyivy1.ms.119.jpg,438640,0c414c7e,\2024-07\16 - Riley Ivy\,{AATG02~2024-07~1G0X4GH7~16 - Riley Ivy}
rileyivy1.ms.120.jpg,649179,8c9dcc90,\2024-07\16 - Riley Ivy\,{AATG02~2024-07~1G0X4GH7~16 - Riley Ivy}
rileyivy1.ms.121.jpg,644511,38a35318,\2024-07\16 - Riley Ivy\,{AATG02~2024-07~1G0X4GH7~16 - Riley Ivy}
rileyivy1.ms.122.jpg,642924,e82e025d,\2024-07\16 - Riley Ivy\,{AATG02~2024-07~1G0X4GH7~16 - Riley Ivy}
rileyivy1.ms.123.jpg,618690,3bae2f39,\2024-07\16 - Riley Ivy\,{AATG02~2024-07~1G0X4GH7~16 - Riley Ivy}
rileyivy1.ms.124.jpg,639864,3dbae9bf,\2024-07\16 - Riley Ivy\,{AATG02~2024-07~1G0X4GH7~16 - Riley Ivy}
rileyivy1.ms.125.jpg,602129,94e71148,\2024-07\16 - Riley Ivy\,{AATG02~2024-07~1G0X4GH7~16 - Riley Ivy}
rileyivy1.ms.126.jpg,600333,f8ce247b,\2024-07\16 - Riley Ivy\,{AATG02~2024-07~1G0X4GH7~16 - Riley Ivy}
rileyivy1.ms.127.jpg,558776,db0413bf,\2024-07\16 - Riley Ivy\,{AATG02~2024-07~1G0X4GH7~16 - Riley Ivy}
rileyivy1.ms.128.jpg,487511,b709e236,\2024-07\16 - Riley Ivy\,{AATG02~2024-07~1G0X4GH7~16 - Riley Ivy}
rileyivy1.ms.129.jpg,451914,2877dfbc,\2024-07\16 - Riley Ivy\,{AATG02~2024-07~1G0X4GH7~16 - Riley Ivy}
rileyivy1.ms.130.jpg,474265,1e60db40,\2024-07\16 - Riley Ivy\,{AATG02~2024-07~1G0X4GH7~16 - Riley Ivy}
rileyivy1.ms.131.jpg,477581,a0c3f474,\2024-07\16 - Riley Ivy\,{AATG02~2024-07~1G0X4GH7~16 - Riley Ivy}
rileyivy1.ms.132.jpg,481320,a0249f77,\2024-07\16 - Riley Ivy\,{AATG02~2024-07~1G0X4GH7~16 - Riley Ivy}
rileyivy1.ms.133.jpg,767638,f205e7bd,\2024-07\16 - Riley Ivy\,{AATG02~2024-07~1G0X4GH7~16 - Riley Ivy}
rileyivy1.ms.134.jpg,733077,5b10435c,\2024-07\16 - Riley Ivy\,{AATG02~2024-07~1G0X4GH7~16 - Riley Ivy}
rileyivy1.ms.135.jpg,750658,7eb76d69,\2024-07\16 - Riley Ivy\,{AATG02~2024-07~1G0X4GH7~16 - Riley Ivy}
rileyivy1.ms.136.jpg,755371,a35ac7ae,\2024-07\16 - Riley Ivy\,{AATG02~2024-07~1G0X4GH7~16 - Riley Ivy}
rileyivy1.ms.137.jpg,794063,8aaadab8,\2024-07\16 - Riley Ivy\,{AATG02~2024-07~1G0X4GH7~16 - Riley Ivy}
rileyivy1.ms.138.jpg,806186,db00223c,\2024-07\16 - Riley Ivy\,{AATG02~2024-07~1G0X4GH7~16 - Riley Ivy}
rileyivy1.ms.139.jpg,825220,e4d08ea2,\2024-07\16 - Riley Ivy\,{AATG02~2024-07~1G0X4GH7~16 - Riley Ivy}
rileyivy1.ms.140.jpg,816127,59b24690,\2024-07\16 - Riley Ivy\,{AATG02~2024-07~1G0X4GH7~16 - Riley Ivy}
rileyivy1.ms.141.jpg,618901,4c24bcf0,\2024-07\16 - Riley Ivy\,{AATG02~2024-07~1G0X4GH7~16 - Riley Ivy}
rileyivy1.ms.142.jpg,674375,870b73ee,\2024-07\16 - Riley Ivy\,{AATG02~2024-07~1G0X4GH7~16 - Riley Ivy}
rileyivy1.ms.143.jpg,690562,cbcc62e2,\2024-07\16 - Riley Ivy\,{AATG02~2024-07~1G0X4GH7~16 - Riley Ivy}
rileyivy1.ms.144.jpg,410678,b95b44ab,\2024-07\16 - Riley Ivy\,{AATG02~2024-07~1G0X4GH7~16 - Riley Ivy}
rileyivy1.ms.145.jpg,475240,c48f21f2,\2024-07\16 - Riley Ivy\,{AATG02~2024-07~1G0X4GH7~16 - Riley Ivy}
rileyivy1.ms.146.jpg,650659,de65cdee,\2024-07\16 - Riley Ivy\,{AATG02~2024-07~1G0X4GH7~16 - Riley Ivy}
rileyivy1.ms.147.jpg,870428,a046d716,\2024-07\16 - Riley Ivy\,{AATG02~2024-07~1G0X4GH7~16 - Riley Ivy}
rileyivy1.ms.148.jpg,618304,02d1d913,\2024-07\16 - Riley Ivy\,{AATG02~2024-07~1G0X4GH7~16 - Riley Ivy}
rileyivy1.ms.149.jpg,710914,f48244a0,\2024-07\16 - Riley Ivy\,{AATG02~2024-07~1G0X4GH7~16 - Riley Ivy}
rileyivy1.ms.150.jpg,808232,e111960e,\2024-07\16 - Riley Ivy\,{AATG02~2024-07~1G0X4GH7~16 - Riley Ivy}
rileyivy1.ms.151.jpg,807870,b571a46e,\2024-07\16 - Riley Ivy\,{AATG02~2024-07~1G0X4GH7~16 - Riley Ivy}
rileyivy1.ms.152.jpg,801208,64f3464b,\2024-07\16 - Riley Ivy\,{AATG02~2024-07~1G0X4GH7~16 - Riley Ivy}
rileyivy1.ms.153.jpg,808547,aedb2a53,\2024-07\16 - Riley Ivy\,{AATG02~2024-07~1G0X4GH7~16 - Riley Ivy}
rileyivy1.ms.154.jpg,860471,ec02b9d2,\2024-07\16 - Riley Ivy\,{AATG02~2024-07~1G0X4GH7~16 - Riley Ivy}
rileyivy1.ms.155.jpg,860121,7a5f7a92,\2024-07\16 - Riley Ivy\,{AATG02~2024-07~1G0X4GH7~16 - Riley Ivy}
rileyivy1.ms.156.jpg,874709,af4d5caf,\2024-07\16 - Riley Ivy\,{AATG02~2024-07~1G0X4GH7~16 - Riley Ivy}
rileyivy1.ms.157.jpg,743579,d5847502,\2024-07\16 - Riley Ivy\,{AATG02~2024-07~1G0X4GH7~16 - Riley Ivy}
rileyivy1.ms.158.jpg,731451,760ee1f9,\2024-07\16 - Riley Ivy\,{AATG02~2024-07~1G0X4GH7~16 - Riley Ivy}
rileyivy1.ms.159.jpg,743732,e080c4cc,\2024-07\16 - Riley Ivy\,{AATG02~2024-07~1G0X4GH7~16 - Riley Ivy}
rileyivy1.ms.160.jpg,752047,094eab99,\2024-07\16 - Riley Ivy\,{AATG02~2024-07~1G0X4GH7~16 - Riley Ivy}
rileyivy1.ms.161.jpg,755764,8eafc53d,\2024-07\16 - Riley Ivy\,{AATG02~2024-07~1G0X4GH7~16 - Riley Ivy}
rileyivy1.ms.162.jpg,754170,88f61fd6,\2024-07\16 - Riley Ivy\,{AATG02~2024-07~1G0X4GH7~16 - Riley Ivy}
rileyivy1.ms.163.jpg,741887,a36584fe,\2024-07\16 - Riley Ivy\,{AATG02~2024-07~1G0X4GH7~16 - Riley Ivy}
rileyivy1.ms.164.jpg,737109,29f939ec,\2024-07\16 - Riley Ivy\,{AATG02~2024-07~1G0X4GH7~16 - Riley Ivy}
rileyivy1.ms.165.jpg,904753,8ec27c43,\2024-07\16 - Riley Ivy\,{AATG02~2024-07~1G0X4GH7~16 - Riley Ivy}
rileyivy1.ms.166.jpg,845586,57872e66,\2024-07\16 - Riley Ivy\,{AATG02~2024-07~1G0X4GH7~16 - Riley Ivy}
rileyivy1.ms.167.jpg,872517,d0ecea47,\2024-07\16 - Riley Ivy\,{AATG02~2024-07~1G0X4GH7~16 - Riley Ivy}
rileyivy1.ms.168.jpg,729084,3876bbf0,\2024-07\16 - Riley Ivy\,{AATG02~2024-07~1G0X4GH7~16 - Riley Ivy}
rileyivy1.ms.169.jpg,574220,546ca2d3,\2024-07\16 - Riley Ivy\,{AATG02~2024-07~1G0X4GH7~16 - Riley Ivy}
rileyivy1.ms.170.jpg,782797,5a6cb808,\2024-07\16 - Riley Ivy\,{AATG02~2024-07~1G0X4GH7~16 - Riley Ivy}
rileyivy1.ms.171.jpg,763840,6f8d8fd0,\2024-07\16 - Riley Ivy\,{AATG02~2024-07~1G0X4GH7~16 - Riley Ivy}
rileyivy1.ms.172.jpg,878379,d3863b3f,\2024-07\16 - Riley Ivy\,{AATG02~2024-07~1G0X4GH7~16 - Riley Ivy}
rileyivy1.ms.173.jpg,928123,e5b1a7f9,\2024-07\16 - Riley Ivy\,{AATG02~2024-07~1G0X4GH7~16 - Riley Ivy}
rileyivy1.ms.174.jpg,929324,a3729d41,\2024-07\16 - Riley Ivy\,{AATG02~2024-07~1G0X4GH7~16 - Riley Ivy}
rileyivy1.ms.175.jpg,880171,d5d56407,\2024-07\16 - Riley Ivy\,{AATG02~2024-07~1G0X4GH7~16 - Riley Ivy}
rileyivy1.ms.176.jpg,871859,0503fca4,\2024-07\16 - Riley Ivy\,{AATG02~2024-07~1G0X4GH7~16 - Riley Ivy}
rileyivy1.ms.177.jpg,630153,4757c5ca,\2024-07\16 - Riley Ivy\,{AATG02~2024-07~1G0X4GH7~16 - Riley Ivy}
rileyivy1.ms.178.jpg,641535,840920f0,\2024-07\16 - Riley Ivy\,{AATG02~2024-07~1G0X4GH7~16 - Riley Ivy}
rileyivy1.ms.179.jpg,700282,ec369177,\2024-07\16 - Riley Ivy\,{AATG02~2024-07~1G0X4GH7~16 - Riley Ivy}
rileyivy1.ms.180.jpg,572302,55e097ce,\2024-07\16 - Riley Ivy\,{AATG02~2024-07~1G0X4GH7~16 - Riley Ivy}
rileyivy1.ms.181.jpg,578624,92c26b21,\2024-07\16 - Riley Ivy\,{AATG02~2024-07~1G0X4GH7~16 - Riley Ivy}
rileyivy1.ms.182.jpg,566944,b4a80335,\2024-07\16 - Riley Ivy\,{AATG02~2024-07~1G0X4GH7~16 - Riley Ivy}
rileyivy1.ms.183.jpg,613480,242dfdf2,\2024-07\16 - Riley Ivy\,{AATG02~2024-07~1G0X4GH7~16 - Riley Ivy}
rileyivy1.ms.184.jpg,445590,18ae8776,\2024-07\16 - Riley Ivy\,{AATG02~2024-07~1G0X4GH7~16 - Riley Ivy}
rileyivy1.ms.185.jpg,456852,7d71ed48,\2024-07\16 - Riley Ivy\,{AATG02~2024-07~1G0X4GH7~16 - Riley Ivy}
rileyivy1.ms.186.jpg,475079,a0659098,\2024-07\16 - Riley Ivy\,{AATG02~2024-07~1G0X4GH7~16 - Riley Ivy}
rileyivy1.ms.187.jpg,618545,06542738,\2024-07\16 - Riley Ivy\,{AATG02~2024-07~1G0X4GH7~16 - Riley Ivy}
rileyivy1.ms.188.jpg,621737,12539a09,\2024-07\16 - Riley Ivy\,{AATG02~2024-07~1G0X4GH7~16 - Riley Ivy}
rileyivy1.ms.189.jpg,568258,8b576eb1,\2024-07\16 - Riley Ivy\,{AATG02~2024-07~1G0X4GH7~16 - Riley Ivy}
rileyivy1.ms.190.jpg,401723,173efc4b,\2024-07\16 - Riley Ivy\,{AATG02~2024-07~1G0X4GH7~16 - Riley Ivy}
rileyivy2.ms.001.jpg,526443,05ce38db,\2024-07\30 - Riley Ivy\,{AATG02~2024-07~1G0XA53M~30 - Riley Ivy}
rileyivy2.ms.002.jpg,595613,9b5d5738,\2024-07\30 - Riley Ivy\,{AATG02~2024-07~1G0XA53M~30 - Riley Ivy}
rileyivy2.ms.003.jpg,603457,4adff7e6,\2024-07\30 - Riley Ivy\,{AATG02~2024-07~1G0XA53M~30 - Riley Ivy}
rileyivy2.ms.004.jpg,613235,00882ad8,\2024-07\30 - Riley Ivy\,{AATG02~2024-07~1G0XA53M~30 - Riley Ivy}
rileyivy2.ms.005.jpg,497228,de9c08f6,\2024-07\30 - Riley Ivy\,{AATG02~2024-07~1G0XA53M~30 - Riley Ivy}
rileyivy2.ms.006.jpg,518377,96642191,\2024-07\30 - Riley Ivy\,{AATG02~2024-07~1G0XA53M~30 - Riley Ivy}
rileyivy2.ms.007.jpg,518583,1db270ea,\2024-07\30 - Riley Ivy\,{AATG02~2024-07~1G0XA53M~30 - Riley Ivy}
rileyivy2.ms.008.jpg,532940,cdf8f641,\2024-07\30 - Riley Ivy\,{AATG02~2024-07~1G0XA53M~30 - Riley Ivy}
rileyivy2.ms.009.jpg,536071,c7edba1b,\2024-07\30 - Riley Ivy\,{AATG02~2024-07~1G0XA53M~30 - Riley Ivy}
rileyivy2.ms.010.jpg,540328,83477078,\2024-07\30 - Riley Ivy\,{AATG02~2024-07~1G0XA53M~30 - Riley Ivy}
rileyivy2.ms.011.jpg,534763,2229350d,\2024-07\30 - Riley Ivy\,{AATG02~2024-07~1G0XA53M~30 - Riley Ivy}
rileyivy2.ms.012.jpg,637186,3a938bc9,\2024-07\30 - Riley Ivy\,{AATG02~2024-07~1G0XA53M~30 - Riley Ivy}
rileyivy2.ms.013.jpg,434356,4a2a60ab,\2024-07\30 - Riley Ivy\,{AATG02~2024-07~1G0XA53M~30 - Riley Ivy}
rileyivy2.ms.014.jpg,417896,24829958,\2024-07\30 - Riley Ivy\,{AATG02~2024-07~1G0XA53M~30 - Riley Ivy}
rileyivy2.ms.015.jpg,552875,f211ca8b,\2024-07\30 - Riley Ivy\,{AATG02~2024-07~1G0XA53M~30 - Riley Ivy}
rileyivy2.ms.016.jpg,536411,487eb2b2,\2024-07\30 - Riley Ivy\,{AATG02~2024-07~1G0XA53M~30 - Riley Ivy}
rileyivy2.ms.017.jpg,502959,ef4351dd,\2024-07\30 - Riley Ivy\,{AATG02~2024-07~1G0XA53M~30 - Riley Ivy}
rileyivy2.ms.018.jpg,425813,3b7b31a2,\2024-07\30 - Riley Ivy\,{AATG02~2024-07~1G0XA53M~30 - Riley Ivy}
rileyivy2.ms.019.jpg,400646,72e508c0,\2024-07\30 - Riley Ivy\,{AATG02~2024-07~1G0XA53M~30 - Riley Ivy}
rileyivy2.ms.020.jpg,426355,e5858fad,\2024-07\30 - Riley Ivy\,{AATG02~2024-07~1G0XA53M~30 - Riley Ivy}
rileyivy2.ms.021.jpg,470565,f3368da7,\2024-07\30 - Riley Ivy\,{AATG02~2024-07~1G0XA53M~30 - Riley Ivy}
rileyivy2.ms.022.jpg,528945,6ba7d67b,\2024-07\30 - Riley Ivy\,{AATG02~2024-07~1G0XA53M~30 - Riley Ivy}
rileyivy2.ms.023.jpg,480048,6d405fb0,\2024-07\30 - Riley Ivy\,{AATG02~2024-07~1G0XA53M~30 - Riley Ivy}
rileyivy2.ms.024.jpg,495549,821bb1b4,\2024-07\30 - Riley Ivy\,{AATG02~2024-07~1G0XA53M~30 - Riley Ivy}
rileyivy2.ms.025.jpg,568352,28d5e4d6,\2024-07\30 - Riley Ivy\,{AATG02~2024-07~1G0XA53M~30 - Riley Ivy}
rileyivy2.ms.026.jpg,497547,13ac1b81,\2024-07\30 - Riley Ivy\,{AATG02~2024-07~1G0XA53M~30 - Riley Ivy}
rileyivy2.ms.027.jpg,524584,5751b11f,\2024-07\30 - Riley Ivy\,{AATG02~2024-07~1G0XA53M~30 - Riley Ivy}
rileyivy2.ms.028.jpg,537048,941bf92b,\2024-07\30 - Riley Ivy\,{AATG02~2024-07~1G0XA53M~30 - Riley Ivy}
rileyivy2.ms.029.jpg,614043,000a94c6,\2024-07\30 - Riley Ivy\,{AATG02~2024-07~1G0XA53M~30 - Riley Ivy}
rileyivy2.ms.030.jpg,615030,2d0602e7,\2024-07\30 - Riley Ivy\,{AATG02~2024-07~1G0XA53M~30 - Riley Ivy}
rileyivy2.ms.031.jpg,655351,3645f761,\2024-07\30 - Riley Ivy\,{AATG02~2024-07~1G0XA53M~30 - Riley Ivy}
rileyivy2.ms.032.jpg,488391,09e85492,\2024-07\30 - Riley Ivy\,{AATG02~2024-07~1G0XA53M~30 - Riley Ivy}
rileyivy2.ms.033.jpg,483227,92a9e7e9,\2024-07\30 - Riley Ivy\,{AATG02~2024-07~1G0XA53M~30 - Riley Ivy}
rileyivy2.ms.034.jpg,518918,dfb896a9,\2024-07\30 - Riley Ivy\,{AATG02~2024-07~1G0XA53M~30 - Riley Ivy}
rileyivy2.ms.035.jpg,509509,83f2001f,\2024-07\30 - Riley Ivy\,{AATG02~2024-07~1G0XA53M~30 - Riley Ivy}
rileyivy2.ms.036.jpg,522638,1d5c53aa,\2024-07\30 - Riley Ivy\,{AATG02~2024-07~1G0XA53M~30 - Riley Ivy}
rileyivy2.ms.037.jpg,506110,71936178,\2024-07\30 - Riley Ivy\,{AATG02~2024-07~1G0XA53M~30 - Riley Ivy}
rileyivy2.ms.038.jpg,448523,8d169eef,\2024-07\30 - Riley Ivy\,{AATG02~2024-07~1G0XA53M~30 - Riley Ivy}
rileyivy2.ms.039.jpg,561172,7a8a9185,\2024-07\30 - Riley Ivy\,{AATG02~2024-07~1G0XA53M~30 - Riley Ivy}
rileyivy2.ms.040.jpg,371229,681befc2,\2024-07\30 - Riley Ivy\,{AATG02~2024-07~1G0XA53M~30 - Riley Ivy}
rileyivy2.ms.041.jpg,371735,67965848,\2024-07\30 - Riley Ivy\,{AATG02~2024-07~1G0XA53M~30 - Riley Ivy}
rileyivy2.ms.042.jpg,363733,1b137a57,\2024-07\30 - Riley Ivy\,{AATG02~2024-07~1G0XA53M~30 - Riley Ivy}
rileyivy2.ms.043.jpg,400626,5e504a32,\2024-07\30 - Riley Ivy\,{AATG02~2024-07~1G0XA53M~30 - Riley Ivy}
rileyivy2.ms.044.jpg,387994,46aedd0b,\2024-07\30 - Riley Ivy\,{AATG02~2024-07~1G0XA53M~30 - Riley Ivy}
rileyivy2.ms.045.jpg,389016,8babcd62,\2024-07\30 - Riley Ivy\,{AATG02~2024-07~1G0XA53M~30 - Riley Ivy}
rileyivy2.ms.046.jpg,392476,7151a3a2,\2024-07\30 - Riley Ivy\,{AATG02~2024-07~1G0XA53M~30 - Riley Ivy}
rileyivy2.ms.047.jpg,388042,b71470db,\2024-07\30 - Riley Ivy\,{AATG02~2024-07~1G0XA53M~30 - Riley Ivy}
rileyivy2.ms.048.jpg,395067,ef4c95bb,\2024-07\30 - Riley Ivy\,{AATG02~2024-07~1G0XA53M~30 - Riley Ivy}
rileyivy2.ms.049.jpg,390374,451796cc,\2024-07\30 - Riley Ivy\,{AATG02~2024-07~1G0XA53M~30 - Riley Ivy}
rileyivy2.ms.050.jpg,392781,c8a21bd0,\2024-07\30 - Riley Ivy\,{AATG02~2024-07~1G0XA53M~30 - Riley Ivy}
rileyivy2.ms.051.jpg,378722,a96f2c6b,\2024-07\30 - Riley Ivy\,{AATG02~2024-07~1G0XA53M~30 - Riley Ivy}
rileyivy2.ms.052.jpg,427587,2516947c,\2024-07\30 - Riley Ivy\,{AATG02~2024-07~1G0XA53M~30 - Riley Ivy}
rileyivy2.ms.053.jpg,419827,2e12f80e,\2024-07\30 - Riley Ivy\,{AATG02~2024-07~1G0XA53M~30 - Riley Ivy}
rileyivy2.ms.054.jpg,354318,c76d8942,\2024-07\30 - Riley Ivy\,{AATG02~2024-07~1G0XA53M~30 - Riley Ivy}
rileyivy2.ms.055.jpg,395399,88cbf17c,\2024-07\30 - Riley Ivy\,{AATG02~2024-07~1G0XA53M~30 - Riley Ivy}
rileyivy2.ms.056.jpg,396441,b892755b,\2024-07\30 - Riley Ivy\,{AATG02~2024-07~1G0XA53M~30 - Riley Ivy}
rileyivy2.ms.057.jpg,395080,fc6c799f,\2024-07\30 - Riley Ivy\,{AATG02~2024-07~1G0XA53M~30 - Riley Ivy}
rileyivy2.ms.058.jpg,406653,85afe9f4,\2024-07\30 - Riley Ivy\,{AATG02~2024-07~1G0XA53M~30 - Riley Ivy}
rileyivy2.ms.059.jpg,415488,61746442,\2024-07\30 - Riley Ivy\,{AATG02~2024-07~1G0XA53M~30 - Riley Ivy}
rileyivy2.ms.060.jpg,369581,e12767d3,\2024-07\30 - Riley Ivy\,{AATG02~2024-07~1G0XA53M~30 - Riley Ivy}
rileyivy2.ms.061.jpg,385678,9851e38b,\2024-07\30 - Riley Ivy\,{AATG02~2024-07~1G0XA53M~30 - Riley Ivy}
rileyivy2.ms.062.jpg,390162,f7a84a85,\2024-07\30 - Riley Ivy\,{AATG02~2024-07~1G0XA53M~30 - Riley Ivy}
rileyivy2.ms.063.jpg,408414,4f01196a,\2024-07\30 - Riley Ivy\,{AATG02~2024-07~1G0XA53M~30 - Riley Ivy}
rileyivy2.ms.064.jpg,409693,31c1a752,\2024-07\30 - Riley Ivy\,{AATG02~2024-07~1G0XA53M~30 - Riley Ivy}
rileyivy2.ms.065.jpg,435612,9a42e0a1,\2024-07\30 - Riley Ivy\,{AATG02~2024-07~1G0XA53M~30 - Riley Ivy}
rileyivy2.ms.066.jpg,459799,9613b0b2,\2024-07\30 - Riley Ivy\,{AATG02~2024-07~1G0XA53M~30 - Riley Ivy}
rileyivy2.ms.067.jpg,424099,fdbc3611,\2024-07\30 - Riley Ivy\,{AATG02~2024-07~1G0XA53M~30 - Riley Ivy}
rileyivy2.ms.068.jpg,422235,b2104b38,\2024-07\30 - Riley Ivy\,{AATG02~2024-07~1G0XA53M~30 - Riley Ivy}
rileyivy2.ms.069.jpg,379575,15916214,\2024-07\30 - Riley Ivy\,{AATG02~2024-07~1G0XA53M~30 - Riley Ivy}
rileyivy2.ms.070.jpg,414366,88f631f7,\2024-07\30 - Riley Ivy\,{AATG02~2024-07~1G0XA53M~30 - Riley Ivy}
rileyivy2.ms.071.jpg,409094,d0dc3946,\2024-07\30 - Riley Ivy\,{AATG02~2024-07~1G0XA53M~30 - Riley Ivy}
rileyivy2.ms.072.jpg,471031,ad99eef0,\2024-07\30 - Riley Ivy\,{AATG02~2024-07~1G0XA53M~30 - Riley Ivy}
rileyivy2.ms.073.jpg,472991,f6ef7306,\2024-07\30 - Riley Ivy\,{AATG02~2024-07~1G0XA53M~30 - Riley Ivy}
rileyivy2.ms.074.jpg,379652,292ba907,\2024-07\30 - Riley Ivy\,{AATG02~2024-07~1G0XA53M~30 - Riley Ivy}
rileyivy2.ms.075.jpg,422358,abc19216,\2024-07\30 - Riley Ivy\,{AATG02~2024-07~1G0XA53M~30 - Riley Ivy}
rileyivy2.ms.076.jpg,438445,3c288d26,\2024-07\30 - Riley Ivy\,{AATG02~2024-07~1G0XA53M~30 - Riley Ivy}
rileyivy2.ms.077.jpg,421270,a0ac52ff,\2024-07\30 - Riley Ivy\,{AATG02~2024-07~1G0XA53M~30 - Riley Ivy}
rileyivy2.ms.078.jpg,388895,d130a1b5,\2024-07\30 - Riley Ivy\,{AATG02~2024-07~1G0XA53M~30 - Riley Ivy}
rileyivy2.ms.079.jpg,395851,ed377030,\2024-07\30 - Riley Ivy\,{AATG02~2024-07~1G0XA53M~30 - Riley Ivy}
rileyivy2.ms.080.jpg,409825,0834f6c4,\2024-07\30 - Riley Ivy\,{AATG02~2024-07~1G0XA53M~30 - Riley Ivy}
rileyivy2.ms.081.jpg,393563,45b6441e,\2024-07\30 - Riley Ivy\,{AATG02~2024-07~1G0XA53M~30 - Riley Ivy}
rileyivy2.ms.082.jpg,378527,b9d85f83,\2024-07\30 - Riley Ivy\,{AATG02~2024-07~1G0XA53M~30 - Riley Ivy}
rileyivy2.ms.083.jpg,370662,91c944a6,\2024-07\30 - Riley Ivy\,{AATG02~2024-07~1G0XA53M~30 - Riley Ivy}
rileyivy2.ms.084.jpg,403864,babcb7d6,\2024-07\30 - Riley Ivy\,{AATG02~2024-07~1G0XA53M~30 - Riley Ivy}
rileyivy2.ms.085.jpg,393289,45c0ada9,\2024-07\30 - Riley Ivy\,{AATG02~2024-07~1G0XA53M~30 - Riley Ivy}
rileyivy2.ms.086.jpg,380528,e0f76a6a,\2024-07\30 - Riley Ivy\,{AATG02~2024-07~1G0XA53M~30 - Riley Ivy}
rileyivy2.ms.087.jpg,371867,31817e3d,\2024-07\30 - Riley Ivy\,{AATG02~2024-07~1G0XA53M~30 - Riley Ivy}
rileyivy2.ms.088.jpg,420824,2d0b0174,\2024-07\30 - Riley Ivy\,{AATG02~2024-07~1G0XA53M~30 - Riley Ivy}
rileyivy2.ms.089.jpg,412363,726efa25,\2024-07\30 - Riley Ivy\,{AATG02~2024-07~1G0XA53M~30 - Riley Ivy}
rileyivy2.ms.090.jpg,407525,f94ed0eb,\2024-07\30 - Riley Ivy\,{AATG02~2024-07~1G0XA53M~30 - Riley Ivy}
rileyivy2.ms.091.jpg,396516,e1bad50b,\2024-07\30 - Riley Ivy\,{AATG02~2024-07~1G0XA53M~30 - Riley Ivy}
rileyivy2.ms.092.jpg,391718,e6612858,\2024-07\30 - Riley Ivy\,{AATG02~2024-07~1G0XA53M~30 - Riley Ivy}
rileyivy2.ms.093.jpg,363825,a9edd77a,\2024-07\30 - Riley Ivy\,{AATG02~2024-07~1G0XA53M~30 - Riley Ivy}
rileyivy2.ms.094.jpg,454262,1b7c7190,\2024-07\30 - Riley Ivy\,{AATG02~2024-07~1G0XA53M~30 - Riley Ivy}
rileyivy2.ms.095.jpg,500942,8b606b73,\2024-07\30 - Riley Ivy\,{AATG02~2024-07~1G0XA53M~30 - Riley Ivy}
rileyivy2.ms.096.jpg,344936,071fff86,\2024-07\30 - Riley Ivy\,{AATG02~2024-07~1G0XA53M~30 - Riley Ivy}
rileyivy2.ms.097.jpg,356530,2a7e9fdc,\2024-07\30 - Riley Ivy\,{AATG02~2024-07~1G0XA53M~30 - Riley Ivy}
rileyivy2.ms.098.jpg,390920,df64e483,\2024-07\30 - Riley Ivy\,{AATG02~2024-07~1G0XA53M~30 - Riley Ivy}
rileyivy2.ms.099.jpg,390974,84d54197,\2024-07\30 - Riley Ivy\,{AATG02~2024-07~1G0XA53M~30 - Riley Ivy}
rileyivy2.ms.100.jpg,419503,dd7d45fd,\2024-07\30 - Riley Ivy\,{AATG02~2024-07~1G0XA53M~30 - Riley Ivy}
rileyivy2.ms.101.jpg,400359,17c6a5e9,\2024-07\30 - Riley Ivy\,{AATG02~2024-07~1G0XA53M~30 - Riley Ivy}
rileyivy2.ms.102.jpg,424506,9be6cdb2,\2024-07\30 - Riley Ivy\,{AATG02~2024-07~1G0XA53M~30 - Riley Ivy}
rileyivy2.ms.103.jpg,478732,5782d5c4,\2024-07\30 - Riley Ivy\,{AATG02~2024-07~1G0XA53M~30 - Riley Ivy}
rileyivy2.ms.104.jpg,456391,9d9f9b0a,\2024-07\30 - Riley Ivy\,{AATG02~2024-07~1G0XA53M~30 - Riley Ivy}
rileyivy2.ms.105.jpg,436878,2ddedbe1,\2024-07\30 - Riley Ivy\,{AATG02~2024-07~1G0XA53M~30 - Riley Ivy}
rileyivy2.ms.106.jpg,427757,b4daab36,\2024-07\30 - Riley Ivy\,{AATG02~2024-07~1G0XA53M~30 - Riley Ivy}
rileyivy2.ms.107.jpg,450097,2b1204bc,\2024-07\30 - Riley Ivy\,{AATG02~2024-07~1G0XA53M~30 - Riley Ivy}
rileyivy2.ms.108.jpg,412040,7ed3fa3b,\2024-07\30 - Riley Ivy\,{AATG02~2024-07~1G0XA53M~30 - Riley Ivy}
rileyivy2.ms.109.jpg,427607,7ddf93cf,\2024-07\30 - Riley Ivy\,{AATG02~2024-07~1G0XA53M~30 - Riley Ivy}
rileyivy2.ms.110.jpg,399011,3c4861a7,\2024-07\30 - Riley Ivy\,{AATG02~2024-07~1G0XA53M~30 - Riley Ivy}
rileyivy2.ms.111.jpg,380848,078918de,\2024-07\30 - Riley Ivy\,{AATG02~2024-07~1G0XA53M~30 - Riley Ivy}
rileyivy2.ms.112.jpg,387155,8602b1f6,\2024-07\30 - Riley Ivy\,{AATG02~2024-07~1G0XA53M~30 - Riley Ivy}
rileyivy2.ms.113.jpg,376829,d3252745,\2024-07\30 - Riley Ivy\,{AATG02~2024-07~1G0XA53M~30 - Riley Ivy}
rileyivy2.ms.114.jpg,313235,88f016d4,\2024-07\30 - Riley Ivy\,{AATG02~2024-07~1G0XA53M~30 - Riley Ivy}
rileyivy2.ms.115.jpg,389499,cdc41fb6,\2024-07\30 - Riley Ivy\,{AATG02~2024-07~1G0XA53M~30 - Riley Ivy}
rileyivy2.ms.116.jpg,389933,e1ca631b,\2024-07\30 - Riley Ivy\,{AATG02~2024-07~1G0XA53M~30 - Riley Ivy}
rileyivy2.ms.117.jpg,394419,71cfd7bb,\2024-07\30 - Riley Ivy\,{AATG02~2024-07~1G0XA53M~30 - Riley Ivy}
rileyivy2.ms.118.jpg,402155,e4d4cab6,\2024-07\30 - Riley Ivy\,{AATG02~2024-07~1G0XA53M~30 - Riley Ivy}
rileyivy2.ms.119.jpg,391548,d3b03906,\2024-07\30 - Riley Ivy\,{AATG02~2024-07~1G0XA53M~30 - Riley Ivy}
rileyivy2.ms.120.jpg,402315,9f496581,\2024-07\30 - Riley Ivy\,{AATG02~2024-07~1G0XA53M~30 - Riley Ivy}
rileyivy2.ms.121.jpg,383602,a9d4ca30,\2024-07\30 - Riley Ivy\,{AATG02~2024-07~1G0XA53M~30 - Riley Ivy}
rileyivy2.ms.122.jpg,406071,26000952,\2024-07\30 - Riley Ivy\,{AATG02~2024-07~1G0XA53M~30 - Riley Ivy}
rileyivy2.ms.123.jpg,357551,65da20f1,\2024-07\30 - Riley Ivy\,{AATG02~2024-07~1G0XA53M~30 - Riley Ivy}
rileyivy2.ms.124.jpg,370857,04637c47,\2024-07\30 - Riley Ivy\,{AATG02~2024-07~1G0XA53M~30 - Riley Ivy}
rileyivy2.ms.125.jpg,365874,7248a6e0,\2024-07\30 - Riley Ivy\,{AATG02~2024-07~1G0XA53M~30 - Riley Ivy}
rileyivy2.ms.126.jpg,365368,a6976f7e,\2024-07\30 - Riley Ivy\,{AATG02~2024-07~1G0XA53M~30 - Riley Ivy}
rileyivy2.ms.127.jpg,385148,77ea7326,\2024-07\30 - Riley Ivy\,{AATG02~2024-07~1G0XA53M~30 - Riley Ivy}
rileyivy2.ms.128.jpg,377132,35a13e41,\2024-07\30 - Riley Ivy\,{AATG02~2024-07~1G0XA53M~30 - Riley Ivy}
rileyivy2.ms.129.jpg,386993,d88217e1,\2024-07\30 - Riley Ivy\,{AATG02~2024-07~1G0XA53M~30 - Riley Ivy}
rileyivy2.ms.130.jpg,380217,46679fc8,\2024-07\30 - Riley Ivy\,{AATG02~2024-07~1G0XA53M~30 - Riley Ivy}
rileyivy2.ms.131.jpg,387180,29fa9a3f,\2024-07\30 - Riley Ivy\,{AATG02~2024-07~1G0XA53M~30 - Riley Ivy}
rileyivy2.ms.132.jpg,381027,8afe8dec,\2024-07\30 - Riley Ivy\,{AATG02~2024-07~1G0XA53M~30 - Riley Ivy}
rileyivy2.ms.133.jpg,398018,169f96a8,\2024-07\30 - Riley Ivy\,{AATG02~2024-07~1G0XA53M~30 - Riley Ivy}
rileyivy2.ms.134.jpg,387966,be2cbfdc,\2024-07\30 - Riley Ivy\,{AATG02~2024-07~1G0XA53M~30 - Riley Ivy}
rileyivy2.ms.135.jpg,379543,f69c3a8c,\2024-07\30 - Riley Ivy\,{AATG02~2024-07~1G0XA53M~30 - Riley Ivy}
rileyivy2.ms.136.jpg,379564,5e96b869,\2024-07\30 - Riley Ivy\,{AATG02~2024-07~1G0XA53M~30 - Riley Ivy}
rileyivy2.ms.137.jpg,412850,717767ab,\2024-07\30 - Riley Ivy\,{AATG02~2024-07~1G0XA53M~30 - Riley Ivy}
rileyivy2.ms.138.jpg,399465,d234c1c4,\2024-07\30 - Riley Ivy\,{AATG02~2024-07~1G0XA53M~30 - Riley Ivy}
rileyivy2.ms.139.jpg,413524,6db3d103,\2024-07\30 - Riley Ivy\,{AATG02~2024-07~1G0XA53M~30 - Riley Ivy}
rileyivy2.ms.140.jpg,401908,32a17081,\2024-07\30 - Riley Ivy\,{AATG02~2024-07~1G0XA53M~30 - Riley Ivy}
rileyivy2.ms.141.jpg,395574,bbfe466b,\2024-07\30 - Riley Ivy\,{AATG02~2024-07~1G0XA53M~30 - Riley Ivy}
rileyivy2.ms.142.jpg,396483,70094009,\2024-07\30 - Riley Ivy\,{AATG02~2024-07~1G0XA53M~30 - Riley Ivy}
rileyivy2.ms.143.jpg,400544,c1139c56,\2024-07\30 - Riley Ivy\,{AATG02~2024-07~1G0XA53M~30 - Riley Ivy}
rileyivy2.ms.144.jpg,399775,70c8b974,\2024-07\30 - Riley Ivy\,{AATG02~2024-07~1G0XA53M~30 - Riley Ivy}
rileyivy2.ms.145.jpg,445790,967575af,\2024-07\30 - Riley Ivy\,{AATG02~2024-07~1G0XA53M~30 - Riley Ivy}
rileyivy2.ms.146.jpg,457748,8e42822b,\2024-07\30 - Riley Ivy\,{AATG02~2024-07~1G0XA53M~30 - Riley Ivy}
rileyivy2.ms.147.jpg,531281,1b26e441,\2024-07\30 - Riley Ivy\,{AATG02~2024-07~1G0XA53M~30 - Riley Ivy}
rileyivy2.ms.148.jpg,516530,0e9c0138,\2024-07\30 - Riley Ivy\,{AATG02~2024-07~1G0XA53M~30 - Riley Ivy}
rileyivy2.ms.149.jpg,504420,10cc2d98,\2024-07\30 - Riley Ivy\,{AATG02~2024-07~1G0XA53M~30 - Riley Ivy}
rileyivy2.ms.150.jpg,428206,dd52592d,\2024-07\30 - Riley Ivy\,{AATG02~2024-07~1G0XA53M~30 - Riley Ivy}
rileyivy2.ms.151.jpg,361401,b373af32,\2024-07\30 - Riley Ivy\,{AATG02~2024-07~1G0XA53M~30 - Riley Ivy}
rileyivy2.ms.152.jpg,363118,06195f93,\2024-07\30 - Riley Ivy\,{AATG02~2024-07~1G0XA53M~30 - Riley Ivy}
rileyivy2.ms.153.jpg,388216,75fb5dd4,\2024-07\30 - Riley Ivy\,{AATG02~2024-07~1G0XA53M~30 - Riley Ivy}
rileyivy2.ms.154.jpg,430720,134d1a48,\2024-07\30 - Riley Ivy\,{AATG02~2024-07~1G0XA53M~30 - Riley Ivy}
rileyivy2.ms.155.jpg,444128,35ed024b,\2024-07\30 - Riley Ivy\,{AATG02~2024-07~1G0XA53M~30 - Riley Ivy}
rileyivy2.ms.156.jpg,446634,1ee67e51,\2024-07\30 - Riley Ivy\,{AATG02~2024-07~1G0XA53M~30 - Riley Ivy}
rileyivy2.ms.157.jpg,441928,84b45f97,\2024-07\30 - Riley Ivy\,{AATG02~2024-07~1G0XA53M~30 - Riley Ivy}
rileyivy2.ms.158.jpg,435724,a2b97d37,\2024-07\30 - Riley Ivy\,{AATG02~2024-07~1G0XA53M~30 - Riley Ivy}
rileyivy2.ms.159.jpg,394986,a2424d15,\2024-07\30 - Riley Ivy\,{AATG02~2024-07~1G0XA53M~30 - Riley Ivy}
rileyivy2.ms.160.jpg,404474,208c596b,\2024-07\30 - Riley Ivy\,{AATG02~2024-07~1G0XA53M~30 - Riley Ivy}
rileyivy2.ms.161.jpg,412535,a6cf1ec6,\2024-07\30 - Riley Ivy\,{AATG02~2024-07~1G0XA53M~30 - Riley Ivy}
rileyivy2.ms.162.jpg,422011,32ec8d3c,\2024-07\30 - Riley Ivy\,{AATG02~2024-07~1G0XA53M~30 - Riley Ivy}
rileyivy2.ms.163.jpg,425867,d2624401,\2024-07\30 - Riley Ivy\,{AATG02~2024-07~1G0XA53M~30 - Riley Ivy}
rileyivy2.ms.164.jpg,387491,d2e98fc0,\2024-07\30 - Riley Ivy\,{AATG02~2024-07~1G0XA53M~30 - Riley Ivy}
rileyivy2.ms.165.jpg,365050,49e41ef3,\2024-07\30 - Riley Ivy\,{AATG02~2024-07~1G0XA53M~30 - Riley Ivy}
rileyivy2.ms.166.jpg,446296,7a346309,\2024-07\30 - Riley Ivy\,{AATG02~2024-07~1G0XA53M~30 - Riley Ivy}
rileyivy2.ms.167.jpg,427684,a5f290df,\2024-07\30 - Riley Ivy\,{AATG02~2024-07~1G0XA53M~30 - Riley Ivy}
rileyivy2.ms.168.jpg,425708,42132dfc,\2024-07\30 - Riley Ivy\,{AATG02~2024-07~1G0XA53M~30 - Riley Ivy}
rileyivy2.ms.169.jpg,365622,1d0770f8,\2024-07\30 - Riley Ivy\,{AATG02~2024-07~1G0XA53M~30 - Riley Ivy}
rileyivy2.ms.170.jpg,382436,e7dd5233,\2024-07\30 - Riley Ivy\,{AATG02~2024-07~1G0XA53M~30 - Riley Ivy}
rileyivy2.ms.171.jpg,362131,e6d2fed2,\2024-07\30 - Riley Ivy\,{AATG02~2024-07~1G0XA53M~30 - Riley Ivy}
rileyivy2.ms.172.jpg,352978,1bb46edc,\2024-07\30 - Riley Ivy\,{AATG02~2024-07~1G0XA53M~30 - Riley Ivy}
rileyivy2.ms.173.jpg,371601,cc901dd5,\2024-07\30 - Riley Ivy\,{AATG02~2024-07~1G0XA53M~30 - Riley Ivy}
rileyivy2.ms.174.jpg,377960,71c466fc,\2024-07\30 - Riley Ivy\,{AATG02~2024-07~1G0XA53M~30 - Riley Ivy}
rileyivy2.ms.175.jpg,378581,a89828a7,\2024-07\30 - Riley Ivy\,{AATG02~2024-07~1G0XA53M~30 - Riley Ivy}
rileyivy2.ms.176.jpg,373785,af211aaa,\2024-07\30 - Riley Ivy\,{AATG02~2024-07~1G0XA53M~30 - Riley Ivy}
rileyivy2.ms.177.jpg,368026,6a81bd0f,\2024-07\30 - Riley Ivy\,{AATG02~2024-07~1G0XA53M~30 - Riley Ivy}
rileyivy2.ms.178.jpg,410483,2c83e4b5,\2024-07\30 - Riley Ivy\,{AATG02~2024-07~1G0XA53M~30 - Riley Ivy}
rileyivy2.ms.179.jpg,409294,200f5791,\2024-07\30 - Riley Ivy\,{AATG02~2024-07~1G0XA53M~30 - Riley Ivy}
rileyivy2.ms.180.jpg,419739,f5ad1ccc,\2024-07\30 - Riley Ivy\,{AATG02~2024-07~1G0XA53M~30 - Riley Ivy}
rileyivy2.ms.181.jpg,413844,26a0fed2,\2024-07\30 - Riley Ivy\,{AATG02~2024-07~1G0XA53M~30 - Riley Ivy}
rileyivy2.ms.182.jpg,408726,d2acddcb,\2024-07\30 - Riley Ivy\,{AATG02~2024-07~1G0XA53M~30 - Riley Ivy}
rileyivy2.ms.183.jpg,399235,8a11724e,\2024-07\30 - Riley Ivy\,{AATG02~2024-07~1G0XA53M~30 - Riley Ivy}
rileyivy2.ms.184.jpg,408934,ae310f96,\2024-07\30 - Riley Ivy\,{AATG02~2024-07~1G0XA53M~30 - Riley Ivy}
rileyivy2.ms.185.jpg,400394,b7f74772,\2024-07\30 - Riley Ivy\,{AATG02~2024-07~1G0XA53M~30 - Riley Ivy}
rileyivy2.ms.186.jpg,368040,d37c3161,\2024-07\30 - Riley Ivy\,{AATG02~2024-07~1G0XA53M~30 - Riley Ivy}
rileyivy2.ms.187.jpg,410657,7eac3da3,\2024-07\30 - Riley Ivy\,{AATG02~2024-07~1G0XA53M~30 - Riley Ivy}
rileyivy2.ms.188.jpg,362598,d6266cd1,\2024-07\30 - Riley Ivy\,{AATG02~2024-07~1G0XA53M~30 - Riley Ivy}
rileyivy2.ms.189.jpg,362699,83a28fa6,\2024-07\30 - Riley Ivy\,{AATG02~2024-07~1G0XA53M~30 - Riley Ivy}
aprilrae1.rd.001.jpg,404697,bc9619da,\2024-11\21 - April Rae\,{AATG02~2024-11~1Q0PO3WX~21 - April Rae}
aprilrae1.rd.002.jpg,435230,1c44cd6e,\2024-11\21 - April Rae\,{AATG02~2024-11~1Q0PO3WX~21 - April Rae}
aprilrae1.rd.003.jpg,412478,da19e0c8,\2024-11\21 - April Rae\,{AATG02~2024-11~1Q0PO3WX~21 - April Rae}
aprilrae1.rd.004.jpg,349791,fafd61ed,\2024-11\21 - April Rae\,{AATG02~2024-11~1Q0PO3WX~21 - April Rae}
aprilrae1.rd.005.jpg,383430,17670371,\2024-11\21 - April Rae\,{AATG02~2024-11~1Q0PO3WX~21 - April Rae}
aprilrae1.rd.006.jpg,311530,4283f974,\2024-11\21 - April Rae\,{AATG02~2024-11~1Q0PO3WX~21 - April Rae}
aprilrae1.rd.007.jpg,312736,657ace6f,\2024-11\21 - April Rae\,{AATG02~2024-11~1Q0PO3WX~21 - April Rae}
aprilrae1.rd.008.jpg,350828,5a8166c4,\2024-11\21 - April Rae\,{AATG02~2024-11~1Q0PO3WX~21 - April Rae}
aprilrae1.rd.009.jpg,342661,eb2d7e94,\2024-11\21 - April Rae\,{AATG02~2024-11~1Q0PO3WX~21 - April Rae}
aprilrae1.rd.010.jpg,547005,9d855851,\2024-11\21 - April Rae\,{AATG02~2024-11~1Q0PO3WX~21 - April Rae}
aprilrae1.rd.011.jpg,400413,adcc476d,\2024-11\21 - April Rae\,{AATG02~2024-11~1Q0PO3WX~21 - April Rae}
aprilrae1.rd.012.jpg,354423,390f0db8,\2024-11\21 - April Rae\,{AATG02~2024-11~1Q0PO3WX~21 - April Rae}
aprilrae1.rd.013.jpg,403557,8f9731fd,\2024-11\21 - April Rae\,{AATG02~2024-11~1Q0PO3WX~21 - April Rae}
aprilrae1.rd.014.jpg,399389,082523a7,\2024-11\21 - April Rae\,{AATG02~2024-11~1Q0PO3WX~21 - April Rae}
aprilrae1.rd.015.jpg,395649,a8b2e233,\2024-11\21 - April Rae\,{AATG02~2024-11~1Q0PO3WX~21 - April Rae}
aprilrae1.rd.016.jpg,357104,4f656160,\2024-11\21 - April Rae\,{AATG02~2024-11~1Q0PO3WX~21 - April Rae}
aprilrae1.rd.017.jpg,409537,98e122f5,\2024-11\21 - April Rae\,{AATG02~2024-11~1Q0PO3WX~21 - April Rae}
aprilrae1.rd.018.jpg,367030,f1f7da5f,\2024-11\21 - April Rae\,{AATG02~2024-11~1Q0PO3WX~21 - April Rae}
aprilrae1.rd.019.jpg,426919,2ddf81eb,\2024-11\21 - April Rae\,{AATG02~2024-11~1Q0PO3WX~21 - April Rae}
aprilrae1.rd.020.jpg,435626,1129f35c,\2024-11\21 - April Rae\,{AATG02~2024-11~1Q0PO3WX~21 - April Rae}
aprilrae1.rd.021.jpg,367589,ef36bf42,\2024-11\21 - April Rae\,{AATG02~2024-11~1Q0PO3WX~21 - April Rae}
aprilrae1.rd.022.jpg,382573,15d971fc,\2024-11\21 - April Rae\,{AATG02~2024-11~1Q0PO3WX~21 - April Rae}
aprilrae1.rd.023.jpg,414296,be313dcb,\2024-11\21 - April Rae\,{AATG02~2024-11~1Q0PO3WX~21 - April Rae}
aprilrae1.rd.024.jpg,426344,c1894f39,\2024-11\21 - April Rae\,{AATG02~2024-11~1Q0PO3WX~21 - April Rae}
aprilrae1.rd.025.jpg,403002,f36949a7,\2024-11\21 - April Rae\,{AATG02~2024-11~1Q0PO3WX~21 - April Rae}
aprilrae1.rd.026.jpg,415384,68302ceb,\2024-11\21 - April Rae\,{AATG02~2024-11~1Q0PO3WX~21 - April Rae}
aprilrae1.rd.027.jpg,367866,0c8e162a,\2024-11\21 - April Rae\,{AATG02~2024-11~1Q0PO3WX~21 - April Rae}
aprilrae1.rd.028.jpg,383331,524141d4,\2024-11\21 - April Rae\,{AATG02~2024-11~1Q0PO3WX~21 - April Rae}
aprilrae1.rd.029.jpg,414901,63e63eb2,\2024-11\21 - April Rae\,{AATG02~2024-11~1Q0PO3WX~21 - April Rae}
aprilrae1.rd.030.jpg,422210,5eaa3b32,\2024-11\21 - April Rae\,{AATG02~2024-11~1Q0PO3WX~21 - April Rae}
aprilrae1.rd.031.jpg,321490,dccb6b94,\2024-11\21 - April Rae\,{AATG02~2024-11~1Q0PO3WX~21 - April Rae}
aprilrae1.rd.032.jpg,390816,79eb0e99,\2024-11\21 - April Rae\,{AATG02~2024-11~1Q0PO3WX~21 - April Rae}
aprilrae1.rd.033.jpg,377463,fbe687f6,\2024-11\21 - April Rae\,{AATG02~2024-11~1Q0PO3WX~21 - April Rae}
aprilrae1.rd.034.jpg,345606,ce39da1a,\2024-11\21 - April Rae\,{AATG02~2024-11~1Q0PO3WX~21 - April Rae}
aprilrae1.rd.035.jpg,379208,05b27aa2,\2024-11\21 - April Rae\,{AATG02~2024-11~1Q0PO3WX~21 - April Rae}
aprilrae1.rd.036.jpg,360708,95f110ba,\2024-11\21 - April Rae\,{AATG02~2024-11~1Q0PO3WX~21 - April Rae}
aprilrae1.rd.037.jpg,311497,1860f668,\2024-11\21 - April Rae\,{AATG02~2024-11~1Q0PO3WX~21 - April Rae}
aprilrae1.rd.038.jpg,367974,8dcaae39,\2024-11\21 - April Rae\,{AATG02~2024-11~1Q0PO3WX~21 - April Rae}
aprilrae1.rd.039.jpg,365647,ecca88ab,\2024-11\21 - April Rae\,{AATG02~2024-11~1Q0PO3WX~21 - April Rae}
aprilrae1.rd.040.jpg,349305,69be33d1,\2024-11\21 - April Rae\,{AATG02~2024-11~1Q0PO3WX~21 - April Rae}
aprilrae1.rd.041.jpg,437071,2cae11fb,\2024-11\21 - April Rae\,{AATG02~2024-11~1Q0PO3WX~21 - April Rae}
aprilrae1.rd.042.jpg,424672,828c73d0,\2024-11\21 - April Rae\,{AATG02~2024-11~1Q0PO3WX~21 - April Rae}
aprilrae1.rd.043.jpg,431960,68c25fe3,\2024-11\21 - April Rae\,{AATG02~2024-11~1Q0PO3WX~21 - April Rae}
aprilrae1.rd.044.jpg,546438,785af9cc,\2024-11\21 - April Rae\,{AATG02~2024-11~1Q0PO3WX~21 - April Rae}
aprilrae1.rd.045.jpg,423217,2dee2fc2,\2024-11\21 - April Rae\,{AATG02~2024-11~1Q0PO3WX~21 - April Rae}
aprilrae1.rd.046.jpg,812188,ceb3e748,\2024-11\21 - April Rae\,{AATG02~2024-11~1Q0PO3WX~21 - April Rae}
aprilrae1.rd.047.jpg,486409,7c2d0480,\2024-11\21 - April Rae\,{AATG02~2024-11~1Q0PO3WX~21 - April Rae}
aprilrae1.rd.048.jpg,484102,30270cf6,\2024-11\21 - April Rae\,{AATG02~2024-11~1Q0PO3WX~21 - April Rae}
aprilrae1.rd.049.jpg,535041,a157c805,\2024-11\21 - April Rae\,{AATG02~2024-11~1Q0PO3WX~21 - April Rae}
aprilrae1.rd.050.jpg,490801,afedf855,\2024-11\21 - April Rae\,{AATG02~2024-11~1Q0PO3WX~21 - April Rae}
aprilrae1.rd.051.jpg,491205,d80abfd7,\2024-11\21 - April Rae\,{AATG02~2024-11~1Q0PO3WX~21 - April Rae}
aprilrae1.rd.052.jpg,399923,5037596a,\2024-11\21 - April Rae\,{AATG02~2024-11~1Q0PO3WX~21 - April Rae}
aprilrae1.rd.053.jpg,394196,17c62766,\2024-11\21 - April Rae\,{AATG02~2024-11~1Q0PO3WX~21 - April Rae}
aprilrae1.rd.054.jpg,319937,867b7bbd,\2024-11\21 - April Rae\,{AATG02~2024-11~1Q0PO3WX~21 - April Rae}
aprilrae1.rd.055.jpg,400071,f8f59b72,\2024-11\21 - April Rae\,{AATG02~2024-11~1Q0PO3WX~21 - April Rae}
aprilrae1.rd.056.jpg,347856,552d0ce1,\2024-11\21 - April Rae\,{AATG02~2024-11~1Q0PO3WX~21 - April Rae}
aprilrae1.rd.057.jpg,345573,31550e35,\2024-11\21 - April Rae\,{AATG02~2024-11~1Q0PO3WX~21 - April Rae}
aprilrae1.rd.058.jpg,399962,78ed13c8,\2024-11\21 - April Rae\,{AATG02~2024-11~1Q0PO3WX~21 - April Rae}
aprilrae1.rd.059.jpg,375382,82940bb9,\2024-11\21 - April Rae\,{AATG02~2024-11~1Q0PO3WX~21 - April Rae}
aprilrae1.rd.060.jpg,450271,d371d09d,\2024-11\21 - April Rae\,{AATG02~2024-11~1Q0PO3WX~21 - April Rae}
aprilrae1.rd.061.jpg,422246,d9bc0272,\2024-11\21 - April Rae\,{AATG02~2024-11~1Q0PO3WX~21 - April Rae}
aprilrae1.rd.062.jpg,388241,4ee81da7,\2024-11\21 - April Rae\,{AATG02~2024-11~1Q0PO3WX~21 - April Rae}
aprilrae1.rd.063.jpg,383512,f16a398a,\2024-11\21 - April Rae\,{AATG02~2024-11~1Q0PO3WX~21 - April Rae}
aprilrae1.rd.064.jpg,329786,42afb9f5,\2024-11\21 - April Rae\,{AATG02~2024-11~1Q0PO3WX~21 - April Rae}
aprilrae1.rd.065.jpg,363935,d20eb411,\2024-11\21 - April Rae\,{AATG02~2024-11~1Q0PO3WX~21 - April Rae}
aprilrae1.rd.066.jpg,585051,349f759f,\2024-11\21 - April Rae\,{AATG02~2024-11~1Q0PO3WX~21 - April Rae}
aprilrae1.rd.067.jpg,492335,ff1cc784,\2024-11\21 - April Rae\,{AATG02~2024-11~1Q0PO3WX~21 - April Rae}
aprilrae1.rd.068.jpg,496800,ba57d225,\2024-11\21 - April Rae\,{AATG02~2024-11~1Q0PO3WX~21 - April Rae}
aprilrae1.rd.069.jpg,568776,93e026f1,\2024-11\21 - April Rae\,{AATG02~2024-11~1Q0PO3WX~21 - April Rae}
aprilrae1.rd.070.jpg,393455,33c0d508,\2024-11\21 - April Rae\,{AATG02~2024-11~1Q0PO3WX~21 - April Rae}
aprilrae1.rd.071.jpg,358118,50e4266b,\2024-11\21 - April Rae\,{AATG02~2024-11~1Q0PO3WX~21 - April Rae}
aprilrae1.rd.072.jpg,373963,c6289cbe,\2024-11\21 - April Rae\,{AATG02~2024-11~1Q0PO3WX~21 - April Rae}
aprilrae1.rd.073.jpg,368321,4b795457,\2024-11\21 - April Rae\,{AATG02~2024-11~1Q0PO3WX~21 - April Rae}
aprilrae1.rd.074.jpg,349170,a1acaad2,\2024-11\21 - April Rae\,{AATG02~2024-11~1Q0PO3WX~21 - April Rae}
aprilrae1.rd.075.jpg,353185,790b427a,\2024-11\21 - April Rae\,{AATG02~2024-11~1Q0PO3WX~21 - April Rae}
aprilrae1.rd.076.jpg,380782,efd42755,\2024-11\21 - April Rae\,{AATG02~2024-11~1Q0PO3WX~21 - April Rae}
aprilrae1.rd.077.jpg,357637,15b60b1e,\2024-11\21 - April Rae\,{AATG02~2024-11~1Q0PO3WX~21 - April Rae}
aprilrae1.rd.078.jpg,344159,c3e7218f,\2024-11\21 - April Rae\,{AATG02~2024-11~1Q0PO3WX~21 - April Rae}
aprilrae1.rd.079.jpg,358854,1c61745b,\2024-11\21 - April Rae\,{AATG02~2024-11~1Q0PO3WX~21 - April Rae}
aprilrae1.rd.080.jpg,345671,f25275b0,\2024-11\21 - April Rae\,{AATG02~2024-11~1Q0PO3WX~21 - April Rae}
aprilrae1.rd.081.jpg,405078,c6bc9169,\2024-11\21 - April Rae\,{AATG02~2024-11~1Q0PO3WX~21 - April Rae}
aprilrae1.rd.082.jpg,370352,44ed26b8,\2024-11\21 - April Rae\,{AATG02~2024-11~1Q0PO3WX~21 - April Rae}
aprilrae1.rd.083.jpg,417775,8fdfc8cc,\2024-11\21 - April Rae\,{AATG02~2024-11~1Q0PO3WX~21 - April Rae}
aprilrae1.rd.084.jpg,404473,94734486,\2024-11\21 - April Rae\,{AATG02~2024-11~1Q0PO3WX~21 - April Rae}
aprilrae1.rd.085.jpg,426453,5e97f19f,\2024-11\21 - April Rae\,{AATG02~2024-11~1Q0PO3WX~21 - April Rae}
aprilrae1.rd.086.jpg,417425,be5e5210,\2024-11\21 - April Rae\,{AATG02~2024-11~1Q0PO3WX~21 - April Rae}
aprilrae1.rd.087.jpg,423686,a2187ccb,\2024-11\21 - April Rae\,{AATG02~2024-11~1Q0PO3WX~21 - April Rae}
aprilrae1.rd.088.jpg,341970,1e69c25e,\2024-11\21 - April Rae\,{AATG02~2024-11~1Q0PO3WX~21 - April Rae}
aprilrae1.rd.089.jpg,335981,571df7f1,\2024-11\21 - April Rae\,{AATG02~2024-11~1Q0PO3WX~21 - April Rae}
aprilrae1.rd.090.jpg,378157,3e87888a,\2024-11\21 - April Rae\,{AATG02~2024-11~1Q0PO3WX~21 - April Rae}
aprilrae1.rd.091.jpg,393464,62c05dde,\2024-11\21 - April Rae\,{AATG02~2024-11~1Q0PO3WX~21 - April Rae}
aprilrae1.rd.092.jpg,323954,c55320df,\2024-11\21 - April Rae\,{AATG02~2024-11~1Q0PO3WX~21 - April Rae}
aprilrae1.rd.093.jpg,342425,09160bef,\2024-11\21 - April Rae\,{AATG02~2024-11~1Q0PO3WX~21 - April Rae}
aprilrae1.rd.094.jpg,389096,34e35696,\2024-11\21 - April Rae\,{AATG02~2024-11~1Q0PO3WX~21 - April Rae}
aprilrae1.rd.095.jpg,373910,68477e0b,\2024-11\21 - April Rae\,{AATG02~2024-11~1Q0PO3WX~21 - April Rae}
aprilrae1.rd.096.jpg,346243,ca901005,\2024-11\21 - April Rae\,{AATG02~2024-11~1Q0PO3WX~21 - April Rae}
aprilrae1.rd.097.jpg,482885,e1829da4,\2024-11\21 - April Rae\,{AATG02~2024-11~1Q0PO3WX~21 - April Rae}
aprilrae1.rd.098.jpg,449726,04487bff,\2024-11\21 - April Rae\,{AATG02~2024-11~1Q0PO3WX~21 - April Rae}
aprilrae1.rd.099.jpg,456669,34fc93a4,\2024-11\21 - April Rae\,{AATG02~2024-11~1Q0PO3WX~21 - April Rae}
aprilrae1.rd.100.jpg,425556,5f0c929a,\2024-11\21 - April Rae\,{AATG02~2024-11~1Q0PO3WX~21 - April Rae}
aprilrae1.rd.101.jpg,375004,c9f06846,\2024-11\21 - April Rae\,{AATG02~2024-11~1Q0PO3WX~21 - April Rae}
aprilrae1.rd.102.jpg,380964,313b160e,\2024-11\21 - April Rae\,{AATG02~2024-11~1Q0PO3WX~21 - April Rae}
aprilrae1.rd.103.jpg,283654,924b5222,\2024-11\21 - April Rae\,{AATG02~2024-11~1Q0PO3WX~21 - April Rae}
aprilrae1.rd.104.jpg,343242,967dc8fe,\2024-11\21 - April Rae\,{AATG02~2024-11~1Q0PO3WX~21 - April Rae}
aprilrae1.rd.105.jpg,352422,fc2f7d12,\2024-11\21 - April Rae\,{AATG02~2024-11~1Q0PO3WX~21 - April Rae}
aprilrae1.rd.106.jpg,355176,0f94d000,\2024-11\21 - April Rae\,{AATG02~2024-11~1Q0PO3WX~21 - April Rae}
aprilrae1.rd.107.jpg,296255,ddd6f474,\2024-11\21 - April Rae\,{AATG02~2024-11~1Q0PO3WX~21 - April Rae}
aprilrae1.rd.108.jpg,357535,4adfd7b4,\2024-11\21 - April Rae\,{AATG02~2024-11~1Q0PO3WX~21 - April Rae}
aprilrae1.rd.109.jpg,371639,5d107f68,\2024-11\21 - April Rae\,{AATG02~2024-11~1Q0PO3WX~21 - April Rae}
aprilrae1.rd.110.jpg,368656,b7beaf87,\2024-11\21 - April Rae\,{AATG02~2024-11~1Q0PO3WX~21 - April Rae}
aprilrae1.rd.111.jpg,304113,7299a004,\2024-11\21 - April Rae\,{AATG02~2024-11~1Q0PO3WX~21 - April Rae}
aprilrae1.rd.112.jpg,374372,ddc6f9c5,\2024-11\21 - April Rae\,{AATG02~2024-11~1Q0PO3WX~21 - April Rae}
aprilrae1.rd.113.jpg,321202,143f9b11,\2024-11\21 - April Rae\,{AATG02~2024-11~1Q0PO3WX~21 - April Rae}
aprilrae1.rd.114.jpg,384716,996127b3,\2024-11\21 - April Rae\,{AATG02~2024-11~1Q0PO3WX~21 - April Rae}
aprilrae1.rd.115.jpg,340248,9f48b4f4,\2024-11\21 - April Rae\,{AATG02~2024-11~1Q0PO3WX~21 - April Rae}
aprilrae1.rd.116.jpg,342941,796dfaef,\2024-11\21 - April Rae\,{AATG02~2024-11~1Q0PO3WX~21 - April Rae}
aprilrae1.rd.117.jpg,291840,a27c5cb9,\2024-11\21 - April Rae\,{AATG02~2024-11~1Q0PO3WX~21 - April Rae}
aprilrae1.rd.118.jpg,350122,775bbc0c,\2024-11\21 - April Rae\,{AATG02~2024-11~1Q0PO3WX~21 - April Rae}
aprilrae1.rd.119.jpg,353869,9761f696,\2024-11\21 - April Rae\,{AATG02~2024-11~1Q0PO3WX~21 - April Rae}
aprilrae1.rd.120.jpg,332524,0f82f79f,\2024-11\21 - April Rae\,{AATG02~2024-11~1Q0PO3WX~21 - April Rae}
aprilrae1.rd.121.jpg,284800,3fa570c3,\2024-11\21 - April Rae\,{AATG02~2024-11~1Q0PO3WX~21 - April Rae}
aprilrae2.rd.001.jpg,565802,6642b240,\2024-12\05 - April Rae\,{AATG02~2024-12~250RMNNU~05 - April Rae}
aprilrae2.rd.002.jpg,518966,4866c0b0,\2024-12\05 - April Rae\,{AATG02~2024-12~250RMNNU~05 - April Rae}
aprilrae2.rd.003.jpg,418951,4121a6c0,\2024-12\05 - April Rae\,{AATG02~2024-12~250RMNNU~05 - April Rae}
aprilrae2.rd.004.jpg,677777,b16e4aca,\2024-12\05 - April Rae\,{AATG02~2024-12~250RMNNU~05 - April Rae}
aprilrae2.rd.005.jpg,393627,f78b5ce8,\2024-12\05 - April Rae\,{AATG02~2024-12~250RMNNU~05 - April Rae}
aprilrae2.rd.006.jpg,401261,8ef6fbd4,\2024-12\05 - April Rae\,{AATG02~2024-12~250RMNNU~05 - April Rae}
aprilrae2.rd.007.jpg,497409,a147c553,\2024-12\05 - April Rae\,{AATG02~2024-12~250RMNNU~05 - April Rae}
aprilrae2.rd.008.jpg,480308,d46502d0,\2024-12\05 - April Rae\,{AATG02~2024-12~250RMNNU~05 - April Rae}
aprilrae2.rd.009.jpg,467539,fe5deced,\2024-12\05 - April Rae\,{AATG02~2024-12~250RMNNU~05 - April Rae}
aprilrae2.rd.010.jpg,617555,24d3ceae,\2024-12\05 - April Rae\,{AATG02~2024-12~250RMNNU~05 - April Rae}
aprilrae2.rd.011.jpg,500025,d50ff31c,\2024-12\05 - April Rae\,{AATG02~2024-12~250RMNNU~05 - April Rae}
aprilrae2.rd.012.jpg,677782,4a5a09a3,\2024-12\05 - April Rae\,{AATG02~2024-12~250RMNNU~05 - April Rae}
aprilrae2.rd.013.jpg,637854,1eb1f805,\2024-12\05 - April Rae\,{AATG02~2024-12~250RMNNU~05 - April Rae}
aprilrae2.rd.014.jpg,592293,d383029a,\2024-12\05 - April Rae\,{AATG02~2024-12~250RMNNU~05 - April Rae}
aprilrae2.rd.015.jpg,470003,d17aaee3,\2024-12\05 - April Rae\,{AATG02~2024-12~250RMNNU~05 - April Rae}
aprilrae2.rd.016.jpg,475650,5be4ae12,\2024-12\05 - April Rae\,{AATG02~2024-12~250RMNNU~05 - April Rae}
aprilrae2.rd.017.jpg,464041,d80ab1e1,\2024-12\05 - April Rae\,{AATG02~2024-12~250RMNNU~05 - April Rae}
aprilrae2.rd.018.jpg,455071,bee6c21f,\2024-12\05 - April Rae\,{AATG02~2024-12~250RMNNU~05 - April Rae}
aprilrae2.rd.019.jpg,561962,af5596bd,\2024-12\05 - April Rae\,{AATG02~2024-12~250RMNNU~05 - April Rae}
aprilrae2.rd.020.jpg,459427,d603d7b8,\2024-12\05 - April Rae\,{AATG02~2024-12~250RMNNU~05 - April Rae}
aprilrae2.rd.021.jpg,450497,2f9d2dfa,\2024-12\05 - April Rae\,{AATG02~2024-12~250RMNNU~05 - April Rae}
aprilrae2.rd.022.jpg,457554,b342f854,\2024-12\05 - April Rae\,{AATG02~2024-12~250RMNNU~05 - April Rae}
aprilrae2.rd.023.jpg,438775,c25c7a0f,\2024-12\05 - April Rae\,{AATG02~2024-12~250RMNNU~05 - April Rae}
aprilrae2.rd.024.jpg,477426,ef3969f0,\2024-12\05 - April Rae\,{AATG02~2024-12~250RMNNU~05 - April Rae}
aprilrae2.rd.025.jpg,463825,29477006,\2024-12\05 - April Rae\,{AATG02~2024-12~250RMNNU~05 - April Rae}
aprilrae2.rd.026.jpg,417729,a0c010c5,\2024-12\05 - April Rae\,{AATG02~2024-12~250RMNNU~05 - April Rae}
aprilrae2.rd.027.jpg,611168,13092d48,\2024-12\05 - April Rae\,{AATG02~2024-12~250RMNNU~05 - April Rae}
aprilrae2.rd.028.jpg,388907,e2ad6034,\2024-12\05 - April Rae\,{AATG02~2024-12~250RMNNU~05 - April Rae}
aprilrae2.rd.029.jpg,473029,7752958b,\2024-12\05 - April Rae\,{AATG02~2024-12~250RMNNU~05 - April Rae}
aprilrae2.rd.030.jpg,630728,ff8cf5e5,\2024-12\05 - April Rae\,{AATG02~2024-12~250RMNNU~05 - April Rae}
aprilrae2.rd.031.jpg,538443,89952996,\2024-12\05 - April Rae\,{AATG02~2024-12~250RMNNU~05 - April Rae}
aprilrae2.rd.032.jpg,375046,ebfe49e0,\2024-12\05 - April Rae\,{AATG02~2024-12~250RMNNU~05 - April Rae}
aprilrae2.rd.033.jpg,380968,de2f7bab,\2024-12\05 - April Rae\,{AATG02~2024-12~250RMNNU~05 - April Rae}
aprilrae2.rd.034.jpg,574231,d72953d9,\2024-12\05 - April Rae\,{AATG02~2024-12~250RMNNU~05 - April Rae}
aprilrae2.rd.035.jpg,569644,ba1f4710,\2024-12\05 - April Rae\,{AATG02~2024-12~250RMNNU~05 - April Rae}
aprilrae2.rd.036.jpg,602951,458cae48,\2024-12\05 - April Rae\,{AATG02~2024-12~250RMNNU~05 - April Rae}
aprilrae2.rd.037.jpg,414413,85a4783b,\2024-12\05 - April Rae\,{AATG02~2024-12~250RMNNU~05 - April Rae}
aprilrae2.rd.038.jpg,417541,415705ba,\2024-12\05 - April Rae\,{AATG02~2024-12~250RMNNU~05 - April Rae}
aprilrae2.rd.039.jpg,595647,55e7b9c0,\2024-12\05 - April Rae\,{AATG02~2024-12~250RMNNU~05 - April Rae}
aprilrae2.rd.040.jpg,402481,91ec5595,\2024-12\05 - April Rae\,{AATG02~2024-12~250RMNNU~05 - April Rae}
aprilrae2.rd.041.jpg,421888,e1065adf,\2024-12\05 - April Rae\,{AATG02~2024-12~250RMNNU~05 - April Rae}
aprilrae2.rd.042.jpg,391176,43109714,\2024-12\05 - April Rae\,{AATG02~2024-12~250RMNNU~05 - April Rae}
aprilrae2.rd.043.jpg,503462,933f3b64,\2024-12\05 - April Rae\,{AATG02~2024-12~250RMNNU~05 - April Rae}
aprilrae2.rd.044.jpg,406584,2f218413,\2024-12\05 - April Rae\,{AATG02~2024-12~250RMNNU~05 - April Rae}
aprilrae2.rd.045.jpg,388052,c251e512,\2024-12\05 - April Rae\,{AATG02~2024-12~250RMNNU~05 - April Rae}
aprilrae2.rd.046.jpg,363244,5622d768,\2024-12\05 - April Rae\,{AATG02~2024-12~250RMNNU~05 - April Rae}
aprilrae2.rd.047.jpg,319631,fb0e82d0,\2024-12\05 - April Rae\,{AATG02~2024-12~250RMNNU~05 - April Rae}
aprilrae2.rd.048.jpg,455080,e2f1053b,\2024-12\05 - April Rae\,{AATG02~2024-12~250RMNNU~05 - April Rae}
aprilrae2.rd.049.jpg,432875,04743826,\2024-12\05 - April Rae\,{AATG02~2024-12~250RMNNU~05 - April Rae}
aprilrae2.rd.050.jpg,612383,176baca1,\2024-12\05 - April Rae\,{AATG02~2024-12~250RMNNU~05 - April Rae}
aprilrae2.rd.051.jpg,609568,15a72caa,\2024-12\05 - April Rae\,{AATG02~2024-12~250RMNNU~05 - April Rae}
aprilrae2.rd.052.jpg,588602,77f1abfd,\2024-12\05 - April Rae\,{AATG02~2024-12~250RMNNU~05 - April Rae}
aprilrae2.rd.053.jpg,418152,470a9bdc,\2024-12\05 - April Rae\,{AATG02~2024-12~250RMNNU~05 - April Rae}
aprilrae2.rd.054.jpg,641284,306223e2,\2024-12\05 - April Rae\,{AATG02~2024-12~250RMNNU~05 - April Rae}
aprilrae2.rd.055.jpg,378747,0f7809cc,\2024-12\05 - April Rae\,{AATG02~2024-12~250RMNNU~05 - April Rae}
aprilrae2.rd.056.jpg,614794,d4689441,\2024-12\05 - April Rae\,{AATG02~2024-12~250RMNNU~05 - April Rae}
aprilrae2.rd.057.jpg,427130,5dcdb0ed,\2024-12\05 - April Rae\,{AATG02~2024-12~250RMNNU~05 - April Rae}
aprilrae2.rd.058.jpg,566059,b2fd953e,\2024-12\05 - April Rae\,{AATG02~2024-12~250RMNNU~05 - April Rae}
aprilrae2.rd.059.jpg,610331,0c0aa9af,\2024-12\05 - April Rae\,{AATG02~2024-12~250RMNNU~05 - April Rae}
aprilrae2.rd.060.jpg,566830,224396c1,\2024-12\05 - April Rae\,{AATG02~2024-12~250RMNNU~05 - April Rae}
aprilrae2.rd.061.jpg,597840,3581259c,\2024-12\05 - April Rae\,{AATG02~2024-12~250RMNNU~05 - April Rae}
aprilrae2.rd.062.jpg,587826,d12e4399,\2024-12\05 - April Rae\,{AATG02~2024-12~250RMNNU~05 - April Rae}
aprilrae2.rd.063.jpg,408740,e2e11191,\2024-12\05 - April Rae\,{AATG02~2024-12~250RMNNU~05 - April Rae}
aprilrae2.rd.064.jpg,419057,7469dae0,\2024-12\05 - April Rae\,{AATG02~2024-12~250RMNNU~05 - April Rae}
aprilrae2.rd.065.jpg,471165,87d23039,\2024-12\05 - April Rae\,{AATG02~2024-12~250RMNNU~05 - April Rae}
aprilrae2.rd.066.jpg,569824,50b40b25,\2024-12\05 - April Rae\,{AATG02~2024-12~250RMNNU~05 - April Rae}
aprilrae2.rd.067.jpg,597844,6a4d24ba,\2024-12\05 - April Rae\,{AATG02~2024-12~250RMNNU~05 - April Rae}
aprilrae2.rd.068.jpg,546082,75429c58,\2024-12\05 - April Rae\,{AATG02~2024-12~250RMNNU~05 - April Rae}
aprilrae2.rd.069.jpg,498382,1a398944,\2024-12\05 - April Rae\,{AATG02~2024-12~250RMNNU~05 - April Rae}
aprilrae2.rd.070.jpg,700391,d64e22fd,\2024-12\05 - April Rae\,{AATG02~2024-12~250RMNNU~05 - April Rae}
aprilrae2.rd.071.jpg,427773,17be1386,\2024-12\05 - April Rae\,{AATG02~2024-12~250RMNNU~05 - April Rae}
aprilrae2.rd.072.jpg,425555,de24e362,\2024-12\05 - April Rae\,{AATG02~2024-12~250RMNNU~05 - April Rae}
aprilrae2.rd.073.jpg,362403,8cdbc7c8,\2024-12\05 - April Rae\,{AATG02~2024-12~250RMNNU~05 - April Rae}
aprilrae2.rd.074.jpg,377369,4091c509,\2024-12\05 - April Rae\,{AATG02~2024-12~250RMNNU~05 - April Rae}
aprilrae2.rd.075.jpg,378812,1970ef0d,\2024-12\05 - April Rae\,{AATG02~2024-12~250RMNNU~05 - April Rae}
aprilrae2.rd.076.jpg,589924,392cb0a3,\2024-12\05 - April Rae\,{AATG02~2024-12~250RMNNU~05 - April Rae}
aprilrae2.rd.077.jpg,350354,00b83de4,\2024-12\05 - April Rae\,{AATG02~2024-12~250RMNNU~05 - April Rae}
aprilrae2.rd.078.jpg,431814,25784162,\2024-12\05 - April Rae\,{AATG02~2024-12~250RMNNU~05 - April Rae}
aprilrae2.rd.079.jpg,667163,7ba70446,\2024-12\05 - April Rae\,{AATG02~2024-12~250RMNNU~05 - April Rae}
aprilrae2.rd.080.jpg,754993,3200a7c8,\2024-12\05 - April Rae\,{AATG02~2024-12~250RMNNU~05 - April Rae}
aprilrae2.rd.081.jpg,748978,2e040c80,\2024-12\05 - April Rae\,{AATG02~2024-12~250RMNNU~05 - April Rae}
aprilrae2.rd.082.jpg,463967,fc0ec23f,\2024-12\05 - April Rae\,{AATG02~2024-12~250RMNNU~05 - April Rae}
aprilrae2.rd.083.jpg,667171,76ae2c44,\2024-12\05 - April Rae\,{AATG02~2024-12~250RMNNU~05 - April Rae}
aprilrae2.rd.084.jpg,651378,cd296d00,\2024-12\05 - April Rae\,{AATG02~2024-12~250RMNNU~05 - April Rae}
aprilrae2.rd.085.jpg,676407,94481ffe,\2024-12\05 - April Rae\,{AATG02~2024-12~250RMNNU~05 - April Rae}
aprilrae2.rd.086.jpg,641348,6517eedf,\2024-12\05 - April Rae\,{AATG02~2024-12~250RMNNU~05 - April Rae}
aprilrae2.rd.087.jpg,757355,a53afbff,\2024-12\05 - April Rae\,{AATG02~2024-12~250RMNNU~05 - April Rae}
aprilrae2.rd.088.jpg,710887,f4fe5ad2,\2024-12\05 - April Rae\,{AATG02~2024-12~250RMNNU~05 - April Rae}
aprilrae2.rd.089.jpg,514710,db2b62e5,\2024-12\05 - April Rae\,{AATG02~2024-12~250RMNNU~05 - April Rae}
aprilrae2.rd.090.jpg,410483,df3aafe3,\2024-12\05 - April Rae\,{AATG02~2024-12~250RMNNU~05 - April Rae}
aprilrae2.rd.091.jpg,509345,1aff5fdf,\2024-12\05 - April Rae\,{AATG02~2024-12~250RMNNU~05 - April Rae}
aprilrae2.rd.092.jpg,506492,22599f94,\2024-12\05 - April Rae\,{AATG02~2024-12~250RMNNU~05 - April Rae}
aprilrae2.rd.093.jpg,462635,c2b813f8,\2024-12\05 - April Rae\,{AATG02~2024-12~250RMNNU~05 - April Rae}
aprilrae2.rd.094.jpg,374269,d23360e9,\2024-12\05 - April Rae\,{AATG02~2024-12~250RMNNU~05 - April Rae}
aprilrae2.rd.095.jpg,500853,765439c4,\2024-12\05 - April Rae\,{AATG02~2024-12~250RMNNU~05 - April Rae}
aprilrae2.rd.096.jpg,471022,b6aa926a,\2024-12\05 - April Rae\,{AATG02~2024-12~250RMNNU~05 - April Rae}
aprilrae2.rd.097.jpg,361709,80220a70,\2024-12\05 - April Rae\,{AATG02~2024-12~250RMNNU~05 - April Rae}
aprilrae2.rd.098.jpg,515684,feb68733,\2024-12\05 - April Rae\,{AATG02~2024-12~250RMNNU~05 - April Rae}
aprilrae2.rd.099.jpg,341051,821dad9d,\2024-12\05 - April Rae\,{AATG02~2024-12~250RMNNU~05 - April Rae}
aprilrae2.rd.100.jpg,427713,28f647e9,\2024-12\05 - April Rae\,{AATG02~2024-12~250RMNNU~05 - April Rae}
aprilrae2.rd.101.jpg,438104,bb884c8f,\2024-12\05 - April Rae\,{AATG02~2024-12~250RMNNU~05 - April Rae}
aprilrae2.rd.102.jpg,457465,3c7af968,\2024-12\05 - April Rae\,{AATG02~2024-12~250RMNNU~05 - April Rae}
aprilrae2.rd.103.jpg,407799,76724385,\2024-12\05 - April Rae\,{AATG02~2024-12~250RMNNU~05 - April Rae}
aprilrae2.rd.104.jpg,440034,1875c497,\2024-12\05 - April Rae\,{AATG02~2024-12~250RMNNU~05 - April Rae}
aprilrae2.rd.105.jpg,446247,18b72180,\2024-12\05 - April Rae\,{AATG02~2024-12~250RMNNU~05 - April Rae}
aprilrae2.rd.106.jpg,338201,e6c4d905,\2024-12\05 - April Rae\,{AATG02~2024-12~250RMNNU~05 - April Rae}
aprilrae2.rd.107.jpg,440358,007c2560,\2024-12\05 - April Rae\,{AATG02~2024-12~250RMNNU~05 - April Rae}
aprilrae2.rd.108.jpg,389869,968a52af,\2024-12\05 - April Rae\,{AATG02~2024-12~250RMNNU~05 - April Rae}
aprilrae2.rd.109.jpg,402469,2edf9316,\2024-12\05 - April Rae\,{AATG02~2024-12~250RMNNU~05 - April Rae}
aprilrae2.rd.110.jpg,449339,850655cc,\2024-12\05 - April Rae\,{AATG02~2024-12~250RMNNU~05 - April Rae}
aprilrae2.rd.111.jpg,368494,5601707d,\2024-12\05 - April Rae\,{AATG02~2024-12~250RMNNU~05 - April Rae}
aprilrae2.rd.112.jpg,482480,0bdae96e,\2024-12\05 - April Rae\,{AATG02~2024-12~250RMNNU~05 - April Rae}
aprilrae2.rd.113.jpg,496432,2ba4d701,\2024-12\05 - April Rae\,{AATG02~2024-12~250RMNNU~05 - April Rae}
aprilrae2.rd.114.jpg,463499,0880a046,\2024-12\05 - April Rae\,{AATG02~2024-12~250RMNNU~05 - April Rae}
aprilrae2.rd.115.jpg,384631,cb0d2f7d,\2024-12\05 - April Rae\,{AATG02~2024-12~250RMNNU~05 - April Rae}
aprilrae2.rd.116.jpg,513551,d16cff80,\2024-12\05 - April Rae\,{AATG02~2024-12~250RMNNU~05 - April Rae}
aprilrae2.rd.117.jpg,463587,7aae7fdf,\2024-12\05 - April Rae\,{AATG02~2024-12~250RMNNU~05 - April Rae}
aprilrae2.rd.118.jpg,455761,553ad721,\2024-12\05 - April Rae\,{AATG02~2024-12~250RMNNU~05 - April Rae}
aprilrae2.rd.119.jpg,452170,78970871,\2024-12\05 - April Rae\,{AATG02~2024-12~250RMNNU~05 - April Rae}
aprilrae2.rd.120.jpg,357289,f8f9f977,\2024-12\05 - April Rae\,{AATG02~2024-12~250RMNNU~05 - April Rae}
aprilrae2.rd.121.jpg,463929,1327a07c,\2024-12\05 - April Rae\,{AATG02~2024-12~250RMNNU~05 - April Rae}
aprilrae2.rd.122.jpg,394831,5e215218,\2024-12\05 - April Rae\,{AATG02~2024-12~250RMNNU~05 - April Rae}
aprilrae2.rd.123.jpg,418751,ad949813,\2024-12\05 - April Rae\,{AATG02~2024-12~250RMNNU~05 - April Rae}
aprilrae2.rd.124.jpg,418002,0c526aee,\2024-12\05 - April Rae\,{AATG02~2024-12~250RMNNU~05 - April Rae}
aprilrae2.rd.125.jpg,374363,5e99d220,\2024-12\05 - April Rae\,{AATG02~2024-12~250RMNNU~05 - April Rae}
aprilrae2.rd.126.jpg,402505,7c5b9954,\2024-12\05 - April Rae\,{AATG02~2024-12~250RMNNU~05 - April Rae}
aprilrae2.rd.127.jpg,431748,6035ef7b,\2024-12\05 - April Rae\,{AATG02~2024-12~250RMNNU~05 - April Rae}
aprilrae2.rd.128.jpg,431037,dec2aba3,\2024-12\05 - April Rae\,{AATG02~2024-12~250RMNNU~05 - April Rae}
aprilrae2.rd.129.jpg,388490,3fd72fe2,\2024-12\05 - April Rae\,{AATG02~2024-12~250RMNNU~05 - April Rae}
aprilrae2.rd.130.jpg,531149,47eae2a2,\2024-12\05 - April Rae\,{AATG02~2024-12~250RMNNU~05 - April Rae}
aprilrae2.rd.131.jpg,555344,4a8884bb,\2024-12\05 - April Rae\,{AATG02~2024-12~250RMNNU~05 - April Rae}
aprilrae2.rd.132.jpg,490752,91b59bb5,\2024-12\05 - April Rae\,{AATG02~2024-12~250RMNNU~05 - April Rae}
aprilrae2.rd.133.jpg,436282,78f98706,\2024-12\05 - April Rae\,{AATG02~2024-12~250RMNNU~05 - April Rae}
aprilrae2.rd.134.jpg,538298,4f9f51ee,\2024-12\05 - April Rae\,{AATG02~2024-12~250RMNNU~05 - April Rae}
aprilrae2.rd.135.jpg,528667,c9c2e057,\2024-12\05 - April Rae\,{AATG02~2024-12~250RMNNU~05 - April Rae}
aprilrae2.rd.136.jpg,527927,a8d01cfa,\2024-12\05 - April Rae\,{AATG02~2024-12~250RMNNU~05 - April Rae}
aprilrae2.rd.137.jpg,518831,ff512e2c,\2024-12\05 - April Rae\,{AATG02~2024-12~250RMNNU~05 - April Rae}
aprilrae2.rd.138.jpg,559825,a52af7e4,\2024-12\05 - April Rae\,{AATG02~2024-12~250RMNNU~05 - April Rae}
aprilrae2.rd.139.jpg,384687,44ade347,\2024-12\05 - April Rae\,{AATG02~2024-12~250RMNNU~05 - April Rae}
aprilrae2.rd.140.jpg,475018,4df665ee,\2024-12\05 - April Rae\,{AATG02~2024-12~250RMNNU~05 - April Rae}
aprilrae2.rd.141.jpg,464426,61a3ef07,\2024-12\05 - April Rae\,{AATG02~2024-12~250RMNNU~05 - April Rae}
aprilrae2.rd.142.jpg,361184,8cab8a65,\2024-12\05 - April Rae\,{AATG02~2024-12~250RMNNU~05 - April Rae}