stacytasty2.rd.cumsolo.btg.001.jpg,760706,acc6fb17,\2019-09\19 - Stacy Tasty\,{BLTG45~2019-09~0V12OBZZ~19 - Stacy Tasty}
stacytasty2.rd.cumsolo.btg.002.jpg,902203,24cb82e5,\2019-09\19 - Stacy Tasty\,{BLTG45~2019-09~0V12OBZZ~19 - Stacy Tasty}
stacytasty2.rd.cumsolo.btg.003.jpg,750153,fc1a4035,\2019-09\19 - Stacy Tasty\,{BLTG45~2019-09~0V12OBZZ~19 - Stacy Tasty}
stacytasty2.rd.cumsolo.btg.004.jpg,758595,3ff96cf4,\2019-09\19 - Stacy Tasty\,{BLTG45~2019-09~0V12OBZZ~19 - Stacy Tasty}
stacytasty2.rd.cumsolo.btg.005.jpg,760640,d6cf4d3b,\2019-09\19 - Stacy Tasty\,{BLTG45~2019-09~0V12OBZZ~19 - Stacy Tasty}
stacytasty2.rd.cumsolo.btg.006.jpg,835061,f8a49a29,\2019-09\19 - Stacy Tasty\,{BLTG45~2019-09~0V12OBZZ~19 - Stacy Tasty}
stacytasty2.rd.cumsolo.btg.007.jpg,827134,dd545adc,\2019-09\19 - Stacy Tasty\,{BLTG45~2019-09~0V12OBZZ~19 - Stacy Tasty}
stacytasty2.rd.cumsolo.btg.008.jpg,777119,3e4b1dc5,\2019-09\19 - Stacy Tasty\,{BLTG45~2019-09~0V12OBZZ~19 - Stacy Tasty}
stacytasty2.rd.cumsolo.btg.009.jpg,767813,86497da2,\2019-09\19 - Stacy Tasty\,{BLTG45~2019-09~0V12OBZZ~19 - Stacy Tasty}
stacytasty2.rd.cumsolo.btg.010.jpg,721059,afa708d8,\2019-09\19 - Stacy Tasty\,{BLTG45~2019-09~0V12OBZZ~19 - Stacy Tasty}
stacytasty2.rd.cumsolo.btg.011.jpg,792096,886f128b,\2019-09\19 - Stacy Tasty\,{BLTG45~2019-09~0V12OBZZ~19 - Stacy Tasty}
stacytasty2.rd.cumsolo.btg.012.jpg,816346,c8ebf2c9,\2019-09\19 - Stacy Tasty\,{BLTG45~2019-09~0V12OBZZ~19 - Stacy Tasty}
stacytasty2.rd.cumsolo.btg.013.jpg,839084,aa9f6368,\2019-09\19 - Stacy Tasty\,{BLTG45~2019-09~0V12OBZZ~19 - Stacy Tasty}
stacytasty2.rd.cumsolo.btg.014.jpg,779185,389a85d0,\2019-09\19 - Stacy Tasty\,{BLTG45~2019-09~0V12OBZZ~19 - Stacy Tasty}
stacytasty2.rd.cumsolo.btg.015.jpg,860714,d56cbd47,\2019-09\19 - Stacy Tasty\,{BLTG45~2019-09~0V12OBZZ~19 - Stacy Tasty}
stacytasty2.rd.cumsolo.btg.016.jpg,726600,8cf011d7,\2019-09\19 - Stacy Tasty\,{BLTG45~2019-09~0V12OBZZ~19 - Stacy Tasty}
stacytasty2.rd.cumsolo.btg.017.jpg,890497,6394c248,\2019-09\19 - Stacy Tasty\,{BLTG45~2019-09~0V12OBZZ~19 - Stacy Tasty}
stacytasty2.rd.cumsolo.btg.018.jpg,791444,8d7d45f1,\2019-09\19 - Stacy Tasty\,{BLTG45~2019-09~0V12OBZZ~19 - Stacy Tasty}
stacytasty2.rd.cumsolo.btg.019.jpg,857528,a0222c93,\2019-09\19 - Stacy Tasty\,{BLTG45~2019-09~0V12OBZZ~19 - Stacy Tasty}
stacytasty2.rd.cumsolo.btg.020.jpg,806103,7abd1d88,\2019-09\19 - Stacy Tasty\,{BLTG45~2019-09~0V12OBZZ~19 - Stacy Tasty}
stacytasty2.rd.cumsolo.btg.021.jpg,829867,26bb244c,\2019-09\19 - Stacy Tasty\,{BLTG45~2019-09~0V12OBZZ~19 - Stacy Tasty}
stacytasty2.rd.cumsolo.btg.022.jpg,875313,75743fda,\2019-09\19 - Stacy Tasty\,{BLTG45~2019-09~0V12OBZZ~19 - Stacy Tasty}
stacytasty2.rd.cumsolo.btg.023.jpg,911818,20b7bd4c,\2019-09\19 - Stacy Tasty\,{BLTG45~2019-09~0V12OBZZ~19 - Stacy Tasty}
stacytasty2.rd.cumsolo.btg.024.jpg,916361,189f2c9f,\2019-09\19 - Stacy Tasty\,{BLTG45~2019-09~0V12OBZZ~19 - Stacy Tasty}
stacytasty2.rd.cumsolo.btg.025.jpg,1026360,0f37f141,\2019-09\19 - Stacy Tasty\,{BLTG45~2019-09~0V12OBZZ~19 - Stacy Tasty}
stacytasty2.rd.cumsolo.btg.026.jpg,951593,9d28e069,\2019-09\19 - Stacy Tasty\,{BLTG45~2019-09~0V12OBZZ~19 - Stacy Tasty}
stacytasty2.rd.cumsolo.btg.027.jpg,896988,feda6fff,\2019-09\19 - Stacy Tasty\,{BLTG45~2019-09~0V12OBZZ~19 - Stacy Tasty}
stacytasty2.rd.cumsolo.btg.028.jpg,867920,426d54ee,\2019-09\19 - Stacy Tasty\,{BLTG45~2019-09~0V12OBZZ~19 - Stacy Tasty}
stacytasty2.rd.cumsolo.btg.029.jpg,900434,fcc0efea,\2019-09\19 - Stacy Tasty\,{BLTG45~2019-09~0V12OBZZ~19 - Stacy Tasty}
stacytasty2.rd.cumsolo.btg.030.jpg,909517,eaccc91c,\2019-09\19 - Stacy Tasty\,{BLTG45~2019-09~0V12OBZZ~19 - Stacy Tasty}
stacytasty2.rd.cumsolo.btg.031.jpg,952561,9a9657e2,\2019-09\19 - Stacy Tasty\,{BLTG45~2019-09~0V12OBZZ~19 - Stacy Tasty}
stacytasty2.rd.cumsolo.btg.032.jpg,895861,ae0c2cb1,\2019-09\19 - Stacy Tasty\,{BLTG45~2019-09~0V12OBZZ~19 - Stacy Tasty}
stacytasty2.rd.cumsolo.btg.033.jpg,927102,df2ad9a8,\2019-09\19 - Stacy Tasty\,{BLTG45~2019-09~0V12OBZZ~19 - Stacy Tasty}
stacytasty2.rd.cumsolo.btg.034.jpg,1049739,97df66af,\2019-09\19 - Stacy Tasty\,{BLTG45~2019-09~0V12OBZZ~19 - Stacy Tasty}
stacytasty2.rd.cumsolo.btg.035.jpg,966447,75f50816,\2019-09\19 - Stacy Tasty\,{BLTG45~2019-09~0V12OBZZ~19 - Stacy Tasty}
stacytasty2.rd.cumsolo.btg.036.jpg,911134,2abf800d,\2019-09\19 - Stacy Tasty\,{BLTG45~2019-09~0V12OBZZ~19 - Stacy Tasty}
stacytasty2.rd.cumsolo.btg.037.jpg,968239,a1b172b1,\2019-09\19 - Stacy Tasty\,{BLTG45~2019-09~0V12OBZZ~19 - Stacy Tasty}
stacytasty2.rd.cumsolo.btg.038.jpg,850390,a857e784,\2019-09\19 - Stacy Tasty\,{BLTG45~2019-09~0V12OBZZ~19 - Stacy Tasty}
stacytasty2.rd.cumsolo.btg.039.jpg,935424,407f0a53,\2019-09\19 - Stacy Tasty\,{BLTG45~2019-09~0V12OBZZ~19 - Stacy Tasty}
stacytasty2.rd.cumsolo.btg.040.jpg,976215,2c83c1bc,\2019-09\19 - Stacy Tasty\,{BLTG45~2019-09~0V12OBZZ~19 - Stacy Tasty}
stacytasty2.rd.cumsolo.btg.041.jpg,934190,28029d9f,\2019-09\19 - Stacy Tasty\,{BLTG45~2019-09~0V12OBZZ~19 - Stacy Tasty}
stacytasty2.rd.cumsolo.btg.042.jpg,927675,d5b9ec1d,\2019-09\19 - Stacy Tasty\,{BLTG45~2019-09~0V12OBZZ~19 - Stacy Tasty}
stacytasty2.rd.cumsolo.btg.043.jpg,1001298,7e3fe467,\2019-09\19 - Stacy Tasty\,{BLTG45~2019-09~0V12OBZZ~19 - Stacy Tasty}
stacytasty2.rd.cumsolo.btg.044.jpg,905049,3329e1e5,\2019-09\19 - Stacy Tasty\,{BLTG45~2019-09~0V12OBZZ~19 - Stacy Tasty}
stacytasty2.rd.cumsolo.btg.045.jpg,1050456,ddcf7254,\2019-09\19 - Stacy Tasty\,{BLTG45~2019-09~0V12OBZZ~19 - Stacy Tasty}
stacytasty2.rd.cumsolo.btg.046.jpg,1092520,5c103619,\2019-09\19 - Stacy Tasty\,{BLTG45~2019-09~0V12OBZZ~19 - Stacy Tasty}
stacytasty2.rd.cumsolo.btg.047.jpg,984288,1225d3c2,\2019-09\19 - Stacy Tasty\,{BLTG45~2019-09~0V12OBZZ~19 - Stacy Tasty}
stacytasty2.rd.cumsolo.btg.048.jpg,935315,50a2cc5d,\2019-09\19 - Stacy Tasty\,{BLTG45~2019-09~0V12OBZZ~19 - Stacy Tasty}
stacytasty2.rd.cumsolo.btg.049.jpg,1020019,574da9d0,\2019-09\19 - Stacy Tasty\,{BLTG45~2019-09~0V12OBZZ~19 - Stacy Tasty}
stacytasty2.rd.cumsolo.btg.050.jpg,872043,7d5eaa36,\2019-09\19 - Stacy Tasty\,{BLTG45~2019-09~0V12OBZZ~19 - Stacy Tasty}
stacytasty2.rd.cumsolo.btg.051.jpg,876811,75dc0170,\2019-09\19 - Stacy Tasty\,{BLTG45~2019-09~0V12OBZZ~19 - Stacy Tasty}
stacytasty2.rd.cumsolo.btg.052.jpg,990940,d1ee39fd,\2019-09\19 - Stacy Tasty\,{BLTG45~2019-09~0V12OBZZ~19 - Stacy Tasty}
stacytasty2.rd.cumsolo.btg.053.jpg,941356,7259e072,\2019-09\19 - Stacy Tasty\,{BLTG45~2019-09~0V12OBZZ~19 - Stacy Tasty}
stacytasty2.rd.cumsolo.btg.054.jpg,1406062,961b7587,\2019-09\19 - Stacy Tasty\,{BLTG45~2019-09~0V12OBZZ~19 - Stacy Tasty}
stacytasty2.rd.cumsolo.btg.055.jpg,1403059,bc07cabd,\2019-09\19 - Stacy Tasty\,{BLTG45~2019-09~0V12OBZZ~19 - Stacy Tasty}
stacytasty2.rd.cumsolo.btg.056.jpg,931868,89b84305,\2019-09\19 - Stacy Tasty\,{BLTG45~2019-09~0V12OBZZ~19 - Stacy Tasty}
stacytasty2.rd.cumsolo.btg.057.jpg,777855,264c7c28,\2019-09\19 - Stacy Tasty\,{BLTG45~2019-09~0V12OBZZ~19 - Stacy Tasty}
stacytasty2.rd.cumsolo.btg.058.jpg,937613,5faebfd4,\2019-09\19 - Stacy Tasty\,{BLTG45~2019-09~0V12OBZZ~19 - Stacy Tasty}
stacytasty2.rd.cumsolo.btg.059.jpg,985446,0ec7d71b,\2019-09\19 - Stacy Tasty\,{BLTG45~2019-09~0V12OBZZ~19 - Stacy Tasty}
stacytasty2.rd.cumsolo.btg.060.jpg,962400,7c6b1b52,\2019-09\19 - Stacy Tasty\,{BLTG45~2019-09~0V12OBZZ~19 - Stacy Tasty}
stacytasty2.rd.cumsolo.btg.061.jpg,922206,4df7c728,\2019-09\19 - Stacy Tasty\,{BLTG45~2019-09~0V12OBZZ~19 - Stacy Tasty}
stacytasty2.rd.cumsolo.btg.062.jpg,1080855,824573c9,\2019-09\19 - Stacy Tasty\,{BLTG45~2019-09~0V12OBZZ~19 - Stacy Tasty}
stacytasty2.rd.cumsolo.btg.063.jpg,938561,02f41104,\2019-09\19 - Stacy Tasty\,{BLTG45~2019-09~0V12OBZZ~19 - Stacy Tasty}
stacytasty2.rd.cumsolo.btg.064.jpg,1064152,996ff3d6,\2019-09\19 - Stacy Tasty\,{BLTG45~2019-09~0V12OBZZ~19 - Stacy Tasty}
stacytasty2.rd.cumsolo.btg.065.jpg,1096643,f4f0d07e,\2019-09\19 - Stacy Tasty\,{BLTG45~2019-09~0V12OBZZ~19 - Stacy Tasty}
stacytasty2.rd.cumsolo.btg.066.jpg,1466504,47730d79,\2019-09\19 - Stacy Tasty\,{BLTG45~2019-09~0V12OBZZ~19 - Stacy Tasty}
stacytasty2.rd.cumsolo.btg.067.jpg,1090000,0634902e,\2019-09\19 - Stacy Tasty\,{BLTG45~2019-09~0V12OBZZ~19 - Stacy Tasty}
stacytasty2.rd.cumsolo.btg.068.jpg,951156,7f20f990,\2019-09\19 - Stacy Tasty\,{BLTG45~2019-09~0V12OBZZ~19 - Stacy Tasty}
stacytasty2.rd.cumsolo.btg.069.jpg,1038197,2181f0a3,\2019-09\19 - Stacy Tasty\,{BLTG45~2019-09~0V12OBZZ~19 - Stacy Tasty}
stacytasty2.rd.cumsolo.btg.070.jpg,917790,c7dc6b6a,\2019-09\19 - Stacy Tasty\,{BLTG45~2019-09~0V12OBZZ~19 - Stacy Tasty}
stacytasty2.rd.cumsolo.btg.071.jpg,1032370,25c077b0,\2019-09\19 - Stacy Tasty\,{BLTG45~2019-09~0V12OBZZ~19 - Stacy Tasty}
stacytasty2.rd.cumsolo.btg.072.jpg,852563,02599d80,\2019-09\19 - Stacy Tasty\,{BLTG45~2019-09~0V12OBZZ~19 - Stacy Tasty}
stacytasty2.rd.cumsolo.btg.073.jpg,966257,5bf57666,\2019-09\19 - Stacy Tasty\,{BLTG45~2019-09~0V12OBZZ~19 - Stacy Tasty}
stacytasty2.rd.cumsolo.btg.074.jpg,1003346,74ab12c3,\2019-09\19 - Stacy Tasty\,{BLTG45~2019-09~0V12OBZZ~19 - Stacy Tasty}
stacytasty2.rd.cumsolo.btg.075.jpg,966419,6c4896cc,\2019-09\19 - Stacy Tasty\,{BLTG45~2019-09~0V12OBZZ~19 - Stacy Tasty}
stacytasty2.rd.cumsolo.btg.076.jpg,911977,4cc3b061,\2019-09\19 - Stacy Tasty\,{BLTG45~2019-09~0V12OBZZ~19 - Stacy Tasty}
stacytasty2.rd.cumsolo.btg.077.jpg,886062,a23c5518,\2019-09\19 - Stacy Tasty\,{BLTG45~2019-09~0V12OBZZ~19 - Stacy Tasty}
stacytasty2.rd.cumsolo.btg.078.jpg,1043931,4f05ffb5,\2019-09\19 - Stacy Tasty\,{BLTG45~2019-09~0V12OBZZ~19 - Stacy Tasty}
stacytasty2.rd.cumsolo.btg.079.jpg,993933,e9b1abf7,\2019-09\19 - Stacy Tasty\,{BLTG45~2019-09~0V12OBZZ~19 - Stacy Tasty}
stacytasty2.rd.cumsolo.btg.080.jpg,884023,cddb1c41,\2019-09\19 - Stacy Tasty\,{BLTG45~2019-09~0V12OBZZ~19 - Stacy Tasty}
stacytasty2.rd.cumsolo.btg.081.jpg,1265254,61b28cef,\2019-09\19 - Stacy Tasty\,{BLTG45~2019-09~0V12OBZZ~19 - Stacy Tasty}
stacytasty2.rd.cumsolo.btg.082.jpg,861103,47d8e495,\2019-09\19 - Stacy Tasty\,{BLTG45~2019-09~0V12OBZZ~19 - Stacy Tasty}
stacytasty2.rd.cumsolo.btg.083.jpg,1562475,fac1fa6c,\2019-09\19 - Stacy Tasty\,{BLTG45~2019-09~0V12OBZZ~19 - Stacy Tasty}
stacytasty2.rd.cumsolo.btg.084.jpg,1174754,2bad7b81,\2019-09\19 - Stacy Tasty\,{BLTG45~2019-09~0V12OBZZ~19 - Stacy Tasty}
stacytasty2.rd.cumsolo.btg.085.jpg,1123681,48bc35d8,\2019-09\19 - Stacy Tasty\,{BLTG45~2019-09~0V12OBZZ~19 - Stacy Tasty}
stacytasty2.rd.cumsolo.btg.086.jpg,865815,048fc242,\2019-09\19 - Stacy Tasty\,{BLTG45~2019-09~0V12OBZZ~19 - Stacy Tasty}
stacytasty2.rd.cumsolo.btg.087.jpg,956139,f19f4ee6,\2019-09\19 - Stacy Tasty\,{BLTG45~2019-09~0V12OBZZ~19 - Stacy Tasty}
stacytasty2.rd.cumsolo.btg.088.jpg,1170603,54adf69a,\2019-09\19 - Stacy Tasty\,{BLTG45~2019-09~0V12OBZZ~19 - Stacy Tasty}
stacytasty2.rd.cumsolo.btg.089.jpg,1056213,9f15c923,\2019-09\19 - Stacy Tasty\,{BLTG45~2019-09~0V12OBZZ~19 - Stacy Tasty}
stacytasty2.rd.cumsolo.btg.090.jpg,1127601,be68e0b9,\2019-09\19 - Stacy Tasty\,{BLTG45~2019-09~0V12OBZZ~19 - Stacy Tasty}
stacytasty2.rd.cumsolo.btg.091.jpg,1465750,d25d0edf,\2019-09\19 - Stacy Tasty\,{BLTG45~2019-09~0V12OBZZ~19 - Stacy Tasty}
stacytasty2.rd.cumsolo.btg.092.jpg,821783,e29d12c5,\2019-09\19 - Stacy Tasty\,{BLTG45~2019-09~0V12OBZZ~19 - Stacy Tasty}
stacytasty2.rd.cumsolo.btg.093.jpg,758454,3d6b6402,\2019-09\19 - Stacy Tasty\,{BLTG45~2019-09~0V12OBZZ~19 - Stacy Tasty}
stacytasty2.rd.cumsolo.btg.094.jpg,1024755,ab86e344,\2019-09\19 - Stacy Tasty\,{BLTG45~2019-09~0V12OBZZ~19 - Stacy Tasty}
stacytasty2.rd.cumsolo.btg.095.jpg,1298243,61ce5812,\2019-09\19 - Stacy Tasty\,{BLTG45~2019-09~0V12OBZZ~19 - Stacy Tasty}
stacytasty2.rd.cumsolo.btg.096.jpg,1209134,b9ae6f50,\2019-09\19 - Stacy Tasty\,{BLTG45~2019-09~0V12OBZZ~19 - Stacy Tasty}
stacytasty2.rd.cumsolo.btg.097.jpg,934000,994a88e4,\2019-09\19 - Stacy Tasty\,{BLTG45~2019-09~0V12OBZZ~19 - Stacy Tasty}
stacytasty2.rd.cumsolo.btg.098.jpg,1196222,28474777,\2019-09\19 - Stacy Tasty\,{BLTG45~2019-09~0V12OBZZ~19 - Stacy Tasty}
stacytasty2.rd.cumsolo.btg.099.jpg,937868,90f5ed6a,\2019-09\19 - Stacy Tasty\,{BLTG45~2019-09~0V12OBZZ~19 - Stacy Tasty}
stacytasty2.rd.cumsolo.btg.100.jpg,871040,3d3d7199,\2019-09\19 - Stacy Tasty\,{BLTG45~2019-09~0V12OBZZ~19 - Stacy Tasty}
stacytasty2.rd.cumsolo.btg.101.jpg,1184247,ae576308,\2019-09\19 - Stacy Tasty\,{BLTG45~2019-09~0V12OBZZ~19 - Stacy Tasty}
stacytasty2.rd.cumsolo.btg.102.jpg,931627,d82970d7,\2019-09\19 - Stacy Tasty\,{BLTG45~2019-09~0V12OBZZ~19 - Stacy Tasty}
stacytasty2.rd.cumsolo.btg.103.jpg,1391514,28526a0c,\2019-09\19 - Stacy Tasty\,{BLTG45~2019-09~0V12OBZZ~19 - Stacy Tasty}
stacytasty2.rd.cumsolo.btg.104.jpg,1175984,78d299b1,\2019-09\19 - Stacy Tasty\,{BLTG45~2019-09~0V12OBZZ~19 - Stacy Tasty}
stacytasty2.rd.cumsolo.btg.105.jpg,962820,a34bbe83,\2019-09\19 - Stacy Tasty\,{BLTG45~2019-09~0V12OBZZ~19 - Stacy Tasty}
stacytasty2.rd.cumsolo.btg.106.jpg,789476,01941629,\2019-09\19 - Stacy Tasty\,{BLTG45~2019-09~0V12OBZZ~19 - Stacy Tasty}
stacytasty2.rd.cumsolo.btg.107.jpg,792975,72e4d0c8,\2019-09\19 - Stacy Tasty\,{BLTG45~2019-09~0V12OBZZ~19 - Stacy Tasty}
stacytasty2.rd.cumsolo.btg.108.jpg,737452,aedf97f6,\2019-09\19 - Stacy Tasty\,{BLTG45~2019-09~0V12OBZZ~19 - Stacy Tasty}
stacytasty2.rd.cumsolo.btg.109.jpg,740783,a2e2d377,\2019-09\19 - Stacy Tasty\,{BLTG45~2019-09~0V12OBZZ~19 - Stacy Tasty}
stacytasty2.rd.cumsolo.btg.110.jpg,781758,dab2aa7d,\2019-09\19 - Stacy Tasty\,{BLTG45~2019-09~0V12OBZZ~19 - Stacy Tasty}
stacytasty2.rd.cumsolo.btg.111.jpg,765488,afe1fb72,\2019-09\19 - Stacy Tasty\,{BLTG45~2019-09~0V12OBZZ~19 - Stacy Tasty}
stacytasty2.rd.cumsolo.btg.112.jpg,836292,cd29725a,\2019-09\19 - Stacy Tasty\,{BLTG45~2019-09~0V12OBZZ~19 - Stacy Tasty}
stacytasty2.rd.cumsolo.btg.113.jpg,1033982,189e6b50,\2019-09\19 - Stacy Tasty\,{BLTG45~2019-09~0V12OBZZ~19 - Stacy Tasty}
stacytasty2.rd.cumsolo.btg.114.jpg,894718,ec0e4b60,\2019-09\19 - Stacy Tasty\,{BLTG45~2019-09~0V12OBZZ~19 - Stacy Tasty}
stacytasty2.rd.cumsolo.btg.115.jpg,867329,6fee490c,\2019-09\19 - Stacy Tasty\,{BLTG45~2019-09~0V12OBZZ~19 - Stacy Tasty}
stacytasty2.rd.cumsolo.btg.116.jpg,910216,e6d21446,\2019-09\19 - Stacy Tasty\,{BLTG45~2019-09~0V12OBZZ~19 - Stacy Tasty}
amiyahlove2.ow.btg.001.jpg,977767,52a77e41,\2019-09\20 - Amiyah Love\,{BLTG45~2019-09~0V13CJ10~20 - Amiyah Love}
amiyahlove2.ow.btg.002.jpg,1002018,e4ba51c2,\2019-09\20 - Amiyah Love\,{BLTG45~2019-09~0V13CJ10~20 - Amiyah Love}
amiyahlove2.ow.btg.003.jpg,974184,7ec0d5b7,\2019-09\20 - Amiyah Love\,{BLTG45~2019-09~0V13CJ10~20 - Amiyah Love}
amiyahlove2.ow.btg.004.jpg,1108468,d9feb6c6,\2019-09\20 - Amiyah Love\,{BLTG45~2019-09~0V13CJ10~20 - Amiyah Love}
amiyahlove2.ow.btg.005.jpg,958390,7101934e,\2019-09\20 - Amiyah Love\,{BLTG45~2019-09~0V13CJ10~20 - Amiyah Love}
amiyahlove2.ow.btg.006.jpg,993625,27b8b121,\2019-09\20 - Amiyah Love\,{BLTG45~2019-09~0V13CJ10~20 - Amiyah Love}
amiyahlove2.ow.btg.007.jpg,1006506,04f6c671,\2019-09\20 - Amiyah Love\,{BLTG45~2019-09~0V13CJ10~20 - Amiyah Love}
amiyahlove2.ow.btg.008.jpg,1008684,af108246,\2019-09\20 - Amiyah Love\,{BLTG45~2019-09~0V13CJ10~20 - Amiyah Love}
amiyahlove2.ow.btg.009.jpg,972131,308c1cdc,\2019-09\20 - Amiyah Love\,{BLTG45~2019-09~0V13CJ10~20 - Amiyah Love}
amiyahlove2.ow.btg.010.jpg,989680,6a78dc20,\2019-09\20 - Amiyah Love\,{BLTG45~2019-09~0V13CJ10~20 - Amiyah Love}
amiyahlove2.ow.btg.011.jpg,1040433,f7707c10,\2019-09\20 - Amiyah Love\,{BLTG45~2019-09~0V13CJ10~20 - Amiyah Love}
amiyahlove2.ow.btg.012.jpg,989014,947297c8,\2019-09\20 - Amiyah Love\,{BLTG45~2019-09~0V13CJ10~20 - Amiyah Love}
amiyahlove2.ow.btg.013.jpg,934754,fd97bfff,\2019-09\20 - Amiyah Love\,{BLTG45~2019-09~0V13CJ10~20 - Amiyah Love}
amiyahlove2.ow.btg.014.jpg,1008125,5e5beca1,\2019-09\20 - Amiyah Love\,{BLTG45~2019-09~0V13CJ10~20 - Amiyah Love}
amiyahlove2.ow.btg.015.jpg,989010,359d24ec,\2019-09\20 - Amiyah Love\,{BLTG45~2019-09~0V13CJ10~20 - Amiyah Love}
amiyahlove2.ow.btg.016.jpg,966693,99d86509,\2019-09\20 - Amiyah Love\,{BLTG45~2019-09~0V13CJ10~20 - Amiyah Love}
amiyahlove2.ow.btg.017.jpg,946983,da5374b1,\2019-09\20 - Amiyah Love\,{BLTG45~2019-09~0V13CJ10~20 - Amiyah Love}
amiyahlove2.ow.btg.018.jpg,1117859,e75d5273,\2019-09\20 - Amiyah Love\,{BLTG45~2019-09~0V13CJ10~20 - Amiyah Love}
amiyahlove2.ow.btg.019.jpg,1043439,ecb9184c,\2019-09\20 - Amiyah Love\,{BLTG45~2019-09~0V13CJ10~20 - Amiyah Love}
amiyahlove2.ow.btg.020.jpg,1015549,720340ab,\2019-09\20 - Amiyah Love\,{BLTG45~2019-09~0V13CJ10~20 - Amiyah Love}
amiyahlove2.ow.btg.021.jpg,1096605,825bca2d,\2019-09\20 - Amiyah Love\,{BLTG45~2019-09~0V13CJ10~20 - Amiyah Love}
amiyahlove2.ow.btg.022.jpg,1183575,ade25070,\2019-09\20 - Amiyah Love\,{BLTG45~2019-09~0V13CJ10~20 - Amiyah Love}
amiyahlove2.ow.btg.023.jpg,1202339,0018afec,\2019-09\20 - Amiyah Love\,{BLTG45~2019-09~0V13CJ10~20 - Amiyah Love}
amiyahlove2.ow.btg.024.jpg,1053585,e97af277,\2019-09\20 - Amiyah Love\,{BLTG45~2019-09~0V13CJ10~20 - Amiyah Love}
amiyahlove2.ow.btg.025.jpg,995675,15e65ae1,\2019-09\20 - Amiyah Love\,{BLTG45~2019-09~0V13CJ10~20 - Amiyah Love}
amiyahlove2.ow.btg.026.jpg,1026985,cb292dc2,\2019-09\20 - Amiyah Love\,{BLTG45~2019-09~0V13CJ10~20 - Amiyah Love}
amiyahlove2.ow.btg.027.jpg,1008571,ad37b460,\2019-09\20 - Amiyah Love\,{BLTG45~2019-09~0V13CJ10~20 - Amiyah Love}
amiyahlove2.ow.btg.028.jpg,1165402,a20e2856,\2019-09\20 - Amiyah Love\,{BLTG45~2019-09~0V13CJ10~20 - Amiyah Love}
amiyahlove2.ow.btg.029.jpg,1117013,86124fea,\2019-09\20 - Amiyah Love\,{BLTG45~2019-09~0V13CJ10~20 - Amiyah Love}
amiyahlove2.ow.btg.030.jpg,1038881,afb90653,\2019-09\20 - Amiyah Love\,{BLTG45~2019-09~0V13CJ10~20 - Amiyah Love}
amiyahlove2.ow.btg.031.jpg,1045414,840191b0,\2019-09\20 - Amiyah Love\,{BLTG45~2019-09~0V13CJ10~20 - Amiyah Love}
amiyahlove2.ow.btg.032.jpg,1004490,c2f56f71,\2019-09\20 - Amiyah Love\,{BLTG45~2019-09~0V13CJ10~20 - Amiyah Love}
amiyahlove2.ow.btg.033.jpg,1097974,cd182620,\2019-09\20 - Amiyah Love\,{BLTG45~2019-09~0V13CJ10~20 - Amiyah Love}
amiyahlove2.ow.btg.034.jpg,1029831,a498e903,\2019-09\20 - Amiyah Love\,{BLTG45~2019-09~0V13CJ10~20 - Amiyah Love}
amiyahlove2.ow.btg.035.jpg,940161,f41dad96,\2019-09\20 - Amiyah Love\,{BLTG45~2019-09~0V13CJ10~20 - Amiyah Love}
amiyahlove2.ow.btg.036.jpg,1079347,26091df3,\2019-09\20 - Amiyah Love\,{BLTG45~2019-09~0V13CJ10~20 - Amiyah Love}
amiyahlove2.ow.btg.037.jpg,1050835,33920c17,\2019-09\20 - Amiyah Love\,{BLTG45~2019-09~0V13CJ10~20 - Amiyah Love}
amiyahlove2.ow.btg.038.jpg,939370,d0230fc2,\2019-09\20 - Amiyah Love\,{BLTG45~2019-09~0V13CJ10~20 - Amiyah Love}
amiyahlove2.ow.btg.039.jpg,1034041,a784f329,\2019-09\20 - Amiyah Love\,{BLTG45~2019-09~0V13CJ10~20 - Amiyah Love}
amiyahlove2.ow.btg.040.jpg,1021939,99f34e1e,\2019-09\20 - Amiyah Love\,{BLTG45~2019-09~0V13CJ10~20 - Amiyah Love}
amiyahlove2.ow.btg.041.jpg,1088307,8f21ea6f,\2019-09\20 - Amiyah Love\,{BLTG45~2019-09~0V13CJ10~20 - Amiyah Love}
amiyahlove2.ow.btg.042.jpg,1063972,b3bb8342,\2019-09\20 - Amiyah Love\,{BLTG45~2019-09~0V13CJ10~20 - Amiyah Love}
amiyahlove2.ow.btg.043.jpg,1039784,46c26451,\2019-09\20 - Amiyah Love\,{BLTG45~2019-09~0V13CJ10~20 - Amiyah Love}
amiyahlove2.ow.btg.044.jpg,933701,86d37ca5,\2019-09\20 - Amiyah Love\,{BLTG45~2019-09~0V13CJ10~20 - Amiyah Love}
amiyahlove2.ow.btg.045.jpg,660711,369d471f,\2019-09\20 - Amiyah Love\,{BLTG45~2019-09~0V13CJ10~20 - Amiyah Love}
amiyahlove2.ow.btg.046.jpg,954982,b73bfc70,\2019-09\20 - Amiyah Love\,{BLTG45~2019-09~0V13CJ10~20 - Amiyah Love}
amiyahlove2.ow.btg.047.jpg,978082,a6ecdf7a,\2019-09\20 - Amiyah Love\,{BLTG45~2019-09~0V13CJ10~20 - Amiyah Love}
amiyahlove2.ow.btg.048.jpg,967283,de24b105,\2019-09\20 - Amiyah Love\,{BLTG45~2019-09~0V13CJ10~20 - Amiyah Love}
amiyahlove2.ow.btg.049.jpg,1007176,55e73590,\2019-09\20 - Amiyah Love\,{BLTG45~2019-09~0V13CJ10~20 - Amiyah Love}
amiyahlove2.ow.btg.050.jpg,975159,34c63dc1,\2019-09\20 - Amiyah Love\,{BLTG45~2019-09~0V13CJ10~20 - Amiyah Love}
amiyahlove2.ow.btg.051.jpg,877568,a1749349,\2019-09\20 - Amiyah Love\,{BLTG45~2019-09~0V13CJ10~20 - Amiyah Love}
amiyahlove2.ow.btg.052.jpg,1004840,eab7e469,\2019-09\20 - Amiyah Love\,{BLTG45~2019-09~0V13CJ10~20 - Amiyah Love}
amiyahlove2.ow.btg.053.jpg,903256,c41f8ed5,\2019-09\20 - Amiyah Love\,{BLTG45~2019-09~0V13CJ10~20 - Amiyah Love}
amiyahlove2.ow.btg.054.jpg,975992,c7f60a99,\2019-09\20 - Amiyah Love\,{BLTG45~2019-09~0V13CJ10~20 - Amiyah Love}
amiyahlove2.ow.btg.055.jpg,952280,fc2faa99,\2019-09\20 - Amiyah Love\,{BLTG45~2019-09~0V13CJ10~20 - Amiyah Love}
amiyahlove2.ow.btg.056.jpg,1017515,f99b497b,\2019-09\20 - Amiyah Love\,{BLTG45~2019-09~0V13CJ10~20 - Amiyah Love}
amiyahlove2.ow.btg.057.jpg,1106044,f4464ab3,\2019-09\20 - Amiyah Love\,{BLTG45~2019-09~0V13CJ10~20 - Amiyah Love}
amiyahlove2.ow.btg.058.jpg,1182081,0141015b,\2019-09\20 - Amiyah Love\,{BLTG45~2019-09~0V13CJ10~20 - Amiyah Love}
amiyahlove2.ow.btg.059.jpg,1037292,5958a03c,\2019-09\20 - Amiyah Love\,{BLTG45~2019-09~0V13CJ10~20 - Amiyah Love}
amiyahlove2.ow.btg.060.jpg,1039178,7a90dafa,\2019-09\20 - Amiyah Love\,{BLTG45~2019-09~0V13CJ10~20 - Amiyah Love}
amiyahlove2.ow.btg.061.jpg,851659,bba83b47,\2019-09\20 - Amiyah Love\,{BLTG45~2019-09~0V13CJ10~20 - Amiyah Love}
amiyahlove2.ow.btg.062.jpg,942088,f1ddc4c0,\2019-09\20 - Amiyah Love\,{BLTG45~2019-09~0V13CJ10~20 - Amiyah Love}
amiyahlove2.ow.btg.063.jpg,922719,a68f38bb,\2019-09\20 - Amiyah Love\,{BLTG45~2019-09~0V13CJ10~20 - Amiyah Love}
amiyahlove2.ow.btg.064.jpg,962523,72653417,\2019-09\20 - Amiyah Love\,{BLTG45~2019-09~0V13CJ10~20 - Amiyah Love}
amiyahlove2.ow.btg.065.jpg,884303,ec13ebb7,\2019-09\20 - Amiyah Love\,{BLTG45~2019-09~0V13CJ10~20 - Amiyah Love}
amiyahlove2.ow.btg.066.jpg,1247116,59841779,\2019-09\20 - Amiyah Love\,{BLTG45~2019-09~0V13CJ10~20 - Amiyah Love}
amiyahlove2.ow.btg.067.jpg,1073314,0aaeed9d,\2019-09\20 - Amiyah Love\,{BLTG45~2019-09~0V13CJ10~20 - Amiyah Love}
amiyahlove2.ow.btg.068.jpg,1173748,1d6e544a,\2019-09\20 - Amiyah Love\,{BLTG45~2019-09~0V13CJ10~20 - Amiyah Love}
amiyahlove2.ow.btg.069.jpg,1037345,85854b63,\2019-09\20 - Amiyah Love\,{BLTG45~2019-09~0V13CJ10~20 - Amiyah Love}
amiyahlove2.ow.btg.070.jpg,1213798,07417274,\2019-09\20 - Amiyah Love\,{BLTG45~2019-09~0V13CJ10~20 - Amiyah Love}
amiyahlove2.ow.btg.071.jpg,1096643,7bac6034,\2019-09\20 - Amiyah Love\,{BLTG45~2019-09~0V13CJ10~20 - Amiyah Love}
amiyahlove2.ow.btg.072.jpg,1072437,75b3eb17,\2019-09\20 - Amiyah Love\,{BLTG45~2019-09~0V13CJ10~20 - Amiyah Love}
amiyahlove2.ow.btg.073.jpg,1069831,e5db94cc,\2019-09\20 - Amiyah Love\,{BLTG45~2019-09~0V13CJ10~20 - Amiyah Love}
amiyahlove2.ow.btg.074.jpg,1075542,5033f33c,\2019-09\20 - Amiyah Love\,{BLTG45~2019-09~0V13CJ10~20 - Amiyah Love}
amiyahlove2.ow.btg.075.jpg,1039595,9ac1fefb,\2019-09\20 - Amiyah Love\,{BLTG45~2019-09~0V13CJ10~20 - Amiyah Love}
amiyahlove2.ow.btg.076.jpg,924382,f2ed87bb,\2019-09\20 - Amiyah Love\,{BLTG45~2019-09~0V13CJ10~20 - Amiyah Love}
amiyahlove2.ow.btg.077.jpg,1069415,ad038f1d,\2019-09\20 - Amiyah Love\,{BLTG45~2019-09~0V13CJ10~20 - Amiyah Love}
amiyahlove2.ow.btg.078.jpg,857104,bffe6e29,\2019-09\20 - Amiyah Love\,{BLTG45~2019-09~0V13CJ10~20 - Amiyah Love}
amiyahlove2.ow.btg.079.jpg,1028245,a76dc7e8,\2019-09\20 - Amiyah Love\,{BLTG45~2019-09~0V13CJ10~20 - Amiyah Love}
amiyahlove2.ow.btg.080.jpg,956769,45c99e59,\2019-09\20 - Amiyah Love\,{BLTG45~2019-09~0V13CJ10~20 - Amiyah Love}
amiyahlove2.ow.btg.081.jpg,996063,a59c9e5c,\2019-09\20 - Amiyah Love\,{BLTG45~2019-09~0V13CJ10~20 - Amiyah Love}
amiyahlove2.ow.btg.082.jpg,1073098,7f426b32,\2019-09\20 - Amiyah Love\,{BLTG45~2019-09~0V13CJ10~20 - Amiyah Love}
amiyahlove2.ow.btg.083.jpg,964675,d012e212,\2019-09\20 - Amiyah Love\,{BLTG45~2019-09~0V13CJ10~20 - Amiyah Love}
amiyahlove2.ow.btg.084.jpg,897751,bc432cbf,\2019-09\20 - Amiyah Love\,{BLTG45~2019-09~0V13CJ10~20 - Amiyah Love}
amiyahlove2.ow.btg.085.jpg,1096029,153c5d17,\2019-09\20 - Amiyah Love\,{BLTG45~2019-09~0V13CJ10~20 - Amiyah Love}
amiyahlove2.ow.btg.086.jpg,1060257,24a865fe,\2019-09\20 - Amiyah Love\,{BLTG45~2019-09~0V13CJ10~20 - Amiyah Love}
amiyahlove2.ow.btg.087.jpg,1019348,18605e76,\2019-09\20 - Amiyah Love\,{BLTG45~2019-09~0V13CJ10~20 - Amiyah Love}
amiyahlove2.ow.btg.088.jpg,1009846,806b88db,\2019-09\20 - Amiyah Love\,{BLTG45~2019-09~0V13CJ10~20 - Amiyah Love}
amiyahlove2.ow.btg.089.jpg,1138410,5e5cb94c,\2019-09\20 - Amiyah Love\,{BLTG45~2019-09~0V13CJ10~20 - Amiyah Love}
amiyahlove2.ow.btg.090.jpg,978924,67606967,\2019-09\20 - Amiyah Love\,{BLTG45~2019-09~0V13CJ10~20 - Amiyah Love}
amiyahlove2.ow.btg.091.jpg,928713,93072b8b,\2019-09\20 - Amiyah Love\,{BLTG45~2019-09~0V13CJ10~20 - Amiyah Love}
amiyahlove2.ow.btg.092.jpg,866665,5f7240dc,\2019-09\20 - Amiyah Love\,{BLTG45~2019-09~0V13CJ10~20 - Amiyah Love}
amiyahlove2.ow.btg.093.jpg,1072426,893c5c98,\2019-09\20 - Amiyah Love\,{BLTG45~2019-09~0V13CJ10~20 - Amiyah Love}
amiyahlove2.ow.btg.094.jpg,859999,cf3e3dff,\2019-09\20 - Amiyah Love\,{BLTG45~2019-09~0V13CJ10~20 - Amiyah Love}
amiyahlove2.ow.btg.095.jpg,1059824,2b864bd2,\2019-09\20 - Amiyah Love\,{BLTG45~2019-09~0V13CJ10~20 - Amiyah Love}
amiyahlove2.ow.btg.096.jpg,1049073,6bbe10db,\2019-09\20 - Amiyah Love\,{BLTG45~2019-09~0V13CJ10~20 - Amiyah Love}
amiyahlove2.ow.btg.097.jpg,985227,301c8d9c,\2019-09\20 - Amiyah Love\,{BLTG45~2019-09~0V13CJ10~20 - Amiyah Love}
amiyahlove2.ow.btg.098.jpg,1044672,f514f18b,\2019-09\20 - Amiyah Love\,{BLTG45~2019-09~0V13CJ10~20 - Amiyah Love}
amiyahlove2.ow.btg.099.jpg,987183,76d70dc8,\2019-09\20 - Amiyah Love\,{BLTG45~2019-09~0V13CJ10~20 - Amiyah Love}
amiyahlove2.ow.btg.100.jpg,1073915,824fb25e,\2019-09\20 - Amiyah Love\,{BLTG45~2019-09~0V13CJ10~20 - Amiyah Love}
amiyahlove2.ow.btg.101.jpg,1063213,eec23390,\2019-09\20 - Amiyah Love\,{BLTG45~2019-09~0V13CJ10~20 - Amiyah Love}
amiyahlove2.ow.btg.102.jpg,1034472,96c612b1,\2019-09\20 - Amiyah Love\,{BLTG45~2019-09~0V13CJ10~20 - Amiyah Love}
malibubarbie5.amp.btg.001.jpg,1398152,3fe758f8,\2019-09\21 - Malibu Barbie\,{BLTG45~2019-09~0V13N1XU~21 - Malibu Barbie}
malibubarbie5.amp.btg.002.jpg,1443549,b6bc41f7,\2019-09\21 - Malibu Barbie\,{BLTG45~2019-09~0V13N1XU~21 - Malibu Barbie}
malibubarbie5.amp.btg.003.jpg,1367857,b9c3fae8,\2019-09\21 - Malibu Barbie\,{BLTG45~2019-09~0V13N1XU~21 - Malibu Barbie}
malibubarbie5.amp.btg.004.jpg,1923299,dbc3ac64,\2019-09\21 - Malibu Barbie\,{BLTG45~2019-09~0V13N1XU~21 - Malibu Barbie}
malibubarbie5.amp.btg.005.jpg,1807195,f7f52b0d,\2019-09\21 - Malibu Barbie\,{BLTG45~2019-09~0V13N1XU~21 - Malibu Barbie}
malibubarbie5.amp.btg.006.jpg,1729701,f55de3ba,\2019-09\21 - Malibu Barbie\,{BLTG45~2019-09~0V13N1XU~21 - Malibu Barbie}
malibubarbie5.amp.btg.007.jpg,1940702,070e6a97,\2019-09\21 - Malibu Barbie\,{BLTG45~2019-09~0V13N1XU~21 - Malibu Barbie}
malibubarbie5.amp.btg.008.jpg,1966081,218d6e39,\2019-09\21 - Malibu Barbie\,{BLTG45~2019-09~0V13N1XU~21 - Malibu Barbie}
malibubarbie5.amp.btg.009.jpg,1761453,645fb89f,\2019-09\21 - Malibu Barbie\,{BLTG45~2019-09~0V13N1XU~21 - Malibu Barbie}
malibubarbie5.amp.btg.010.jpg,1703982,4cc8d589,\2019-09\21 - Malibu Barbie\,{BLTG45~2019-09~0V13N1XU~21 - Malibu Barbie}
malibubarbie5.amp.btg.011.jpg,1536332,0fea329a,\2019-09\21 - Malibu Barbie\,{BLTG45~2019-09~0V13N1XU~21 - Malibu Barbie}
malibubarbie5.amp.btg.012.jpg,1751129,3be1c2ce,\2019-09\21 - Malibu Barbie\,{BLTG45~2019-09~0V13N1XU~21 - Malibu Barbie}
malibubarbie5.amp.btg.013.jpg,1697141,07c2fc30,\2019-09\21 - Malibu Barbie\,{BLTG45~2019-09~0V13N1XU~21 - Malibu Barbie}
malibubarbie5.amp.btg.014.jpg,1430576,6f5bbfc8,\2019-09\21 - Malibu Barbie\,{BLTG45~2019-09~0V13N1XU~21 - Malibu Barbie}
malibubarbie5.amp.btg.015.jpg,1725154,5da5eb73,\2019-09\21 - Malibu Barbie\,{BLTG45~2019-09~0V13N1XU~21 - Malibu Barbie}
malibubarbie5.amp.btg.016.jpg,1481472,5877eabb,\2019-09\21 - Malibu Barbie\,{BLTG45~2019-09~0V13N1XU~21 - Malibu Barbie}
malibubarbie5.amp.btg.017.jpg,1142426,0bc6d85d,\2019-09\21 - Malibu Barbie\,{BLTG45~2019-09~0V13N1XU~21 - Malibu Barbie}
malibubarbie5.amp.btg.018.jpg,1277916,e425d402,\2019-09\21 - Malibu Barbie\,{BLTG45~2019-09~0V13N1XU~21 - Malibu Barbie}
malibubarbie5.amp.btg.019.jpg,1345153,ebc954f3,\2019-09\21 - Malibu Barbie\,{BLTG45~2019-09~0V13N1XU~21 - Malibu Barbie}
malibubarbie5.amp.btg.020.jpg,1509426,68a38210,\2019-09\21 - Malibu Barbie\,{BLTG45~2019-09~0V13N1XU~21 - Malibu Barbie}
malibubarbie5.amp.btg.021.jpg,1517627,4c69eefa,\2019-09\21 - Malibu Barbie\,{BLTG45~2019-09~0V13N1XU~21 - Malibu Barbie}
malibubarbie5.amp.btg.022.jpg,1575086,5bc81950,\2019-09\21 - Malibu Barbie\,{BLTG45~2019-09~0V13N1XU~21 - Malibu Barbie}
malibubarbie5.amp.btg.023.jpg,1585346,46542860,\2019-09\21 - Malibu Barbie\,{BLTG45~2019-09~0V13N1XU~21 - Malibu Barbie}
malibubarbie5.amp.btg.024.jpg,1171339,1f2c4dac,\2019-09\21 - Malibu Barbie\,{BLTG45~2019-09~0V13N1XU~21 - Malibu Barbie}
malibubarbie5.amp.btg.025.jpg,1137689,02535ba0,\2019-09\21 - Malibu Barbie\,{BLTG45~2019-09~0V13N1XU~21 - Malibu Barbie}
malibubarbie5.amp.btg.026.jpg,1555100,fe1b6667,\2019-09\21 - Malibu Barbie\,{BLTG45~2019-09~0V13N1XU~21 - Malibu Barbie}
malibubarbie5.amp.btg.027.jpg,1247195,3143c2f8,\2019-09\21 - Malibu Barbie\,{BLTG45~2019-09~0V13N1XU~21 - Malibu Barbie}
malibubarbie5.amp.btg.028.jpg,1460714,551cb9ec,\2019-09\21 - Malibu Barbie\,{BLTG45~2019-09~0V13N1XU~21 - Malibu Barbie}
malibubarbie5.amp.btg.029.jpg,1316842,5f710616,\2019-09\21 - Malibu Barbie\,{BLTG45~2019-09~0V13N1XU~21 - Malibu Barbie}
malibubarbie5.amp.btg.030.jpg,1333414,119b4a96,\2019-09\21 - Malibu Barbie\,{BLTG45~2019-09~0V13N1XU~21 - Malibu Barbie}
malibubarbie5.amp.btg.031.jpg,1275153,7e7cbe41,\2019-09\21 - Malibu Barbie\,{BLTG45~2019-09~0V13N1XU~21 - Malibu Barbie}
malibubarbie5.amp.btg.032.jpg,1301984,3398eb21,\2019-09\21 - Malibu Barbie\,{BLTG45~2019-09~0V13N1XU~21 - Malibu Barbie}
malibubarbie5.amp.btg.033.jpg,1568519,0674ad45,\2019-09\21 - Malibu Barbie\,{BLTG45~2019-09~0V13N1XU~21 - Malibu Barbie}
malibubarbie5.amp.btg.034.jpg,1760062,b34ffb43,\2019-09\21 - Malibu Barbie\,{BLTG45~2019-09~0V13N1XU~21 - Malibu Barbie}
malibubarbie5.amp.btg.035.jpg,1480374,d92c2442,\2019-09\21 - Malibu Barbie\,{BLTG45~2019-09~0V13N1XU~21 - Malibu Barbie}
malibubarbie5.amp.btg.036.jpg,1522050,60775ae8,\2019-09\21 - Malibu Barbie\,{BLTG45~2019-09~0V13N1XU~21 - Malibu Barbie}
malibubarbie5.amp.btg.037.jpg,1766908,5602f33e,\2019-09\21 - Malibu Barbie\,{BLTG45~2019-09~0V13N1XU~21 - Malibu Barbie}
malibubarbie5.amp.btg.038.jpg,1715400,395f9313,\2019-09\21 - Malibu Barbie\,{BLTG45~2019-09~0V13N1XU~21 - Malibu Barbie}
malibubarbie5.amp.btg.039.jpg,1717316,0a572ea2,\2019-09\21 - Malibu Barbie\,{BLTG45~2019-09~0V13N1XU~21 - Malibu Barbie}
malibubarbie5.amp.btg.040.jpg,1967791,f0659ec0,\2019-09\21 - Malibu Barbie\,{BLTG45~2019-09~0V13N1XU~21 - Malibu Barbie}
malibubarbie5.amp.btg.041.jpg,1922569,558df10d,\2019-09\21 - Malibu Barbie\,{BLTG45~2019-09~0V13N1XU~21 - Malibu Barbie}
malibubarbie5.amp.btg.042.jpg,1458574,b456530c,\2019-09\21 - Malibu Barbie\,{BLTG45~2019-09~0V13N1XU~21 - Malibu Barbie}
malibubarbie5.amp.btg.043.jpg,1522579,6750eb51,\2019-09\21 - Malibu Barbie\,{BLTG45~2019-09~0V13N1XU~21 - Malibu Barbie}
malibubarbie5.amp.btg.044.jpg,1281600,e1068e3b,\2019-09\21 - Malibu Barbie\,{BLTG45~2019-09~0V13N1XU~21 - Malibu Barbie}
malibubarbie5.amp.btg.045.jpg,1502973,aa3557b4,\2019-09\21 - Malibu Barbie\,{BLTG45~2019-09~0V13N1XU~21 - Malibu Barbie}
malibubarbie5.amp.btg.046.jpg,1550309,2cba664b,\2019-09\21 - Malibu Barbie\,{BLTG45~2019-09~0V13N1XU~21 - Malibu Barbie}
malibubarbie5.amp.btg.047.jpg,1522673,8f9e985f,\2019-09\21 - Malibu Barbie\,{BLTG45~2019-09~0V13N1XU~21 - Malibu Barbie}
malibubarbie5.amp.btg.048.jpg,2034207,a3b801f2,\2019-09\21 - Malibu Barbie\,{BLTG45~2019-09~0V13N1XU~21 - Malibu Barbie}
malibubarbie5.amp.btg.049.jpg,1411878,2564e089,\2019-09\21 - Malibu Barbie\,{BLTG45~2019-09~0V13N1XU~21 - Malibu Barbie}
malibubarbie5.amp.btg.050.jpg,1525647,0ceeb32e,\2019-09\21 - Malibu Barbie\,{BLTG45~2019-09~0V13N1XU~21 - Malibu Barbie}
malibubarbie5.amp.btg.051.jpg,1931985,05c83a9a,\2019-09\21 - Malibu Barbie\,{BLTG45~2019-09~0V13N1XU~21 - Malibu Barbie}
malibubarbie5.amp.btg.052.jpg,1992061,a8fdc48b,\2019-09\21 - Malibu Barbie\,{BLTG45~2019-09~0V13N1XU~21 - Malibu Barbie}
malibubarbie5.amp.btg.053.jpg,1509814,0d3c40a9,\2019-09\21 - Malibu Barbie\,{BLTG45~2019-09~0V13N1XU~21 - Malibu Barbie}
malibubarbie5.amp.btg.054.jpg,1796047,0e4c572b,\2019-09\21 - Malibu Barbie\,{BLTG45~2019-09~0V13N1XU~21 - Malibu Barbie}
malibubarbie5.amp.btg.055.jpg,1834248,6858928a,\2019-09\21 - Malibu Barbie\,{BLTG45~2019-09~0V13N1XU~21 - Malibu Barbie}
malibubarbie5.amp.btg.056.jpg,1762427,ee7fb3d8,\2019-09\21 - Malibu Barbie\,{BLTG45~2019-09~0V13N1XU~21 - Malibu Barbie}
malibubarbie5.amp.btg.057.jpg,2137314,6e765166,\2019-09\21 - Malibu Barbie\,{BLTG45~2019-09~0V13N1XU~21 - Malibu Barbie}
malibubarbie5.amp.btg.058.jpg,1952915,007ff247,\2019-09\21 - Malibu Barbie\,{BLTG45~2019-09~0V13N1XU~21 - Malibu Barbie}
malibubarbie5.amp.btg.059.jpg,1989043,83b3f2c0,\2019-09\21 - Malibu Barbie\,{BLTG45~2019-09~0V13N1XU~21 - Malibu Barbie}
malibubarbie5.amp.btg.060.jpg,1794560,3d75a599,\2019-09\21 - Malibu Barbie\,{BLTG45~2019-09~0V13N1XU~21 - Malibu Barbie}
malibubarbie5.amp.btg.061.jpg,1609396,e75fa16c,\2019-09\21 - Malibu Barbie\,{BLTG45~2019-09~0V13N1XU~21 - Malibu Barbie}
malibubarbie5.amp.btg.062.jpg,1567966,3c9e5afe,\2019-09\21 - Malibu Barbie\,{BLTG45~2019-09~0V13N1XU~21 - Malibu Barbie}
malibubarbie5.amp.btg.063.jpg,1754414,78da5c5a,\2019-09\21 - Malibu Barbie\,{BLTG45~2019-09~0V13N1XU~21 - Malibu Barbie}
malibubarbie5.amp.btg.064.jpg,1689890,26e9f878,\2019-09\21 - Malibu Barbie\,{BLTG45~2019-09~0V13N1XU~21 - Malibu Barbie}
malibubarbie5.amp.btg.065.jpg,1308863,c39b0b10,\2019-09\21 - Malibu Barbie\,{BLTG45~2019-09~0V13N1XU~21 - Malibu Barbie}
malibubarbie5.amp.btg.066.jpg,1399906,10215056,\2019-09\21 - Malibu Barbie\,{BLTG45~2019-09~0V13N1XU~21 - Malibu Barbie}
malibubarbie5.amp.btg.067.jpg,1826700,02049eca,\2019-09\21 - Malibu Barbie\,{BLTG45~2019-09~0V13N1XU~21 - Malibu Barbie}
malibubarbie5.amp.btg.068.jpg,1711759,a5ee4c85,\2019-09\21 - Malibu Barbie\,{BLTG45~2019-09~0V13N1XU~21 - Malibu Barbie}
malibubarbie5.amp.btg.069.jpg,1902031,9bd395be,\2019-09\21 - Malibu Barbie\,{BLTG45~2019-09~0V13N1XU~21 - Malibu Barbie}
malibubarbie5.amp.btg.070.jpg,1900419,1777de5f,\2019-09\21 - Malibu Barbie\,{BLTG45~2019-09~0V13N1XU~21 - Malibu Barbie}
malibubarbie5.amp.btg.071.jpg,2071043,f8236d10,\2019-09\21 - Malibu Barbie\,{BLTG45~2019-09~0V13N1XU~21 - Malibu Barbie}
malibubarbie5.amp.btg.072.jpg,1533767,6d93ea37,\2019-09\21 - Malibu Barbie\,{BLTG45~2019-09~0V13N1XU~21 - Malibu Barbie}
malibubarbie5.amp.btg.073.jpg,1806298,8ff2cd13,\2019-09\21 - Malibu Barbie\,{BLTG45~2019-09~0V13N1XU~21 - Malibu Barbie}
malibubarbie5.amp.btg.074.jpg,1885054,74a20d14,\2019-09\21 - Malibu Barbie\,{BLTG45~2019-09~0V13N1XU~21 - Malibu Barbie}
malibubarbie5.amp.btg.075.jpg,1867049,47c0f963,\2019-09\21 - Malibu Barbie\,{BLTG45~2019-09~0V13N1XU~21 - Malibu Barbie}
malibubarbie5.amp.btg.076.jpg,2042809,3ba2435a,\2019-09\21 - Malibu Barbie\,{BLTG45~2019-09~0V13N1XU~21 - Malibu Barbie}
malibubarbie5.amp.btg.077.jpg,1756160,b931b107,\2019-09\21 - Malibu Barbie\,{BLTG45~2019-09~0V13N1XU~21 - Malibu Barbie}
malibubarbie5.amp.btg.078.jpg,1823826,deb2f134,\2019-09\21 - Malibu Barbie\,{BLTG45~2019-09~0V13N1XU~21 - Malibu Barbie}
malibubarbie5.amp.btg.079.jpg,1275528,d4e8cc7f,\2019-09\21 - Malibu Barbie\,{BLTG45~2019-09~0V13N1XU~21 - Malibu Barbie}
malibubarbie5.amp.btg.080.jpg,1198578,739fef67,\2019-09\21 - Malibu Barbie\,{BLTG45~2019-09~0V13N1XU~21 - Malibu Barbie}
malibubarbie5.amp.btg.081.jpg,1129350,c1b94f2b,\2019-09\21 - Malibu Barbie\,{BLTG45~2019-09~0V13N1XU~21 - Malibu Barbie}
malibubarbie5.amp.btg.082.jpg,1152251,992b5d82,\2019-09\21 - Malibu Barbie\,{BLTG45~2019-09~0V13N1XU~21 - Malibu Barbie}
malibubarbie5.amp.btg.083.jpg,1792196,761e17ca,\2019-09\21 - Malibu Barbie\,{BLTG45~2019-09~0V13N1XU~21 - Malibu Barbie}
malibubarbie5.amp.btg.084.jpg,1476586,5d9cab8a,\2019-09\21 - Malibu Barbie\,{BLTG45~2019-09~0V13N1XU~21 - Malibu Barbie}
malibubarbie5.amp.btg.085.jpg,2063865,810b42f3,\2019-09\21 - Malibu Barbie\,{BLTG45~2019-09~0V13N1XU~21 - Malibu Barbie}
malibubarbie5.amp.btg.086.jpg,1812298,f626d243,\2019-09\21 - Malibu Barbie\,{BLTG45~2019-09~0V13N1XU~21 - Malibu Barbie}
malibubarbie5.amp.btg.087.jpg,2096155,d0a8d0b3,\2019-09\21 - Malibu Barbie\,{BLTG45~2019-09~0V13N1XU~21 - Malibu Barbie}
malibubarbie5.amp.btg.088.jpg,2099254,82c0ea31,\2019-09\21 - Malibu Barbie\,{BLTG45~2019-09~0V13N1XU~21 - Malibu Barbie}
malibubarbie5.amp.btg.089.jpg,1346649,d6300777,\2019-09\21 - Malibu Barbie\,{BLTG45~2019-09~0V13N1XU~21 - Malibu Barbie}
malibubarbie5.amp.btg.090.jpg,1482555,ab36b85d,\2019-09\21 - Malibu Barbie\,{BLTG45~2019-09~0V13N1XU~21 - Malibu Barbie}
malibubarbie5.amp.btg.091.jpg,1925876,24f97175,\2019-09\21 - Malibu Barbie\,{BLTG45~2019-09~0V13N1XU~21 - Malibu Barbie}
malibubarbie5.amp.btg.092.jpg,2068030,7b13278d,\2019-09\21 - Malibu Barbie\,{BLTG45~2019-09~0V13N1XU~21 - Malibu Barbie}
malibubarbie5.amp.btg.093.jpg,1701751,8e2f6f2a,\2019-09\21 - Malibu Barbie\,{BLTG45~2019-09~0V13N1XU~21 - Malibu Barbie}
malibubarbie5.amp.btg.094.jpg,1801691,6c368d4a,\2019-09\21 - Malibu Barbie\,{BLTG45~2019-09~0V13N1XU~21 - Malibu Barbie}
malibubarbie5.amp.btg.095.jpg,1855687,2defb27f,\2019-09\21 - Malibu Barbie\,{BLTG45~2019-09~0V13N1XU~21 - Malibu Barbie}
malibubarbie5.amp.btg.096.jpg,1697879,57404987,\2019-09\21 - Malibu Barbie\,{BLTG45~2019-09~0V13N1XU~21 - Malibu Barbie}
malibubarbie5.amp.btg.097.jpg,1682888,08a1a73d,\2019-09\21 - Malibu Barbie\,{BLTG45~2019-09~0V13N1XU~21 - Malibu Barbie}
malibubarbie5.amp.btg.098.jpg,1778789,b1454f12,\2019-09\21 - Malibu Barbie\,{BLTG45~2019-09~0V13N1XU~21 - Malibu Barbie}
malibubarbie5.amp.btg.099.jpg,1666393,8cd2b533,\2019-09\21 - Malibu Barbie\,{BLTG45~2019-09~0V13N1XU~21 - Malibu Barbie}
malibubarbie5.amp.btg.100.jpg,1704152,78a16229,\2019-09\21 - Malibu Barbie\,{BLTG45~2019-09~0V13N1XU~21 - Malibu Barbie}
malibubarbie5.amp.btg.101.jpg,1895000,fc213a4a,\2019-09\21 - Malibu Barbie\,{BLTG45~2019-09~0V13N1XU~21 - Malibu Barbie}
malibubarbie5.amp.btg.102.jpg,1560263,8545e7a4,\2019-09\21 - Malibu Barbie\,{BLTG45~2019-09~0V13N1XU~21 - Malibu Barbie}
malibubarbie5.amp.btg.103.jpg,1906355,637527df,\2019-09\21 - Malibu Barbie\,{BLTG45~2019-09~0V13N1XU~21 - Malibu Barbie}
malibubarbie5.amp.btg.104.jpg,1435917,40901c6e,\2019-09\21 - Malibu Barbie\,{BLTG45~2019-09~0V13N1XU~21 - Malibu Barbie}
fantasy1.ow.btg.001.jpg,775944,6ce8ebc5,\2019-09\23 - Fantasy\,{BLTG45~2019-09~0V14G78N~23 - Fantasy}
fantasy1.ow.btg.002.jpg,762103,ece7c03d,\2019-09\23 - Fantasy\,{BLTG45~2019-09~0V14G78N~23 - Fantasy}
fantasy1.ow.btg.003.jpg,759162,6343e09a,\2019-09\23 - Fantasy\,{BLTG45~2019-09~0V14G78N~23 - Fantasy}
fantasy1.ow.btg.004.jpg,889711,83ba06ed,\2019-09\23 - Fantasy\,{BLTG45~2019-09~0V14G78N~23 - Fantasy}
fantasy1.ow.btg.005.jpg,757947,2bc54ea7,\2019-09\23 - Fantasy\,{BLTG45~2019-09~0V14G78N~23 - Fantasy}
fantasy1.ow.btg.006.jpg,833820,d0ffbcb5,\2019-09\23 - Fantasy\,{BLTG45~2019-09~0V14G78N~23 - Fantasy}
fantasy1.ow.btg.007.jpg,930762,1f6487bd,\2019-09\23 - Fantasy\,{BLTG45~2019-09~0V14G78N~23 - Fantasy}
fantasy1.ow.btg.008.jpg,824016,72102739,\2019-09\23 - Fantasy\,{BLTG45~2019-09~0V14G78N~23 - Fantasy}
fantasy1.ow.btg.009.jpg,775992,87b1bf35,\2019-09\23 - Fantasy\,{BLTG45~2019-09~0V14G78N~23 - Fantasy}
fantasy1.ow.btg.010.jpg,726761,3a868820,\2019-09\23 - Fantasy\,{BLTG45~2019-09~0V14G78N~23 - Fantasy}
fantasy1.ow.btg.011.jpg,819181,3e21d77c,\2019-09\23 - Fantasy\,{BLTG45~2019-09~0V14G78N~23 - Fantasy}
fantasy1.ow.btg.012.jpg,888960,9df73995,\2019-09\23 - Fantasy\,{BLTG45~2019-09~0V14G78N~23 - Fantasy}
fantasy1.ow.btg.013.jpg,784760,09fcb970,\2019-09\23 - Fantasy\,{BLTG45~2019-09~0V14G78N~23 - Fantasy}
fantasy1.ow.btg.014.jpg,775893,0102d75c,\2019-09\23 - Fantasy\,{BLTG45~2019-09~0V14G78N~23 - Fantasy}
fantasy1.ow.btg.015.jpg,801516,e0f486c2,\2019-09\23 - Fantasy\,{BLTG45~2019-09~0V14G78N~23 - Fantasy}
fantasy1.ow.btg.016.jpg,773179,7d2082f4,\2019-09\23 - Fantasy\,{BLTG45~2019-09~0V14G78N~23 - Fantasy}
fantasy1.ow.btg.017.jpg,1111970,7b89cb82,\2019-09\23 - Fantasy\,{BLTG45~2019-09~0V14G78N~23 - Fantasy}
fantasy1.ow.btg.018.jpg,944579,b51d0263,\2019-09\23 - Fantasy\,{BLTG45~2019-09~0V14G78N~23 - Fantasy}
fantasy1.ow.btg.019.jpg,1069555,d0aa9b8f,\2019-09\23 - Fantasy\,{BLTG45~2019-09~0V14G78N~23 - Fantasy}
fantasy1.ow.btg.020.jpg,657132,61ecffb9,\2019-09\23 - Fantasy\,{BLTG45~2019-09~0V14G78N~23 - Fantasy}
fantasy1.ow.btg.021.jpg,1077453,5a447062,\2019-09\23 - Fantasy\,{BLTG45~2019-09~0V14G78N~23 - Fantasy}
fantasy1.ow.btg.022.jpg,889863,0f9a9c14,\2019-09\23 - Fantasy\,{BLTG45~2019-09~0V14G78N~23 - Fantasy}
fantasy1.ow.btg.023.jpg,999294,393fb950,\2019-09\23 - Fantasy\,{BLTG45~2019-09~0V14G78N~23 - Fantasy}
fantasy1.ow.btg.024.jpg,951823,9a0840f2,\2019-09\23 - Fantasy\,{BLTG45~2019-09~0V14G78N~23 - Fantasy}
fantasy1.ow.btg.025.jpg,1074140,3b0ffc78,\2019-09\23 - Fantasy\,{BLTG45~2019-09~0V14G78N~23 - Fantasy}
fantasy1.ow.btg.026.jpg,1053996,b8dcc655,\2019-09\23 - Fantasy\,{BLTG45~2019-09~0V14G78N~23 - Fantasy}
fantasy1.ow.btg.027.jpg,889701,4b2e577b,\2019-09\23 - Fantasy\,{BLTG45~2019-09~0V14G78N~23 - Fantasy}
fantasy1.ow.btg.028.jpg,1107390,d70a0c94,\2019-09\23 - Fantasy\,{BLTG45~2019-09~0V14G78N~23 - Fantasy}
fantasy1.ow.btg.029.jpg,1023958,8b597c37,\2019-09\23 - Fantasy\,{BLTG45~2019-09~0V14G78N~23 - Fantasy}
fantasy1.ow.btg.030.jpg,940941,75bce324,\2019-09\23 - Fantasy\,{BLTG45~2019-09~0V14G78N~23 - Fantasy}
fantasy1.ow.btg.031.jpg,1055871,da9f42af,\2019-09\23 - Fantasy\,{BLTG45~2019-09~0V14G78N~23 - Fantasy}
fantasy1.ow.btg.032.jpg,892480,983ff7e9,\2019-09\23 - Fantasy\,{BLTG45~2019-09~0V14G78N~23 - Fantasy}
fantasy1.ow.btg.033.jpg,823398,4bdfefd1,\2019-09\23 - Fantasy\,{BLTG45~2019-09~0V14G78N~23 - Fantasy}
fantasy1.ow.btg.034.jpg,816354,15f0518b,\2019-09\23 - Fantasy\,{BLTG45~2019-09~0V14G78N~23 - Fantasy}
fantasy1.ow.btg.035.jpg,878279,1b6cee0c,\2019-09\23 - Fantasy\,{BLTG45~2019-09~0V14G78N~23 - Fantasy}
fantasy1.ow.btg.036.jpg,909697,c60f37a1,\2019-09\23 - Fantasy\,{BLTG45~2019-09~0V14G78N~23 - Fantasy}
fantasy1.ow.btg.037.jpg,969802,db8d6d32,\2019-09\23 - Fantasy\,{BLTG45~2019-09~0V14G78N~23 - Fantasy}
fantasy1.ow.btg.038.jpg,1063047,69995136,\2019-09\23 - Fantasy\,{BLTG45~2019-09~0V14G78N~23 - Fantasy}
fantasy1.ow.btg.039.jpg,991834,531411b1,\2019-09\23 - Fantasy\,{BLTG45~2019-09~0V14G78N~23 - Fantasy}
fantasy1.ow.btg.040.jpg,817500,c488bde3,\2019-09\23 - Fantasy\,{BLTG45~2019-09~0V14G78N~23 - Fantasy}
fantasy1.ow.btg.041.jpg,826787,d4593b3f,\2019-09\23 - Fantasy\,{BLTG45~2019-09~0V14G78N~23 - Fantasy}
fantasy1.ow.btg.042.jpg,915834,04fad2a0,\2019-09\23 - Fantasy\,{BLTG45~2019-09~0V14G78N~23 - Fantasy}
fantasy1.ow.btg.043.jpg,964334,4c19fbc8,\2019-09\23 - Fantasy\,{BLTG45~2019-09~0V14G78N~23 - Fantasy}
fantasy1.ow.btg.044.jpg,775263,e3dc72de,\2019-09\23 - Fantasy\,{BLTG45~2019-09~0V14G78N~23 - Fantasy}
fantasy1.ow.btg.045.jpg,946929,a30743b4,\2019-09\23 - Fantasy\,{BLTG45~2019-09~0V14G78N~23 - Fantasy}
fantasy1.ow.btg.046.jpg,956688,248635e6,\2019-09\23 - Fantasy\,{BLTG45~2019-09~0V14G78N~23 - Fantasy}
fantasy1.ow.btg.047.jpg,933122,03b09782,\2019-09\23 - Fantasy\,{BLTG45~2019-09~0V14G78N~23 - Fantasy}
fantasy1.ow.btg.048.jpg,960319,84f851ad,\2019-09\23 - Fantasy\,{BLTG45~2019-09~0V14G78N~23 - Fantasy}
fantasy1.ow.btg.049.jpg,973393,08477a72,\2019-09\23 - Fantasy\,{BLTG45~2019-09~0V14G78N~23 - Fantasy}
fantasy1.ow.btg.050.jpg,978446,85f6d66c,\2019-09\23 - Fantasy\,{BLTG45~2019-09~0V14G78N~23 - Fantasy}
fantasy1.ow.btg.051.jpg,896835,2cbf232f,\2019-09\23 - Fantasy\,{BLTG45~2019-09~0V14G78N~23 - Fantasy}
fantasy1.ow.btg.052.jpg,1061611,9e516283,\2019-09\23 - Fantasy\,{BLTG45~2019-09~0V14G78N~23 - Fantasy}
fantasy1.ow.btg.053.jpg,939839,e89e9e43,\2019-09\23 - Fantasy\,{BLTG45~2019-09~0V14G78N~23 - Fantasy}
fantasy1.ow.btg.054.jpg,1090476,fba8f29b,\2019-09\23 - Fantasy\,{BLTG45~2019-09~0V14G78N~23 - Fantasy}
fantasy1.ow.btg.055.jpg,1069099,df8e8637,\2019-09\23 - Fantasy\,{BLTG45~2019-09~0V14G78N~23 - Fantasy}
fantasy1.ow.btg.056.jpg,1110208,f9be6a62,\2019-09\23 - Fantasy\,{BLTG45~2019-09~0V14G78N~23 - Fantasy}
fantasy1.ow.btg.057.jpg,967504,007a08fe,\2019-09\23 - Fantasy\,{BLTG45~2019-09~0V14G78N~23 - Fantasy}
fantasy1.ow.btg.058.jpg,839040,bab3867a,\2019-09\23 - Fantasy\,{BLTG45~2019-09~0V14G78N~23 - Fantasy}
fantasy1.ow.btg.059.jpg,842358,7b506c9b,\2019-09\23 - Fantasy\,{BLTG45~2019-09~0V14G78N~23 - Fantasy}
fantasy1.ow.btg.060.jpg,862845,9bef13f8,\2019-09\23 - Fantasy\,{BLTG45~2019-09~0V14G78N~23 - Fantasy}
fantasy1.ow.btg.061.jpg,879410,69fd8ff7,\2019-09\23 - Fantasy\,{BLTG45~2019-09~0V14G78N~23 - Fantasy}
fantasy1.ow.btg.062.jpg,975824,47a3ee6f,\2019-09\23 - Fantasy\,{BLTG45~2019-09~0V14G78N~23 - Fantasy}
fantasy1.ow.btg.063.jpg,769956,24ca41e3,\2019-09\23 - Fantasy\,{BLTG45~2019-09~0V14G78N~23 - Fantasy}
fantasy1.ow.btg.064.jpg,978777,51ebe5ba,\2019-09\23 - Fantasy\,{BLTG45~2019-09~0V14G78N~23 - Fantasy}
fantasy1.ow.btg.065.jpg,869933,51946026,\2019-09\23 - Fantasy\,{BLTG45~2019-09~0V14G78N~23 - Fantasy}
fantasy1.ow.btg.066.jpg,736986,2f0ad63e,\2019-09\23 - Fantasy\,{BLTG45~2019-09~0V14G78N~23 - Fantasy}
fantasy1.ow.btg.067.jpg,705975,9cbec70b,\2019-09\23 - Fantasy\,{BLTG45~2019-09~0V14G78N~23 - Fantasy}
fantasy1.ow.btg.068.jpg,745516,650b1e5c,\2019-09\23 - Fantasy\,{BLTG45~2019-09~0V14G78N~23 - Fantasy}
fantasy1.ow.btg.069.jpg,819501,4d1baad0,\2019-09\23 - Fantasy\,{BLTG45~2019-09~0V14G78N~23 - Fantasy}
fantasy1.ow.btg.070.jpg,1210477,02bbef77,\2019-09\23 - Fantasy\,{BLTG45~2019-09~0V14G78N~23 - Fantasy}
fantasy1.ow.btg.071.jpg,1220661,0defe725,\2019-09\23 - Fantasy\,{BLTG45~2019-09~0V14G78N~23 - Fantasy}
fantasy1.ow.btg.072.jpg,1397335,304b8a31,\2019-09\23 - Fantasy\,{BLTG45~2019-09~0V14G78N~23 - Fantasy}
fantasy1.ow.btg.073.jpg,877496,96fa8e55,\2019-09\23 - Fantasy\,{BLTG45~2019-09~0V14G78N~23 - Fantasy}
fantasy1.ow.btg.074.jpg,849013,58df8ac6,\2019-09\23 - Fantasy\,{BLTG45~2019-09~0V14G78N~23 - Fantasy}
fantasy1.ow.btg.075.jpg,889113,5ec8b909,\2019-09\23 - Fantasy\,{BLTG45~2019-09~0V14G78N~23 - Fantasy}
fantasy1.ow.btg.076.jpg,851029,49303825,\2019-09\23 - Fantasy\,{BLTG45~2019-09~0V14G78N~23 - Fantasy}
fantasy1.ow.btg.077.jpg,735249,65a579e0,\2019-09\23 - Fantasy\,{BLTG45~2019-09~0V14G78N~23 - Fantasy}
fantasy1.ow.btg.078.jpg,866351,1ae930b6,\2019-09\23 - Fantasy\,{BLTG45~2019-09~0V14G78N~23 - Fantasy}
fantasy1.ow.btg.079.jpg,835423,e241c428,\2019-09\23 - Fantasy\,{BLTG45~2019-09~0V14G78N~23 - Fantasy}
fantasy1.ow.btg.080.jpg,999824,f0edeb4f,\2019-09\23 - Fantasy\,{BLTG45~2019-09~0V14G78N~23 - Fantasy}
fantasy1.ow.btg.081.jpg,852853,e96ab803,\2019-09\23 - Fantasy\,{BLTG45~2019-09~0V14G78N~23 - Fantasy}
fantasy1.ow.btg.082.jpg,1002233,0f93914c,\2019-09\23 - Fantasy\,{BLTG45~2019-09~0V14G78N~23 - Fantasy}
fantasy1.ow.btg.083.jpg,757644,97af0f8f,\2019-09\23 - Fantasy\,{BLTG45~2019-09~0V14G78N~23 - Fantasy}
fantasy1.ow.btg.084.jpg,1008405,dd1f2262,\2019-09\23 - Fantasy\,{BLTG45~2019-09~0V14G78N~23 - Fantasy}
fantasy1.ow.btg.085.jpg,931594,506b2c16,\2019-09\23 - Fantasy\,{BLTG45~2019-09~0V14G78N~23 - Fantasy}
fantasy1.ow.btg.086.jpg,820249,789f5634,\2019-09\23 - Fantasy\,{BLTG45~2019-09~0V14G78N~23 - Fantasy}
fantasy1.ow.btg.087.jpg,1060600,b402c3cf,\2019-09\23 - Fantasy\,{BLTG45~2019-09~0V14G78N~23 - Fantasy}
fantasy1.ow.btg.088.jpg,776618,b98f8a57,\2019-09\23 - Fantasy\,{BLTG45~2019-09~0V14G78N~23 - Fantasy}
fantasy1.ow.btg.089.jpg,931115,22a98cc6,\2019-09\23 - Fantasy\,{BLTG45~2019-09~0V14G78N~23 - Fantasy}
fantasy1.ow.btg.090.jpg,1075460,81cadbe3,\2019-09\23 - Fantasy\,{BLTG45~2019-09~0V14G78N~23 - Fantasy}
fantasy1.ow.btg.091.jpg,675939,89b83bf9,\2019-09\23 - Fantasy\,{BLTG45~2019-09~0V14G78N~23 - Fantasy}
fantasy1.ow.btg.092.jpg,946723,da123a7c,\2019-09\23 - Fantasy\,{BLTG45~2019-09~0V14G78N~23 - Fantasy}
fantasy1.ow.btg.093.jpg,1048804,520caf93,\2019-09\23 - Fantasy\,{BLTG45~2019-09~0V14G78N~23 - Fantasy}
fantasy1.ow.btg.094.jpg,900944,94263836,\2019-09\23 - Fantasy\,{BLTG45~2019-09~0V14G78N~23 - Fantasy}
fantasy1.ow.btg.095.jpg,777747,612abb11,\2019-09\23 - Fantasy\,{BLTG45~2019-09~0V14G78N~23 - Fantasy}
fantasy1.ow.btg.096.jpg,847620,9bebe006,\2019-09\23 - Fantasy\,{BLTG45~2019-09~0V14G78N~23 - Fantasy}
fantasy1.ow.btg.097.jpg,797542,6e653abf,\2019-09\23 - Fantasy\,{BLTG45~2019-09~0V14G78N~23 - Fantasy}
fantasy1.ow.btg.098.jpg,814222,80c76bc6,\2019-09\23 - Fantasy\,{BLTG45~2019-09~0V14G78N~23 - Fantasy}
fantasy1.ow.btg.099.jpg,1064082,b820e076,\2019-09\23 - Fantasy\,{BLTG45~2019-09~0V14G78N~23 - Fantasy}
fantasy1.ow.btg.100.jpg,878951,9ec3e47d,\2019-09\23 - Fantasy\,{BLTG45~2019-09~0V14G78N~23 - Fantasy}
fantasy1.ow.btg.101.jpg,835106,8ea89fc1,\2019-09\23 - Fantasy\,{BLTG45~2019-09~0V14G78N~23 - Fantasy}
fantasy1.ow.btg.102.jpg,992138,caffe8b3,\2019-09\23 - Fantasy\,{BLTG45~2019-09~0V14G78N~23 - Fantasy}
fantasy1.ow.btg.103.jpg,1000895,529c722f,\2019-09\23 - Fantasy\,{BLTG45~2019-09~0V14G78N~23 - Fantasy}
fantasy1.ow.btg.104.jpg,920761,07aa2e89,\2019-09\23 - Fantasy\,{BLTG45~2019-09~0V14G78N~23 - Fantasy}
fantasy1.ow.btg.105.jpg,1029997,828be894,\2019-09\23 - Fantasy\,{BLTG45~2019-09~0V14G78N~23 - Fantasy}
fantasy1.ow.btg.106.jpg,1108796,5228abbb,\2019-09\23 - Fantasy\,{BLTG45~2019-09~0V14G78N~23 - Fantasy}
fantasy1.ow.btg.107.jpg,1002510,6806cd99,\2019-09\23 - Fantasy\,{BLTG45~2019-09~0V14G78N~23 - Fantasy}
fantasy1.ow.btg.108.jpg,997555,c35d64cc,\2019-09\23 - Fantasy\,{BLTG45~2019-09~0V14G78N~23 - Fantasy}
fantasy1.ow.btg.109.jpg,909668,50157ef8,\2019-09\23 - Fantasy\,{BLTG45~2019-09~0V14G78N~23 - Fantasy}
fantasy1.ow.btg.110.jpg,872362,8c7d2974,\2019-09\23 - Fantasy\,{BLTG45~2019-09~0V14G78N~23 - Fantasy}
fantasy1.ow.btg.111.jpg,969296,6b3b17a8,\2019-09\23 - Fantasy\,{BLTG45~2019-09~0V14G78N~23 - Fantasy}
sweett3.kk.btg.001.jpg,776020,5d736dbf,\2019-09\24 - Sweet T\,{BLTG45~2019-09~0V1558Q1~24 - Sweet T}
sweett3.kk.btg.002.jpg,824518,a7873447,\2019-09\24 - Sweet T\,{BLTG45~2019-09~0V1558Q1~24 - Sweet T}
sweett3.kk.btg.003.jpg,793322,3946c87b,\2019-09\24 - Sweet T\,{BLTG45~2019-09~0V1558Q1~24 - Sweet T}
sweett3.kk.btg.004.jpg,751173,2d6224e6,\2019-09\24 - Sweet T\,{BLTG45~2019-09~0V1558Q1~24 - Sweet T}
sweett3.kk.btg.005.jpg,657194,e6f5d537,\2019-09\24 - Sweet T\,{BLTG45~2019-09~0V1558Q1~24 - Sweet T}
sweett3.kk.btg.006.jpg,791059,8e2e0dd9,\2019-09\24 - Sweet T\,{BLTG45~2019-09~0V1558Q1~24 - Sweet T}
sweett3.kk.btg.007.jpg,643653,e44f2c00,\2019-09\24 - Sweet T\,{BLTG45~2019-09~0V1558Q1~24 - Sweet T}
sweett3.kk.btg.008.jpg,793604,b4d005af,\2019-09\24 - Sweet T\,{BLTG45~2019-09~0V1558Q1~24 - Sweet T}
sweett3.kk.btg.009.jpg,821892,a2f41d32,\2019-09\24 - Sweet T\,{BLTG45~2019-09~0V1558Q1~24 - Sweet T}
sweett3.kk.btg.010.jpg,686736,53346b1b,\2019-09\24 - Sweet T\,{BLTG45~2019-09~0V1558Q1~24 - Sweet T}
sweett3.kk.btg.011.jpg,629464,5adcd5b0,\2019-09\24 - Sweet T\,{BLTG45~2019-09~0V1558Q1~24 - Sweet T}
sweett3.kk.btg.012.jpg,853379,32e5c5aa,\2019-09\24 - Sweet T\,{BLTG45~2019-09~0V1558Q1~24 - Sweet T}
sweett3.kk.btg.013.jpg,923276,2bfb65c8,\2019-09\24 - Sweet T\,{BLTG45~2019-09~0V1558Q1~24 - Sweet T}
sweett3.kk.btg.014.jpg,962746,a03eaaa9,\2019-09\24 - Sweet T\,{BLTG45~2019-09~0V1558Q1~24 - Sweet T}
sweett3.kk.btg.015.jpg,932334,f1bae11b,\2019-09\24 - Sweet T\,{BLTG45~2019-09~0V1558Q1~24 - Sweet T}
sweett3.kk.btg.016.jpg,948544,775d1031,\2019-09\24 - Sweet T\,{BLTG45~2019-09~0V1558Q1~24 - Sweet T}
sweett3.kk.btg.017.jpg,870361,0b4392af,\2019-09\24 - Sweet T\,{BLTG45~2019-09~0V1558Q1~24 - Sweet T}
sweett3.kk.btg.018.jpg,975889,dbb56975,\2019-09\24 - Sweet T\,{BLTG45~2019-09~0V1558Q1~24 - Sweet T}
sweett3.kk.btg.019.jpg,1006804,34ccaaba,\2019-09\24 - Sweet T\,{BLTG45~2019-09~0V1558Q1~24 - Sweet T}
sweett3.kk.btg.020.jpg,746053,a5b34ea8,\2019-09\24 - Sweet T\,{BLTG45~2019-09~0V1558Q1~24 - Sweet T}
sweett3.kk.btg.021.jpg,768995,6d250f1c,\2019-09\24 - Sweet T\,{BLTG45~2019-09~0V1558Q1~24 - Sweet T}
sweett3.kk.btg.022.jpg,915375,77b1df6c,\2019-09\24 - Sweet T\,{BLTG45~2019-09~0V1558Q1~24 - Sweet T}
sweett3.kk.btg.023.jpg,740846,882d344b,\2019-09\24 - Sweet T\,{BLTG45~2019-09~0V1558Q1~24 - Sweet T}
sweett3.kk.btg.024.jpg,900645,dd028944,\2019-09\24 - Sweet T\,{BLTG45~2019-09~0V1558Q1~24 - Sweet T}
sweett3.kk.btg.025.jpg,887154,0987ae08,\2019-09\24 - Sweet T\,{BLTG45~2019-09~0V1558Q1~24 - Sweet T}
sweett3.kk.btg.026.jpg,758836,19802490,\2019-09\24 - Sweet T\,{BLTG45~2019-09~0V1558Q1~24 - Sweet T}
sweett3.kk.btg.027.jpg,818026,2325054d,\2019-09\24 - Sweet T\,{BLTG45~2019-09~0V1558Q1~24 - Sweet T}
sweett3.kk.btg.028.jpg,798473,35e793ab,\2019-09\24 - Sweet T\,{BLTG45~2019-09~0V1558Q1~24 - Sweet T}
sweett3.kk.btg.029.jpg,807796,3edbea4d,\2019-09\24 - Sweet T\,{BLTG45~2019-09~0V1558Q1~24 - Sweet T}
sweett3.kk.btg.030.jpg,778196,c43c74b6,\2019-09\24 - Sweet T\,{BLTG45~2019-09~0V1558Q1~24 - Sweet T}
sweett3.kk.btg.031.jpg,701877,db2c0c73,\2019-09\24 - Sweet T\,{BLTG45~2019-09~0V1558Q1~24 - Sweet T}
sweett3.kk.btg.032.jpg,801195,ac114ec8,\2019-09\24 - Sweet T\,{BLTG45~2019-09~0V1558Q1~24 - Sweet T}
sweett3.kk.btg.033.jpg,756530,68777812,\2019-09\24 - Sweet T\,{BLTG45~2019-09~0V1558Q1~24 - Sweet T}
sweett3.kk.btg.034.jpg,949840,32344d82,\2019-09\24 - Sweet T\,{BLTG45~2019-09~0V1558Q1~24 - Sweet T}
sweett3.kk.btg.035.jpg,890594,7a319b05,\2019-09\24 - Sweet T\,{BLTG45~2019-09~0V1558Q1~24 - Sweet T}
sweett3.kk.btg.036.jpg,904837,9e267eda,\2019-09\24 - Sweet T\,{BLTG45~2019-09~0V1558Q1~24 - Sweet T}
sweett3.kk.btg.037.jpg,892971,a07cf7f2,\2019-09\24 - Sweet T\,{BLTG45~2019-09~0V1558Q1~24 - Sweet T}
sweett3.kk.btg.038.jpg,985130,54905a5d,\2019-09\24 - Sweet T\,{BLTG45~2019-09~0V1558Q1~24 - Sweet T}
sweett3.kk.btg.039.jpg,981868,fa119f08,\2019-09\24 - Sweet T\,{BLTG45~2019-09~0V1558Q1~24 - Sweet T}
sweett3.kk.btg.040.jpg,832638,d6df8ebd,\2019-09\24 - Sweet T\,{BLTG45~2019-09~0V1558Q1~24 - Sweet T}
sweett3.kk.btg.041.jpg,674961,1cba0d29,\2019-09\24 - Sweet T\,{BLTG45~2019-09~0V1558Q1~24 - Sweet T}
sweett3.kk.btg.042.jpg,639539,295aa86c,\2019-09\24 - Sweet T\,{BLTG45~2019-09~0V1558Q1~24 - Sweet T}
sweett3.kk.btg.043.jpg,961096,826ffcb5,\2019-09\24 - Sweet T\,{BLTG45~2019-09~0V1558Q1~24 - Sweet T}
sweett3.kk.btg.044.jpg,771520,091f9162,\2019-09\24 - Sweet T\,{BLTG45~2019-09~0V1558Q1~24 - Sweet T}
sweett3.kk.btg.045.jpg,1045414,0b705da5,\2019-09\24 - Sweet T\,{BLTG45~2019-09~0V1558Q1~24 - Sweet T}
sweett3.kk.btg.046.jpg,689862,1c590794,\2019-09\24 - Sweet T\,{BLTG45~2019-09~0V1558Q1~24 - Sweet T}
sweett3.kk.btg.047.jpg,1017068,28a16341,\2019-09\24 - Sweet T\,{BLTG45~2019-09~0V1558Q1~24 - Sweet T}
sweett3.kk.btg.048.jpg,692084,b6a8d9bb,\2019-09\24 - Sweet T\,{BLTG45~2019-09~0V1558Q1~24 - Sweet T}
sweett3.kk.btg.049.jpg,741798,7a0ac40a,\2019-09\24 - Sweet T\,{BLTG45~2019-09~0V1558Q1~24 - Sweet T}
sweett3.kk.btg.050.jpg,836029,3b73429d,\2019-09\24 - Sweet T\,{BLTG45~2019-09~0V1558Q1~24 - Sweet T}
sweett3.kk.btg.051.jpg,779681,80aec659,\2019-09\24 - Sweet T\,{BLTG45~2019-09~0V1558Q1~24 - Sweet T}
sweett3.kk.btg.052.jpg,770974,21026d45,\2019-09\24 - Sweet T\,{BLTG45~2019-09~0V1558Q1~24 - Sweet T}
sweett3.kk.btg.053.jpg,700769,74d59e6b,\2019-09\24 - Sweet T\,{BLTG45~2019-09~0V1558Q1~24 - Sweet T}
sweett3.kk.btg.054.jpg,638817,102e1d9d,\2019-09\24 - Sweet T\,{BLTG45~2019-09~0V1558Q1~24 - Sweet T}
sweett3.kk.btg.055.jpg,719662,fe845ebe,\2019-09\24 - Sweet T\,{BLTG45~2019-09~0V1558Q1~24 - Sweet T}
sweett3.kk.btg.056.jpg,712124,0362c2ef,\2019-09\24 - Sweet T\,{BLTG45~2019-09~0V1558Q1~24 - Sweet T}
sweett3.kk.btg.057.jpg,857983,1bdeefb9,\2019-09\24 - Sweet T\,{BLTG45~2019-09~0V1558Q1~24 - Sweet T}
sweett3.kk.btg.058.jpg,868790,481ec3e6,\2019-09\24 - Sweet T\,{BLTG45~2019-09~0V1558Q1~24 - Sweet T}
sweett3.kk.btg.059.jpg,712255,c2612332,\2019-09\24 - Sweet T\,{BLTG45~2019-09~0V1558Q1~24 - Sweet T}
sweett3.kk.btg.060.jpg,799529,8bb1effe,\2019-09\24 - Sweet T\,{BLTG45~2019-09~0V1558Q1~24 - Sweet T}
sweett3.kk.btg.061.jpg,747094,2eccf6e9,\2019-09\24 - Sweet T\,{BLTG45~2019-09~0V1558Q1~24 - Sweet T}
sweett3.kk.btg.062.jpg,746748,60147ceb,\2019-09\24 - Sweet T\,{BLTG45~2019-09~0V1558Q1~24 - Sweet T}
sweett3.kk.btg.063.jpg,803414,4207ef52,\2019-09\24 - Sweet T\,{BLTG45~2019-09~0V1558Q1~24 - Sweet T}
sweett3.kk.btg.064.jpg,762929,043c5957,\2019-09\24 - Sweet T\,{BLTG45~2019-09~0V1558Q1~24 - Sweet T}
sweett3.kk.btg.065.jpg,733716,334b576a,\2019-09\24 - Sweet T\,{BLTG45~2019-09~0V1558Q1~24 - Sweet T}
sweett3.kk.btg.066.jpg,753626,51fb9c3d,\2019-09\24 - Sweet T\,{BLTG45~2019-09~0V1558Q1~24 - Sweet T}
sweett3.kk.btg.067.jpg,757170,10bfa849,\2019-09\24 - Sweet T\,{BLTG45~2019-09~0V1558Q1~24 - Sweet T}
sweett3.kk.btg.068.jpg,650421,851a48c4,\2019-09\24 - Sweet T\,{BLTG45~2019-09~0V1558Q1~24 - Sweet T}
sweett3.kk.btg.069.jpg,697905,64cd9ddc,\2019-09\24 - Sweet T\,{BLTG45~2019-09~0V1558Q1~24 - Sweet T}
sweett3.kk.btg.070.jpg,714195,04c62d43,\2019-09\24 - Sweet T\,{BLTG45~2019-09~0V1558Q1~24 - Sweet T}
sweett3.kk.btg.071.jpg,726367,5a3bda14,\2019-09\24 - Sweet T\,{BLTG45~2019-09~0V1558Q1~24 - Sweet T}
sweett3.kk.btg.072.jpg,719742,f178264c,\2019-09\24 - Sweet T\,{BLTG45~2019-09~0V1558Q1~24 - Sweet T}
sweett3.kk.btg.073.jpg,733527,86097f31,\2019-09\24 - Sweet T\,{BLTG45~2019-09~0V1558Q1~24 - Sweet T}
sweett3.kk.btg.074.jpg,832033,4b7601af,\2019-09\24 - Sweet T\,{BLTG45~2019-09~0V1558Q1~24 - Sweet T}
sweett3.kk.btg.075.jpg,793478,7f5d1dec,\2019-09\24 - Sweet T\,{BLTG45~2019-09~0V1558Q1~24 - Sweet T}
sweett3.kk.btg.076.jpg,700556,1d3a2353,\2019-09\24 - Sweet T\,{BLTG45~2019-09~0V1558Q1~24 - Sweet T}
sweett3.kk.btg.077.jpg,664184,74d9bc6f,\2019-09\24 - Sweet T\,{BLTG45~2019-09~0V1558Q1~24 - Sweet T}
sweett3.kk.btg.078.jpg,918664,9ac0c82d,\2019-09\24 - Sweet T\,{BLTG45~2019-09~0V1558Q1~24 - Sweet T}
sweett3.kk.btg.079.jpg,874646,12d31310,\2019-09\24 - Sweet T\,{BLTG45~2019-09~0V1558Q1~24 - Sweet T}
sweett3.kk.btg.080.jpg,822187,56633132,\2019-09\24 - Sweet T\,{BLTG45~2019-09~0V1558Q1~24 - Sweet T}
sweett3.kk.btg.081.jpg,795208,c9df649f,\2019-09\24 - Sweet T\,{BLTG45~2019-09~0V1558Q1~24 - Sweet T}
sweett3.kk.btg.082.jpg,720165,64398c62,\2019-09\24 - Sweet T\,{BLTG45~2019-09~0V1558Q1~24 - Sweet T}
sweett3.kk.btg.083.jpg,648572,eb19f8a3,\2019-09\24 - Sweet T\,{BLTG45~2019-09~0V1558Q1~24 - Sweet T}
sweett3.kk.btg.084.jpg,695465,47f90c46,\2019-09\24 - Sweet T\,{BLTG45~2019-09~0V1558Q1~24 - Sweet T}
sweett3.kk.btg.085.jpg,711421,c9351ce9,\2019-09\24 - Sweet T\,{BLTG45~2019-09~0V1558Q1~24 - Sweet T}
sweett3.kk.btg.086.jpg,714684,62128353,\2019-09\24 - Sweet T\,{BLTG45~2019-09~0V1558Q1~24 - Sweet T}
sweett3.kk.btg.087.jpg,963422,6f1c684c,\2019-09\24 - Sweet T\,{BLTG45~2019-09~0V1558Q1~24 - Sweet T}
sweett3.kk.btg.088.jpg,703957,f50108b3,\2019-09\24 - Sweet T\,{BLTG45~2019-09~0V1558Q1~24 - Sweet T}
sweett3.kk.btg.089.jpg,807239,eaf938c9,\2019-09\24 - Sweet T\,{BLTG45~2019-09~0V1558Q1~24 - Sweet T}
sweett3.kk.btg.090.jpg,781986,c3e43796,\2019-09\24 - Sweet T\,{BLTG45~2019-09~0V1558Q1~24 - Sweet T}
sweett3.kk.btg.091.jpg,766663,30d93625,\2019-09\24 - Sweet T\,{BLTG45~2019-09~0V1558Q1~24 - Sweet T}
sweett3.kk.btg.092.jpg,909960,9194543d,\2019-09\24 - Sweet T\,{BLTG45~2019-09~0V1558Q1~24 - Sweet T}
sweett3.kk.btg.093.jpg,824419,79093fc7,\2019-09\24 - Sweet T\,{BLTG45~2019-09~0V1558Q1~24 - Sweet T}
sweett3.kk.btg.094.jpg,730586,78ef08a0,\2019-09\24 - Sweet T\,{BLTG45~2019-09~0V1558Q1~24 - Sweet T}
sweett3.kk.btg.095.jpg,803631,76aaaa3b,\2019-09\24 - Sweet T\,{BLTG45~2019-09~0V1558Q1~24 - Sweet T}
sweett3.kk.btg.096.jpg,807112,2c85e2ae,\2019-09\24 - Sweet T\,{BLTG45~2019-09~0V1558Q1~24 - Sweet T}
sweett3.kk.btg.097.jpg,740672,32e590bd,\2019-09\24 - Sweet T\,{BLTG45~2019-09~0V1558Q1~24 - Sweet T}
sweett3.kk.btg.098.jpg,852338,c57e438d,\2019-09\24 - Sweet T\,{BLTG45~2019-09~0V1558Q1~24 - Sweet T}
sweett3.kk.btg.099.jpg,858388,a926d99e,\2019-09\24 - Sweet T\,{BLTG45~2019-09~0V1558Q1~24 - Sweet T}
sweett3.kk.btg.100.jpg,931177,cff2de6c,\2019-09\24 - Sweet T\,{BLTG45~2019-09~0V1558Q1~24 - Sweet T}
sweett3.kk.btg.101.jpg,850355,00c0a655,\2019-09\24 - Sweet T\,{BLTG45~2019-09~0V1558Q1~24 - Sweet T}
sweett3.kk.btg.102.jpg,766849,f2cc8f55,\2019-09\24 - Sweet T\,{BLTG45~2019-09~0V1558Q1~24 - Sweet T}
sweett3.kk.btg.103.jpg,664930,106a5acd,\2019-09\24 - Sweet T\,{BLTG45~2019-09~0V1558Q1~24 - Sweet T}
sweett3.kk.btg.104.jpg,676576,3895776f,\2019-09\24 - Sweet T\,{BLTG45~2019-09~0V1558Q1~24 - Sweet T}
sweett3.kk.btg.105.jpg,662944,312c3997,\2019-09\24 - Sweet T\,{BLTG45~2019-09~0V1558Q1~24 - Sweet T}
sweett3.kk.btg.106.jpg,798630,2d4ba8d7,\2019-09\24 - Sweet T\,{BLTG45~2019-09~0V1558Q1~24 - Sweet T}
sweett3.kk.btg.107.jpg,952748,77f6e900,\2019-09\24 - Sweet T\,{BLTG45~2019-09~0V1558Q1~24 - Sweet T}