lanahfriasfernandopepe.ld.001.jpg,1571294,26424b8b,\2024-12\20 - Lanah Frias\,{BTGX39~2024-12~2J0SHEIJ~20 - Lanah Frias}
lanahfriasfernandopepe.ld.002.jpg,2159673,ec119a0d,\2024-12\20 - Lanah Frias\,{BTGX39~2024-12~2J0SHEIJ~20 - Lanah Frias}
lanahfriasfernandopepe.ld.003.jpg,1692057,f17c3b06,\2024-12\20 - Lanah Frias\,{BTGX39~2024-12~2J0SHEIJ~20 - Lanah Frias}
lanahfriasfernandopepe.ld.004.jpg,1792937,8194bbb4,\2024-12\20 - Lanah Frias\,{BTGX39~2024-12~2J0SHEIJ~20 - Lanah Frias}
lanahfriasfernandopepe.ld.005.jpg,2286080,f0e1b56c,\2024-12\20 - Lanah Frias\,{BTGX39~2024-12~2J0SHEIJ~20 - Lanah Frias}
lanahfriasfernandopepe.ld.006.jpg,1474905,28681d6c,\2024-12\20 - Lanah Frias\,{BTGX39~2024-12~2J0SHEIJ~20 - Lanah Frias}
lanahfriasfernandopepe.ld.007.jpg,2267934,972a70f3,\2024-12\20 - Lanah Frias\,{BTGX39~2024-12~2J0SHEIJ~20 - Lanah Frias}
lanahfriasfernandopepe.ld.008.jpg,1733254,3f6168b7,\2024-12\20 - Lanah Frias\,{BTGX39~2024-12~2J0SHEIJ~20 - Lanah Frias}
lanahfriasfernandopepe.ld.009.jpg,1791403,54da5459,\2024-12\20 - Lanah Frias\,{BTGX39~2024-12~2J0SHEIJ~20 - Lanah Frias}
lanahfriasfernandopepe.ld.010.jpg,2053640,edf81495,\2024-12\20 - Lanah Frias\,{BTGX39~2024-12~2J0SHEIJ~20 - Lanah Frias}
lanahfriasfernandopepe.ld.011.jpg,1854424,ac8a95ef,\2024-12\20 - Lanah Frias\,{BTGX39~2024-12~2J0SHEIJ~20 - Lanah Frias}
lanahfriasfernandopepe.ld.012.jpg,1623787,da99cec3,\2024-12\20 - Lanah Frias\,{BTGX39~2024-12~2J0SHEIJ~20 - Lanah Frias}
lanahfriasfernandopepe.ld.013.jpg,2262620,8c817870,\2024-12\20 - Lanah Frias\,{BTGX39~2024-12~2J0SHEIJ~20 - Lanah Frias}
lanahfriasfernandopepe.ld.014.jpg,1910706,85aa7a3b,\2024-12\20 - Lanah Frias\,{BTGX39~2024-12~2J0SHEIJ~20 - Lanah Frias}
lanahfriasfernandopepe.ld.015.jpg,2148094,ab23576a,\2024-12\20 - Lanah Frias\,{BTGX39~2024-12~2J0SHEIJ~20 - Lanah Frias}
lanahfriasfernandopepe.ld.016.jpg,2054424,e10b8fde,\2024-12\20 - Lanah Frias\,{BTGX39~2024-12~2J0SHEIJ~20 - Lanah Frias}
lanahfriasfernandopepe.ld.017.jpg,2462280,952bc22c,\2024-12\20 - Lanah Frias\,{BTGX39~2024-12~2J0SHEIJ~20 - Lanah Frias}
lanahfriasfernandopepe.ld.018.jpg,2286383,ea4cee96,\2024-12\20 - Lanah Frias\,{BTGX39~2024-12~2J0SHEIJ~20 - Lanah Frias}
lanahfriasfernandopepe.ld.019.jpg,1785286,b87d0ac9,\2024-12\20 - Lanah Frias\,{BTGX39~2024-12~2J0SHEIJ~20 - Lanah Frias}
lanahfriasfernandopepe.ld.020.jpg,2131783,2e00a057,\2024-12\20 - Lanah Frias\,{BTGX39~2024-12~2J0SHEIJ~20 - Lanah Frias}
lanahfriasfernandopepe.ld.021.jpg,2779984,a95b744f,\2024-12\20 - Lanah Frias\,{BTGX39~2024-12~2J0SHEIJ~20 - Lanah Frias}
lanahfriasfernandopepe.ld.022.jpg,2397385,212af485,\2024-12\20 - Lanah Frias\,{BTGX39~2024-12~2J0SHEIJ~20 - Lanah Frias}
lanahfriasfernandopepe.ld.023.jpg,2317072,b2b67434,\2024-12\20 - Lanah Frias\,{BTGX39~2024-12~2J0SHEIJ~20 - Lanah Frias}
lanahfriasfernandopepe.ld.024.jpg,2258187,738609e6,\2024-12\20 - Lanah Frias\,{BTGX39~2024-12~2J0SHEIJ~20 - Lanah Frias}
lanahfriasfernandopepe.ld.025.jpg,2100244,e14dbab7,\2024-12\20 - Lanah Frias\,{BTGX39~2024-12~2J0SHEIJ~20 - Lanah Frias}
lanahfriasfernandopepe.ld.026.jpg,2375946,3e52eb8f,\2024-12\20 - Lanah Frias\,{BTGX39~2024-12~2J0SHEIJ~20 - Lanah Frias}
lanahfriasfernandopepe.ld.027.jpg,2024661,6e3c227a,\2024-12\20 - Lanah Frias\,{BTGX39~2024-12~2J0SHEIJ~20 - Lanah Frias}
lanahfriasfernandopepe.ld.028.jpg,2163905,05dbbdfa,\2024-12\20 - Lanah Frias\,{BTGX39~2024-12~2J0SHEIJ~20 - Lanah Frias}
lanahfriasfernandopepe.ld.029.jpg,2070975,ffccada7,\2024-12\20 - Lanah Frias\,{BTGX39~2024-12~2J0SHEIJ~20 - Lanah Frias}
lanahfriasfernandopepe.ld.030.jpg,1983094,dd95147b,\2024-12\20 - Lanah Frias\,{BTGX39~2024-12~2J0SHEIJ~20 - Lanah Frias}
lanahfriasfernandopepe.ld.031.jpg,2150575,5d6a3d4a,\2024-12\20 - Lanah Frias\,{BTGX39~2024-12~2J0SHEIJ~20 - Lanah Frias}
lanahfriasfernandopepe.ld.032.jpg,2159720,79daab02,\2024-12\20 - Lanah Frias\,{BTGX39~2024-12~2J0SHEIJ~20 - Lanah Frias}
lanahfriasfernandopepe.ld.033.jpg,2080326,dc4ddf2a,\2024-12\20 - Lanah Frias\,{BTGX39~2024-12~2J0SHEIJ~20 - Lanah Frias}
lanahfriasfernandopepe.ld.034.jpg,2058382,e0c6f80f,\2024-12\20 - Lanah Frias\,{BTGX39~2024-12~2J0SHEIJ~20 - Lanah Frias}
lanahfriasfernandopepe.ld.035.jpg,2074924,d011810b,\2024-12\20 - Lanah Frias\,{BTGX39~2024-12~2J0SHEIJ~20 - Lanah Frias}
lanahfriasfernandopepe.ld.036.jpg,1882457,4f29d14a,\2024-12\20 - Lanah Frias\,{BTGX39~2024-12~2J0SHEIJ~20 - Lanah Frias}
lanahfriasfernandopepe.ld.037.jpg,2599225,8c6df2bc,\2024-12\20 - Lanah Frias\,{BTGX39~2024-12~2J0SHEIJ~20 - Lanah Frias}
lanahfriasfernandopepe.ld.038.jpg,2156605,1f081078,\2024-12\20 - Lanah Frias\,{BTGX39~2024-12~2J0SHEIJ~20 - Lanah Frias}
lanahfriasfernandopepe.ld.039.jpg,2150305,313bc50f,\2024-12\20 - Lanah Frias\,{BTGX39~2024-12~2J0SHEIJ~20 - Lanah Frias}
lanahfriasfernandopepe.ld.040.jpg,2384222,95b1ba5a,\2024-12\20 - Lanah Frias\,{BTGX39~2024-12~2J0SHEIJ~20 - Lanah Frias}
lanahfriasfernandopepe.ld.041.jpg,2084968,7880dd99,\2024-12\20 - Lanah Frias\,{BTGX39~2024-12~2J0SHEIJ~20 - Lanah Frias}
lanahfriasfernandopepe.ld.042.jpg,2441795,fa285510,\2024-12\20 - Lanah Frias\,{BTGX39~2024-12~2J0SHEIJ~20 - Lanah Frias}
lanahfriasfernandopepe.ld.043.jpg,2467403,edc22087,\2024-12\20 - Lanah Frias\,{BTGX39~2024-12~2J0SHEIJ~20 - Lanah Frias}
lanahfriasfernandopepe.ld.044.jpg,2487068,0f57ef8f,\2024-12\20 - Lanah Frias\,{BTGX39~2024-12~2J0SHEIJ~20 - Lanah Frias}
lanahfriasfernandopepe.ld.045.jpg,2384944,7f1b89ff,\2024-12\20 - Lanah Frias\,{BTGX39~2024-12~2J0SHEIJ~20 - Lanah Frias}
lanahfriasfernandopepe.ld.046.jpg,2421425,0b727172,\2024-12\20 - Lanah Frias\,{BTGX39~2024-12~2J0SHEIJ~20 - Lanah Frias}
lanahfriasfernandopepe.ld.047.jpg,2143617,1fdede79,\2024-12\20 - Lanah Frias\,{BTGX39~2024-12~2J0SHEIJ~20 - Lanah Frias}
lanahfriasfernandopepe.ld.048.jpg,2267388,8638a58c,\2024-12\20 - Lanah Frias\,{BTGX39~2024-12~2J0SHEIJ~20 - Lanah Frias}
lanahfriasfernandopepe.ld.049.jpg,2147500,003a853b,\2024-12\20 - Lanah Frias\,{BTGX39~2024-12~2J0SHEIJ~20 - Lanah Frias}
lanahfriasfernandopepe.ld.050.jpg,2602669,3dc0b297,\2024-12\20 - Lanah Frias\,{BTGX39~2024-12~2J0SHEIJ~20 - Lanah Frias}
lanahfriasfernandopepe.ld.051.jpg,2523655,2abdba0c,\2024-12\20 - Lanah Frias\,{BTGX39~2024-12~2J0SHEIJ~20 - Lanah Frias}
lanahfriasfernandopepe.ld.052.jpg,2254124,99bd3982,\2024-12\20 - Lanah Frias\,{BTGX39~2024-12~2J0SHEIJ~20 - Lanah Frias}
lanahfriasfernandopepe.ld.053.jpg,2318623,dcdabbfb,\2024-12\20 - Lanah Frias\,{BTGX39~2024-12~2J0SHEIJ~20 - Lanah Frias}
lanahfriasfernandopepe.ld.054.jpg,2317044,b1aa5701,\2024-12\20 - Lanah Frias\,{BTGX39~2024-12~2J0SHEIJ~20 - Lanah Frias}
lanahfriasfernandopepe.ld.055.jpg,1917012,4c35b40a,\2024-12\20 - Lanah Frias\,{BTGX39~2024-12~2J0SHEIJ~20 - Lanah Frias}
lanahfriasfernandopepe.ld.056.jpg,2297504,edaeec14,\2024-12\20 - Lanah Frias\,{BTGX39~2024-12~2J0SHEIJ~20 - Lanah Frias}
lanahfriasfernandopepe.ld.057.jpg,2148449,2caddc2a,\2024-12\20 - Lanah Frias\,{BTGX39~2024-12~2J0SHEIJ~20 - Lanah Frias}
lanahfriasfernandopepe.ld.058.jpg,2194665,7848c60a,\2024-12\20 - Lanah Frias\,{BTGX39~2024-12~2J0SHEIJ~20 - Lanah Frias}
lanahfriasfernandopepe.ld.059.jpg,2300117,439132ed,\2024-12\20 - Lanah Frias\,{BTGX39~2024-12~2J0SHEIJ~20 - Lanah Frias}
lanahfriasfernandopepe.ld.060.jpg,1932029,1737ae97,\2024-12\20 - Lanah Frias\,{BTGX39~2024-12~2J0SHEIJ~20 - Lanah Frias}
lanahfriasfernandopepe.ld.061.jpg,1895397,572fca3c,\2024-12\20 - Lanah Frias\,{BTGX39~2024-12~2J0SHEIJ~20 - Lanah Frias}
lanahfriasfernandopepe.ld.062.jpg,2427762,6dcd66fa,\2024-12\20 - Lanah Frias\,{BTGX39~2024-12~2J0SHEIJ~20 - Lanah Frias}
lanahfriasfernandopepe.ld.063.jpg,2391464,79781174,\2024-12\20 - Lanah Frias\,{BTGX39~2024-12~2J0SHEIJ~20 - Lanah Frias}
lanahfriasfernandopepe.ld.064.jpg,2319788,813b89e7,\2024-12\20 - Lanah Frias\,{BTGX39~2024-12~2J0SHEIJ~20 - Lanah Frias}
lanahfriasfernandopepe.ld.065.jpg,2232065,e7ec374a,\2024-12\20 - Lanah Frias\,{BTGX39~2024-12~2J0SHEIJ~20 - Lanah Frias}
lanahfriasfernandopepe.ld.066.jpg,2126871,be80daaa,\2024-12\20 - Lanah Frias\,{BTGX39~2024-12~2J0SHEIJ~20 - Lanah Frias}
lanahfriasfernandopepe.ld.067.jpg,2146851,78383448,\2024-12\20 - Lanah Frias\,{BTGX39~2024-12~2J0SHEIJ~20 - Lanah Frias}
lanahfriasfernandopepe.ld.068.jpg,2048878,84aea758,\2024-12\20 - Lanah Frias\,{BTGX39~2024-12~2J0SHEIJ~20 - Lanah Frias}
lanahfriasfernandopepe.ld.069.jpg,1963070,917e467b,\2024-12\20 - Lanah Frias\,{BTGX39~2024-12~2J0SHEIJ~20 - Lanah Frias}
lanahfriasfernandopepe.ld.070.jpg,2067733,229a2877,\2024-12\20 - Lanah Frias\,{BTGX39~2024-12~2J0SHEIJ~20 - Lanah Frias}
lanahfriasfernandopepe.ld.071.jpg,1970101,cd3bcb8f,\2024-12\20 - Lanah Frias\,{BTGX39~2024-12~2J0SHEIJ~20 - Lanah Frias}
lanahfriasfernandopepe.ld.072.jpg,2401191,15c7bfec,\2024-12\20 - Lanah Frias\,{BTGX39~2024-12~2J0SHEIJ~20 - Lanah Frias}
lanahfriasfernandopepe.ld.073.jpg,2179033,d657b1d8,\2024-12\20 - Lanah Frias\,{BTGX39~2024-12~2J0SHEIJ~20 - Lanah Frias}
lanahfriasfernandopepe.ld.074.jpg,2255029,45ba7019,\2024-12\20 - Lanah Frias\,{BTGX39~2024-12~2J0SHEIJ~20 - Lanah Frias}
lanahfriasfernandopepe.ld.075.jpg,2154275,f8c9d543,\2024-12\20 - Lanah Frias\,{BTGX39~2024-12~2J0SHEIJ~20 - Lanah Frias}
lanahfriasfernandopepe.ld.076.jpg,2258005,2a02ea91,\2024-12\20 - Lanah Frias\,{BTGX39~2024-12~2J0SHEIJ~20 - Lanah Frias}
lanahfriasfernandopepe.ld.077.jpg,2143245,0004188a,\2024-12\20 - Lanah Frias\,{BTGX39~2024-12~2J0SHEIJ~20 - Lanah Frias}
lanahfriasfernandopepe.ld.078.jpg,2300125,2019a7f3,\2024-12\20 - Lanah Frias\,{BTGX39~2024-12~2J0SHEIJ~20 - Lanah Frias}
lanahfriasfernandopepe.ld.079.jpg,2287871,ceab9d3d,\2024-12\20 - Lanah Frias\,{BTGX39~2024-12~2J0SHEIJ~20 - Lanah Frias}
lanahfriasfernandopepe.ld.080.jpg,1917032,cc6952ec,\2024-12\20 - Lanah Frias\,{BTGX39~2024-12~2J0SHEIJ~20 - Lanah Frias}
lanahfriasfernandopepe.ld.081.jpg,1978331,38b702e6,\2024-12\20 - Lanah Frias\,{BTGX39~2024-12~2J0SHEIJ~20 - Lanah Frias}
lanahfriasfernandopepe.ld.082.jpg,1962564,f7ca811e,\2024-12\20 - Lanah Frias\,{BTGX39~2024-12~2J0SHEIJ~20 - Lanah Frias}
lanahfriasfernandopepe.ld.083.jpg,2281500,a986e5a5,\2024-12\20 - Lanah Frias\,{BTGX39~2024-12~2J0SHEIJ~20 - Lanah Frias}
lanahfriasfernandopepe.ld.084.jpg,2411001,28c028f4,\2024-12\20 - Lanah Frias\,{BTGX39~2024-12~2J0SHEIJ~20 - Lanah Frias}
lanahfriasfernandopepe.ld.085.jpg,1700052,1cb282ff,\2024-12\20 - Lanah Frias\,{BTGX39~2024-12~2J0SHEIJ~20 - Lanah Frias}
lanahfriasfernandopepe.ld.086.jpg,1965028,dba47b8f,\2024-12\20 - Lanah Frias\,{BTGX39~2024-12~2J0SHEIJ~20 - Lanah Frias}
lanahfriasfernandopepe.ld.087.jpg,2258804,ebbac4e3,\2024-12\20 - Lanah Frias\,{BTGX39~2024-12~2J0SHEIJ~20 - Lanah Frias}
lanahfriasfernandopepe.ld.088.jpg,2026885,2b66c988,\2024-12\20 - Lanah Frias\,{BTGX39~2024-12~2J0SHEIJ~20 - Lanah Frias}
lanahfriasfernandopepe.ld.089.jpg,2050265,de454452,\2024-12\20 - Lanah Frias\,{BTGX39~2024-12~2J0SHEIJ~20 - Lanah Frias}
lanahfriasfernandopepe.ld.090.jpg,2287897,777fa79c,\2024-12\20 - Lanah Frias\,{BTGX39~2024-12~2J0SHEIJ~20 - Lanah Frias}
lanahfriasfernandopepe.ld.091.jpg,2341694,b11f5239,\2024-12\20 - Lanah Frias\,{BTGX39~2024-12~2J0SHEIJ~20 - Lanah Frias}
lanahfriasfernandopepe.ld.092.jpg,2383015,0554f40a,\2024-12\20 - Lanah Frias\,{BTGX39~2024-12~2J0SHEIJ~20 - Lanah Frias}
lanahfriasfernandopepe.ld.093.jpg,2122842,f7c5a59f,\2024-12\20 - Lanah Frias\,{BTGX39~2024-12~2J0SHEIJ~20 - Lanah Frias}
lanahfriasfernandopepe.ld.094.jpg,2392625,60731796,\2024-12\20 - Lanah Frias\,{BTGX39~2024-12~2J0SHEIJ~20 - Lanah Frias}
lanahfriasfernandopepe.ld.095.jpg,2555510,c6117602,\2024-12\20 - Lanah Frias\,{BTGX39~2024-12~2J0SHEIJ~20 - Lanah Frias}
lanahfriasfernandopepe.ld.096.jpg,1905336,fab4240e,\2024-12\20 - Lanah Frias\,{BTGX39~2024-12~2J0SHEIJ~20 - Lanah Frias}
lanahfriasfernandopepe.ld.097.jpg,1917812,ad85f111,\2024-12\20 - Lanah Frias\,{BTGX39~2024-12~2J0SHEIJ~20 - Lanah Frias}
lanahfriasfernandopepe.ld.098.jpg,1850370,e75bd1e8,\2024-12\20 - Lanah Frias\,{BTGX39~2024-12~2J0SHEIJ~20 - Lanah Frias}
lanahfriasfernandopepe.ld.099.jpg,3014701,dd92f96f,\2024-12\20 - Lanah Frias\,{BTGX39~2024-12~2J0SHEIJ~20 - Lanah Frias}
lanahfriasfernandopepe.ld.100.jpg,2690617,ff1830f8,\2024-12\20 - Lanah Frias\,{BTGX39~2024-12~2J0SHEIJ~20 - Lanah Frias}
lanahfriasfernandopepe.ld.101.jpg,2294425,d6359a2b,\2024-12\20 - Lanah Frias\,{BTGX39~2024-12~2J0SHEIJ~20 - Lanah Frias}
lanahfriasfernandopepe.ld.102.jpg,2330703,18dfc0b6,\2024-12\20 - Lanah Frias\,{BTGX39~2024-12~2J0SHEIJ~20 - Lanah Frias}
lanahfriasfernandopepe.ld.103.jpg,2258947,a9e57be7,\2024-12\20 - Lanah Frias\,{BTGX39~2024-12~2J0SHEIJ~20 - Lanah Frias}
lanahfriasfernandopepe.ld.104.jpg,2355713,78772182,\2024-12\20 - Lanah Frias\,{BTGX39~2024-12~2J0SHEIJ~20 - Lanah Frias}
lanahfriasfernandopepe.ld.105.jpg,2689414,78a5596a,\2024-12\20 - Lanah Frias\,{BTGX39~2024-12~2J0SHEIJ~20 - Lanah Frias}
lanahfriasfernandopepe.ld.106.jpg,2327170,8c69d707,\2024-12\20 - Lanah Frias\,{BTGX39~2024-12~2J0SHEIJ~20 - Lanah Frias}
lanahfriasfernandopepe.ld.107.jpg,2451858,8c315fe6,\2024-12\20 - Lanah Frias\,{BTGX39~2024-12~2J0SHEIJ~20 - Lanah Frias}
lanahfriasfernandopepe.ld.108.jpg,2377961,04caf6b4,\2024-12\20 - Lanah Frias\,{BTGX39~2024-12~2J0SHEIJ~20 - Lanah Frias}
lanahfriasfernandopepe.ld.109.jpg,2258336,b2702ef4,\2024-12\20 - Lanah Frias\,{BTGX39~2024-12~2J0SHEIJ~20 - Lanah Frias}
lanahfriasfernandopepe.ld.110.jpg,2205550,b486496e,\2024-12\20 - Lanah Frias\,{BTGX39~2024-12~2J0SHEIJ~20 - Lanah Frias}
lanahfriasfernandopepe.ld.111.jpg,2243353,4a837ab0,\2024-12\20 - Lanah Frias\,{BTGX39~2024-12~2J0SHEIJ~20 - Lanah Frias}
lanahfriasfernandopepe.ld.112.jpg,2140428,b3495d5c,\2024-12\20 - Lanah Frias\,{BTGX39~2024-12~2J0SHEIJ~20 - Lanah Frias}
lanahfriasfernandopepe.ld.113.jpg,2172283,6b6382bb,\2024-12\20 - Lanah Frias\,{BTGX39~2024-12~2J0SHEIJ~20 - Lanah Frias}
lanahfriasfernandopepe.ld.114.jpg,2121028,56ffaf52,\2024-12\20 - Lanah Frias\,{BTGX39~2024-12~2J0SHEIJ~20 - Lanah Frias}
lanahfriasfernandopepe.ld.115.jpg,2275702,08045c81,\2024-12\20 - Lanah Frias\,{BTGX39~2024-12~2J0SHEIJ~20 - Lanah Frias}
lanahfriasfernandopepe.ld.116.jpg,2443684,1a49b298,\2024-12\20 - Lanah Frias\,{BTGX39~2024-12~2J0SHEIJ~20 - Lanah Frias}
lanahfriasfernandopepe.ld.117.jpg,2339409,54cee121,\2024-12\20 - Lanah Frias\,{BTGX39~2024-12~2J0SHEIJ~20 - Lanah Frias}
lanahfriasfernandopepe.ld.118.jpg,2395860,47a0a920,\2024-12\20 - Lanah Frias\,{BTGX39~2024-12~2J0SHEIJ~20 - Lanah Frias}
lanahfriasfernandopepe.ld.119.jpg,2498625,37e2910d,\2024-12\20 - Lanah Frias\,{BTGX39~2024-12~2J0SHEIJ~20 - Lanah Frias}
lanahfriasfernandopepe.ld.120.jpg,1861285,ee5ce796,\2024-12\20 - Lanah Frias\,{BTGX39~2024-12~2J0SHEIJ~20 - Lanah Frias}
lanahfriasfernandopepe.ld.121.jpg,2387113,b6cccec3,\2024-12\20 - Lanah Frias\,{BTGX39~2024-12~2J0SHEIJ~20 - Lanah Frias}
lanahfriasfernandopepe.ld.122.jpg,1807922,6658bb5b,\2024-12\20 - Lanah Frias\,{BTGX39~2024-12~2J0SHEIJ~20 - Lanah Frias}
lanahfriasfernandopepe.ld.123.jpg,2344330,ca012ceb,\2024-12\20 - Lanah Frias\,{BTGX39~2024-12~2J0SHEIJ~20 - Lanah Frias}
lanahfriasfernandopepe.ld.124.jpg,2083616,733938ff,\2024-12\20 - Lanah Frias\,{BTGX39~2024-12~2J0SHEIJ~20 - Lanah Frias}
lanahfriasfernandopepe.ld.125.jpg,2308177,0e51b186,\2024-12\20 - Lanah Frias\,{BTGX39~2024-12~2J0SHEIJ~20 - Lanah Frias}
lanahfriasfernandopepe.ld.126.jpg,2234378,1fe201db,\2024-12\20 - Lanah Frias\,{BTGX39~2024-12~2J0SHEIJ~20 - Lanah Frias}
lanahfriasfernandopepe.ld.127.jpg,2307511,ecf4c639,\2024-12\20 - Lanah Frias\,{BTGX39~2024-12~2J0SHEIJ~20 - Lanah Frias}
lanahfriasfernandopepe.ld.128.jpg,2278429,e10ea408,\2024-12\20 - Lanah Frias\,{BTGX39~2024-12~2J0SHEIJ~20 - Lanah Frias}
lanahfriasfernandopepe.ld.129.jpg,2430657,5e76ede4,\2024-12\20 - Lanah Frias\,{BTGX39~2024-12~2J0SHEIJ~20 - Lanah Frias}
lanahfriasfernandopepe.ld.130.jpg,2408060,3220d3b4,\2024-12\20 - Lanah Frias\,{BTGX39~2024-12~2J0SHEIJ~20 - Lanah Frias}
lanahfriasfernandopepe.ld.131.jpg,2189572,b548b77b,\2024-12\20 - Lanah Frias\,{BTGX39~2024-12~2J0SHEIJ~20 - Lanah Frias}
lanahfriasfernandopepe.ld.132.jpg,2531998,497260ea,\2024-12\20 - Lanah Frias\,{BTGX39~2024-12~2J0SHEIJ~20 - Lanah Frias}
lanahfriasfernandopepe.ld.134.jpg,2423877,a8a50d81,\2024-12\20 - Lanah Frias\,{BTGX39~2024-12~2J0SHEIJ~20 - Lanah Frias}
lanahfriasfernandopepe.ld.135.jpg,2357441,3a007522,\2024-12\20 - Lanah Frias\,{BTGX39~2024-12~2J0SHEIJ~20 - Lanah Frias}
lanahfriasfernandopepe.ld.136.jpg,2190364,79c10df2,\2024-12\20 - Lanah Frias\,{BTGX39~2024-12~2J0SHEIJ~20 - Lanah Frias}
lanahfriasfernandopepe.ld.137.jpg,1984087,c803a0d3,\2024-12\20 - Lanah Frias\,{BTGX39~2024-12~2J0SHEIJ~20 - Lanah Frias}
lanahfriasfernandopepe.ld.138.jpg,1813222,9aed792c,\2024-12\20 - Lanah Frias\,{BTGX39~2024-12~2J0SHEIJ~20 - Lanah Frias}
lanahfriasfernandopepe.ld.139.jpg,2189084,6fe8b7d4,\2024-12\20 - Lanah Frias\,{BTGX39~2024-12~2J0SHEIJ~20 - Lanah Frias}
lanahfriasfernandopepe.ld.140.jpg,2756818,d26eb827,\2024-12\20 - Lanah Frias\,{BTGX39~2024-12~2J0SHEIJ~20 - Lanah Frias}
lanahfriasfernandopepe.ld.141.jpg,2490338,6989cf14,\2024-12\20 - Lanah Frias\,{BTGX39~2024-12~2J0SHEIJ~20 - Lanah Frias}
lanahfriasfernandopepe.ld.142.jpg,2163959,3acfa63c,\2024-12\20 - Lanah Frias\,{BTGX39~2024-12~2J0SHEIJ~20 - Lanah Frias}
lanahfriasfernandopepe.ld.143.jpg,2325117,d2bc8633,\2024-12\20 - Lanah Frias\,{BTGX39~2024-12~2J0SHEIJ~20 - Lanah Frias}
lanahfriasfernandopepe.ld.144.jpg,1926444,ccab8ccc,\2024-12\20 - Lanah Frias\,{BTGX39~2024-12~2J0SHEIJ~20 - Lanah Frias}
lanahfriasfernandopepe.ld.145.jpg,2023165,66dd4dfa,\2024-12\20 - Lanah Frias\,{BTGX39~2024-12~2J0SHEIJ~20 - Lanah Frias}
lanahfriasfernandopepe.ld.146.jpg,1915126,90ff2345,\2024-12\20 - Lanah Frias\,{BTGX39~2024-12~2J0SHEIJ~20 - Lanah Frias}
lanahfriasfernandopepe.ld.147.jpg,2048758,e303031a,\2024-12\20 - Lanah Frias\,{BTGX39~2024-12~2J0SHEIJ~20 - Lanah Frias}
lanahfriasfernandopepe.ld.148.jpg,2279016,4de8b9df,\2024-12\20 - Lanah Frias\,{BTGX39~2024-12~2J0SHEIJ~20 - Lanah Frias}
lanahfriasfernandopepe.ld.149.jpg,2317509,4a261d16,\2024-12\20 - Lanah Frias\,{BTGX39~2024-12~2J0SHEIJ~20 - Lanah Frias}
lanahfriasfernandopepe.ld.150.jpg,2193427,c24dd6cb,\2024-12\20 - Lanah Frias\,{BTGX39~2024-12~2J0SHEIJ~20 - Lanah Frias}
lanahfriasfernandopepe.ld.151.jpg,2320242,cfb0d55e,\2024-12\20 - Lanah Frias\,{BTGX39~2024-12~2J0SHEIJ~20 - Lanah Frias}
lanahfriasfernandopepe.ld.152.jpg,2057495,9cc634cc,\2024-12\20 - Lanah Frias\,{BTGX39~2024-12~2J0SHEIJ~20 - Lanah Frias}
lanahfriasfernandopepe.ld.153.jpg,2289632,36476f10,\2024-12\20 - Lanah Frias\,{BTGX39~2024-12~2J0SHEIJ~20 - Lanah Frias}
lanahfriasfernandopepe.ld.154.jpg,2032777,5b1bab7c,\2024-12\20 - Lanah Frias\,{BTGX39~2024-12~2J0SHEIJ~20 - Lanah Frias}
lanahfriasfernandopepe.ld.155.jpg,1918142,76ed56ec,\2024-12\20 - Lanah Frias\,{BTGX39~2024-12~2J0SHEIJ~20 - Lanah Frias}
lanahfriasfernandopepe.ld.156.jpg,1888449,3507edbe,\2024-12\20 - Lanah Frias\,{BTGX39~2024-12~2J0SHEIJ~20 - Lanah Frias}
lanahfriasfernandopepe.ld.158.jpg,2152148,2332ea43,\2024-12\20 - Lanah Frias\,{BTGX39~2024-12~2J0SHEIJ~20 - Lanah Frias}
lanahfriasfernandopepe.ld.159.jpg,2257991,e89bf510,\2024-12\20 - Lanah Frias\,{BTGX39~2024-12~2J0SHEIJ~20 - Lanah Frias}
lanahfriasfernandopepe.ld.160.jpg,2426898,2762b7bd,\2024-12\20 - Lanah Frias\,{BTGX39~2024-12~2J0SHEIJ~20 - Lanah Frias}
lanahfriasfernandopepe.ld.161.jpg,2426200,1f3b15ab,\2024-12\20 - Lanah Frias\,{BTGX39~2024-12~2J0SHEIJ~20 - Lanah Frias}
lanahfriasfernandopepe.ld.162.jpg,2324001,7b8eb77e,\2024-12\20 - Lanah Frias\,{BTGX39~2024-12~2J0SHEIJ~20 - Lanah Frias}
lanahfriasfernandopepe.ld.163.jpg,2111798,e97f636a,\2024-12\20 - Lanah Frias\,{BTGX39~2024-12~2J0SHEIJ~20 - Lanah Frias}
lanahfriasfernandopepe.ld.164.jpg,2016637,b51c55c4,\2024-12\20 - Lanah Frias\,{BTGX39~2024-12~2J0SHEIJ~20 - Lanah Frias}
lanahfriasfernandopepe.ld.165.jpg,2043390,6976486a,\2024-12\20 - Lanah Frias\,{BTGX39~2024-12~2J0SHEIJ~20 - Lanah Frias}
lanahfriasfernandopepe.ld.166.jpg,2120356,5b18cbb7,\2024-12\20 - Lanah Frias\,{BTGX39~2024-12~2J0SHEIJ~20 - Lanah Frias}
lanahfriasfernandopepe.ld.167.jpg,1855386,ff88e000,\2024-12\20 - Lanah Frias\,{BTGX39~2024-12~2J0SHEIJ~20 - Lanah Frias}
lanahfriasfernandopepe.ld.168.jpg,2182685,a60a2d0d,\2024-12\20 - Lanah Frias\,{BTGX39~2024-12~2J0SHEIJ~20 - Lanah Frias}
lanahfriasfernandopepe.ld.169.jpg,2170023,d04b4b00,\2024-12\20 - Lanah Frias\,{BTGX39~2024-12~2J0SHEIJ~20 - Lanah Frias}
lanahfriasfernandopepe.ld.170.jpg,2291448,a0f505ef,\2024-12\20 - Lanah Frias\,{BTGX39~2024-12~2J0SHEIJ~20 - Lanah Frias}
lanahfriasfernandopepe.ld.171.jpg,1999516,67864f88,\2024-12\20 - Lanah Frias\,{BTGX39~2024-12~2J0SHEIJ~20 - Lanah Frias}
lanahfriasfernandopepe.ld.172.jpg,2067037,fac5e1ac,\2024-12\20 - Lanah Frias\,{BTGX39~2024-12~2J0SHEIJ~20 - Lanah Frias}
lanahfriasfernandopepe.ld.173.jpg,2343007,f9cd1cf4,\2024-12\20 - Lanah Frias\,{BTGX39~2024-12~2J0SHEIJ~20 - Lanah Frias}
lanahfriasfernandopepe.ld.174.jpg,2591108,95925911,\2024-12\20 - Lanah Frias\,{BTGX39~2024-12~2J0SHEIJ~20 - Lanah Frias}
lanahfriasfernandopepe.ld.175.jpg,2336177,d5282dbe,\2024-12\20 - Lanah Frias\,{BTGX39~2024-12~2J0SHEIJ~20 - Lanah Frias}
lanahfriasfernandopepe.ld.176.jpg,2240209,836e8801,\2024-12\20 - Lanah Frias\,{BTGX39~2024-12~2J0SHEIJ~20 - Lanah Frias}
lanahfriasfernandopepe.ld.177.jpg,2044596,dc0e5c4d,\2024-12\20 - Lanah Frias\,{BTGX39~2024-12~2J0SHEIJ~20 - Lanah Frias}
lanahfriasfernandopepe.ld.178.jpg,2288360,c0080f4e,\2024-12\20 - Lanah Frias\,{BTGX39~2024-12~2J0SHEIJ~20 - Lanah Frias}
lanahfriasfernandopepe.ld.179.jpg,2269894,0552700c,\2024-12\20 - Lanah Frias\,{BTGX39~2024-12~2J0SHEIJ~20 - Lanah Frias}
lanahfriasfernandopepe.ld.180.jpg,2176819,c075f8ec,\2024-12\20 - Lanah Frias\,{BTGX39~2024-12~2J0SHEIJ~20 - Lanah Frias}
lanahfriasfernandopepe.ld.181.jpg,2130603,284d4c65,\2024-12\20 - Lanah Frias\,{BTGX39~2024-12~2J0SHEIJ~20 - Lanah Frias}
lanahfriasfernandopepe.ld.182.jpg,2375521,5f89c230,\2024-12\20 - Lanah Frias\,{BTGX39~2024-12~2J0SHEIJ~20 - Lanah Frias}
lanahfriasfernandopepe.ld.183.jpg,2040071,46066a39,\2024-12\20 - Lanah Frias\,{BTGX39~2024-12~2J0SHEIJ~20 - Lanah Frias}
lanahfriasfernandopepe.ld.184.jpg,2137254,63aba418,\2024-12\20 - Lanah Frias\,{BTGX39~2024-12~2J0SHEIJ~20 - Lanah Frias}
lanahfriasfernandopepe.ld.185.jpg,2014825,bf0b8d2d,\2024-12\20 - Lanah Frias\,{BTGX39~2024-12~2J0SHEIJ~20 - Lanah Frias}
lanahfriasfernandopepe.ld.186.jpg,1980573,bfdc2124,\2024-12\20 - Lanah Frias\,{BTGX39~2024-12~2J0SHEIJ~20 - Lanah Frias}
lanahfriasfernandopepe.ld.187.jpg,2457521,1af59a19,\2024-12\20 - Lanah Frias\,{BTGX39~2024-12~2J0SHEIJ~20 - Lanah Frias}
lanahfriasfernandopepe.ld.188.jpg,2444410,0080c3dd,\2024-12\20 - Lanah Frias\,{BTGX39~2024-12~2J0SHEIJ~20 - Lanah Frias}
lanahfriasfernandopepe.ld.189.jpg,2147212,a0815d02,\2024-12\20 - Lanah Frias\,{BTGX39~2024-12~2J0SHEIJ~20 - Lanah Frias}
lanahfriasfernandopepe.ld.190.jpg,2094353,e6c2c02c,\2024-12\20 - Lanah Frias\,{BTGX39~2024-12~2J0SHEIJ~20 - Lanah Frias}
lanahfriasfernandopepe.ld.191.jpg,2009756,d363a5ac,\2024-12\20 - Lanah Frias\,{BTGX39~2024-12~2J0SHEIJ~20 - Lanah Frias}
lanahfriasfernandopepe.ld.192.jpg,2351077,2330f552,\2024-12\20 - Lanah Frias\,{BTGX39~2024-12~2J0SHEIJ~20 - Lanah Frias}
lanahfriasfernandopepe.ld.193.jpg,2277629,74aa00db,\2024-12\20 - Lanah Frias\,{BTGX39~2024-12~2J0SHEIJ~20 - Lanah Frias}
lanahfriasfernandopepe.ld.194.jpg,2263059,3fc0fb98,\2024-12\20 - Lanah Frias\,{BTGX39~2024-12~2J0SHEIJ~20 - Lanah Frias}
lanahfriasfernandopepe.ld.195.jpg,2176163,56d71dba,\2024-12\20 - Lanah Frias\,{BTGX39~2024-12~2J0SHEIJ~20 - Lanah Frias}
lanahfriasfernandopepe.ld.196.jpg,2345010,b669e628,\2024-12\20 - Lanah Frias\,{BTGX39~2024-12~2J0SHEIJ~20 - Lanah Frias}
lanahfriasfernandopepe.ld.197.jpg,2009137,efb7a7e1,\2024-12\20 - Lanah Frias\,{BTGX39~2024-12~2J0SHEIJ~20 - Lanah Frias}
lanahfriasfernandopepe.ld.198.jpg,2205168,0e14dffa,\2024-12\20 - Lanah Frias\,{BTGX39~2024-12~2J0SHEIJ~20 - Lanah Frias}
lanahfriasfernandopepe.ld.199.jpg,2234463,1526ca69,\2024-12\20 - Lanah Frias\,{BTGX39~2024-12~2J0SHEIJ~20 - Lanah Frias}
lanahfriasfernandopepe.ld.200.jpg,2397395,14413a0e,\2024-12\20 - Lanah Frias\,{BTGX39~2024-12~2J0SHEIJ~20 - Lanah Frias}
lanahfriasfernandopepe.ld.201.jpg,2136629,84e86ca2,\2024-12\20 - Lanah Frias\,{BTGX39~2024-12~2J0SHEIJ~20 - Lanah Frias}
lanahfriasfernandopepe.ld.202.jpg,2323895,f7e72281,\2024-12\20 - Lanah Frias\,{BTGX39~2024-12~2J0SHEIJ~20 - Lanah Frias}
lanahfriasfernandopepe.ld.203.jpg,2550654,302a472d,\2024-12\20 - Lanah Frias\,{BTGX39~2024-12~2J0SHEIJ~20 - Lanah Frias}
manulopesnicolelacerdamarcus.ld.001.jpg,2385489,2b6daa81,\2024-12\27 - Manu Lopes & Nicole Lacerda\,{BTGX39~2024-12~2R0S0UB9~27 - Manu Lopes & Nicole Lacerda}
manulopesnicolelacerdamarcus.ld.002.jpg,2435887,3f2c9e07,\2024-12\27 - Manu Lopes & Nicole Lacerda\,{BTGX39~2024-12~2R0S0UB9~27 - Manu Lopes & Nicole Lacerda}
manulopesnicolelacerdamarcus.ld.003.jpg,2652558,7f392af3,\2024-12\27 - Manu Lopes & Nicole Lacerda\,{BTGX39~2024-12~2R0S0UB9~27 - Manu Lopes & Nicole Lacerda}
manulopesnicolelacerdamarcus.ld.004.jpg,2443734,91e8a279,\2024-12\27 - Manu Lopes & Nicole Lacerda\,{BTGX39~2024-12~2R0S0UB9~27 - Manu Lopes & Nicole Lacerda}
manulopesnicolelacerdamarcus.ld.005.jpg,2868757,94308d0a,\2024-12\27 - Manu Lopes & Nicole Lacerda\,{BTGX39~2024-12~2R0S0UB9~27 - Manu Lopes & Nicole Lacerda}
manulopesnicolelacerdamarcus.ld.006.jpg,1992102,c3260a0e,\2024-12\27 - Manu Lopes & Nicole Lacerda\,{BTGX39~2024-12~2R0S0UB9~27 - Manu Lopes & Nicole Lacerda}
manulopesnicolelacerdamarcus.ld.007.jpg,2643927,424b80e2,\2024-12\27 - Manu Lopes & Nicole Lacerda\,{BTGX39~2024-12~2R0S0UB9~27 - Manu Lopes & Nicole Lacerda}
manulopesnicolelacerdamarcus.ld.008.jpg,2899997,d9fbc21e,\2024-12\27 - Manu Lopes & Nicole Lacerda\,{BTGX39~2024-12~2R0S0UB9~27 - Manu Lopes & Nicole Lacerda}
manulopesnicolelacerdamarcus.ld.009.jpg,2893674,6821e344,\2024-12\27 - Manu Lopes & Nicole Lacerda\,{BTGX39~2024-12~2R0S0UB9~27 - Manu Lopes & Nicole Lacerda}
manulopesnicolelacerdamarcus.ld.010.jpg,2352361,881fc09e,\2024-12\27 - Manu Lopes & Nicole Lacerda\,{BTGX39~2024-12~2R0S0UB9~27 - Manu Lopes & Nicole Lacerda}
manulopesnicolelacerdamarcus.ld.011.jpg,2194610,45c4e50c,\2024-12\27 - Manu Lopes & Nicole Lacerda\,{BTGX39~2024-12~2R0S0UB9~27 - Manu Lopes & Nicole Lacerda}
manulopesnicolelacerdamarcus.ld.012.jpg,2441132,68cfee59,\2024-12\27 - Manu Lopes & Nicole Lacerda\,{BTGX39~2024-12~2R0S0UB9~27 - Manu Lopes & Nicole Lacerda}
manulopesnicolelacerdamarcus.ld.013.jpg,2447320,ba71f563,\2024-12\27 - Manu Lopes & Nicole Lacerda\,{BTGX39~2024-12~2R0S0UB9~27 - Manu Lopes & Nicole Lacerda}
manulopesnicolelacerdamarcus.ld.014.jpg,2394353,b80dcf1f,\2024-12\27 - Manu Lopes & Nicole Lacerda\,{BTGX39~2024-12~2R0S0UB9~27 - Manu Lopes & Nicole Lacerda}
manulopesnicolelacerdamarcus.ld.015.jpg,2450533,6f896c7a,\2024-12\27 - Manu Lopes & Nicole Lacerda\,{BTGX39~2024-12~2R0S0UB9~27 - Manu Lopes & Nicole Lacerda}
manulopesnicolelacerdamarcus.ld.016.jpg,2601103,084d6676,\2024-12\27 - Manu Lopes & Nicole Lacerda\,{BTGX39~2024-12~2R0S0UB9~27 - Manu Lopes & Nicole Lacerda}
manulopesnicolelacerdamarcus.ld.017.jpg,2061639,56a3148d,\2024-12\27 - Manu Lopes & Nicole Lacerda\,{BTGX39~2024-12~2R0S0UB9~27 - Manu Lopes & Nicole Lacerda}
manulopesnicolelacerdamarcus.ld.018.jpg,2501749,647e252a,\2024-12\27 - Manu Lopes & Nicole Lacerda\,{BTGX39~2024-12~2R0S0UB9~27 - Manu Lopes & Nicole Lacerda}
manulopesnicolelacerdamarcus.ld.019.jpg,2609229,e0b6826f,\2024-12\27 - Manu Lopes & Nicole Lacerda\,{BTGX39~2024-12~2R0S0UB9~27 - Manu Lopes & Nicole Lacerda}
manulopesnicolelacerdamarcus.ld.020.jpg,2551045,764bccf4,\2024-12\27 - Manu Lopes & Nicole Lacerda\,{BTGX39~2024-12~2R0S0UB9~27 - Manu Lopes & Nicole Lacerda}
manulopesnicolelacerdamarcus.ld.021.jpg,2661285,411b74a0,\2024-12\27 - Manu Lopes & Nicole Lacerda\,{BTGX39~2024-12~2R0S0UB9~27 - Manu Lopes & Nicole Lacerda}
manulopesnicolelacerdamarcus.ld.022.jpg,2819220,ec77ea3b,\2024-12\27 - Manu Lopes & Nicole Lacerda\,{BTGX39~2024-12~2R0S0UB9~27 - Manu Lopes & Nicole Lacerda}
manulopesnicolelacerdamarcus.ld.023.jpg,2422957,59fd5581,\2024-12\27 - Manu Lopes & Nicole Lacerda\,{BTGX39~2024-12~2R0S0UB9~27 - Manu Lopes & Nicole Lacerda}
manulopesnicolelacerdamarcus.ld.024.jpg,2605868,f707da34,\2024-12\27 - Manu Lopes & Nicole Lacerda\,{BTGX39~2024-12~2R0S0UB9~27 - Manu Lopes & Nicole Lacerda}
manulopesnicolelacerdamarcus.ld.025.jpg,2495217,cc27ad3b,\2024-12\27 - Manu Lopes & Nicole Lacerda\,{BTGX39~2024-12~2R0S0UB9~27 - Manu Lopes & Nicole Lacerda}
manulopesnicolelacerdamarcus.ld.026.jpg,2539284,98561f57,\2024-12\27 - Manu Lopes & Nicole Lacerda\,{BTGX39~2024-12~2R0S0UB9~27 - Manu Lopes & Nicole Lacerda}
manulopesnicolelacerdamarcus.ld.027.jpg,2298014,6b04982b,\2024-12\27 - Manu Lopes & Nicole Lacerda\,{BTGX39~2024-12~2R0S0UB9~27 - Manu Lopes & Nicole Lacerda}
manulopesnicolelacerdamarcus.ld.028.jpg,2294932,45e17b95,\2024-12\27 - Manu Lopes & Nicole Lacerda\,{BTGX39~2024-12~2R0S0UB9~27 - Manu Lopes & Nicole Lacerda}
manulopesnicolelacerdamarcus.ld.029.jpg,2019640,c3c4af6e,\2024-12\27 - Manu Lopes & Nicole Lacerda\,{BTGX39~2024-12~2R0S0UB9~27 - Manu Lopes & Nicole Lacerda}
manulopesnicolelacerdamarcus.ld.030.jpg,2040454,e19fae19,\2024-12\27 - Manu Lopes & Nicole Lacerda\,{BTGX39~2024-12~2R0S0UB9~27 - Manu Lopes & Nicole Lacerda}
manulopesnicolelacerdamarcus.ld.031.jpg,2009574,399dd598,\2024-12\27 - Manu Lopes & Nicole Lacerda\,{BTGX39~2024-12~2R0S0UB9~27 - Manu Lopes & Nicole Lacerda}
manulopesnicolelacerdamarcus.ld.032.jpg,2059806,b4352be8,\2024-12\27 - Manu Lopes & Nicole Lacerda\,{BTGX39~2024-12~2R0S0UB9~27 - Manu Lopes & Nicole Lacerda}
manulopesnicolelacerdamarcus.ld.033.jpg,2299419,140dbc17,\2024-12\27 - Manu Lopes & Nicole Lacerda\,{BTGX39~2024-12~2R0S0UB9~27 - Manu Lopes & Nicole Lacerda}
manulopesnicolelacerdamarcus.ld.034.jpg,2298944,8e7d5fbc,\2024-12\27 - Manu Lopes & Nicole Lacerda\,{BTGX39~2024-12~2R0S0UB9~27 - Manu Lopes & Nicole Lacerda}
manulopesnicolelacerdamarcus.ld.035.jpg,2448340,2944eddc,\2024-12\27 - Manu Lopes & Nicole Lacerda\,{BTGX39~2024-12~2R0S0UB9~27 - Manu Lopes & Nicole Lacerda}
manulopesnicolelacerdamarcus.ld.036.jpg,2296263,6f5c2149,\2024-12\27 - Manu Lopes & Nicole Lacerda\,{BTGX39~2024-12~2R0S0UB9~27 - Manu Lopes & Nicole Lacerda}
manulopesnicolelacerdamarcus.ld.037.jpg,2360227,1770f5fa,\2024-12\27 - Manu Lopes & Nicole Lacerda\,{BTGX39~2024-12~2R0S0UB9~27 - Manu Lopes & Nicole Lacerda}
manulopesnicolelacerdamarcus.ld.038.jpg,2558149,bd826946,\2024-12\27 - Manu Lopes & Nicole Lacerda\,{BTGX39~2024-12~2R0S0UB9~27 - Manu Lopes & Nicole Lacerda}
manulopesnicolelacerdamarcus.ld.039.jpg,2249876,a0c7953f,\2024-12\27 - Manu Lopes & Nicole Lacerda\,{BTGX39~2024-12~2R0S0UB9~27 - Manu Lopes & Nicole Lacerda}
manulopesnicolelacerdamarcus.ld.040.jpg,1781787,24e00bc5,\2024-12\27 - Manu Lopes & Nicole Lacerda\,{BTGX39~2024-12~2R0S0UB9~27 - Manu Lopes & Nicole Lacerda}
manulopesnicolelacerdamarcus.ld.041.jpg,2061246,f325490c,\2024-12\27 - Manu Lopes & Nicole Lacerda\,{BTGX39~2024-12~2R0S0UB9~27 - Manu Lopes & Nicole Lacerda}
manulopesnicolelacerdamarcus.ld.042.jpg,2347395,21668b6a,\2024-12\27 - Manu Lopes & Nicole Lacerda\,{BTGX39~2024-12~2R0S0UB9~27 - Manu Lopes & Nicole Lacerda}
manulopesnicolelacerdamarcus.ld.043.jpg,2396311,fe8ae501,\2024-12\27 - Manu Lopes & Nicole Lacerda\,{BTGX39~2024-12~2R0S0UB9~27 - Manu Lopes & Nicole Lacerda}
manulopesnicolelacerdamarcus.ld.044.jpg,2572560,0403c442,\2024-12\27 - Manu Lopes & Nicole Lacerda\,{BTGX39~2024-12~2R0S0UB9~27 - Manu Lopes & Nicole Lacerda}
manulopesnicolelacerdamarcus.ld.045.jpg,2376445,9e3490a1,\2024-12\27 - Manu Lopes & Nicole Lacerda\,{BTGX39~2024-12~2R0S0UB9~27 - Manu Lopes & Nicole Lacerda}
manulopesnicolelacerdamarcus.ld.046.jpg,2171153,a757a35f,\2024-12\27 - Manu Lopes & Nicole Lacerda\,{BTGX39~2024-12~2R0S0UB9~27 - Manu Lopes & Nicole Lacerda}
manulopesnicolelacerdamarcus.ld.047.jpg,2111100,030f2ccf,\2024-12\27 - Manu Lopes & Nicole Lacerda\,{BTGX39~2024-12~2R0S0UB9~27 - Manu Lopes & Nicole Lacerda}
manulopesnicolelacerdamarcus.ld.048.jpg,1978944,349dff62,\2024-12\27 - Manu Lopes & Nicole Lacerda\,{BTGX39~2024-12~2R0S0UB9~27 - Manu Lopes & Nicole Lacerda}
manulopesnicolelacerdamarcus.ld.049.jpg,2069903,631bd24d,\2024-12\27 - Manu Lopes & Nicole Lacerda\,{BTGX39~2024-12~2R0S0UB9~27 - Manu Lopes & Nicole Lacerda}
manulopesnicolelacerdamarcus.ld.050.jpg,2167525,4f7e91b9,\2024-12\27 - Manu Lopes & Nicole Lacerda\,{BTGX39~2024-12~2R0S0UB9~27 - Manu Lopes & Nicole Lacerda}
manulopesnicolelacerdamarcus.ld.051.jpg,2181481,2bd45797,\2024-12\27 - Manu Lopes & Nicole Lacerda\,{BTGX39~2024-12~2R0S0UB9~27 - Manu Lopes & Nicole Lacerda}
manulopesnicolelacerdamarcus.ld.052.jpg,1896298,f84f824c,\2024-12\27 - Manu Lopes & Nicole Lacerda\,{BTGX39~2024-12~2R0S0UB9~27 - Manu Lopes & Nicole Lacerda}
manulopesnicolelacerdamarcus.ld.053.jpg,1992796,dd7a18ea,\2024-12\27 - Manu Lopes & Nicole Lacerda\,{BTGX39~2024-12~2R0S0UB9~27 - Manu Lopes & Nicole Lacerda}
manulopesnicolelacerdamarcus.ld.054.jpg,2133626,bbcc8e05,\2024-12\27 - Manu Lopes & Nicole Lacerda\,{BTGX39~2024-12~2R0S0UB9~27 - Manu Lopes & Nicole Lacerda}
manulopesnicolelacerdamarcus.ld.055.jpg,2109776,4159fa7c,\2024-12\27 - Manu Lopes & Nicole Lacerda\,{BTGX39~2024-12~2R0S0UB9~27 - Manu Lopes & Nicole Lacerda}
manulopesnicolelacerdamarcus.ld.056.jpg,2149418,d25c55a6,\2024-12\27 - Manu Lopes & Nicole Lacerda\,{BTGX39~2024-12~2R0S0UB9~27 - Manu Lopes & Nicole Lacerda}
manulopesnicolelacerdamarcus.ld.057.jpg,1976514,9c76cb2d,\2024-12\27 - Manu Lopes & Nicole Lacerda\,{BTGX39~2024-12~2R0S0UB9~27 - Manu Lopes & Nicole Lacerda}
manulopesnicolelacerdamarcus.ld.058.jpg,2005609,b276dd2f,\2024-12\27 - Manu Lopes & Nicole Lacerda\,{BTGX39~2024-12~2R0S0UB9~27 - Manu Lopes & Nicole Lacerda}
manulopesnicolelacerdamarcus.ld.059.jpg,2428063,6bfa68d6,\2024-12\27 - Manu Lopes & Nicole Lacerda\,{BTGX39~2024-12~2R0S0UB9~27 - Manu Lopes & Nicole Lacerda}
manulopesnicolelacerdamarcus.ld.060.jpg,2283500,8c5e9f35,\2024-12\27 - Manu Lopes & Nicole Lacerda\,{BTGX39~2024-12~2R0S0UB9~27 - Manu Lopes & Nicole Lacerda}
manulopesnicolelacerdamarcus.ld.061.jpg,2365929,76d51334,\2024-12\27 - Manu Lopes & Nicole Lacerda\,{BTGX39~2024-12~2R0S0UB9~27 - Manu Lopes & Nicole Lacerda}
manulopesnicolelacerdamarcus.ld.062.jpg,2413793,6d9a4bf8,\2024-12\27 - Manu Lopes & Nicole Lacerda\,{BTGX39~2024-12~2R0S0UB9~27 - Manu Lopes & Nicole Lacerda}
manulopesnicolelacerdamarcus.ld.063.jpg,2311503,f9a6adb3,\2024-12\27 - Manu Lopes & Nicole Lacerda\,{BTGX39~2024-12~2R0S0UB9~27 - Manu Lopes & Nicole Lacerda}
manulopesnicolelacerdamarcus.ld.064.jpg,1960659,63b64bf1,\2024-12\27 - Manu Lopes & Nicole Lacerda\,{BTGX39~2024-12~2R0S0UB9~27 - Manu Lopes & Nicole Lacerda}
manulopesnicolelacerdamarcus.ld.065.jpg,2537789,64b84ff4,\2024-12\27 - Manu Lopes & Nicole Lacerda\,{BTGX39~2024-12~2R0S0UB9~27 - Manu Lopes & Nicole Lacerda}
manulopesnicolelacerdamarcus.ld.066.jpg,1695777,6281f83f,\2024-12\27 - Manu Lopes & Nicole Lacerda\,{BTGX39~2024-12~2R0S0UB9~27 - Manu Lopes & Nicole Lacerda}
manulopesnicolelacerdamarcus.ld.067.jpg,2108806,a64c752c,\2024-12\27 - Manu Lopes & Nicole Lacerda\,{BTGX39~2024-12~2R0S0UB9~27 - Manu Lopes & Nicole Lacerda}
manulopesnicolelacerdamarcus.ld.068.jpg,2050332,ad115aaf,\2024-12\27 - Manu Lopes & Nicole Lacerda\,{BTGX39~2024-12~2R0S0UB9~27 - Manu Lopes & Nicole Lacerda}
manulopesnicolelacerdamarcus.ld.069.jpg,1882977,c1c45429,\2024-12\27 - Manu Lopes & Nicole Lacerda\,{BTGX39~2024-12~2R0S0UB9~27 - Manu Lopes & Nicole Lacerda}
manulopesnicolelacerdamarcus.ld.070.jpg,1894086,63807dc6,\2024-12\27 - Manu Lopes & Nicole Lacerda\,{BTGX39~2024-12~2R0S0UB9~27 - Manu Lopes & Nicole Lacerda}
manulopesnicolelacerdamarcus.ld.071.jpg,2195078,49ec7da8,\2024-12\27 - Manu Lopes & Nicole Lacerda\,{BTGX39~2024-12~2R0S0UB9~27 - Manu Lopes & Nicole Lacerda}
manulopesnicolelacerdamarcus.ld.072.jpg,1905146,cbfb09a1,\2024-12\27 - Manu Lopes & Nicole Lacerda\,{BTGX39~2024-12~2R0S0UB9~27 - Manu Lopes & Nicole Lacerda}
manulopesnicolelacerdamarcus.ld.073.jpg,2049234,2324187d,\2024-12\27 - Manu Lopes & Nicole Lacerda\,{BTGX39~2024-12~2R0S0UB9~27 - Manu Lopes & Nicole Lacerda}
manulopesnicolelacerdamarcus.ld.074.jpg,2017652,cc784609,\2024-12\27 - Manu Lopes & Nicole Lacerda\,{BTGX39~2024-12~2R0S0UB9~27 - Manu Lopes & Nicole Lacerda}
manulopesnicolelacerdamarcus.ld.075.jpg,1932050,e4473020,\2024-12\27 - Manu Lopes & Nicole Lacerda\,{BTGX39~2024-12~2R0S0UB9~27 - Manu Lopes & Nicole Lacerda}
manulopesnicolelacerdamarcus.ld.076.jpg,2271338,d40613c0,\2024-12\27 - Manu Lopes & Nicole Lacerda\,{BTGX39~2024-12~2R0S0UB9~27 - Manu Lopes & Nicole Lacerda}
manulopesnicolelacerdamarcus.ld.077.jpg,2382787,b4b85c4f,\2024-12\27 - Manu Lopes & Nicole Lacerda\,{BTGX39~2024-12~2R0S0UB9~27 - Manu Lopes & Nicole Lacerda}
manulopesnicolelacerdamarcus.ld.078.jpg,2172927,0fab4ba4,\2024-12\27 - Manu Lopes & Nicole Lacerda\,{BTGX39~2024-12~2R0S0UB9~27 - Manu Lopes & Nicole Lacerda}
manulopesnicolelacerdamarcus.ld.079.jpg,2239679,cec4b57b,\2024-12\27 - Manu Lopes & Nicole Lacerda\,{BTGX39~2024-12~2R0S0UB9~27 - Manu Lopes & Nicole Lacerda}
manulopesnicolelacerdamarcus.ld.080.jpg,2195234,4d65eace,\2024-12\27 - Manu Lopes & Nicole Lacerda\,{BTGX39~2024-12~2R0S0UB9~27 - Manu Lopes & Nicole Lacerda}
manulopesnicolelacerdamarcus.ld.081.jpg,2294719,66b40812,\2024-12\27 - Manu Lopes & Nicole Lacerda\,{BTGX39~2024-12~2R0S0UB9~27 - Manu Lopes & Nicole Lacerda}
manulopesnicolelacerdamarcus.ld.082.jpg,1885438,15bcbb13,\2024-12\27 - Manu Lopes & Nicole Lacerda\,{BTGX39~2024-12~2R0S0UB9~27 - Manu Lopes & Nicole Lacerda}
manulopesnicolelacerdamarcus.ld.083.jpg,2212407,5ee72e26,\2024-12\27 - Manu Lopes & Nicole Lacerda\,{BTGX39~2024-12~2R0S0UB9~27 - Manu Lopes & Nicole Lacerda}
manulopesnicolelacerdamarcus.ld.084.jpg,2228659,bbcd1e69,\2024-12\27 - Manu Lopes & Nicole Lacerda\,{BTGX39~2024-12~2R0S0UB9~27 - Manu Lopes & Nicole Lacerda}
manulopesnicolelacerdamarcus.ld.085.jpg,2242689,f1b8611b,\2024-12\27 - Manu Lopes & Nicole Lacerda\,{BTGX39~2024-12~2R0S0UB9~27 - Manu Lopes & Nicole Lacerda}
manulopesnicolelacerdamarcus.ld.086.jpg,2288748,6847e81f,\2024-12\27 - Manu Lopes & Nicole Lacerda\,{BTGX39~2024-12~2R0S0UB9~27 - Manu Lopes & Nicole Lacerda}
manulopesnicolelacerdamarcus.ld.087.jpg,2215115,75036361,\2024-12\27 - Manu Lopes & Nicole Lacerda\,{BTGX39~2024-12~2R0S0UB9~27 - Manu Lopes & Nicole Lacerda}
manulopesnicolelacerdamarcus.ld.088.jpg,2307821,39eeedee,\2024-12\27 - Manu Lopes & Nicole Lacerda\,{BTGX39~2024-12~2R0S0UB9~27 - Manu Lopes & Nicole Lacerda}
manulopesnicolelacerdamarcus.ld.089.jpg,2321090,ccfcaf35,\2024-12\27 - Manu Lopes & Nicole Lacerda\,{BTGX39~2024-12~2R0S0UB9~27 - Manu Lopes & Nicole Lacerda}
manulopesnicolelacerdamarcus.ld.090.jpg,2063040,99d045dd,\2024-12\27 - Manu Lopes & Nicole Lacerda\,{BTGX39~2024-12~2R0S0UB9~27 - Manu Lopes & Nicole Lacerda}
manulopesnicolelacerdamarcus.ld.091.jpg,2121811,1784ca4a,\2024-12\27 - Manu Lopes & Nicole Lacerda\,{BTGX39~2024-12~2R0S0UB9~27 - Manu Lopes & Nicole Lacerda}
manulopesnicolelacerdamarcus.ld.092.jpg,2162460,d889df82,\2024-12\27 - Manu Lopes & Nicole Lacerda\,{BTGX39~2024-12~2R0S0UB9~27 - Manu Lopes & Nicole Lacerda}
manulopesnicolelacerdamarcus.ld.093.jpg,2225086,44a2b63a,\2024-12\27 - Manu Lopes & Nicole Lacerda\,{BTGX39~2024-12~2R0S0UB9~27 - Manu Lopes & Nicole Lacerda}
manulopesnicolelacerdamarcus.ld.094.jpg,2485363,ac17ce5a,\2024-12\27 - Manu Lopes & Nicole Lacerda\,{BTGX39~2024-12~2R0S0UB9~27 - Manu Lopes & Nicole Lacerda}
manulopesnicolelacerdamarcus.ld.095.jpg,2519282,28bae3ad,\2024-12\27 - Manu Lopes & Nicole Lacerda\,{BTGX39~2024-12~2R0S0UB9~27 - Manu Lopes & Nicole Lacerda}
manulopesnicolelacerdamarcus.ld.096.jpg,2566577,fb0843af,\2024-12\27 - Manu Lopes & Nicole Lacerda\,{BTGX39~2024-12~2R0S0UB9~27 - Manu Lopes & Nicole Lacerda}
manulopesnicolelacerdamarcus.ld.097.jpg,1708724,a026c18f,\2024-12\27 - Manu Lopes & Nicole Lacerda\,{BTGX39~2024-12~2R0S0UB9~27 - Manu Lopes & Nicole Lacerda}
manulopesnicolelacerdamarcus.ld.098.jpg,2063905,cbc42086,\2024-12\27 - Manu Lopes & Nicole Lacerda\,{BTGX39~2024-12~2R0S0UB9~27 - Manu Lopes & Nicole Lacerda}
manulopesnicolelacerdamarcus.ld.099.jpg,1893611,f89ddb7d,\2024-12\27 - Manu Lopes & Nicole Lacerda\,{BTGX39~2024-12~2R0S0UB9~27 - Manu Lopes & Nicole Lacerda}
manulopesnicolelacerdamarcus.ld.100.jpg,2595676,6e1625ce,\2024-12\27 - Manu Lopes & Nicole Lacerda\,{BTGX39~2024-12~2R0S0UB9~27 - Manu Lopes & Nicole Lacerda}
manulopesnicolelacerdamarcus.ld.101.jpg,2326522,a273700e,\2024-12\27 - Manu Lopes & Nicole Lacerda\,{BTGX39~2024-12~2R0S0UB9~27 - Manu Lopes & Nicole Lacerda}
manulopesnicolelacerdamarcus.ld.102.jpg,2420284,f97be4d0,\2024-12\27 - Manu Lopes & Nicole Lacerda\,{BTGX39~2024-12~2R0S0UB9~27 - Manu Lopes & Nicole Lacerda}
manulopesnicolelacerdamarcus.ld.103.jpg,2597652,204550ba,\2024-12\27 - Manu Lopes & Nicole Lacerda\,{BTGX39~2024-12~2R0S0UB9~27 - Manu Lopes & Nicole Lacerda}
manulopesnicolelacerdamarcus.ld.104.jpg,2727269,c580aca9,\2024-12\27 - Manu Lopes & Nicole Lacerda\,{BTGX39~2024-12~2R0S0UB9~27 - Manu Lopes & Nicole Lacerda}
manulopesnicolelacerdamarcus.ld.105.jpg,2321977,46bc5fe4,\2024-12\27 - Manu Lopes & Nicole Lacerda\,{BTGX39~2024-12~2R0S0UB9~27 - Manu Lopes & Nicole Lacerda}
manulopesnicolelacerdamarcus.ld.106.jpg,2781332,af0c7f86,\2024-12\27 - Manu Lopes & Nicole Lacerda\,{BTGX39~2024-12~2R0S0UB9~27 - Manu Lopes & Nicole Lacerda}
manulopesnicolelacerdamarcus.ld.107.jpg,2665128,b0df0aa8,\2024-12\27 - Manu Lopes & Nicole Lacerda\,{BTGX39~2024-12~2R0S0UB9~27 - Manu Lopes & Nicole Lacerda}
manulopesnicolelacerdamarcus.ld.108.jpg,2429471,dcf203d7,\2024-12\27 - Manu Lopes & Nicole Lacerda\,{BTGX39~2024-12~2R0S0UB9~27 - Manu Lopes & Nicole Lacerda}
manulopesnicolelacerdamarcus.ld.109.jpg,2587513,8967198f,\2024-12\27 - Manu Lopes & Nicole Lacerda\,{BTGX39~2024-12~2R0S0UB9~27 - Manu Lopes & Nicole Lacerda}
manulopesnicolelacerdamarcus.ld.110.jpg,2122513,ea21afed,\2024-12\27 - Manu Lopes & Nicole Lacerda\,{BTGX39~2024-12~2R0S0UB9~27 - Manu Lopes & Nicole Lacerda}
manulopesnicolelacerdamarcus.ld.111.jpg,2070285,4d2e12ce,\2024-12\27 - Manu Lopes & Nicole Lacerda\,{BTGX39~2024-12~2R0S0UB9~27 - Manu Lopes & Nicole Lacerda}
manulopesnicolelacerdamarcus.ld.112.jpg,2705458,a7be489d,\2024-12\27 - Manu Lopes & Nicole Lacerda\,{BTGX39~2024-12~2R0S0UB9~27 - Manu Lopes & Nicole Lacerda}
manulopesnicolelacerdamarcus.ld.113.jpg,2714110,c4a6f3f6,\2024-12\27 - Manu Lopes & Nicole Lacerda\,{BTGX39~2024-12~2R0S0UB9~27 - Manu Lopes & Nicole Lacerda}
manulopesnicolelacerdamarcus.ld.114.jpg,2577064,a3bc93ae,\2024-12\27 - Manu Lopes & Nicole Lacerda\,{BTGX39~2024-12~2R0S0UB9~27 - Manu Lopes & Nicole Lacerda}
manulopesnicolelacerdamarcus.ld.115.jpg,2057453,704ed238,\2024-12\27 - Manu Lopes & Nicole Lacerda\,{BTGX39~2024-12~2R0S0UB9~27 - Manu Lopes & Nicole Lacerda}
manulopesnicolelacerdamarcus.ld.116.jpg,2210100,e102b345,\2024-12\27 - Manu Lopes & Nicole Lacerda\,{BTGX39~2024-12~2R0S0UB9~27 - Manu Lopes & Nicole Lacerda}
manulopesnicolelacerdamarcus.ld.117.jpg,2184037,144daaef,\2024-12\27 - Manu Lopes & Nicole Lacerda\,{BTGX39~2024-12~2R0S0UB9~27 - Manu Lopes & Nicole Lacerda}
manulopesnicolelacerdamarcus.ld.118.jpg,2264697,acab120a,\2024-12\27 - Manu Lopes & Nicole Lacerda\,{BTGX39~2024-12~2R0S0UB9~27 - Manu Lopes & Nicole Lacerda}
manulopesnicolelacerdamarcus.ld.119.jpg,2069223,c04d1807,\2024-12\27 - Manu Lopes & Nicole Lacerda\,{BTGX39~2024-12~2R0S0UB9~27 - Manu Lopes & Nicole Lacerda}
manulopesnicolelacerdamarcus.ld.120.jpg,2437864,87f775ee,\2024-12\27 - Manu Lopes & Nicole Lacerda\,{BTGX39~2024-12~2R0S0UB9~27 - Manu Lopes & Nicole Lacerda}
manulopesnicolelacerdamarcus.ld.121.jpg,2068813,51f1ccaa,\2024-12\27 - Manu Lopes & Nicole Lacerda\,{BTGX39~2024-12~2R0S0UB9~27 - Manu Lopes & Nicole Lacerda}
manulopesnicolelacerdamarcus.ld.122.jpg,2160164,e3fa8c7e,\2024-12\27 - Manu Lopes & Nicole Lacerda\,{BTGX39~2024-12~2R0S0UB9~27 - Manu Lopes & Nicole Lacerda}
manulopesnicolelacerdamarcus.ld.123.jpg,1694478,96a55faa,\2024-12\27 - Manu Lopes & Nicole Lacerda\,{BTGX39~2024-12~2R0S0UB9~27 - Manu Lopes & Nicole Lacerda}
manulopesnicolelacerdamarcus.ld.124.jpg,1797371,b7efa0a7,\2024-12\27 - Manu Lopes & Nicole Lacerda\,{BTGX39~2024-12~2R0S0UB9~27 - Manu Lopes & Nicole Lacerda}
manulopesnicolelacerdamarcus.ld.125.jpg,2121765,344f6891,\2024-12\27 - Manu Lopes & Nicole Lacerda\,{BTGX39~2024-12~2R0S0UB9~27 - Manu Lopes & Nicole Lacerda}
manulopesnicolelacerdamarcus.ld.126.jpg,2013409,0c615028,\2024-12\27 - Manu Lopes & Nicole Lacerda\,{BTGX39~2024-12~2R0S0UB9~27 - Manu Lopes & Nicole Lacerda}
manulopesnicolelacerdamarcus.ld.127.jpg,2180448,bd4a80b8,\2024-12\27 - Manu Lopes & Nicole Lacerda\,{BTGX39~2024-12~2R0S0UB9~27 - Manu Lopes & Nicole Lacerda}
manulopesnicolelacerdamarcus.ld.128.jpg,1767234,8b3265c4,\2024-12\27 - Manu Lopes & Nicole Lacerda\,{BTGX39~2024-12~2R0S0UB9~27 - Manu Lopes & Nicole Lacerda}
manulopesnicolelacerdamarcus.ld.129.jpg,2283337,7fe033d9,\2024-12\27 - Manu Lopes & Nicole Lacerda\,{BTGX39~2024-12~2R0S0UB9~27 - Manu Lopes & Nicole Lacerda}
manulopesnicolelacerdamarcus.ld.131.jpg,2042106,20a4ffe1,\2024-12\27 - Manu Lopes & Nicole Lacerda\,{BTGX39~2024-12~2R0S0UB9~27 - Manu Lopes & Nicole Lacerda}
manulopesnicolelacerdamarcus.ld.132.jpg,1898591,115123bc,\2024-12\27 - Manu Lopes & Nicole Lacerda\,{BTGX39~2024-12~2R0S0UB9~27 - Manu Lopes & Nicole Lacerda}
manulopesnicolelacerdamarcus.ld.133.jpg,2168136,7ee427ce,\2024-12\27 - Manu Lopes & Nicole Lacerda\,{BTGX39~2024-12~2R0S0UB9~27 - Manu Lopes & Nicole Lacerda}
manulopesnicolelacerdamarcus.ld.134.jpg,2300448,673d58b4,\2024-12\27 - Manu Lopes & Nicole Lacerda\,{BTGX39~2024-12~2R0S0UB9~27 - Manu Lopes & Nicole Lacerda}
manulopesnicolelacerdamarcus.ld.135.jpg,2056278,98a7b4fd,\2024-12\27 - Manu Lopes & Nicole Lacerda\,{BTGX39~2024-12~2R0S0UB9~27 - Manu Lopes & Nicole Lacerda}
manulopesnicolelacerdamarcus.ld.136.jpg,1975975,c54aacaf,\2024-12\27 - Manu Lopes & Nicole Lacerda\,{BTGX39~2024-12~2R0S0UB9~27 - Manu Lopes & Nicole Lacerda}
manulopesnicolelacerdamarcus.ld.137.jpg,2082183,37a6f32b,\2024-12\27 - Manu Lopes & Nicole Lacerda\,{BTGX39~2024-12~2R0S0UB9~27 - Manu Lopes & Nicole Lacerda}
manulopesnicolelacerdamarcus.ld.138.jpg,1947642,c7456ac1,\2024-12\27 - Manu Lopes & Nicole Lacerda\,{BTGX39~2024-12~2R0S0UB9~27 - Manu Lopes & Nicole Lacerda}
manulopesnicolelacerdamarcus.ld.139.jpg,2067046,6a04b3eb,\2024-12\27 - Manu Lopes & Nicole Lacerda\,{BTGX39~2024-12~2R0S0UB9~27 - Manu Lopes & Nicole Lacerda}
manulopesnicolelacerdamarcus.ld.140.jpg,2030066,5273c575,\2024-12\27 - Manu Lopes & Nicole Lacerda\,{BTGX39~2024-12~2R0S0UB9~27 - Manu Lopes & Nicole Lacerda}
manulopesnicolelacerdamarcus.ld.141.jpg,2162811,1d12e5e1,\2024-12\27 - Manu Lopes & Nicole Lacerda\,{BTGX39~2024-12~2R0S0UB9~27 - Manu Lopes & Nicole Lacerda}
manulopesnicolelacerdamarcus.ld.142.jpg,2151848,fc0b9c0c,\2024-12\27 - Manu Lopes & Nicole Lacerda\,{BTGX39~2024-12~2R0S0UB9~27 - Manu Lopes & Nicole Lacerda}
manulopesnicolelacerdamarcus.ld.143.jpg,2120411,263d50bc,\2024-12\27 - Manu Lopes & Nicole Lacerda\,{BTGX39~2024-12~2R0S0UB9~27 - Manu Lopes & Nicole Lacerda}
manulopesnicolelacerdamarcus.ld.144.jpg,2058809,1a6f6af3,\2024-12\27 - Manu Lopes & Nicole Lacerda\,{BTGX39~2024-12~2R0S0UB9~27 - Manu Lopes & Nicole Lacerda}
manulopesnicolelacerdamarcus.ld.145.jpg,2411079,15775148,\2024-12\27 - Manu Lopes & Nicole Lacerda\,{BTGX39~2024-12~2R0S0UB9~27 - Manu Lopes & Nicole Lacerda}
manulopesnicolelacerdamarcus.ld.146.jpg,2444481,227f1739,\2024-12\27 - Manu Lopes & Nicole Lacerda\,{BTGX39~2024-12~2R0S0UB9~27 - Manu Lopes & Nicole Lacerda}
manulopesnicolelacerdamarcus.ld.147.jpg,2269541,ae0f1df3,\2024-12\27 - Manu Lopes & Nicole Lacerda\,{BTGX39~2024-12~2R0S0UB9~27 - Manu Lopes & Nicole Lacerda}
manulopesnicolelacerdamarcus.ld.148.jpg,1638142,2f099aad,\2024-12\27 - Manu Lopes & Nicole Lacerda\,{BTGX39~2024-12~2R0S0UB9~27 - Manu Lopes & Nicole Lacerda}
manulopesnicolelacerdamarcus.ld.149.jpg,2129468,0e08d1ab,\2024-12\27 - Manu Lopes & Nicole Lacerda\,{BTGX39~2024-12~2R0S0UB9~27 - Manu Lopes & Nicole Lacerda}
manulopesnicolelacerdamarcus.ld.150.jpg,2058152,136c0d1e,\2024-12\27 - Manu Lopes & Nicole Lacerda\,{BTGX39~2024-12~2R0S0UB9~27 - Manu Lopes & Nicole Lacerda}
manulopesnicolelacerdamarcus.ld.151.jpg,1975190,8124758b,\2024-12\27 - Manu Lopes & Nicole Lacerda\,{BTGX39~2024-12~2R0S0UB9~27 - Manu Lopes & Nicole Lacerda}
manulopesnicolelacerdamarcus.ld.152.jpg,2032552,aebe009d,\2024-12\27 - Manu Lopes & Nicole Lacerda\,{BTGX39~2024-12~2R0S0UB9~27 - Manu Lopes & Nicole Lacerda}
manulopesnicolelacerdamarcus.ld.153.jpg,2052087,0dbdbb08,\2024-12\27 - Manu Lopes & Nicole Lacerda\,{BTGX39~2024-12~2R0S0UB9~27 - Manu Lopes & Nicole Lacerda}
manulopesnicolelacerdamarcus.ld.154.jpg,1942895,da34da85,\2024-12\27 - Manu Lopes & Nicole Lacerda\,{BTGX39~2024-12~2R0S0UB9~27 - Manu Lopes & Nicole Lacerda}
manulopesnicolelacerdamarcus.ld.155.jpg,2294242,680397ec,\2024-12\27 - Manu Lopes & Nicole Lacerda\,{BTGX39~2024-12~2R0S0UB9~27 - Manu Lopes & Nicole Lacerda}
manulopesnicolelacerdamarcus.ld.156.jpg,2194220,d8e5e538,\2024-12\27 - Manu Lopes & Nicole Lacerda\,{BTGX39~2024-12~2R0S0UB9~27 - Manu Lopes & Nicole Lacerda}
manulopesnicolelacerdamarcus.ld.157.jpg,2324334,b786c982,\2024-12\27 - Manu Lopes & Nicole Lacerda\,{BTGX39~2024-12~2R0S0UB9~27 - Manu Lopes & Nicole Lacerda}
manulopesnicolelacerdamarcus.ld.158.jpg,2242119,ac778e40,\2024-12\27 - Manu Lopes & Nicole Lacerda\,{BTGX39~2024-12~2R0S0UB9~27 - Manu Lopes & Nicole Lacerda}
manulopesnicolelacerdamarcus.ld.159.jpg,1996379,a46ace75,\2024-12\27 - Manu Lopes & Nicole Lacerda\,{BTGX39~2024-12~2R0S0UB9~27 - Manu Lopes & Nicole Lacerda}
manulopesnicolelacerdamarcus.ld.160.jpg,2173128,489303ba,\2024-12\27 - Manu Lopes & Nicole Lacerda\,{BTGX39~2024-12~2R0S0UB9~27 - Manu Lopes & Nicole Lacerda}
manulopesnicolelacerdamarcus.ld.161.jpg,2176107,e56fbca3,\2024-12\27 - Manu Lopes & Nicole Lacerda\,{BTGX39~2024-12~2R0S0UB9~27 - Manu Lopes & Nicole Lacerda}
manulopesnicolelacerdamarcus.ld.162.jpg,2191551,4243629c,\2024-12\27 - Manu Lopes & Nicole Lacerda\,{BTGX39~2024-12~2R0S0UB9~27 - Manu Lopes & Nicole Lacerda}
manulopesnicolelacerdamarcus.ld.163.jpg,2095675,515d7c14,\2024-12\27 - Manu Lopes & Nicole Lacerda\,{BTGX39~2024-12~2R0S0UB9~27 - Manu Lopes & Nicole Lacerda}
manulopesnicolelacerdamarcus.ld.164.jpg,2145750,da947ace,\2024-12\27 - Manu Lopes & Nicole Lacerda\,{BTGX39~2024-12~2R0S0UB9~27 - Manu Lopes & Nicole Lacerda}
manulopesnicolelacerdamarcus.ld.165.jpg,2140225,87d3ee8d,\2024-12\27 - Manu Lopes & Nicole Lacerda\,{BTGX39~2024-12~2R0S0UB9~27 - Manu Lopes & Nicole Lacerda}
manulopesnicolelacerdamarcus.ld.166.jpg,2486445,c7628278,\2024-12\27 - Manu Lopes & Nicole Lacerda\,{BTGX39~2024-12~2R0S0UB9~27 - Manu Lopes & Nicole Lacerda}
manulopesnicolelacerdamarcus.ld.167.jpg,2464272,2a89d28c,\2024-12\27 - Manu Lopes & Nicole Lacerda\,{BTGX39~2024-12~2R0S0UB9~27 - Manu Lopes & Nicole Lacerda}
isabellafiorellahenriquemiranda.ld.001.jpg,2161948,c3e2111c,\2025-01\03 - Isabella Fiorella\,{BTGX39~2025-01~2Y0TLTD8~03 - Isabella Fiorella}
isabellafiorellahenriquemiranda.ld.002.jpg,2290502,c2e66222,\2025-01\03 - Isabella Fiorella\,{BTGX39~2025-01~2Y0TLTD8~03 - Isabella Fiorella}
isabellafiorellahenriquemiranda.ld.003.jpg,2324745,06b12c86,\2025-01\03 - Isabella Fiorella\,{BTGX39~2025-01~2Y0TLTD8~03 - Isabella Fiorella}
isabellafiorellahenriquemiranda.ld.004.jpg,2549520,5ee5e56b,\2025-01\03 - Isabella Fiorella\,{BTGX39~2025-01~2Y0TLTD8~03 - Isabella Fiorella}
isabellafiorellahenriquemiranda.ld.005.jpg,2600968,29d88ae0,\2025-01\03 - Isabella Fiorella\,{BTGX39~2025-01~2Y0TLTD8~03 - Isabella Fiorella}
isabellafiorellahenriquemiranda.ld.006.jpg,2860112,7d079de2,\2025-01\03 - Isabella Fiorella\,{BTGX39~2025-01~2Y0TLTD8~03 - Isabella Fiorella}
isabellafiorellahenriquemiranda.ld.007.jpg,2003142,360fc2f8,\2025-01\03 - Isabella Fiorella\,{BTGX39~2025-01~2Y0TLTD8~03 - Isabella Fiorella}
isabellafiorellahenriquemiranda.ld.008.jpg,2846524,c1e2a7a2,\2025-01\03 - Isabella Fiorella\,{BTGX39~2025-01~2Y0TLTD8~03 - Isabella Fiorella}
isabellafiorellahenriquemiranda.ld.009.jpg,2817352,4c439211,\2025-01\03 - Isabella Fiorella\,{BTGX39~2025-01~2Y0TLTD8~03 - Isabella Fiorella}
isabellafiorellahenriquemiranda.ld.010.jpg,2734315,34d07027,\2025-01\03 - Isabella Fiorella\,{BTGX39~2025-01~2Y0TLTD8~03 - Isabella Fiorella}
isabellafiorellahenriquemiranda.ld.011.jpg,2993347,92750952,\2025-01\03 - Isabella Fiorella\,{BTGX39~2025-01~2Y0TLTD8~03 - Isabella Fiorella}
isabellafiorellahenriquemiranda.ld.012.jpg,2783611,32c53dbf,\2025-01\03 - Isabella Fiorella\,{BTGX39~2025-01~2Y0TLTD8~03 - Isabella Fiorella}
isabellafiorellahenriquemiranda.ld.013.jpg,2766580,a47fc233,\2025-01\03 - Isabella Fiorella\,{BTGX39~2025-01~2Y0TLTD8~03 - Isabella Fiorella}
isabellafiorellahenriquemiranda.ld.014.jpg,2473536,ad6dcd8e,\2025-01\03 - Isabella Fiorella\,{BTGX39~2025-01~2Y0TLTD8~03 - Isabella Fiorella}
isabellafiorellahenriquemiranda.ld.015.jpg,2047850,a95ef2de,\2025-01\03 - Isabella Fiorella\,{BTGX39~2025-01~2Y0TLTD8~03 - Isabella Fiorella}
isabellafiorellahenriquemiranda.ld.016.jpg,2600510,60b5cac8,\2025-01\03 - Isabella Fiorella\,{BTGX39~2025-01~2Y0TLTD8~03 - Isabella Fiorella}
isabellafiorellahenriquemiranda.ld.017.jpg,2803288,7c34cbb1,\2025-01\03 - Isabella Fiorella\,{BTGX39~2025-01~2Y0TLTD8~03 - Isabella Fiorella}
isabellafiorellahenriquemiranda.ld.018.jpg,2407217,fe721dc3,\2025-01\03 - Isabella Fiorella\,{BTGX39~2025-01~2Y0TLTD8~03 - Isabella Fiorella}
isabellafiorellahenriquemiranda.ld.019.jpg,2454646,d9967208,\2025-01\03 - Isabella Fiorella\,{BTGX39~2025-01~2Y0TLTD8~03 - Isabella Fiorella}
isabellafiorellahenriquemiranda.ld.020.jpg,2216748,2e629d2c,\2025-01\03 - Isabella Fiorella\,{BTGX39~2025-01~2Y0TLTD8~03 - Isabella Fiorella}
isabellafiorellahenriquemiranda.ld.021.jpg,2231910,a4dace2c,\2025-01\03 - Isabella Fiorella\,{BTGX39~2025-01~2Y0TLTD8~03 - Isabella Fiorella}
isabellafiorellahenriquemiranda.ld.022.jpg,3134073,d48674ba,\2025-01\03 - Isabella Fiorella\,{BTGX39~2025-01~2Y0TLTD8~03 - Isabella Fiorella}
isabellafiorellahenriquemiranda.ld.023.jpg,2999467,94409f0f,\2025-01\03 - Isabella Fiorella\,{BTGX39~2025-01~2Y0TLTD8~03 - Isabella Fiorella}
isabellafiorellahenriquemiranda.ld.024.jpg,2861124,65802895,\2025-01\03 - Isabella Fiorella\,{BTGX39~2025-01~2Y0TLTD8~03 - Isabella Fiorella}
isabellafiorellahenriquemiranda.ld.025.jpg,2763963,9e531304,\2025-01\03 - Isabella Fiorella\,{BTGX39~2025-01~2Y0TLTD8~03 - Isabella Fiorella}
isabellafiorellahenriquemiranda.ld.026.jpg,2382717,233064ae,\2025-01\03 - Isabella Fiorella\,{BTGX39~2025-01~2Y0TLTD8~03 - Isabella Fiorella}
isabellafiorellahenriquemiranda.ld.027.jpg,2756733,cac5bae7,\2025-01\03 - Isabella Fiorella\,{BTGX39~2025-01~2Y0TLTD8~03 - Isabella Fiorella}
isabellafiorellahenriquemiranda.ld.028.jpg,2577670,b8f087da,\2025-01\03 - Isabella Fiorella\,{BTGX39~2025-01~2Y0TLTD8~03 - Isabella Fiorella}
isabellafiorellahenriquemiranda.ld.029.jpg,2096904,dbbd59ec,\2025-01\03 - Isabella Fiorella\,{BTGX39~2025-01~2Y0TLTD8~03 - Isabella Fiorella}
isabellafiorellahenriquemiranda.ld.030.jpg,2012137,e75a760f,\2025-01\03 - Isabella Fiorella\,{BTGX39~2025-01~2Y0TLTD8~03 - Isabella Fiorella}
isabellafiorellahenriquemiranda.ld.031.jpg,2736814,f5878307,\2025-01\03 - Isabella Fiorella\,{BTGX39~2025-01~2Y0TLTD8~03 - Isabella Fiorella}
isabellafiorellahenriquemiranda.ld.032.jpg,2574223,6c35d6e0,\2025-01\03 - Isabella Fiorella\,{BTGX39~2025-01~2Y0TLTD8~03 - Isabella Fiorella}
isabellafiorellahenriquemiranda.ld.033.jpg,2939386,3860ead5,\2025-01\03 - Isabella Fiorella\,{BTGX39~2025-01~2Y0TLTD8~03 - Isabella Fiorella}
isabellafiorellahenriquemiranda.ld.034.jpg,2845577,b9b4183e,\2025-01\03 - Isabella Fiorella\,{BTGX39~2025-01~2Y0TLTD8~03 - Isabella Fiorella}
isabellafiorellahenriquemiranda.ld.035.jpg,2622303,524bfc7f,\2025-01\03 - Isabella Fiorella\,{BTGX39~2025-01~2Y0TLTD8~03 - Isabella Fiorella}
isabellafiorellahenriquemiranda.ld.036.jpg,2664093,249e06df,\2025-01\03 - Isabella Fiorella\,{BTGX39~2025-01~2Y0TLTD8~03 - Isabella Fiorella}
isabellafiorellahenriquemiranda.ld.037.jpg,2680738,647feb0f,\2025-01\03 - Isabella Fiorella\,{BTGX39~2025-01~2Y0TLTD8~03 - Isabella Fiorella}
isabellafiorellahenriquemiranda.ld.038.jpg,2552465,bec9ff8b,\2025-01\03 - Isabella Fiorella\,{BTGX39~2025-01~2Y0TLTD8~03 - Isabella Fiorella}
isabellafiorellahenriquemiranda.ld.039.jpg,2527199,80dfbd05,\2025-01\03 - Isabella Fiorella\,{BTGX39~2025-01~2Y0TLTD8~03 - Isabella Fiorella}
isabellafiorellahenriquemiranda.ld.040.jpg,2895383,14ac0fe8,\2025-01\03 - Isabella Fiorella\,{BTGX39~2025-01~2Y0TLTD8~03 - Isabella Fiorella}
isabellafiorellahenriquemiranda.ld.041.jpg,2779855,f1a88fd0,\2025-01\03 - Isabella Fiorella\,{BTGX39~2025-01~2Y0TLTD8~03 - Isabella Fiorella}
isabellafiorellahenriquemiranda.ld.042.jpg,1856749,02292a7d,\2025-01\03 - Isabella Fiorella\,{BTGX39~2025-01~2Y0TLTD8~03 - Isabella Fiorella}
isabellafiorellahenriquemiranda.ld.043.jpg,2699119,92200ebc,\2025-01\03 - Isabella Fiorella\,{BTGX39~2025-01~2Y0TLTD8~03 - Isabella Fiorella}
isabellafiorellahenriquemiranda.ld.044.jpg,2801968,f1f2a0b4,\2025-01\03 - Isabella Fiorella\,{BTGX39~2025-01~2Y0TLTD8~03 - Isabella Fiorella}
isabellafiorellahenriquemiranda.ld.045.jpg,2686323,b71e4723,\2025-01\03 - Isabella Fiorella\,{BTGX39~2025-01~2Y0TLTD8~03 - Isabella Fiorella}
isabellafiorellahenriquemiranda.ld.046.jpg,2586605,df58eb69,\2025-01\03 - Isabella Fiorella\,{BTGX39~2025-01~2Y0TLTD8~03 - Isabella Fiorella}
isabellafiorellahenriquemiranda.ld.047.jpg,2483610,62625f2f,\2025-01\03 - Isabella Fiorella\,{BTGX39~2025-01~2Y0TLTD8~03 - Isabella Fiorella}
isabellafiorellahenriquemiranda.ld.048.jpg,2621975,8ee7f913,\2025-01\03 - Isabella Fiorella\,{BTGX39~2025-01~2Y0TLTD8~03 - Isabella Fiorella}
isabellafiorellahenriquemiranda.ld.049.jpg,2745100,0cdee3cd,\2025-01\03 - Isabella Fiorella\,{BTGX39~2025-01~2Y0TLTD8~03 - Isabella Fiorella}
isabellafiorellahenriquemiranda.ld.050.jpg,2896643,c2c91ac7,\2025-01\03 - Isabella Fiorella\,{BTGX39~2025-01~2Y0TLTD8~03 - Isabella Fiorella}
isabellafiorellahenriquemiranda.ld.051.jpg,3129112,3445b8ce,\2025-01\03 - Isabella Fiorella\,{BTGX39~2025-01~2Y0TLTD8~03 - Isabella Fiorella}
isabellafiorellahenriquemiranda.ld.052.jpg,2316031,f72f988e,\2025-01\03 - Isabella Fiorella\,{BTGX39~2025-01~2Y0TLTD8~03 - Isabella Fiorella}
isabellafiorellahenriquemiranda.ld.053.jpg,2758826,674dd4f7,\2025-01\03 - Isabella Fiorella\,{BTGX39~2025-01~2Y0TLTD8~03 - Isabella Fiorella}
isabellafiorellahenriquemiranda.ld.054.jpg,3178270,8fe66a77,\2025-01\03 - Isabella Fiorella\,{BTGX39~2025-01~2Y0TLTD8~03 - Isabella Fiorella}
isabellafiorellahenriquemiranda.ld.055.jpg,2377073,6c5cfd64,\2025-01\03 - Isabella Fiorella\,{BTGX39~2025-01~2Y0TLTD8~03 - Isabella Fiorella}
isabellafiorellahenriquemiranda.ld.056.jpg,2432097,78bddff1,\2025-01\03 - Isabella Fiorella\,{BTGX39~2025-01~2Y0TLTD8~03 - Isabella Fiorella}
isabellafiorellahenriquemiranda.ld.057.jpg,2765632,53cbcdef,\2025-01\03 - Isabella Fiorella\,{BTGX39~2025-01~2Y0TLTD8~03 - Isabella Fiorella}
isabellafiorellahenriquemiranda.ld.058.jpg,2787608,b45302d0,\2025-01\03 - Isabella Fiorella\,{BTGX39~2025-01~2Y0TLTD8~03 - Isabella Fiorella}
isabellafiorellahenriquemiranda.ld.059.jpg,2783097,955a4df1,\2025-01\03 - Isabella Fiorella\,{BTGX39~2025-01~2Y0TLTD8~03 - Isabella Fiorella}
isabellafiorellahenriquemiranda.ld.060.jpg,2597935,d69e3990,\2025-01\03 - Isabella Fiorella\,{BTGX39~2025-01~2Y0TLTD8~03 - Isabella Fiorella}
isabellafiorellahenriquemiranda.ld.061.jpg,2623135,9ff65f2f,\2025-01\03 - Isabella Fiorella\,{BTGX39~2025-01~2Y0TLTD8~03 - Isabella Fiorella}
isabellafiorellahenriquemiranda.ld.062.jpg,2559153,e1c17b80,\2025-01\03 - Isabella Fiorella\,{BTGX39~2025-01~2Y0TLTD8~03 - Isabella Fiorella}
isabellafiorellahenriquemiranda.ld.063.jpg,2340593,fd03d94c,\2025-01\03 - Isabella Fiorella\,{BTGX39~2025-01~2Y0TLTD8~03 - Isabella Fiorella}
isabellafiorellahenriquemiranda.ld.064.jpg,2387750,1af99350,\2025-01\03 - Isabella Fiorella\,{BTGX39~2025-01~2Y0TLTD8~03 - Isabella Fiorella}
isabellafiorellahenriquemiranda.ld.065.jpg,2354154,d77c113f,\2025-01\03 - Isabella Fiorella\,{BTGX39~2025-01~2Y0TLTD8~03 - Isabella Fiorella}
isabellafiorellahenriquemiranda.ld.066.jpg,2310064,ad789558,\2025-01\03 - Isabella Fiorella\,{BTGX39~2025-01~2Y0TLTD8~03 - Isabella Fiorella}
isabellafiorellahenriquemiranda.ld.067.jpg,2490677,548af3b0,\2025-01\03 - Isabella Fiorella\,{BTGX39~2025-01~2Y0TLTD8~03 - Isabella Fiorella}
isabellafiorellahenriquemiranda.ld.068.jpg,2596837,3f67e009,\2025-01\03 - Isabella Fiorella\,{BTGX39~2025-01~2Y0TLTD8~03 - Isabella Fiorella}
isabellafiorellahenriquemiranda.ld.069.jpg,2624722,705c7eca,\2025-01\03 - Isabella Fiorella\,{BTGX39~2025-01~2Y0TLTD8~03 - Isabella Fiorella}
isabellafiorellahenriquemiranda.ld.070.jpg,2153404,f01daef6,\2025-01\03 - Isabella Fiorella\,{BTGX39~2025-01~2Y0TLTD8~03 - Isabella Fiorella}
isabellafiorellahenriquemiranda.ld.071.jpg,2167890,0b27a18b,\2025-01\03 - Isabella Fiorella\,{BTGX39~2025-01~2Y0TLTD8~03 - Isabella Fiorella}
isabellafiorellahenriquemiranda.ld.072.jpg,1942072,7496eaf0,\2025-01\03 - Isabella Fiorella\,{BTGX39~2025-01~2Y0TLTD8~03 - Isabella Fiorella}
isabellafiorellahenriquemiranda.ld.073.jpg,2136933,83db5b78,\2025-01\03 - Isabella Fiorella\,{BTGX39~2025-01~2Y0TLTD8~03 - Isabella Fiorella}
isabellafiorellahenriquemiranda.ld.074.jpg,2181290,782bc7b6,\2025-01\03 - Isabella Fiorella\,{BTGX39~2025-01~2Y0TLTD8~03 - Isabella Fiorella}
isabellafiorellahenriquemiranda.ld.075.jpg,2275735,2562a817,\2025-01\03 - Isabella Fiorella\,{BTGX39~2025-01~2Y0TLTD8~03 - Isabella Fiorella}
isabellafiorellahenriquemiranda.ld.076.jpg,2009556,a86f49a8,\2025-01\03 - Isabella Fiorella\,{BTGX39~2025-01~2Y0TLTD8~03 - Isabella Fiorella}
isabellafiorellahenriquemiranda.ld.077.jpg,1837614,23eaa923,\2025-01\03 - Isabella Fiorella\,{BTGX39~2025-01~2Y0TLTD8~03 - Isabella Fiorella}
isabellafiorellahenriquemiranda.ld.078.jpg,2208188,6a0f1cca,\2025-01\03 - Isabella Fiorella\,{BTGX39~2025-01~2Y0TLTD8~03 - Isabella Fiorella}
isabellafiorellahenriquemiranda.ld.079.jpg,2225326,ca90686a,\2025-01\03 - Isabella Fiorella\,{BTGX39~2025-01~2Y0TLTD8~03 - Isabella Fiorella}
isabellafiorellahenriquemiranda.ld.080.jpg,2268336,54b61f92,\2025-01\03 - Isabella Fiorella\,{BTGX39~2025-01~2Y0TLTD8~03 - Isabella Fiorella}
isabellafiorellahenriquemiranda.ld.081.jpg,2246436,5fff6a34,\2025-01\03 - Isabella Fiorella\,{BTGX39~2025-01~2Y0TLTD8~03 - Isabella Fiorella}
isabellafiorellahenriquemiranda.ld.082.jpg,2314532,f45b25cd,\2025-01\03 - Isabella Fiorella\,{BTGX39~2025-01~2Y0TLTD8~03 - Isabella Fiorella}
isabellafiorellahenriquemiranda.ld.083.jpg,2067166,b699f106,\2025-01\03 - Isabella Fiorella\,{BTGX39~2025-01~2Y0TLTD8~03 - Isabella Fiorella}
isabellafiorellahenriquemiranda.ld.084.jpg,2080504,dc624119,\2025-01\03 - Isabella Fiorella\,{BTGX39~2025-01~2Y0TLTD8~03 - Isabella Fiorella}
isabellafiorellahenriquemiranda.ld.085.jpg,2446109,e18c00af,\2025-01\03 - Isabella Fiorella\,{BTGX39~2025-01~2Y0TLTD8~03 - Isabella Fiorella}
isabellafiorellahenriquemiranda.ld.086.jpg,2204181,01af360b,\2025-01\03 - Isabella Fiorella\,{BTGX39~2025-01~2Y0TLTD8~03 - Isabella Fiorella}
isabellafiorellahenriquemiranda.ld.087.jpg,2143265,4218846a,\2025-01\03 - Isabella Fiorella\,{BTGX39~2025-01~2Y0TLTD8~03 - Isabella Fiorella}
isabellafiorellahenriquemiranda.ld.088.jpg,2262176,8ab435a0,\2025-01\03 - Isabella Fiorella\,{BTGX39~2025-01~2Y0TLTD8~03 - Isabella Fiorella}
isabellafiorellahenriquemiranda.ld.089.jpg,2288605,2d02cd8e,\2025-01\03 - Isabella Fiorella\,{BTGX39~2025-01~2Y0TLTD8~03 - Isabella Fiorella}
isabellafiorellahenriquemiranda.ld.090.jpg,2362686,a4a6d4c6,\2025-01\03 - Isabella Fiorella\,{BTGX39~2025-01~2Y0TLTD8~03 - Isabella Fiorella}
isabellafiorellahenriquemiranda.ld.091.jpg,2453796,c1ec2c80,\2025-01\03 - Isabella Fiorella\,{BTGX39~2025-01~2Y0TLTD8~03 - Isabella Fiorella}
isabellafiorellahenriquemiranda.ld.092.jpg,2589381,10f23bc9,\2025-01\03 - Isabella Fiorella\,{BTGX39~2025-01~2Y0TLTD8~03 - Isabella Fiorella}
isabellafiorellahenriquemiranda.ld.093.jpg,2496375,863b00a1,\2025-01\03 - Isabella Fiorella\,{BTGX39~2025-01~2Y0TLTD8~03 - Isabella Fiorella}
isabellafiorellahenriquemiranda.ld.094.jpg,2202420,e0124760,\2025-01\03 - Isabella Fiorella\,{BTGX39~2025-01~2Y0TLTD8~03 - Isabella Fiorella}
isabellafiorellahenriquemiranda.ld.095.jpg,2088836,d7a39ac5,\2025-01\03 - Isabella Fiorella\,{BTGX39~2025-01~2Y0TLTD8~03 - Isabella Fiorella}
isabellafiorellahenriquemiranda.ld.096.jpg,2270547,4c97f689,\2025-01\03 - Isabella Fiorella\,{BTGX39~2025-01~2Y0TLTD8~03 - Isabella Fiorella}
isabellafiorellahenriquemiranda.ld.097.jpg,2430699,0cb766b9,\2025-01\03 - Isabella Fiorella\,{BTGX39~2025-01~2Y0TLTD8~03 - Isabella Fiorella}
isabellafiorellahenriquemiranda.ld.098.jpg,2462709,851efd82,\2025-01\03 - Isabella Fiorella\,{BTGX39~2025-01~2Y0TLTD8~03 - Isabella Fiorella}
isabellafiorellahenriquemiranda.ld.099.jpg,2213224,5f107315,\2025-01\03 - Isabella Fiorella\,{BTGX39~2025-01~2Y0TLTD8~03 - Isabella Fiorella}
isabellafiorellahenriquemiranda.ld.100.jpg,2399803,3a79ecf4,\2025-01\03 - Isabella Fiorella\,{BTGX39~2025-01~2Y0TLTD8~03 - Isabella Fiorella}
isabellafiorellahenriquemiranda.ld.101.jpg,2224357,69517240,\2025-01\03 - Isabella Fiorella\,{BTGX39~2025-01~2Y0TLTD8~03 - Isabella Fiorella}
isabellafiorellahenriquemiranda.ld.102.jpg,2359680,97ee1017,\2025-01\03 - Isabella Fiorella\,{BTGX39~2025-01~2Y0TLTD8~03 - Isabella Fiorella}
isabellafiorellahenriquemiranda.ld.103.jpg,2602285,b09c9fe6,\2025-01\03 - Isabella Fiorella\,{BTGX39~2025-01~2Y0TLTD8~03 - Isabella Fiorella}
isabellafiorellahenriquemiranda.ld.104.jpg,2378273,bd664fb0,\2025-01\03 - Isabella Fiorella\,{BTGX39~2025-01~2Y0TLTD8~03 - Isabella Fiorella}
isabellafiorellahenriquemiranda.ld.105.jpg,2612403,362489c2,\2025-01\03 - Isabella Fiorella\,{BTGX39~2025-01~2Y0TLTD8~03 - Isabella Fiorella}
isabellafiorellahenriquemiranda.ld.106.jpg,2533235,8dcc87e1,\2025-01\03 - Isabella Fiorella\,{BTGX39~2025-01~2Y0TLTD8~03 - Isabella Fiorella}
isabellafiorellahenriquemiranda.ld.107.jpg,2521906,fd8e0c76,\2025-01\03 - Isabella Fiorella\,{BTGX39~2025-01~2Y0TLTD8~03 - Isabella Fiorella}
isabellafiorellahenriquemiranda.ld.108.jpg,2446473,ba3ca447,\2025-01\03 - Isabella Fiorella\,{BTGX39~2025-01~2Y0TLTD8~03 - Isabella Fiorella}
isabellafiorellahenriquemiranda.ld.109.jpg,2479489,3bf26d6b,\2025-01\03 - Isabella Fiorella\,{BTGX39~2025-01~2Y0TLTD8~03 - Isabella Fiorella}
isabellafiorellahenriquemiranda.ld.110.jpg,2490822,a4a111c6,\2025-01\03 - Isabella Fiorella\,{BTGX39~2025-01~2Y0TLTD8~03 - Isabella Fiorella}
isabellafiorellahenriquemiranda.ld.111.jpg,2598410,5017d82f,\2025-01\03 - Isabella Fiorella\,{BTGX39~2025-01~2Y0TLTD8~03 - Isabella Fiorella}
isabellafiorellahenriquemiranda.ld.112.jpg,2389556,de06fe64,\2025-01\03 - Isabella Fiorella\,{BTGX39~2025-01~2Y0TLTD8~03 - Isabella Fiorella}
isabellafiorellahenriquemiranda.ld.113.jpg,2315339,4249b7eb,\2025-01\03 - Isabella Fiorella\,{BTGX39~2025-01~2Y0TLTD8~03 - Isabella Fiorella}
isabellafiorellahenriquemiranda.ld.114.jpg,2174146,1f5e5eff,\2025-01\03 - Isabella Fiorella\,{BTGX39~2025-01~2Y0TLTD8~03 - Isabella Fiorella}
isabellafiorellahenriquemiranda.ld.115.jpg,2212083,5e6a603e,\2025-01\03 - Isabella Fiorella\,{BTGX39~2025-01~2Y0TLTD8~03 - Isabella Fiorella}
isabellafiorellahenriquemiranda.ld.116.jpg,2326436,d083e814,\2025-01\03 - Isabella Fiorella\,{BTGX39~2025-01~2Y0TLTD8~03 - Isabella Fiorella}
isabellafiorellahenriquemiranda.ld.117.jpg,2383659,9116bfef,\2025-01\03 - Isabella Fiorella\,{BTGX39~2025-01~2Y0TLTD8~03 - Isabella Fiorella}
isabellafiorellahenriquemiranda.ld.118.jpg,2389169,27f92e85,\2025-01\03 - Isabella Fiorella\,{BTGX39~2025-01~2Y0TLTD8~03 - Isabella Fiorella}
isabellafiorellahenriquemiranda.ld.119.jpg,2375761,a981eedb,\2025-01\03 - Isabella Fiorella\,{BTGX39~2025-01~2Y0TLTD8~03 - Isabella Fiorella}
isabellafiorellahenriquemiranda.ld.120.jpg,2348321,92d43208,\2025-01\03 - Isabella Fiorella\,{BTGX39~2025-01~2Y0TLTD8~03 - Isabella Fiorella}
isabellafiorellahenriquemiranda.ld.121.jpg,1913852,33d8a2b5,\2025-01\03 - Isabella Fiorella\,{BTGX39~2025-01~2Y0TLTD8~03 - Isabella Fiorella}
isabellafiorellahenriquemiranda.ld.122.jpg,2083288,282f73f5,\2025-01\03 - Isabella Fiorella\,{BTGX39~2025-01~2Y0TLTD8~03 - Isabella Fiorella}
isabellafiorellahenriquemiranda.ld.123.jpg,2045618,629ace20,\2025-01\03 - Isabella Fiorella\,{BTGX39~2025-01~2Y0TLTD8~03 - Isabella Fiorella}
isabellafiorellahenriquemiranda.ld.124.jpg,2047515,8613f1f2,\2025-01\03 - Isabella Fiorella\,{BTGX39~2025-01~2Y0TLTD8~03 - Isabella Fiorella}
isabellafiorellahenriquemiranda.ld.125.jpg,2042267,5e63a6bc,\2025-01\03 - Isabella Fiorella\,{BTGX39~2025-01~2Y0TLTD8~03 - Isabella Fiorella}
isabellafiorellahenriquemiranda.ld.126.jpg,1975440,b879445e,\2025-01\03 - Isabella Fiorella\,{BTGX39~2025-01~2Y0TLTD8~03 - Isabella Fiorella}
isabellafiorellahenriquemiranda.ld.127.jpg,1870200,8087882f,\2025-01\03 - Isabella Fiorella\,{BTGX39~2025-01~2Y0TLTD8~03 - Isabella Fiorella}
isabellafiorellahenriquemiranda.ld.128.jpg,1773888,6e10e401,\2025-01\03 - Isabella Fiorella\,{BTGX39~2025-01~2Y0TLTD8~03 - Isabella Fiorella}
isabellafiorellahenriquemiranda.ld.129.jpg,1997084,b3d4662a,\2025-01\03 - Isabella Fiorella\,{BTGX39~2025-01~2Y0TLTD8~03 - Isabella Fiorella}
isabellafiorellahenriquemiranda.ld.130.jpg,2003652,75c38955,\2025-01\03 - Isabella Fiorella\,{BTGX39~2025-01~2Y0TLTD8~03 - Isabella Fiorella}
isabellafiorellahenriquemiranda.ld.131.jpg,1872966,90e5527d,\2025-01\03 - Isabella Fiorella\,{BTGX39~2025-01~2Y0TLTD8~03 - Isabella Fiorella}
isabellafiorellahenriquemiranda.ld.132.jpg,1813133,fa3838a0,\2025-01\03 - Isabella Fiorella\,{BTGX39~2025-01~2Y0TLTD8~03 - Isabella Fiorella}
isabellafiorellahenriquemiranda.ld.133.jpg,1673638,7c28de94,\2025-01\03 - Isabella Fiorella\,{BTGX39~2025-01~2Y0TLTD8~03 - Isabella Fiorella}
isabellafiorellahenriquemiranda.ld.134.jpg,1640882,06506bc6,\2025-01\03 - Isabella Fiorella\,{BTGX39~2025-01~2Y0TLTD8~03 - Isabella Fiorella}
isabellafiorellahenriquemiranda.ld.135.jpg,1665795,43f76588,\2025-01\03 - Isabella Fiorella\,{BTGX39~2025-01~2Y0TLTD8~03 - Isabella Fiorella}
isabellafiorellahenriquemiranda.ld.136.jpg,2053752,1e85d81d,\2025-01\03 - Isabella Fiorella\,{BTGX39~2025-01~2Y0TLTD8~03 - Isabella Fiorella}
isabellafiorellahenriquemiranda.ld.137.jpg,1972340,769fb0ee,\2025-01\03 - Isabella Fiorella\,{BTGX39~2025-01~2Y0TLTD8~03 - Isabella Fiorella}
isabellafiorellahenriquemiranda.ld.138.jpg,2056277,afa345db,\2025-01\03 - Isabella Fiorella\,{BTGX39~2025-01~2Y0TLTD8~03 - Isabella Fiorella}
isabellafiorellahenriquemiranda.ld.139.jpg,2099031,0bfe2b43,\2025-01\03 - Isabella Fiorella\,{BTGX39~2025-01~2Y0TLTD8~03 - Isabella Fiorella}
isabellafiorellahenriquemiranda.ld.140.jpg,1857258,f340dde2,\2025-01\03 - Isabella Fiorella\,{BTGX39~2025-01~2Y0TLTD8~03 - Isabella Fiorella}
isabellafiorellahenriquemiranda.ld.141.jpg,1848831,77f2e71a,\2025-01\03 - Isabella Fiorella\,{BTGX39~2025-01~2Y0TLTD8~03 - Isabella Fiorella}
isabellafiorellahenriquemiranda.ld.142.jpg,1950626,c15b9dac,\2025-01\03 - Isabella Fiorella\,{BTGX39~2025-01~2Y0TLTD8~03 - Isabella Fiorella}
isabellafiorellahenriquemiranda.ld.143.jpg,1960685,931d1b4a,\2025-01\03 - Isabella Fiorella\,{BTGX39~2025-01~2Y0TLTD8~03 - Isabella Fiorella}
isabellafiorellahenriquemiranda.ld.144.jpg,2026840,9c6e34ba,\2025-01\03 - Isabella Fiorella\,{BTGX39~2025-01~2Y0TLTD8~03 - Isabella Fiorella}
isabellafiorellahenriquemiranda.ld.145.jpg,1924927,01531dfa,\2025-01\03 - Isabella Fiorella\,{BTGX39~2025-01~2Y0TLTD8~03 - Isabella Fiorella}
isabellafiorellahenriquemiranda.ld.146.jpg,2504492,5b90248e,\2025-01\03 - Isabella Fiorella\,{BTGX39~2025-01~2Y0TLTD8~03 - Isabella Fiorella}
isabellafiorellahenriquemiranda.ld.147.jpg,1941312,3062a159,\2025-01\03 - Isabella Fiorella\,{BTGX39~2025-01~2Y0TLTD8~03 - Isabella Fiorella}
isabellafiorellahenriquemiranda.ld.148.jpg,2124513,9dd5a03f,\2025-01\03 - Isabella Fiorella\,{BTGX39~2025-01~2Y0TLTD8~03 - Isabella Fiorella}
isabellafiorellahenriquemiranda.ld.149.jpg,2164425,2ec396a3,\2025-01\03 - Isabella Fiorella\,{BTGX39~2025-01~2Y0TLTD8~03 - Isabella Fiorella}
isabellafiorellahenriquemiranda.ld.150.jpg,2056673,638e7801,\2025-01\03 - Isabella Fiorella\,{BTGX39~2025-01~2Y0TLTD8~03 - Isabella Fiorella}
isabellafiorellahenriquemiranda.ld.151.jpg,2389118,85ec3fd7,\2025-01\03 - Isabella Fiorella\,{BTGX39~2025-01~2Y0TLTD8~03 - Isabella Fiorella}
isabellafiorellahenriquemiranda.ld.152.jpg,2370423,d37b6657,\2025-01\03 - Isabella Fiorella\,{BTGX39~2025-01~2Y0TLTD8~03 - Isabella Fiorella}
isabellafiorellahenriquemiranda.ld.153.jpg,2254647,002ecc41,\2025-01\03 - Isabella Fiorella\,{BTGX39~2025-01~2Y0TLTD8~03 - Isabella Fiorella}
isabellafiorellahenriquemiranda.ld.154.jpg,2455132,925ba13a,\2025-01\03 - Isabella Fiorella\,{BTGX39~2025-01~2Y0TLTD8~03 - Isabella Fiorella}
isabellafiorellahenriquemiranda.ld.155.jpg,2313168,8e00ede0,\2025-01\03 - Isabella Fiorella\,{BTGX39~2025-01~2Y0TLTD8~03 - Isabella Fiorella}
isabellafiorellahenriquemiranda.ld.156.jpg,2337279,4da1552a,\2025-01\03 - Isabella Fiorella\,{BTGX39~2025-01~2Y0TLTD8~03 - Isabella Fiorella}
isabellafiorellahenriquemiranda.ld.157.jpg,2173663,4322f825,\2025-01\03 - Isabella Fiorella\,{BTGX39~2025-01~2Y0TLTD8~03 - Isabella Fiorella}
isabellafiorellahenriquemiranda.ld.158.jpg,2152898,1eb6dd23,\2025-01\03 - Isabella Fiorella\,{BTGX39~2025-01~2Y0TLTD8~03 - Isabella Fiorella}
isabellafiorellahenriquemiranda.ld.159.jpg,1989249,f8b7929e,\2025-01\03 - Isabella Fiorella\,{BTGX39~2025-01~2Y0TLTD8~03 - Isabella Fiorella}
isabellafiorellahenriquemiranda.ld.160.jpg,2198389,fee92399,\2025-01\03 - Isabella Fiorella\,{BTGX39~2025-01~2Y0TLTD8~03 - Isabella Fiorella}
isabellafiorellahenriquemiranda.ld.161.jpg,2379253,88699e1e,\2025-01\03 - Isabella Fiorella\,{BTGX39~2025-01~2Y0TLTD8~03 - Isabella Fiorella}
isabellafiorellahenriquemiranda.ld.162.jpg,2447825,a51414ea,\2025-01\03 - Isabella Fiorella\,{BTGX39~2025-01~2Y0TLTD8~03 - Isabella Fiorella}
isabellafiorellahenriquemiranda.ld.163.jpg,2160602,ecfc2d1a,\2025-01\03 - Isabella Fiorella\,{BTGX39~2025-01~2Y0TLTD8~03 - Isabella Fiorella}
isabellafiorellahenriquemiranda.ld.164.jpg,2087554,67a3a554,\2025-01\03 - Isabella Fiorella\,{BTGX39~2025-01~2Y0TLTD8~03 - Isabella Fiorella}
isabellafiorellahenriquemiranda.ld.165.jpg,1987576,4b82fa6f,\2025-01\03 - Isabella Fiorella\,{BTGX39~2025-01~2Y0TLTD8~03 - Isabella Fiorella}
isabellafiorellahenriquemiranda.ld.166.jpg,2021267,f132658d,\2025-01\03 - Isabella Fiorella\,{BTGX39~2025-01~2Y0TLTD8~03 - Isabella Fiorella}
isabellafiorellahenriquemiranda.ld.167.jpg,2116378,ddfc3309,\2025-01\03 - Isabella Fiorella\,{BTGX39~2025-01~2Y0TLTD8~03 - Isabella Fiorella}
isabellafiorellahenriquemiranda.ld.168.jpg,2448236,fdefa177,\2025-01\03 - Isabella Fiorella\,{BTGX39~2025-01~2Y0TLTD8~03 - Isabella Fiorella}
isabellafiorellahenriquemiranda.ld.169.jpg,2218513,791c1abc,\2025-01\03 - Isabella Fiorella\,{BTGX39~2025-01~2Y0TLTD8~03 - Isabella Fiorella}
isabellafiorellahenriquemiranda.ld.170.jpg,2316566,8933cc71,\2025-01\03 - Isabella Fiorella\,{BTGX39~2025-01~2Y0TLTD8~03 - Isabella Fiorella}
isabellafiorellahenriquemiranda.ld.171.jpg,2360464,915f161c,\2025-01\03 - Isabella Fiorella\,{BTGX39~2025-01~2Y0TLTD8~03 - Isabella Fiorella}
isabellafiorellahenriquemiranda.ld.172.jpg,2299531,cc40fd4c,\2025-01\03 - Isabella Fiorella\,{BTGX39~2025-01~2Y0TLTD8~03 - Isabella Fiorella}
isabellafiorellahenriquemiranda.ld.173.jpg,2419448,52356c8f,\2025-01\03 - Isabella Fiorella\,{BTGX39~2025-01~2Y0TLTD8~03 - Isabella Fiorella}
isabellafiorellahenriquemiranda.ld.174.jpg,2408406,ee358d88,\2025-01\03 - Isabella Fiorella\,{BTGX39~2025-01~2Y0TLTD8~03 - Isabella Fiorella}
isabellafiorellahenriquemiranda.ld.175.jpg,2452979,6c44e6df,\2025-01\03 - Isabella Fiorella\,{BTGX39~2025-01~2Y0TLTD8~03 - Isabella Fiorella}
isabellafiorellahenriquemiranda.ld.176.jpg,2637925,acaf5b9f,\2025-01\03 - Isabella Fiorella\,{BTGX39~2025-01~2Y0TLTD8~03 - Isabella Fiorella}
isabellafiorellahenriquemiranda.ld.177.jpg,2105087,724a7576,\2025-01\03 - Isabella Fiorella\,{BTGX39~2025-01~2Y0TLTD8~03 - Isabella Fiorella}
isabellafiorellahenriquemiranda.ld.178.jpg,2342996,cf39363f,\2025-01\03 - Isabella Fiorella\,{BTGX39~2025-01~2Y0TLTD8~03 - Isabella Fiorella}
isabellafiorellahenriquemiranda.ld.179.jpg,2347047,5ecd1e9c,\2025-01\03 - Isabella Fiorella\,{BTGX39~2025-01~2Y0TLTD8~03 - Isabella Fiorella}
isabellafiorellahenriquemiranda.ld.180.jpg,2239341,6f80761b,\2025-01\03 - Isabella Fiorella\,{BTGX39~2025-01~2Y0TLTD8~03 - Isabella Fiorella}
isabellafiorellahenriquemiranda.ld.181.jpg,2203186,0a956494,\2025-01\03 - Isabella Fiorella\,{BTGX39~2025-01~2Y0TLTD8~03 - Isabella Fiorella}
isabellafiorellahenriquemiranda.ld.182.jpg,2243218,a4fc65c5,\2025-01\03 - Isabella Fiorella\,{BTGX39~2025-01~2Y0TLTD8~03 - Isabella Fiorella}
isabellafiorellahenriquemiranda.ld.183.jpg,2215814,4b93d3d8,\2025-01\03 - Isabella Fiorella\,{BTGX39~2025-01~2Y0TLTD8~03 - Isabella Fiorella}
isabellafiorellahenriquemiranda.ld.184.jpg,2362541,2e359dd5,\2025-01\03 - Isabella Fiorella\,{BTGX39~2025-01~2Y0TLTD8~03 - Isabella Fiorella}
isabellafiorellahenriquemiranda.ld.185.jpg,2383380,ef09c40b,\2025-01\03 - Isabella Fiorella\,{BTGX39~2025-01~2Y0TLTD8~03 - Isabella Fiorella}
isabellafiorellahenriquemiranda.ld.186.jpg,2093234,73ab91bb,\2025-01\03 - Isabella Fiorella\,{BTGX39~2025-01~2Y0TLTD8~03 - Isabella Fiorella}
isabellafiorellahenriquemiranda.ld.187.jpg,2255090,fc7a4250,\2025-01\03 - Isabella Fiorella\,{BTGX39~2025-01~2Y0TLTD8~03 - Isabella Fiorella}
isabellafiorellahenriquemiranda.ld.188.jpg,2017240,77d319d1,\2025-01\03 - Isabella Fiorella\,{BTGX39~2025-01~2Y0TLTD8~03 - Isabella Fiorella}
isabellafiorellahenriquemiranda.ld.189.jpg,2148646,c1db7b4e,\2025-01\03 - Isabella Fiorella\,{BTGX39~2025-01~2Y0TLTD8~03 - Isabella Fiorella}
isabellafiorellahenriquemiranda.ld.190.jpg,2100724,e8a0bc2b,\2025-01\03 - Isabella Fiorella\,{BTGX39~2025-01~2Y0TLTD8~03 - Isabella Fiorella}
isabellafiorellahenriquemiranda.ld.191.jpg,2193485,5db789db,\2025-01\03 - Isabella Fiorella\,{BTGX39~2025-01~2Y0TLTD8~03 - Isabella Fiorella}
isabellafiorellahenriquemiranda.ld.192.jpg,2074291,e58127f6,\2025-01\03 - Isabella Fiorella\,{BTGX39~2025-01~2Y0TLTD8~03 - Isabella Fiorella}
isabellafiorellahenriquemiranda.ld.193.jpg,2087684,4bc895e1,\2025-01\03 - Isabella Fiorella\,{BTGX39~2025-01~2Y0TLTD8~03 - Isabella Fiorella}
isabellafiorellahenriquemiranda.ld.194.jpg,2136498,bb0279da,\2025-01\03 - Isabella Fiorella\,{BTGX39~2025-01~2Y0TLTD8~03 - Isabella Fiorella}
isabellafiorellahenriquemiranda.ld.195.jpg,2160635,0d52d597,\2025-01\03 - Isabella Fiorella\,{BTGX39~2025-01~2Y0TLTD8~03 - Isabella Fiorella}
isabellafiorellahenriquemiranda.ld.196.jpg,2061431,c76f02fc,\2025-01\03 - Isabella Fiorella\,{BTGX39~2025-01~2Y0TLTD8~03 - Isabella Fiorella}
isabellafiorellahenriquemiranda.ld.197.jpg,2454486,13777751,\2025-01\03 - Isabella Fiorella\,{BTGX39~2025-01~2Y0TLTD8~03 - Isabella Fiorella}
isabellafiorellahenriquemiranda.ld.198.jpg,2045293,e210abda,\2025-01\03 - Isabella Fiorella\,{BTGX39~2025-01~2Y0TLTD8~03 - Isabella Fiorella}
isabellafiorellahenriquemiranda.ld.199.jpg,2353127,c3452b16,\2025-01\03 - Isabella Fiorella\,{BTGX39~2025-01~2Y0TLTD8~03 - Isabella Fiorella}
isabellafiorellahenriquemiranda.ld.200.jpg,2198854,bce1cebd,\2025-01\03 - Isabella Fiorella\,{BTGX39~2025-01~2Y0TLTD8~03 - Isabella Fiorella}
isabellafiorellahenriquemiranda.ld.201.jpg,2021226,fbcfa69c,\2025-01\03 - Isabella Fiorella\,{BTGX39~2025-01~2Y0TLTD8~03 - Isabella Fiorella}
isabellafiorellahenriquemiranda.ld.202.jpg,1973883,e240e03e,\2025-01\03 - Isabella Fiorella\,{BTGX39~2025-01~2Y0TLTD8~03 - Isabella Fiorella}
isabellafiorellahenriquemiranda.ld.203.jpg,2447534,67d4518f,\2025-01\03 - Isabella Fiorella\,{BTGX39~2025-01~2Y0TLTD8~03 - Isabella Fiorella}
isabellafiorellahenriquemiranda.ld.204.jpg,2327387,37d82888,\2025-01\03 - Isabella Fiorella\,{BTGX39~2025-01~2Y0TLTD8~03 - Isabella Fiorella}
isabellafiorellahenriquemiranda.ld.205.jpg,2331876,46366040,\2025-01\03 - Isabella Fiorella\,{BTGX39~2025-01~2Y0TLTD8~03 - Isabella Fiorella}
isabellafiorellahenriquemiranda.ld.206.jpg,2453241,e4784eda,\2025-01\03 - Isabella Fiorella\,{BTGX39~2025-01~2Y0TLTD8~03 - Isabella Fiorella}
isabellafiorellahenriquemiranda.ld.207.jpg,2512522,bcba5abd,\2025-01\03 - Isabella Fiorella\,{BTGX39~2025-01~2Y0TLTD8~03 - Isabella Fiorella}