lorenaangel.ld.001.jpg,1612679,7be88a66,\2024-12\26 - Lorena Angel\,{BRZ97~2024-12~2R0RRAFT~26 - Lorena Angel}
lorenaangel.ld.002.jpg,2412495,798f34eb,\2024-12\26 - Lorena Angel\,{BRZ97~2024-12~2R0RRAFT~26 - Lorena Angel}
lorenaangel.ld.003.jpg,2166720,143b9130,\2024-12\26 - Lorena Angel\,{BRZ97~2024-12~2R0RRAFT~26 - Lorena Angel}
lorenaangel.ld.004.jpg,2213727,9ae650b4,\2024-12\26 - Lorena Angel\,{BRZ97~2024-12~2R0RRAFT~26 - Lorena Angel}
lorenaangel.ld.005.jpg,2249783,bbeb59f6,\2024-12\26 - Lorena Angel\,{BRZ97~2024-12~2R0RRAFT~26 - Lorena Angel}
lorenaangel.ld.006.jpg,2367274,686264df,\2024-12\26 - Lorena Angel\,{BRZ97~2024-12~2R0RRAFT~26 - Lorena Angel}
lorenaangel.ld.007.jpg,2134321,43ad65b1,\2024-12\26 - Lorena Angel\,{BRZ97~2024-12~2R0RRAFT~26 - Lorena Angel}
lorenaangel.ld.008.jpg,1790100,6b9a1e85,\2024-12\26 - Lorena Angel\,{BRZ97~2024-12~2R0RRAFT~26 - Lorena Angel}
lorenaangel.ld.009.jpg,2289600,3f395691,\2024-12\26 - Lorena Angel\,{BRZ97~2024-12~2R0RRAFT~26 - Lorena Angel}
lorenaangel.ld.010.jpg,2298551,81167c8e,\2024-12\26 - Lorena Angel\,{BRZ97~2024-12~2R0RRAFT~26 - Lorena Angel}
lorenaangel.ld.011.jpg,2077195,59e149e4,\2024-12\26 - Lorena Angel\,{BRZ97~2024-12~2R0RRAFT~26 - Lorena Angel}
lorenaangel.ld.012.jpg,2096254,544a46be,\2024-12\26 - Lorena Angel\,{BRZ97~2024-12~2R0RRAFT~26 - Lorena Angel}
lorenaangel.ld.013.jpg,2209669,24779611,\2024-12\26 - Lorena Angel\,{BRZ97~2024-12~2R0RRAFT~26 - Lorena Angel}
lorenaangel.ld.014.jpg,2001073,f57eecac,\2024-12\26 - Lorena Angel\,{BRZ97~2024-12~2R0RRAFT~26 - Lorena Angel}
lorenaangel.ld.015.jpg,1803751,1fdce8c6,\2024-12\26 - Lorena Angel\,{BRZ97~2024-12~2R0RRAFT~26 - Lorena Angel}
lorenaangel.ld.016.jpg,2194444,c2e6444c,\2024-12\26 - Lorena Angel\,{BRZ97~2024-12~2R0RRAFT~26 - Lorena Angel}
lorenaangel.ld.017.jpg,2287191,50cb0590,\2024-12\26 - Lorena Angel\,{BRZ97~2024-12~2R0RRAFT~26 - Lorena Angel}
lorenaangel.ld.018.jpg,2257159,26a9bc17,\2024-12\26 - Lorena Angel\,{BRZ97~2024-12~2R0RRAFT~26 - Lorena Angel}
lorenaangel.ld.019.jpg,2301738,3dc1e742,\2024-12\26 - Lorena Angel\,{BRZ97~2024-12~2R0RRAFT~26 - Lorena Angel}
lorenaangel.ld.020.jpg,2094302,7bbd0e69,\2024-12\26 - Lorena Angel\,{BRZ97~2024-12~2R0RRAFT~26 - Lorena Angel}
lorenaangel.ld.021.jpg,2285418,7f3ad3c9,\2024-12\26 - Lorena Angel\,{BRZ97~2024-12~2R0RRAFT~26 - Lorena Angel}
lorenaangel.ld.022.jpg,1903967,bdb2f096,\2024-12\26 - Lorena Angel\,{BRZ97~2024-12~2R0RRAFT~26 - Lorena Angel}
lorenaangel.ld.023.jpg,2583137,eb9a188e,\2024-12\26 - Lorena Angel\,{BRZ97~2024-12~2R0RRAFT~26 - Lorena Angel}
lorenaangel.ld.024.jpg,2284443,ea236d8f,\2024-12\26 - Lorena Angel\,{BRZ97~2024-12~2R0RRAFT~26 - Lorena Angel}
lorenaangel.ld.025.jpg,2033563,ad40e792,\2024-12\26 - Lorena Angel\,{BRZ97~2024-12~2R0RRAFT~26 - Lorena Angel}
lorenaangel.ld.026.jpg,2198478,4b38cd9a,\2024-12\26 - Lorena Angel\,{BRZ97~2024-12~2R0RRAFT~26 - Lorena Angel}
lorenaangel.ld.027.jpg,2190634,ac4638aa,\2024-12\26 - Lorena Angel\,{BRZ97~2024-12~2R0RRAFT~26 - Lorena Angel}
lorenaangel.ld.028.jpg,2137939,29423c1d,\2024-12\26 - Lorena Angel\,{BRZ97~2024-12~2R0RRAFT~26 - Lorena Angel}
lorenaangel.ld.029.jpg,2102882,db5d0f6e,\2024-12\26 - Lorena Angel\,{BRZ97~2024-12~2R0RRAFT~26 - Lorena Angel}
lorenaangel.ld.030.jpg,1942252,5f6e876e,\2024-12\26 - Lorena Angel\,{BRZ97~2024-12~2R0RRAFT~26 - Lorena Angel}
lorenaangel.ld.031.jpg,2406722,3f89b062,\2024-12\26 - Lorena Angel\,{BRZ97~2024-12~2R0RRAFT~26 - Lorena Angel}
lorenaangel.ld.032.jpg,2170869,2c46ed8a,\2024-12\26 - Lorena Angel\,{BRZ97~2024-12~2R0RRAFT~26 - Lorena Angel}
lorenaangel.ld.033.jpg,2224475,4318952c,\2024-12\26 - Lorena Angel\,{BRZ97~2024-12~2R0RRAFT~26 - Lorena Angel}
lorenaangel.ld.034.jpg,2058677,6f6bade6,\2024-12\26 - Lorena Angel\,{BRZ97~2024-12~2R0RRAFT~26 - Lorena Angel}
lorenaangel.ld.035.jpg,2088077,2cebb63f,\2024-12\26 - Lorena Angel\,{BRZ97~2024-12~2R0RRAFT~26 - Lorena Angel}
lorenaangel.ld.036.jpg,2178091,d837bc70,\2024-12\26 - Lorena Angel\,{BRZ97~2024-12~2R0RRAFT~26 - Lorena Angel}
lorenaangel.ld.037.jpg,2167134,00830e43,\2024-12\26 - Lorena Angel\,{BRZ97~2024-12~2R0RRAFT~26 - Lorena Angel}
lorenaangel.ld.038.jpg,2013288,d5411882,\2024-12\26 - Lorena Angel\,{BRZ97~2024-12~2R0RRAFT~26 - Lorena Angel}
lorenaangel.ld.039.jpg,2155611,e88f006e,\2024-12\26 - Lorena Angel\,{BRZ97~2024-12~2R0RRAFT~26 - Lorena Angel}
lorenaangel.ld.040.jpg,2927880,8c162784,\2024-12\26 - Lorena Angel\,{BRZ97~2024-12~2R0RRAFT~26 - Lorena Angel}
lorenaangel.ld.041.jpg,2995350,9b4c679f,\2024-12\26 - Lorena Angel\,{BRZ97~2024-12~2R0RRAFT~26 - Lorena Angel}
lorenaangel.ld.042.jpg,2183939,fe21c8d0,\2024-12\26 - Lorena Angel\,{BRZ97~2024-12~2R0RRAFT~26 - Lorena Angel}
lorenaangel.ld.043.jpg,2211434,f6611f23,\2024-12\26 - Lorena Angel\,{BRZ97~2024-12~2R0RRAFT~26 - Lorena Angel}
lorenaangel.ld.044.jpg,2191202,4b34df82,\2024-12\26 - Lorena Angel\,{BRZ97~2024-12~2R0RRAFT~26 - Lorena Angel}
lorenaangel.ld.045.jpg,2204925,60752108,\2024-12\26 - Lorena Angel\,{BRZ97~2024-12~2R0RRAFT~26 - Lorena Angel}
lorenaangel.ld.046.jpg,2144186,9aa4c64f,\2024-12\26 - Lorena Angel\,{BRZ97~2024-12~2R0RRAFT~26 - Lorena Angel}
lorenaangel.ld.047.jpg,2193269,577ca335,\2024-12\26 - Lorena Angel\,{BRZ97~2024-12~2R0RRAFT~26 - Lorena Angel}
lorenaangel.ld.048.jpg,2223776,3ae50a08,\2024-12\26 - Lorena Angel\,{BRZ97~2024-12~2R0RRAFT~26 - Lorena Angel}
lorenaangel.ld.049.jpg,2275754,78b3d62d,\2024-12\26 - Lorena Angel\,{BRZ97~2024-12~2R0RRAFT~26 - Lorena Angel}
lorenaangel.ld.050.jpg,2324255,1ca7fd72,\2024-12\26 - Lorena Angel\,{BRZ97~2024-12~2R0RRAFT~26 - Lorena Angel}
lorenaangel.ld.051.jpg,2281952,b9c3ea7d,\2024-12\26 - Lorena Angel\,{BRZ97~2024-12~2R0RRAFT~26 - Lorena Angel}
lorenaangel.ld.052.jpg,2142758,598b3bed,\2024-12\26 - Lorena Angel\,{BRZ97~2024-12~2R0RRAFT~26 - Lorena Angel}
lorenaangel.ld.053.jpg,2321916,5bc69f64,\2024-12\26 - Lorena Angel\,{BRZ97~2024-12~2R0RRAFT~26 - Lorena Angel}
lorenaangel.ld.054.jpg,2368702,b753a50a,\2024-12\26 - Lorena Angel\,{BRZ97~2024-12~2R0RRAFT~26 - Lorena Angel}
lorenaangel.ld.055.jpg,2067710,9e781cf5,\2024-12\26 - Lorena Angel\,{BRZ97~2024-12~2R0RRAFT~26 - Lorena Angel}
lorenaangel.ld.056.jpg,1905726,fb465fbe,\2024-12\26 - Lorena Angel\,{BRZ97~2024-12~2R0RRAFT~26 - Lorena Angel}
lorenaangel.ld.057.jpg,2009387,830e0d7d,\2024-12\26 - Lorena Angel\,{BRZ97~2024-12~2R0RRAFT~26 - Lorena Angel}
lorenaangel.ld.058.jpg,1854289,f06935f8,\2024-12\26 - Lorena Angel\,{BRZ97~2024-12~2R0RRAFT~26 - Lorena Angel}
lorenaangel.ld.059.jpg,1856481,67eecf49,\2024-12\26 - Lorena Angel\,{BRZ97~2024-12~2R0RRAFT~26 - Lorena Angel}
lorenaangel.ld.060.jpg,2478787,bd0afeb3,\2024-12\26 - Lorena Angel\,{BRZ97~2024-12~2R0RRAFT~26 - Lorena Angel}
lorenaangel.ld.061.jpg,2427728,43423e2b,\2024-12\26 - Lorena Angel\,{BRZ97~2024-12~2R0RRAFT~26 - Lorena Angel}
lorenaangel.ld.062.jpg,2141060,f0d11b0a,\2024-12\26 - Lorena Angel\,{BRZ97~2024-12~2R0RRAFT~26 - Lorena Angel}
lorenaangel.ld.063.jpg,2131456,c2fb53b0,\2024-12\26 - Lorena Angel\,{BRZ97~2024-12~2R0RRAFT~26 - Lorena Angel}
lorenaangel.ld.064.jpg,1799396,4efbd329,\2024-12\26 - Lorena Angel\,{BRZ97~2024-12~2R0RRAFT~26 - Lorena Angel}
lorenaangel.ld.065.jpg,1961919,8f1253e2,\2024-12\26 - Lorena Angel\,{BRZ97~2024-12~2R0RRAFT~26 - Lorena Angel}
lorenaangel.ld.066.jpg,1849189,4bff60a7,\2024-12\26 - Lorena Angel\,{BRZ97~2024-12~2R0RRAFT~26 - Lorena Angel}
lorenaangel.ld.067.jpg,2013018,eafb27ac,\2024-12\26 - Lorena Angel\,{BRZ97~2024-12~2R0RRAFT~26 - Lorena Angel}
lorenaangel.ld.068.jpg,1941577,2a69d1f4,\2024-12\26 - Lorena Angel\,{BRZ97~2024-12~2R0RRAFT~26 - Lorena Angel}
lorenaangel.ld.069.jpg,1964149,89e5db04,\2024-12\26 - Lorena Angel\,{BRZ97~2024-12~2R0RRAFT~26 - Lorena Angel}
lorenaangel.ld.070.jpg,1673143,4f0198c4,\2024-12\26 - Lorena Angel\,{BRZ97~2024-12~2R0RRAFT~26 - Lorena Angel}
lorenaangel.ld.071.jpg,1917920,db6c9539,\2024-12\26 - Lorena Angel\,{BRZ97~2024-12~2R0RRAFT~26 - Lorena Angel}
lorenaangel.ld.072.jpg,2035047,0f5751a9,\2024-12\26 - Lorena Angel\,{BRZ97~2024-12~2R0RRAFT~26 - Lorena Angel}
lorenaangel.ld.073.jpg,1870872,a796715f,\2024-12\26 - Lorena Angel\,{BRZ97~2024-12~2R0RRAFT~26 - Lorena Angel}
lorenaangel.ld.074.jpg,2025025,f378bd0b,\2024-12\26 - Lorena Angel\,{BRZ97~2024-12~2R0RRAFT~26 - Lorena Angel}
lorenaangel.ld.075.jpg,2033449,9739f0f4,\2024-12\26 - Lorena Angel\,{BRZ97~2024-12~2R0RRAFT~26 - Lorena Angel}
lorenaangel.ld.076.jpg,1627653,23c1f3ad,\2024-12\26 - Lorena Angel\,{BRZ97~2024-12~2R0RRAFT~26 - Lorena Angel}
lorenaangel.ld.077.jpg,2036717,f0be3402,\2024-12\26 - Lorena Angel\,{BRZ97~2024-12~2R0RRAFT~26 - Lorena Angel}
lorenaangel.ld.078.jpg,2167605,8d9623c3,\2024-12\26 - Lorena Angel\,{BRZ97~2024-12~2R0RRAFT~26 - Lorena Angel}
lorenaangel.ld.079.jpg,2145912,aead2979,\2024-12\26 - Lorena Angel\,{BRZ97~2024-12~2R0RRAFT~26 - Lorena Angel}
lorenaangel.ld.080.jpg,2183591,e077258f,\2024-12\26 - Lorena Angel\,{BRZ97~2024-12~2R0RRAFT~26 - Lorena Angel}
lorenaangel.ld.081.jpg,2193794,4c7fca4d,\2024-12\26 - Lorena Angel\,{BRZ97~2024-12~2R0RRAFT~26 - Lorena Angel}
lorenaangel.ld.082.jpg,2128172,3f5cc1c1,\2024-12\26 - Lorena Angel\,{BRZ97~2024-12~2R0RRAFT~26 - Lorena Angel}
lorenaangel.ld.083.jpg,2091254,494b6f0f,\2024-12\26 - Lorena Angel\,{BRZ97~2024-12~2R0RRAFT~26 - Lorena Angel}
lorenaangel.ld.084.jpg,2233577,544869e2,\2024-12\26 - Lorena Angel\,{BRZ97~2024-12~2R0RRAFT~26 - Lorena Angel}
lorenaangel.ld.085.jpg,2138634,938f5168,\2024-12\26 - Lorena Angel\,{BRZ97~2024-12~2R0RRAFT~26 - Lorena Angel}
lorenaangel.ld.086.jpg,2031747,9db35153,\2024-12\26 - Lorena Angel\,{BRZ97~2024-12~2R0RRAFT~26 - Lorena Angel}
lorenaangel.ld.087.jpg,2166576,0f002a65,\2024-12\26 - Lorena Angel\,{BRZ97~2024-12~2R0RRAFT~26 - Lorena Angel}
lorenaangel.ld.088.jpg,1975705,85cdf82c,\2024-12\26 - Lorena Angel\,{BRZ97~2024-12~2R0RRAFT~26 - Lorena Angel}
lorenaangel.ld.089.jpg,2031915,79bd727c,\2024-12\26 - Lorena Angel\,{BRZ97~2024-12~2R0RRAFT~26 - Lorena Angel}
lorenaangel.ld.090.jpg,2294491,4de58f2e,\2024-12\26 - Lorena Angel\,{BRZ97~2024-12~2R0RRAFT~26 - Lorena Angel}
lorenaangel.ld.091.jpg,2368431,23f3f409,\2024-12\26 - Lorena Angel\,{BRZ97~2024-12~2R0RRAFT~26 - Lorena Angel}
lorenaangel.ld.092.jpg,2181883,d3137196,\2024-12\26 - Lorena Angel\,{BRZ97~2024-12~2R0RRAFT~26 - Lorena Angel}
lorenaangel.ld.093.jpg,2114352,a7eb6c3f,\2024-12\26 - Lorena Angel\,{BRZ97~2024-12~2R0RRAFT~26 - Lorena Angel}
lorenaangel.ld.094.jpg,2060784,6a58da92,\2024-12\26 - Lorena Angel\,{BRZ97~2024-12~2R0RRAFT~26 - Lorena Angel}
lorenaangel.ld.095.jpg,2200636,3cfd3766,\2024-12\26 - Lorena Angel\,{BRZ97~2024-12~2R0RRAFT~26 - Lorena Angel}
lorenaangel.ld.096.jpg,2161222,8447a307,\2024-12\26 - Lorena Angel\,{BRZ97~2024-12~2R0RRAFT~26 - Lorena Angel}
lorenaangel.ld.097.jpg,2147155,3b9bd8bf,\2024-12\26 - Lorena Angel\,{BRZ97~2024-12~2R0RRAFT~26 - Lorena Angel}
lorenaangel.ld.098.jpg,2167910,e803acd5,\2024-12\26 - Lorena Angel\,{BRZ97~2024-12~2R0RRAFT~26 - Lorena Angel}
lorenaangel.ld.099.jpg,1685887,dbf98812,\2024-12\26 - Lorena Angel\,{BRZ97~2024-12~2R0RRAFT~26 - Lorena Angel}
lorenaangel.ld.100.jpg,1757379,327683a8,\2024-12\26 - Lorena Angel\,{BRZ97~2024-12~2R0RRAFT~26 - Lorena Angel}
lorenaangel.ld.101.jpg,1835296,c3cf6d49,\2024-12\26 - Lorena Angel\,{BRZ97~2024-12~2R0RRAFT~26 - Lorena Angel}
lorenaangel.ld.102.jpg,1973466,e33b63ad,\2024-12\26 - Lorena Angel\,{BRZ97~2024-12~2R0RRAFT~26 - Lorena Angel}
lorenaangel.ld.103.jpg,2040956,5e109ca5,\2024-12\26 - Lorena Angel\,{BRZ97~2024-12~2R0RRAFT~26 - Lorena Angel}
lorenaangel.ld.104.jpg,2156607,a4499503,\2024-12\26 - Lorena Angel\,{BRZ97~2024-12~2R0RRAFT~26 - Lorena Angel}
lorenaangel.ld.105.jpg,2192867,5185766f,\2024-12\26 - Lorena Angel\,{BRZ97~2024-12~2R0RRAFT~26 - Lorena Angel}
lorenaangel.ld.106.jpg,2101875,eacf597c,\2024-12\26 - Lorena Angel\,{BRZ97~2024-12~2R0RRAFT~26 - Lorena Angel}
lorenaangel.ld.107.jpg,2284842,c345ef76,\2024-12\26 - Lorena Angel\,{BRZ97~2024-12~2R0RRAFT~26 - Lorena Angel}
lorenaangel.ld.108.jpg,2212366,78cc1f61,\2024-12\26 - Lorena Angel\,{BRZ97~2024-12~2R0RRAFT~26 - Lorena Angel}
lorenaangel.ld.109.jpg,2025556,c08b6430,\2024-12\26 - Lorena Angel\,{BRZ97~2024-12~2R0RRAFT~26 - Lorena Angel}
lorenaangel.ld.110.jpg,1938789,69b64dac,\2024-12\26 - Lorena Angel\,{BRZ97~2024-12~2R0RRAFT~26 - Lorena Angel}
lorenaangel.ld.111.jpg,1915486,ff86516b,\2024-12\26 - Lorena Angel\,{BRZ97~2024-12~2R0RRAFT~26 - Lorena Angel}
lorenaangel.ld.112.jpg,2004393,e3d1522d,\2024-12\26 - Lorena Angel\,{BRZ97~2024-12~2R0RRAFT~26 - Lorena Angel}
lorenaangel.ld.113.jpg,1723217,9ddaf523,\2024-12\26 - Lorena Angel\,{BRZ97~2024-12~2R0RRAFT~26 - Lorena Angel}
lorenaangel.ld.114.jpg,2039891,ea1053f1,\2024-12\26 - Lorena Angel\,{BRZ97~2024-12~2R0RRAFT~26 - Lorena Angel}
lorenaangel.ld.115.jpg,2147872,9e4f7766,\2024-12\26 - Lorena Angel\,{BRZ97~2024-12~2R0RRAFT~26 - Lorena Angel}
lorenaangel.ld.116.jpg,2238423,1fe4d8d4,\2024-12\26 - Lorena Angel\,{BRZ97~2024-12~2R0RRAFT~26 - Lorena Angel}
lorenaangel.ld.117.jpg,1811020,230910cc,\2024-12\26 - Lorena Angel\,{BRZ97~2024-12~2R0RRAFT~26 - Lorena Angel}
lorenaangel.ld.118.jpg,1771330,d6cf8f01,\2024-12\26 - Lorena Angel\,{BRZ97~2024-12~2R0RRAFT~26 - Lorena Angel}
lorenaangel.ld.119.jpg,2271088,a59d43ad,\2024-12\26 - Lorena Angel\,{BRZ97~2024-12~2R0RRAFT~26 - Lorena Angel}
lorenaangel.ld.120.jpg,2162181,acfb6cb0,\2024-12\26 - Lorena Angel\,{BRZ97~2024-12~2R0RRAFT~26 - Lorena Angel}
lorenaangel.ld.121.jpg,1961960,55003d6f,\2024-12\26 - Lorena Angel\,{BRZ97~2024-12~2R0RRAFT~26 - Lorena Angel}
lorenaangel.ld.122.jpg,2005302,bd200d81,\2024-12\26 - Lorena Angel\,{BRZ97~2024-12~2R0RRAFT~26 - Lorena Angel}
lorenaangel.ld.123.jpg,2050795,285b1c4f,\2024-12\26 - Lorena Angel\,{BRZ97~2024-12~2R0RRAFT~26 - Lorena Angel}
lorenaangel.ld.124.jpg,2043010,e1d3ff29,\2024-12\26 - Lorena Angel\,{BRZ97~2024-12~2R0RRAFT~26 - Lorena Angel}
lorenaangel.ld.125.jpg,1902605,1f281ae0,\2024-12\26 - Lorena Angel\,{BRZ97~2024-12~2R0RRAFT~26 - Lorena Angel}
lorenaangel.ld.126.jpg,1898747,0744a048,\2024-12\26 - Lorena Angel\,{BRZ97~2024-12~2R0RRAFT~26 - Lorena Angel}
lorenaangel.ld.127.jpg,2052832,c9ed6409,\2024-12\26 - Lorena Angel\,{BRZ97~2024-12~2R0RRAFT~26 - Lorena Angel}
lorenaangel.ld.128.jpg,2050149,10e7c353,\2024-12\26 - Lorena Angel\,{BRZ97~2024-12~2R0RRAFT~26 - Lorena Angel}
lorenaangel.ld.129.jpg,2034228,6f2d8b68,\2024-12\26 - Lorena Angel\,{BRZ97~2024-12~2R0RRAFT~26 - Lorena Angel}
lorenaangel.ld.130.jpg,1985044,86b6816c,\2024-12\26 - Lorena Angel\,{BRZ97~2024-12~2R0RRAFT~26 - Lorena Angel}
lorenaangel.ld.131.jpg,2126239,349136de,\2024-12\26 - Lorena Angel\,{BRZ97~2024-12~2R0RRAFT~26 - Lorena Angel}
lorenaangel.ld.132.jpg,2149151,5ccb74c8,\2024-12\26 - Lorena Angel\,{BRZ97~2024-12~2R0RRAFT~26 - Lorena Angel}
lorenaangel.ld.133.jpg,2036975,51ddaf0e,\2024-12\26 - Lorena Angel\,{BRZ97~2024-12~2R0RRAFT~26 - Lorena Angel}
lorenaangel.ld.134.jpg,2134571,fc668c82,\2024-12\26 - Lorena Angel\,{BRZ97~2024-12~2R0RRAFT~26 - Lorena Angel}
lorenaangel.ld.135.jpg,1783926,77e8214b,\2024-12\26 - Lorena Angel\,{BRZ97~2024-12~2R0RRAFT~26 - Lorena Angel}
lorenaangel.ld.136.jpg,1810377,d898f0e6,\2024-12\26 - Lorena Angel\,{BRZ97~2024-12~2R0RRAFT~26 - Lorena Angel}
lorenaangel.ld.137.jpg,1923256,59048d1e,\2024-12\26 - Lorena Angel\,{BRZ97~2024-12~2R0RRAFT~26 - Lorena Angel}
lorenaangel.ld.138.jpg,1990760,c9d86be9,\2024-12\26 - Lorena Angel\,{BRZ97~2024-12~2R0RRAFT~26 - Lorena Angel}
lorenaangel.ld.139.jpg,1868288,18b42f54,\2024-12\26 - Lorena Angel\,{BRZ97~2024-12~2R0RRAFT~26 - Lorena Angel}
lorenaangel.ld.140.jpg,1888773,ad2e2175,\2024-12\26 - Lorena Angel\,{BRZ97~2024-12~2R0RRAFT~26 - Lorena Angel}
lorenaangel.ld.141.jpg,1969702,106ac434,\2024-12\26 - Lorena Angel\,{BRZ97~2024-12~2R0RRAFT~26 - Lorena Angel}
lorenaangel.ld.142.jpg,2013416,278f5547,\2024-12\26 - Lorena Angel\,{BRZ97~2024-12~2R0RRAFT~26 - Lorena Angel}
lorenaangel.ld.143.jpg,1974098,18c088af,\2024-12\26 - Lorena Angel\,{BRZ97~2024-12~2R0RRAFT~26 - Lorena Angel}
lorenaangel.ld.144.jpg,1922046,8ba40ee3,\2024-12\26 - Lorena Angel\,{BRZ97~2024-12~2R0RRAFT~26 - Lorena Angel}
lorenaangel.ld.145.jpg,1861663,c71deb34,\2024-12\26 - Lorena Angel\,{BRZ97~2024-12~2R0RRAFT~26 - Lorena Angel}
lorenaangel.ld.146.jpg,2053445,9d39f7e8,\2024-12\26 - Lorena Angel\,{BRZ97~2024-12~2R0RRAFT~26 - Lorena Angel}
lorenaangel.ld.147.jpg,2037855,33d63649,\2024-12\26 - Lorena Angel\,{BRZ97~2024-12~2R0RRAFT~26 - Lorena Angel}
lorenaangel.ld.148.jpg,2251498,66a8eb3f,\2024-12\26 - Lorena Angel\,{BRZ97~2024-12~2R0RRAFT~26 - Lorena Angel}
lorenaangel.ld.149.jpg,2166034,6016f5e6,\2024-12\26 - Lorena Angel\,{BRZ97~2024-12~2R0RRAFT~26 - Lorena Angel}
lorenaangel.ld.150.jpg,2044404,b850c245,\2024-12\26 - Lorena Angel\,{BRZ97~2024-12~2R0RRAFT~26 - Lorena Angel}
lorenaangel.ld.151.jpg,1979445,5ffbcd18,\2024-12\26 - Lorena Angel\,{BRZ97~2024-12~2R0RRAFT~26 - Lorena Angel}
lorenaangel.ld.152.jpg,1895827,035c1957,\2024-12\26 - Lorena Angel\,{BRZ97~2024-12~2R0RRAFT~26 - Lorena Angel}
lorenaangel.ld.153.jpg,2269146,46156225,\2024-12\26 - Lorena Angel\,{BRZ97~2024-12~2R0RRAFT~26 - Lorena Angel}
lorenaangel.ld.154.jpg,1774441,9efad076,\2024-12\26 - Lorena Angel\,{BRZ97~2024-12~2R0RRAFT~26 - Lorena Angel}
lorenaangel.ld.155.jpg,1792456,0f237149,\2024-12\26 - Lorena Angel\,{BRZ97~2024-12~2R0RRAFT~26 - Lorena Angel}
lorenaangel.ld.156.jpg,2202859,dd444a52,\2024-12\26 - Lorena Angel\,{BRZ97~2024-12~2R0RRAFT~26 - Lorena Angel}
lorenaangel.ld.157.jpg,2207214,f01591fd,\2024-12\26 - Lorena Angel\,{BRZ97~2024-12~2R0RRAFT~26 - Lorena Angel}
yasminlancasternicollyeloa.ld.168.jpg,2597800,37afd2f6,\2024-12\30 - Nicolly Eloa & Yasmin Lancaster\,{BRZ97~2024-12~2T0QK6D6~30 - Nicolly Eloa & Yasmin Lancaster}
yasminlancasternicollyeloa.ld.169.jpg,1888421,85ec9671,\2024-12\30 - Nicolly Eloa & Yasmin Lancaster\,{BRZ97~2024-12~2T0QK6D6~30 - Nicolly Eloa & Yasmin Lancaster}
yasminlancasternicollyeloa.ld.170.jpg,2499027,e232e868,\2024-12\30 - Nicolly Eloa & Yasmin Lancaster\,{BRZ97~2024-12~2T0QK6D6~30 - Nicolly Eloa & Yasmin Lancaster}
yasminlancasternicollyeloa.ld.171.jpg,1983877,de55de98,\2024-12\30 - Nicolly Eloa & Yasmin Lancaster\,{BRZ97~2024-12~2T0QK6D6~30 - Nicolly Eloa & Yasmin Lancaster}
yasminlancasternicollyeloa.ld.172.jpg,2220980,19b5b06e,\2024-12\30 - Nicolly Eloa & Yasmin Lancaster\,{BRZ97~2024-12~2T0QK6D6~30 - Nicolly Eloa & Yasmin Lancaster}
yasminlancasternicollyeloa.ld.173.jpg,2189561,0bd0bc16,\2024-12\30 - Nicolly Eloa & Yasmin Lancaster\,{BRZ97~2024-12~2T0QK6D6~30 - Nicolly Eloa & Yasmin Lancaster}
yasminlancasternicollyeloa.ld.174.jpg,2275431,cc3245c9,\2024-12\30 - Nicolly Eloa & Yasmin Lancaster\,{BRZ97~2024-12~2T0QK6D6~30 - Nicolly Eloa & Yasmin Lancaster}
yasminlancasternicollyeloa.ld.175.jpg,2384099,66f2c251,\2024-12\30 - Nicolly Eloa & Yasmin Lancaster\,{BRZ97~2024-12~2T0QK6D6~30 - Nicolly Eloa & Yasmin Lancaster}
yasminlancasternicollyeloa.ld.176.jpg,2363315,232ebac4,\2024-12\30 - Nicolly Eloa & Yasmin Lancaster\,{BRZ97~2024-12~2T0QK6D6~30 - Nicolly Eloa & Yasmin Lancaster}
yasminlancasternicollyeloa.ld.177.jpg,2314342,ec7afd3d,\2024-12\30 - Nicolly Eloa & Yasmin Lancaster\,{BRZ97~2024-12~2T0QK6D6~30 - Nicolly Eloa & Yasmin Lancaster}
yasminlancasternicollyeloa.ld.178.jpg,2488564,5a214585,\2024-12\30 - Nicolly Eloa & Yasmin Lancaster\,{BRZ97~2024-12~2T0QK6D6~30 - Nicolly Eloa & Yasmin Lancaster}
yasminlancasternicollyeloa.ld.179.jpg,2615147,65da5372,\2024-12\30 - Nicolly Eloa & Yasmin Lancaster\,{BRZ97~2024-12~2T0QK6D6~30 - Nicolly Eloa & Yasmin Lancaster}
yasminlancasternicollyeloa.ld.180.jpg,2277799,e1dd217a,\2024-12\30 - Nicolly Eloa & Yasmin Lancaster\,{BRZ97~2024-12~2T0QK6D6~30 - Nicolly Eloa & Yasmin Lancaster}
yasminlancasternicollyeloa.ld.181.jpg,2268098,937938e0,\2024-12\30 - Nicolly Eloa & Yasmin Lancaster\,{BRZ97~2024-12~2T0QK6D6~30 - Nicolly Eloa & Yasmin Lancaster}
yasminlancasternicollyeloa.ld.182.jpg,2503603,1ee3cd2b,\2024-12\30 - Nicolly Eloa & Yasmin Lancaster\,{BRZ97~2024-12~2T0QK6D6~30 - Nicolly Eloa & Yasmin Lancaster}
yasminlancasternicollyeloa.ld.183.jpg,2446721,a28cb460,\2024-12\30 - Nicolly Eloa & Yasmin Lancaster\,{BRZ97~2024-12~2T0QK6D6~30 - Nicolly Eloa & Yasmin Lancaster}
yasminlancasternicollyeloa.ld.184.jpg,2426738,e434e49a,\2024-12\30 - Nicolly Eloa & Yasmin Lancaster\,{BRZ97~2024-12~2T0QK6D6~30 - Nicolly Eloa & Yasmin Lancaster}
yasminlancasternicollyeloa.ld.185.jpg,2445291,5a82a269,\2024-12\30 - Nicolly Eloa & Yasmin Lancaster\,{BRZ97~2024-12~2T0QK6D6~30 - Nicolly Eloa & Yasmin Lancaster}
yasminlancasternicollyeloa.ld.186.jpg,2490543,e6f01b3a,\2024-12\30 - Nicolly Eloa & Yasmin Lancaster\,{BRZ97~2024-12~2T0QK6D6~30 - Nicolly Eloa & Yasmin Lancaster}
yasminlancasternicollyeloa.ld.187.jpg,2244530,1957a667,\2024-12\30 - Nicolly Eloa & Yasmin Lancaster\,{BRZ97~2024-12~2T0QK6D6~30 - Nicolly Eloa & Yasmin Lancaster}
yasminlancasternicollyeloa.ld.188.jpg,2309340,33355080,\2024-12\30 - Nicolly Eloa & Yasmin Lancaster\,{BRZ97~2024-12~2T0QK6D6~30 - Nicolly Eloa & Yasmin Lancaster}
yasminlancasternicollyeloa.ld.189.jpg,2434367,0afbcaf1,\2024-12\30 - Nicolly Eloa & Yasmin Lancaster\,{BRZ97~2024-12~2T0QK6D6~30 - Nicolly Eloa & Yasmin Lancaster}
yasminlancasternicollyeloa.ld.190.jpg,2406860,e81d2de6,\2024-12\30 - Nicolly Eloa & Yasmin Lancaster\,{BRZ97~2024-12~2T0QK6D6~30 - Nicolly Eloa & Yasmin Lancaster}
yasminlancasternicollyeloa.ld.191.jpg,2212338,5ea56b8c,\2024-12\30 - Nicolly Eloa & Yasmin Lancaster\,{BRZ97~2024-12~2T0QK6D6~30 - Nicolly Eloa & Yasmin Lancaster}
yasminlancasternicollyeloa.ld.192.jpg,2279392,be9dc9c8,\2024-12\30 - Nicolly Eloa & Yasmin Lancaster\,{BRZ97~2024-12~2T0QK6D6~30 - Nicolly Eloa & Yasmin Lancaster}
yasminlancasternicollyeloa.ld.193.jpg,2302984,39d6e7f8,\2024-12\30 - Nicolly Eloa & Yasmin Lancaster\,{BRZ97~2024-12~2T0QK6D6~30 - Nicolly Eloa & Yasmin Lancaster}
yasminlancasternicollyeloa.ld.194.jpg,2324535,efae281f,\2024-12\30 - Nicolly Eloa & Yasmin Lancaster\,{BRZ97~2024-12~2T0QK6D6~30 - Nicolly Eloa & Yasmin Lancaster}
yasminlancasternicollyeloa.ld.195.jpg,2241263,d6b405dc,\2024-12\30 - Nicolly Eloa & Yasmin Lancaster\,{BRZ97~2024-12~2T0QK6D6~30 - Nicolly Eloa & Yasmin Lancaster}
yasminlancasternicollyeloa.ld.196.jpg,2268065,4f4c84d2,\2024-12\30 - Nicolly Eloa & Yasmin Lancaster\,{BRZ97~2024-12~2T0QK6D6~30 - Nicolly Eloa & Yasmin Lancaster}
yasminlancasternicollyeloa.ld.197.jpg,2740097,451b46a3,\2024-12\30 - Nicolly Eloa & Yasmin Lancaster\,{BRZ97~2024-12~2T0QK6D6~30 - Nicolly Eloa & Yasmin Lancaster}
yasminlancasternicollyeloa.ld.198.jpg,2562327,2e50c0e1,\2024-12\30 - Nicolly Eloa & Yasmin Lancaster\,{BRZ97~2024-12~2T0QK6D6~30 - Nicolly Eloa & Yasmin Lancaster}
yasminlancasternicollyeloa.ld.199.jpg,2550660,03cf1af5,\2024-12\30 - Nicolly Eloa & Yasmin Lancaster\,{BRZ97~2024-12~2T0QK6D6~30 - Nicolly Eloa & Yasmin Lancaster}
yasminlancasternicollyeloa.ld.200.jpg,2295337,d07f417e,\2024-12\30 - Nicolly Eloa & Yasmin Lancaster\,{BRZ97~2024-12~2T0QK6D6~30 - Nicolly Eloa & Yasmin Lancaster}
yasminlancasternicollyeloa.ld.201.jpg,2005983,efd43033,\2024-12\30 - Nicolly Eloa & Yasmin Lancaster\,{BRZ97~2024-12~2T0QK6D6~30 - Nicolly Eloa & Yasmin Lancaster}
yasminlancasternicollyeloa.ld.202.jpg,2373431,4c52e426,\2024-12\30 - Nicolly Eloa & Yasmin Lancaster\,{BRZ97~2024-12~2T0QK6D6~30 - Nicolly Eloa & Yasmin Lancaster}
yasminlancasternicollyeloa.ld.203.jpg,2502892,d4be1ceb,\2024-12\30 - Nicolly Eloa & Yasmin Lancaster\,{BRZ97~2024-12~2T0QK6D6~30 - Nicolly Eloa & Yasmin Lancaster}
yasminlancasternicollyeloa.ld.204.jpg,2610410,fe4e5007,\2024-12\30 - Nicolly Eloa & Yasmin Lancaster\,{BRZ97~2024-12~2T0QK6D6~30 - Nicolly Eloa & Yasmin Lancaster}
yasminlancasternicollyeloa.ld.205.jpg,2618887,2b1fde33,\2024-12\30 - Nicolly Eloa & Yasmin Lancaster\,{BRZ97~2024-12~2T0QK6D6~30 - Nicolly Eloa & Yasmin Lancaster}
yasminlancasternicollyeloa.ld.206.jpg,2529100,d7b3f235,\2024-12\30 - Nicolly Eloa & Yasmin Lancaster\,{BRZ97~2024-12~2T0QK6D6~30 - Nicolly Eloa & Yasmin Lancaster}
yasminlancasternicollyeloa.ld.207.jpg,2746698,49f2202c,\2024-12\30 - Nicolly Eloa & Yasmin Lancaster\,{BRZ97~2024-12~2T0QK6D6~30 - Nicolly Eloa & Yasmin Lancaster}
yasminlancasternicollyeloa.ld.208.jpg,2785437,562d2c14,\2024-12\30 - Nicolly Eloa & Yasmin Lancaster\,{BRZ97~2024-12~2T0QK6D6~30 - Nicolly Eloa & Yasmin Lancaster}
yasminlancasternicollyeloa.ld.209.jpg,2414761,b3d81c4b,\2024-12\30 - Nicolly Eloa & Yasmin Lancaster\,{BRZ97~2024-12~2T0QK6D6~30 - Nicolly Eloa & Yasmin Lancaster}
yasminlancasternicollyeloa.ld.210.jpg,2416845,94833b68,\2024-12\30 - Nicolly Eloa & Yasmin Lancaster\,{BRZ97~2024-12~2T0QK6D6~30 - Nicolly Eloa & Yasmin Lancaster}
yasminlancasternicollyeloa.ld.211.jpg,2257917,935a1d6a,\2024-12\30 - Nicolly Eloa & Yasmin Lancaster\,{BRZ97~2024-12~2T0QK6D6~30 - Nicolly Eloa & Yasmin Lancaster}
yasminlancasternicollyeloa.ld.212.jpg,2596250,da315739,\2024-12\30 - Nicolly Eloa & Yasmin Lancaster\,{BRZ97~2024-12~2T0QK6D6~30 - Nicolly Eloa & Yasmin Lancaster}
yasminlancasternicollyeloa.ld.213.jpg,2356925,0325c908,\2024-12\30 - Nicolly Eloa & Yasmin Lancaster\,{BRZ97~2024-12~2T0QK6D6~30 - Nicolly Eloa & Yasmin Lancaster}
yasminlancasternicollyeloa.ld.214.jpg,1879854,23e64736,\2024-12\30 - Nicolly Eloa & Yasmin Lancaster\,{BRZ97~2024-12~2T0QK6D6~30 - Nicolly Eloa & Yasmin Lancaster}
yasminlancasternicollyeloa.ld.215.jpg,1985732,8cdbb8aa,\2024-12\30 - Nicolly Eloa & Yasmin Lancaster\,{BRZ97~2024-12~2T0QK6D6~30 - Nicolly Eloa & Yasmin Lancaster}
yasminlancasternicollyeloa.ld.216.jpg,2574898,df7fcab0,\2024-12\30 - Nicolly Eloa & Yasmin Lancaster\,{BRZ97~2024-12~2T0QK6D6~30 - Nicolly Eloa & Yasmin Lancaster}
yasminlancasternicollyeloa.ld.217.jpg,2205115,1a86f040,\2024-12\30 - Nicolly Eloa & Yasmin Lancaster\,{BRZ97~2024-12~2T0QK6D6~30 - Nicolly Eloa & Yasmin Lancaster}
yasminlancasternicollyeloa.ld.218.jpg,2435616,cc916aae,\2024-12\30 - Nicolly Eloa & Yasmin Lancaster\,{BRZ97~2024-12~2T0QK6D6~30 - Nicolly Eloa & Yasmin Lancaster}
yasminlancasternicollyeloa.ld.219.jpg,2257005,a5b1a439,\2024-12\30 - Nicolly Eloa & Yasmin Lancaster\,{BRZ97~2024-12~2T0QK6D6~30 - Nicolly Eloa & Yasmin Lancaster}
yasminlancasternicollyeloa.ld.220.jpg,2295216,a129ab9b,\2024-12\30 - Nicolly Eloa & Yasmin Lancaster\,{BRZ97~2024-12~2T0QK6D6~30 - Nicolly Eloa & Yasmin Lancaster}
yasminlancasternicollyeloa.ld.221.jpg,2612420,5b4c840a,\2024-12\30 - Nicolly Eloa & Yasmin Lancaster\,{BRZ97~2024-12~2T0QK6D6~30 - Nicolly Eloa & Yasmin Lancaster}
yasminlancasternicollyeloa.ld.222.jpg,2342615,451feadf,\2024-12\30 - Nicolly Eloa & Yasmin Lancaster\,{BRZ97~2024-12~2T0QK6D6~30 - Nicolly Eloa & Yasmin Lancaster}
yasminlancasternicollyeloa.ld.223.jpg,2371189,e8fc3925,\2024-12\30 - Nicolly Eloa & Yasmin Lancaster\,{BRZ97~2024-12~2T0QK6D6~30 - Nicolly Eloa & Yasmin Lancaster}
yasminlancasternicollyeloa.ld.224.jpg,2406012,bf787f9e,\2024-12\30 - Nicolly Eloa & Yasmin Lancaster\,{BRZ97~2024-12~2T0QK6D6~30 - Nicolly Eloa & Yasmin Lancaster}
yasminlancasternicollyeloa.ld.225.jpg,2432340,ff3acb81,\2024-12\30 - Nicolly Eloa & Yasmin Lancaster\,{BRZ97~2024-12~2T0QK6D6~30 - Nicolly Eloa & Yasmin Lancaster}
yasminlancasternicollyeloa.ld.226.jpg,2413227,3734568a,\2024-12\30 - Nicolly Eloa & Yasmin Lancaster\,{BRZ97~2024-12~2T0QK6D6~30 - Nicolly Eloa & Yasmin Lancaster}
yasminlancasternicollyeloa.ld.227.jpg,2221349,c9967942,\2024-12\30 - Nicolly Eloa & Yasmin Lancaster\,{BRZ97~2024-12~2T0QK6D6~30 - Nicolly Eloa & Yasmin Lancaster}
yasminlancasternicollyeloa.ld.228.jpg,2159409,b78270a8,\2024-12\30 - Nicolly Eloa & Yasmin Lancaster\,{BRZ97~2024-12~2T0QK6D6~30 - Nicolly Eloa & Yasmin Lancaster}
yasminlancasternicollyeloa.ld.229.jpg,2269577,bd5b537e,\2024-12\30 - Nicolly Eloa & Yasmin Lancaster\,{BRZ97~2024-12~2T0QK6D6~30 - Nicolly Eloa & Yasmin Lancaster}
yasminlancasternicollyeloa.ld.230.jpg,2276195,24428cd7,\2024-12\30 - Nicolly Eloa & Yasmin Lancaster\,{BRZ97~2024-12~2T0QK6D6~30 - Nicolly Eloa & Yasmin Lancaster}
yasminlancasternicollyeloa.ld.231.jpg,2365912,15d7f47c,\2024-12\30 - Nicolly Eloa & Yasmin Lancaster\,{BRZ97~2024-12~2T0QK6D6~30 - Nicolly Eloa & Yasmin Lancaster}
yasminlancasternicollyeloa.ld.232.jpg,2407357,ac31b636,\2024-12\30 - Nicolly Eloa & Yasmin Lancaster\,{BRZ97~2024-12~2T0QK6D6~30 - Nicolly Eloa & Yasmin Lancaster}
yasminlancasternicollyeloa.ld.233.jpg,2136875,1a0f33ad,\2024-12\30 - Nicolly Eloa & Yasmin Lancaster\,{BRZ97~2024-12~2T0QK6D6~30 - Nicolly Eloa & Yasmin Lancaster}
yasminlancasternicollyeloa.ld.234.jpg,2293912,40375d0a,\2024-12\30 - Nicolly Eloa & Yasmin Lancaster\,{BRZ97~2024-12~2T0QK6D6~30 - Nicolly Eloa & Yasmin Lancaster}
yasminlancasternicollyeloa.ld.235.jpg,2059838,f45ee106,\2024-12\30 - Nicolly Eloa & Yasmin Lancaster\,{BRZ97~2024-12~2T0QK6D6~30 - Nicolly Eloa & Yasmin Lancaster}
yasminlancasternicollyeloa.ld.236.jpg,2284374,b8d9f0ab,\2024-12\30 - Nicolly Eloa & Yasmin Lancaster\,{BRZ97~2024-12~2T0QK6D6~30 - Nicolly Eloa & Yasmin Lancaster}
yasminlancasternicollyeloa.ld.237.jpg,2389914,f8c94fc4,\2024-12\30 - Nicolly Eloa & Yasmin Lancaster\,{BRZ97~2024-12~2T0QK6D6~30 - Nicolly Eloa & Yasmin Lancaster}
yasminlancasternicollyeloa.ld.238.jpg,2388799,3792ec73,\2024-12\30 - Nicolly Eloa & Yasmin Lancaster\,{BRZ97~2024-12~2T0QK6D6~30 - Nicolly Eloa & Yasmin Lancaster}
yasminlancasternicollyeloa.ld.239.jpg,2701599,b385a442,\2024-12\30 - Nicolly Eloa & Yasmin Lancaster\,{BRZ97~2024-12~2T0QK6D6~30 - Nicolly Eloa & Yasmin Lancaster}
yasminlancasternicollyeloa.ld.240.jpg,2392085,a62fd7ed,\2024-12\30 - Nicolly Eloa & Yasmin Lancaster\,{BRZ97~2024-12~2T0QK6D6~30 - Nicolly Eloa & Yasmin Lancaster}
yasminlancasternicollyeloa.ld.241.jpg,2590933,cdce3291,\2024-12\30 - Nicolly Eloa & Yasmin Lancaster\,{BRZ97~2024-12~2T0QK6D6~30 - Nicolly Eloa & Yasmin Lancaster}
yasminlancasternicollyeloa.ld.242.jpg,2655348,a7bf1797,\2024-12\30 - Nicolly Eloa & Yasmin Lancaster\,{BRZ97~2024-12~2T0QK6D6~30 - Nicolly Eloa & Yasmin Lancaster}
yasminlancasternicollyeloa.ld.243.jpg,2633912,a8a83838,\2024-12\30 - Nicolly Eloa & Yasmin Lancaster\,{BRZ97~2024-12~2T0QK6D6~30 - Nicolly Eloa & Yasmin Lancaster}
yasminlancasternicollyeloa.ld.244.jpg,2457760,926a46a5,\2024-12\30 - Nicolly Eloa & Yasmin Lancaster\,{BRZ97~2024-12~2T0QK6D6~30 - Nicolly Eloa & Yasmin Lancaster}
yasminlancasternicollyeloa.ld.245.jpg,2606582,e1e061b5,\2024-12\30 - Nicolly Eloa & Yasmin Lancaster\,{BRZ97~2024-12~2T0QK6D6~30 - Nicolly Eloa & Yasmin Lancaster}
yasminlancasternicollyeloa.ld.246.jpg,2534602,904851c2,\2024-12\30 - Nicolly Eloa & Yasmin Lancaster\,{BRZ97~2024-12~2T0QK6D6~30 - Nicolly Eloa & Yasmin Lancaster}
yasminlancasternicollyeloa.ld.247.jpg,2575368,92c78ea2,\2024-12\30 - Nicolly Eloa & Yasmin Lancaster\,{BRZ97~2024-12~2T0QK6D6~30 - Nicolly Eloa & Yasmin Lancaster}
yasminlancasternicollyeloa.ld.248.jpg,2246791,63329ec4,\2024-12\30 - Nicolly Eloa & Yasmin Lancaster\,{BRZ97~2024-12~2T0QK6D6~30 - Nicolly Eloa & Yasmin Lancaster}
yasminlancasternicollyeloa.ld.249.jpg,2369516,6f5d38b7,\2024-12\30 - Nicolly Eloa & Yasmin Lancaster\,{BRZ97~2024-12~2T0QK6D6~30 - Nicolly Eloa & Yasmin Lancaster}
yasminlancasternicollyeloa.ld.250.jpg,2475700,5c598776,\2024-12\30 - Nicolly Eloa & Yasmin Lancaster\,{BRZ97~2024-12~2T0QK6D6~30 - Nicolly Eloa & Yasmin Lancaster}
yasminlancasternicollyeloa.ld.251.jpg,2713757,b6437785,\2024-12\30 - Nicolly Eloa & Yasmin Lancaster\,{BRZ97~2024-12~2T0QK6D6~30 - Nicolly Eloa & Yasmin Lancaster}
yasminlancasternicollyeloa.ld.252.jpg,2665500,3649fbc1,\2024-12\30 - Nicolly Eloa & Yasmin Lancaster\,{BRZ97~2024-12~2T0QK6D6~30 - Nicolly Eloa & Yasmin Lancaster}
yasminlancasternicollyeloa.ld.253.jpg,2430860,957e0db6,\2024-12\30 - Nicolly Eloa & Yasmin Lancaster\,{BRZ97~2024-12~2T0QK6D6~30 - Nicolly Eloa & Yasmin Lancaster}
yasminlancasternicollyeloa.ld.254.jpg,2374809,b150ace0,\2024-12\30 - Nicolly Eloa & Yasmin Lancaster\,{BRZ97~2024-12~2T0QK6D6~30 - Nicolly Eloa & Yasmin Lancaster}
yasminlancasternicollyeloa.ld.255.jpg,2308850,2781fd90,\2024-12\30 - Nicolly Eloa & Yasmin Lancaster\,{BRZ97~2024-12~2T0QK6D6~30 - Nicolly Eloa & Yasmin Lancaster}
yasminlancasternicollyeloa.ld.256.jpg,2219530,bebfbcfd,\2024-12\30 - Nicolly Eloa & Yasmin Lancaster\,{BRZ97~2024-12~2T0QK6D6~30 - Nicolly Eloa & Yasmin Lancaster}
yasminlancasternicollyeloa.ld.257.jpg,2360928,6d700e1b,\2024-12\30 - Nicolly Eloa & Yasmin Lancaster\,{BRZ97~2024-12~2T0QK6D6~30 - Nicolly Eloa & Yasmin Lancaster}
yasminlancasternicollyeloa.ld.258.jpg,2444578,2c6ba81e,\2024-12\30 - Nicolly Eloa & Yasmin Lancaster\,{BRZ97~2024-12~2T0QK6D6~30 - Nicolly Eloa & Yasmin Lancaster}
yasminlancasternicollyeloa.ld.259.jpg,2452768,3efb9536,\2024-12\30 - Nicolly Eloa & Yasmin Lancaster\,{BRZ97~2024-12~2T0QK6D6~30 - Nicolly Eloa & Yasmin Lancaster}
yasminlancasternicollyeloa.ld.260.jpg,2112219,8446fca0,\2024-12\30 - Nicolly Eloa & Yasmin Lancaster\,{BRZ97~2024-12~2T0QK6D6~30 - Nicolly Eloa & Yasmin Lancaster}
yasminlancasternicollyeloa.ld.261.jpg,2365913,cc77c8a3,\2024-12\30 - Nicolly Eloa & Yasmin Lancaster\,{BRZ97~2024-12~2T0QK6D6~30 - Nicolly Eloa & Yasmin Lancaster}
yasminlancasternicollyeloa.ld.262.jpg,2425495,36dad79f,\2024-12\30 - Nicolly Eloa & Yasmin Lancaster\,{BRZ97~2024-12~2T0QK6D6~30 - Nicolly Eloa & Yasmin Lancaster}
yasminlancasternicollyeloa.ld.263.jpg,2259035,38d5cd6e,\2024-12\30 - Nicolly Eloa & Yasmin Lancaster\,{BRZ97~2024-12~2T0QK6D6~30 - Nicolly Eloa & Yasmin Lancaster}
yasminlancasternicollyeloa.ld.264.jpg,1940946,29729cb9,\2024-12\30 - Nicolly Eloa & Yasmin Lancaster\,{BRZ97~2024-12~2T0QK6D6~30 - Nicolly Eloa & Yasmin Lancaster}
yasminlancasternicollyeloa.ld.265.jpg,2367790,f341af32,\2024-12\30 - Nicolly Eloa & Yasmin Lancaster\,{BRZ97~2024-12~2T0QK6D6~30 - Nicolly Eloa & Yasmin Lancaster}
yasminlancasternicollyeloa.ld.267.jpg,2296985,ec53c1f5,\2024-12\30 - Nicolly Eloa & Yasmin Lancaster\,{BRZ97~2024-12~2T0QK6D6~30 - Nicolly Eloa & Yasmin Lancaster}
yasminlancasternicollyeloa.ld.268.jpg,2621755,b66c96ad,\2024-12\30 - Nicolly Eloa & Yasmin Lancaster\,{BRZ97~2024-12~2T0QK6D6~30 - Nicolly Eloa & Yasmin Lancaster}
yasminlancasternicollyeloa.ld.269.jpg,1843552,cc29f4ca,\2024-12\30 - Nicolly Eloa & Yasmin Lancaster\,{BRZ97~2024-12~2T0QK6D6~30 - Nicolly Eloa & Yasmin Lancaster}
yasminlancasternicollyeloa.ld.270.jpg,1882133,187569cb,\2024-12\30 - Nicolly Eloa & Yasmin Lancaster\,{BRZ97~2024-12~2T0QK6D6~30 - Nicolly Eloa & Yasmin Lancaster}
yasminlancasternicollyeloa.ld.271.jpg,2060829,f25fc82f,\2024-12\30 - Nicolly Eloa & Yasmin Lancaster\,{BRZ97~2024-12~2T0QK6D6~30 - Nicolly Eloa & Yasmin Lancaster}
yasminlancasternicollyeloa.ld.272.jpg,2104600,fb3f9c71,\2024-12\30 - Nicolly Eloa & Yasmin Lancaster\,{BRZ97~2024-12~2T0QK6D6~30 - Nicolly Eloa & Yasmin Lancaster}
yasminlancasternicollyeloa.ld.273.jpg,2036250,6b0bc069,\2024-12\30 - Nicolly Eloa & Yasmin Lancaster\,{BRZ97~2024-12~2T0QK6D6~30 - Nicolly Eloa & Yasmin Lancaster}
yasminlancasternicollyeloa.ld.274.jpg,2195978,936cf447,\2024-12\30 - Nicolly Eloa & Yasmin Lancaster\,{BRZ97~2024-12~2T0QK6D6~30 - Nicolly Eloa & Yasmin Lancaster}
yasminlancasternicollyeloa.ld.275.jpg,2138781,1325ce8d,\2024-12\30 - Nicolly Eloa & Yasmin Lancaster\,{BRZ97~2024-12~2T0QK6D6~30 - Nicolly Eloa & Yasmin Lancaster}
yasminlancasternicollyeloa.ld.276.jpg,2076949,45927034,\2024-12\30 - Nicolly Eloa & Yasmin Lancaster\,{BRZ97~2024-12~2T0QK6D6~30 - Nicolly Eloa & Yasmin Lancaster}
yasminlancasternicollyeloa.ld.277.jpg,2168836,972cc20d,\2024-12\30 - Nicolly Eloa & Yasmin Lancaster\,{BRZ97~2024-12~2T0QK6D6~30 - Nicolly Eloa & Yasmin Lancaster}
yasminlancasternicollyeloa.ld.278.jpg,2171971,1bc6f181,\2024-12\30 - Nicolly Eloa & Yasmin Lancaster\,{BRZ97~2024-12~2T0QK6D6~30 - Nicolly Eloa & Yasmin Lancaster}
yasminlancasternicollyeloa.ld.279.jpg,2139001,8701a3c6,\2024-12\30 - Nicolly Eloa & Yasmin Lancaster\,{BRZ97~2024-12~2T0QK6D6~30 - Nicolly Eloa & Yasmin Lancaster}
yasminlancasternicollyeloa.ld.280.jpg,2304380,c8ea4072,\2024-12\30 - Nicolly Eloa & Yasmin Lancaster\,{BRZ97~2024-12~2T0QK6D6~30 - Nicolly Eloa & Yasmin Lancaster}
yasminlancasternicollyeloa.ld.281.jpg,2307306,1a9f92f8,\2024-12\30 - Nicolly Eloa & Yasmin Lancaster\,{BRZ97~2024-12~2T0QK6D6~30 - Nicolly Eloa & Yasmin Lancaster}
yasminlancasternicollyeloa.ld.282.jpg,2246854,0377c4a5,\2024-12\30 - Nicolly Eloa & Yasmin Lancaster\,{BRZ97~2024-12~2T0QK6D6~30 - Nicolly Eloa & Yasmin Lancaster}
yasminlancasternicollyeloa.ld.283.jpg,2452352,e1dbf368,\2024-12\30 - Nicolly Eloa & Yasmin Lancaster\,{BRZ97~2024-12~2T0QK6D6~30 - Nicolly Eloa & Yasmin Lancaster}
yasminlancasternicollyeloa.ld.284.jpg,2261958,5c5faa2a,\2024-12\30 - Nicolly Eloa & Yasmin Lancaster\,{BRZ97~2024-12~2T0QK6D6~30 - Nicolly Eloa & Yasmin Lancaster}
yasminlancasternicollyeloa.ld.285.jpg,2415722,81379f15,\2024-12\30 - Nicolly Eloa & Yasmin Lancaster\,{BRZ97~2024-12~2T0QK6D6~30 - Nicolly Eloa & Yasmin Lancaster}
yasminlancasternicollyeloa.ld.286.jpg,2156103,15965e34,\2024-12\30 - Nicolly Eloa & Yasmin Lancaster\,{BRZ97~2024-12~2T0QK6D6~30 - Nicolly Eloa & Yasmin Lancaster}
yasminlancasternicollyeloa.ld.287.jpg,2369963,ed54ffe2,\2024-12\30 - Nicolly Eloa & Yasmin Lancaster\,{BRZ97~2024-12~2T0QK6D6~30 - Nicolly Eloa & Yasmin Lancaster}
yasminlancasternicollyeloa.ld.289.jpg,2427456,40a0f521,\2024-12\30 - Nicolly Eloa & Yasmin Lancaster\,{BRZ97~2024-12~2T0QK6D6~30 - Nicolly Eloa & Yasmin Lancaster}
yasminlancasternicollyeloa.ld.290.jpg,2378969,98eb6c64,\2024-12\30 - Nicolly Eloa & Yasmin Lancaster\,{BRZ97~2024-12~2T0QK6D6~30 - Nicolly Eloa & Yasmin Lancaster}
yasminlancasternicollyeloa.ld.291.jpg,2373643,0cb479dd,\2024-12\30 - Nicolly Eloa & Yasmin Lancaster\,{BRZ97~2024-12~2T0QK6D6~30 - Nicolly Eloa & Yasmin Lancaster}
yasminlancasternicollyeloa.ld.292.jpg,2376617,f0065a1f,\2024-12\30 - Nicolly Eloa & Yasmin Lancaster\,{BRZ97~2024-12~2T0QK6D6~30 - Nicolly Eloa & Yasmin Lancaster}
yasminlancasternicollyeloa.ld.293.jpg,2357484,b6fc110e,\2024-12\30 - Nicolly Eloa & Yasmin Lancaster\,{BRZ97~2024-12~2T0QK6D6~30 - Nicolly Eloa & Yasmin Lancaster}
yasminlancasternicollyeloa.ld.294.jpg,2219341,06d54ab2,\2024-12\30 - Nicolly Eloa & Yasmin Lancaster\,{BRZ97~2024-12~2T0QK6D6~30 - Nicolly Eloa & Yasmin Lancaster}
yasminlancasternicollyeloa.ld.295.jpg,1992115,9db5c813,\2024-12\30 - Nicolly Eloa & Yasmin Lancaster\,{BRZ97~2024-12~2T0QK6D6~30 - Nicolly Eloa & Yasmin Lancaster}
yasminlancasternicollyeloa.ld.296.jpg,1746577,de987fd3,\2024-12\30 - Nicolly Eloa & Yasmin Lancaster\,{BRZ97~2024-12~2T0QK6D6~30 - Nicolly Eloa & Yasmin Lancaster}
yasminlancasternicollyeloa.ld.297.jpg,2353198,bd3632ae,\2024-12\30 - Nicolly Eloa & Yasmin Lancaster\,{BRZ97~2024-12~2T0QK6D6~30 - Nicolly Eloa & Yasmin Lancaster}
yasminlancasternicollyeloa.ld.298.jpg,2099807,5854a615,\2024-12\30 - Nicolly Eloa & Yasmin Lancaster\,{BRZ97~2024-12~2T0QK6D6~30 - Nicolly Eloa & Yasmin Lancaster}
yasminlancasternicollyeloa.ld.299.jpg,2053362,feb7ba3d,\2024-12\30 - Nicolly Eloa & Yasmin Lancaster\,{BRZ97~2024-12~2T0QK6D6~30 - Nicolly Eloa & Yasmin Lancaster}
yasminlancasternicollyeloa.ld.300.jpg,2091150,649c4aa8,\2024-12\30 - Nicolly Eloa & Yasmin Lancaster\,{BRZ97~2024-12~2T0QK6D6~30 - Nicolly Eloa & Yasmin Lancaster}
yasminlancasternicollyeloa.ld.301.jpg,2132519,24389159,\2024-12\30 - Nicolly Eloa & Yasmin Lancaster\,{BRZ97~2024-12~2T0QK6D6~30 - Nicolly Eloa & Yasmin Lancaster}
yasminlancasternicollyeloa.ld.302.jpg,2094417,750372e2,\2024-12\30 - Nicolly Eloa & Yasmin Lancaster\,{BRZ97~2024-12~2T0QK6D6~30 - Nicolly Eloa & Yasmin Lancaster}
yasminlancasternicollyeloa.ld.303.jpg,1696960,bfaa1a4c,\2024-12\30 - Nicolly Eloa & Yasmin Lancaster\,{BRZ97~2024-12~2T0QK6D6~30 - Nicolly Eloa & Yasmin Lancaster}
yasminlancasternicollyeloa.ld.304.jpg,1866805,c99425ba,\2024-12\30 - Nicolly Eloa & Yasmin Lancaster\,{BRZ97~2024-12~2T0QK6D6~30 - Nicolly Eloa & Yasmin Lancaster}
yasminlancasternicollyeloa.ld.305.jpg,1895675,4a21dc4f,\2024-12\30 - Nicolly Eloa & Yasmin Lancaster\,{BRZ97~2024-12~2T0QK6D6~30 - Nicolly Eloa & Yasmin Lancaster}
yasminlancasternicollyeloa.ld.306.jpg,2321926,d8311435,\2024-12\30 - Nicolly Eloa & Yasmin Lancaster\,{BRZ97~2024-12~2T0QK6D6~30 - Nicolly Eloa & Yasmin Lancaster}
yasminlancasternicollyeloa.ld.307.jpg,2196198,4fd2edfe,\2024-12\30 - Nicolly Eloa & Yasmin Lancaster\,{BRZ97~2024-12~2T0QK6D6~30 - Nicolly Eloa & Yasmin Lancaster}
yasminlancasternicollyeloa.ld.308.jpg,2426051,10a75d1b,\2024-12\30 - Nicolly Eloa & Yasmin Lancaster\,{BRZ97~2024-12~2T0QK6D6~30 - Nicolly Eloa & Yasmin Lancaster}
yasminlancasternicollyeloa.ld.309.jpg,2294937,8d3935ce,\2024-12\30 - Nicolly Eloa & Yasmin Lancaster\,{BRZ97~2024-12~2T0QK6D6~30 - Nicolly Eloa & Yasmin Lancaster}
yasminlancasternicollyeloa.ld.310.jpg,2377529,fcead36f,\2024-12\30 - Nicolly Eloa & Yasmin Lancaster\,{BRZ97~2024-12~2T0QK6D6~30 - Nicolly Eloa & Yasmin Lancaster}
yasminlancasternicollyeloa.ld.311.jpg,2416214,a983fe4c,\2024-12\30 - Nicolly Eloa & Yasmin Lancaster\,{BRZ97~2024-12~2T0QK6D6~30 - Nicolly Eloa & Yasmin Lancaster}
yasminlancasternicollyeloa.ld.312.jpg,2112362,849f45ed,\2024-12\30 - Nicolly Eloa & Yasmin Lancaster\,{BRZ97~2024-12~2T0QK6D6~30 - Nicolly Eloa & Yasmin Lancaster}
yasminlancasternicollyeloa.ld.313.jpg,2281953,c347534d,\2024-12\30 - Nicolly Eloa & Yasmin Lancaster\,{BRZ97~2024-12~2T0QK6D6~30 - Nicolly Eloa & Yasmin Lancaster}
yasminlancasternicollyeloa.ld.314.jpg,2296284,80f9441d,\2024-12\30 - Nicolly Eloa & Yasmin Lancaster\,{BRZ97~2024-12~2T0QK6D6~30 - Nicolly Eloa & Yasmin Lancaster}
yasminlancasternicollyeloa.ld.315.jpg,2354718,2bc2ffb4,\2024-12\30 - Nicolly Eloa & Yasmin Lancaster\,{BRZ97~2024-12~2T0QK6D6~30 - Nicolly Eloa & Yasmin Lancaster}
manulopes.ld.001.jpg,1484812,32de8438,\2024-12\31 - Manu Lopes\,{BRZ97~2024-12~2X0RMSVU~31 - Manu Lopes}
manulopes.ld.002.jpg,2102271,005d9d0a,\2024-12\31 - Manu Lopes\,{BRZ97~2024-12~2X0RMSVU~31 - Manu Lopes}
manulopes.ld.003.jpg,2091153,afbc161a,\2024-12\31 - Manu Lopes\,{BRZ97~2024-12~2X0RMSVU~31 - Manu Lopes}
manulopes.ld.004.jpg,1980063,21469650,\2024-12\31 - Manu Lopes\,{BRZ97~2024-12~2X0RMSVU~31 - Manu Lopes}
manulopes.ld.005.jpg,2260343,56fc18e0,\2024-12\31 - Manu Lopes\,{BRZ97~2024-12~2X0RMSVU~31 - Manu Lopes}
manulopes.ld.006.jpg,2390608,dd0714af,\2024-12\31 - Manu Lopes\,{BRZ97~2024-12~2X0RMSVU~31 - Manu Lopes}
manulopes.ld.007.jpg,2231630,fdd2ee6c,\2024-12\31 - Manu Lopes\,{BRZ97~2024-12~2X0RMSVU~31 - Manu Lopes}
manulopes.ld.008.jpg,1958351,5e7d951b,\2024-12\31 - Manu Lopes\,{BRZ97~2024-12~2X0RMSVU~31 - Manu Lopes}
manulopes.ld.009.jpg,2037034,a8df0b79,\2024-12\31 - Manu Lopes\,{BRZ97~2024-12~2X0RMSVU~31 - Manu Lopes}
manulopes.ld.010.jpg,2309319,1d1fc937,\2024-12\31 - Manu Lopes\,{BRZ97~2024-12~2X0RMSVU~31 - Manu Lopes}
manulopes.ld.011.jpg,2565481,db3c0475,\2024-12\31 - Manu Lopes\,{BRZ97~2024-12~2X0RMSVU~31 - Manu Lopes}
manulopes.ld.012.jpg,2516774,2d697ca5,\2024-12\31 - Manu Lopes\,{BRZ97~2024-12~2X0RMSVU~31 - Manu Lopes}
manulopes.ld.013.jpg,2644555,967e92cd,\2024-12\31 - Manu Lopes\,{BRZ97~2024-12~2X0RMSVU~31 - Manu Lopes}
manulopes.ld.014.jpg,2482147,30a2ac3c,\2024-12\31 - Manu Lopes\,{BRZ97~2024-12~2X0RMSVU~31 - Manu Lopes}
manulopes.ld.015.jpg,2396376,4af13ea6,\2024-12\31 - Manu Lopes\,{BRZ97~2024-12~2X0RMSVU~31 - Manu Lopes}
manulopes.ld.016.jpg,2365770,260c6821,\2024-12\31 - Manu Lopes\,{BRZ97~2024-12~2X0RMSVU~31 - Manu Lopes}
manulopes.ld.017.jpg,2766335,ffbf8e1f,\2024-12\31 - Manu Lopes\,{BRZ97~2024-12~2X0RMSVU~31 - Manu Lopes}
manulopes.ld.018.jpg,2295387,6a5cc593,\2024-12\31 - Manu Lopes\,{BRZ97~2024-12~2X0RMSVU~31 - Manu Lopes}
manulopes.ld.019.jpg,1904428,5e595267,\2024-12\31 - Manu Lopes\,{BRZ97~2024-12~2X0RMSVU~31 - Manu Lopes}
manulopes.ld.020.jpg,2097349,ac9912f4,\2024-12\31 - Manu Lopes\,{BRZ97~2024-12~2X0RMSVU~31 - Manu Lopes}
manulopes.ld.021.jpg,2370026,155231d8,\2024-12\31 - Manu Lopes\,{BRZ97~2024-12~2X0RMSVU~31 - Manu Lopes}
manulopes.ld.022.jpg,2484311,eaf5b6ec,\2024-12\31 - Manu Lopes\,{BRZ97~2024-12~2X0RMSVU~31 - Manu Lopes}
manulopes.ld.023.jpg,2432973,ae3c6e01,\2024-12\31 - Manu Lopes\,{BRZ97~2024-12~2X0RMSVU~31 - Manu Lopes}
manulopes.ld.024.jpg,2485937,5ad66559,\2024-12\31 - Manu Lopes\,{BRZ97~2024-12~2X0RMSVU~31 - Manu Lopes}
manulopes.ld.025.jpg,2127704,c1f51e46,\2024-12\31 - Manu Lopes\,{BRZ97~2024-12~2X0RMSVU~31 - Manu Lopes}
manulopes.ld.026.jpg,1957378,7be1c66d,\2024-12\31 - Manu Lopes\,{BRZ97~2024-12~2X0RMSVU~31 - Manu Lopes}
manulopes.ld.027.jpg,2544076,c162b149,\2024-12\31 - Manu Lopes\,{BRZ97~2024-12~2X0RMSVU~31 - Manu Lopes}
manulopes.ld.028.jpg,2231589,6883cdc9,\2024-12\31 - Manu Lopes\,{BRZ97~2024-12~2X0RMSVU~31 - Manu Lopes}
manulopes.ld.029.jpg,1725596,2f04cd81,\2024-12\31 - Manu Lopes\,{BRZ97~2024-12~2X0RMSVU~31 - Manu Lopes}
manulopes.ld.030.jpg,2250674,1115e5d0,\2024-12\31 - Manu Lopes\,{BRZ97~2024-12~2X0RMSVU~31 - Manu Lopes}
manulopes.ld.031.jpg,2235884,62c34771,\2024-12\31 - Manu Lopes\,{BRZ97~2024-12~2X0RMSVU~31 - Manu Lopes}
manulopes.ld.032.jpg,2478645,c1264430,\2024-12\31 - Manu Lopes\,{BRZ97~2024-12~2X0RMSVU~31 - Manu Lopes}
manulopes.ld.033.jpg,2659039,af369569,\2024-12\31 - Manu Lopes\,{BRZ97~2024-12~2X0RMSVU~31 - Manu Lopes}
manulopes.ld.034.jpg,2240126,86da4203,\2024-12\31 - Manu Lopes\,{BRZ97~2024-12~2X0RMSVU~31 - Manu Lopes}
manulopes.ld.035.jpg,2417377,1577a0fc,\2024-12\31 - Manu Lopes\,{BRZ97~2024-12~2X0RMSVU~31 - Manu Lopes}
manulopes.ld.036.jpg,2372063,61e83f2e,\2024-12\31 - Manu Lopes\,{BRZ97~2024-12~2X0RMSVU~31 - Manu Lopes}
manulopes.ld.037.jpg,2584511,886372c2,\2024-12\31 - Manu Lopes\,{BRZ97~2024-12~2X0RMSVU~31 - Manu Lopes}
manulopes.ld.038.jpg,2312405,e8cf967c,\2024-12\31 - Manu Lopes\,{BRZ97~2024-12~2X0RMSVU~31 - Manu Lopes}
manulopes.ld.039.jpg,2475481,9534c695,\2024-12\31 - Manu Lopes\,{BRZ97~2024-12~2X0RMSVU~31 - Manu Lopes}
manulopes.ld.040.jpg,2469880,14ca691b,\2024-12\31 - Manu Lopes\,{BRZ97~2024-12~2X0RMSVU~31 - Manu Lopes}
manulopes.ld.041.jpg,2679847,9d35a72b,\2024-12\31 - Manu Lopes\,{BRZ97~2024-12~2X0RMSVU~31 - Manu Lopes}
manulopes.ld.042.jpg,1876513,e4336a05,\2024-12\31 - Manu Lopes\,{BRZ97~2024-12~2X0RMSVU~31 - Manu Lopes}
manulopes.ld.043.jpg,2288289,ff3fd81d,\2024-12\31 - Manu Lopes\,{BRZ97~2024-12~2X0RMSVU~31 - Manu Lopes}
manulopes.ld.044.jpg,2802470,77a26f04,\2024-12\31 - Manu Lopes\,{BRZ97~2024-12~2X0RMSVU~31 - Manu Lopes}
manulopes.ld.045.jpg,2548240,1bd14f81,\2024-12\31 - Manu Lopes\,{BRZ97~2024-12~2X0RMSVU~31 - Manu Lopes}
manulopes.ld.046.jpg,2427305,587980d5,\2024-12\31 - Manu Lopes\,{BRZ97~2024-12~2X0RMSVU~31 - Manu Lopes}
manulopes.ld.047.jpg,2975041,3d89aa80,\2024-12\31 - Manu Lopes\,{BRZ97~2024-12~2X0RMSVU~31 - Manu Lopes}
manulopes.ld.048.jpg,2251616,6744f8f6,\2024-12\31 - Manu Lopes\,{BRZ97~2024-12~2X0RMSVU~31 - Manu Lopes}
manulopes.ld.049.jpg,2695676,db21e92d,\2024-12\31 - Manu Lopes\,{BRZ97~2024-12~2X0RMSVU~31 - Manu Lopes}
manulopes.ld.050.jpg,2169505,ee2adc01,\2024-12\31 - Manu Lopes\,{BRZ97~2024-12~2X0RMSVU~31 - Manu Lopes}
manulopes.ld.051.jpg,2424514,9b17c68d,\2024-12\31 - Manu Lopes\,{BRZ97~2024-12~2X0RMSVU~31 - Manu Lopes}
manulopes.ld.052.jpg,2386920,5ffc3240,\2024-12\31 - Manu Lopes\,{BRZ97~2024-12~2X0RMSVU~31 - Manu Lopes}
manulopes.ld.053.jpg,2406917,78777be3,\2024-12\31 - Manu Lopes\,{BRZ97~2024-12~2X0RMSVU~31 - Manu Lopes}
manulopes.ld.054.jpg,2277170,8e5d7cf5,\2024-12\31 - Manu Lopes\,{BRZ97~2024-12~2X0RMSVU~31 - Manu Lopes}
manulopes.ld.055.jpg,2019012,79f4f4ee,\2024-12\31 - Manu Lopes\,{BRZ97~2024-12~2X0RMSVU~31 - Manu Lopes}
manulopes.ld.056.jpg,2309704,2ecec45f,\2024-12\31 - Manu Lopes\,{BRZ97~2024-12~2X0RMSVU~31 - Manu Lopes}
manulopes.ld.057.jpg,2443130,7db3fa63,\2024-12\31 - Manu Lopes\,{BRZ97~2024-12~2X0RMSVU~31 - Manu Lopes}
manulopes.ld.058.jpg,2331095,b94b817e,\2024-12\31 - Manu Lopes\,{BRZ97~2024-12~2X0RMSVU~31 - Manu Lopes}
manulopes.ld.059.jpg,2644534,0649f229,\2024-12\31 - Manu Lopes\,{BRZ97~2024-12~2X0RMSVU~31 - Manu Lopes}
manulopes.ld.060.jpg,2209707,978078d4,\2024-12\31 - Manu Lopes\,{BRZ97~2024-12~2X0RMSVU~31 - Manu Lopes}
manulopes.ld.061.jpg,2637429,12f15d79,\2024-12\31 - Manu Lopes\,{BRZ97~2024-12~2X0RMSVU~31 - Manu Lopes}
manulopes.ld.062.jpg,2504582,26c93f68,\2024-12\31 - Manu Lopes\,{BRZ97~2024-12~2X0RMSVU~31 - Manu Lopes}
manulopes.ld.063.jpg,2451005,0101a7ec,\2024-12\31 - Manu Lopes\,{BRZ97~2024-12~2X0RMSVU~31 - Manu Lopes}
manulopes.ld.064.jpg,2320117,82130893,\2024-12\31 - Manu Lopes\,{BRZ97~2024-12~2X0RMSVU~31 - Manu Lopes}
manulopes.ld.065.jpg,2319592,739fd3f2,\2024-12\31 - Manu Lopes\,{BRZ97~2024-12~2X0RMSVU~31 - Manu Lopes}
manulopes.ld.066.jpg,1965657,d37e49c6,\2024-12\31 - Manu Lopes\,{BRZ97~2024-12~2X0RMSVU~31 - Manu Lopes}
manulopes.ld.067.jpg,2176696,3344d5df,\2024-12\31 - Manu Lopes\,{BRZ97~2024-12~2X0RMSVU~31 - Manu Lopes}
manulopes.ld.068.jpg,2521831,2a7823b5,\2024-12\31 - Manu Lopes\,{BRZ97~2024-12~2X0RMSVU~31 - Manu Lopes}
manulopes.ld.069.jpg,2403907,0cd5c722,\2024-12\31 - Manu Lopes\,{BRZ97~2024-12~2X0RMSVU~31 - Manu Lopes}
manulopes.ld.070.jpg,2203985,1b48313f,\2024-12\31 - Manu Lopes\,{BRZ97~2024-12~2X0RMSVU~31 - Manu Lopes}
manulopes.ld.071.jpg,2318066,7ca76f72,\2024-12\31 - Manu Lopes\,{BRZ97~2024-12~2X0RMSVU~31 - Manu Lopes}
manulopes.ld.072.jpg,2404834,9cd2b660,\2024-12\31 - Manu Lopes\,{BRZ97~2024-12~2X0RMSVU~31 - Manu Lopes}
manulopes.ld.073.jpg,2111264,41f2bff7,\2024-12\31 - Manu Lopes\,{BRZ97~2024-12~2X0RMSVU~31 - Manu Lopes}
manulopes.ld.074.jpg,2342162,5222f332,\2024-12\31 - Manu Lopes\,{BRZ97~2024-12~2X0RMSVU~31 - Manu Lopes}
manulopes.ld.075.jpg,2087491,23e23292,\2024-12\31 - Manu Lopes\,{BRZ97~2024-12~2X0RMSVU~31 - Manu Lopes}
manulopes.ld.076.jpg,2383308,a78d788e,\2024-12\31 - Manu Lopes\,{BRZ97~2024-12~2X0RMSVU~31 - Manu Lopes}
manulopes.ld.077.jpg,2450446,0862a545,\2024-12\31 - Manu Lopes\,{BRZ97~2024-12~2X0RMSVU~31 - Manu Lopes}
manulopes.ld.078.jpg,2658959,ceabdbd8,\2024-12\31 - Manu Lopes\,{BRZ97~2024-12~2X0RMSVU~31 - Manu Lopes}
manulopes.ld.079.jpg,2155179,f4c9e0f9,\2024-12\31 - Manu Lopes\,{BRZ97~2024-12~2X0RMSVU~31 - Manu Lopes}
manulopes.ld.080.jpg,2268943,7e5ede32,\2024-12\31 - Manu Lopes\,{BRZ97~2024-12~2X0RMSVU~31 - Manu Lopes}
manulopes.ld.081.jpg,2376419,18006f78,\2024-12\31 - Manu Lopes\,{BRZ97~2024-12~2X0RMSVU~31 - Manu Lopes}
manulopes.ld.082.jpg,3409341,34c2ffed,\2024-12\31 - Manu Lopes\,{BRZ97~2024-12~2X0RMSVU~31 - Manu Lopes}
manulopes.ld.083.jpg,2424008,f43f5983,\2024-12\31 - Manu Lopes\,{BRZ97~2024-12~2X0RMSVU~31 - Manu Lopes}
manulopes.ld.084.jpg,2517008,6e4fe3c6,\2024-12\31 - Manu Lopes\,{BRZ97~2024-12~2X0RMSVU~31 - Manu Lopes}
manulopes.ld.085.jpg,2398632,85f7bb3d,\2024-12\31 - Manu Lopes\,{BRZ97~2024-12~2X0RMSVU~31 - Manu Lopes}
manulopes.ld.086.jpg,2431543,bee6bf81,\2024-12\31 - Manu Lopes\,{BRZ97~2024-12~2X0RMSVU~31 - Manu Lopes}
manulopes.ld.087.jpg,2296707,d9b24bd1,\2024-12\31 - Manu Lopes\,{BRZ97~2024-12~2X0RMSVU~31 - Manu Lopes}
manulopes.ld.088.jpg,2384782,07d69d8b,\2024-12\31 - Manu Lopes\,{BRZ97~2024-12~2X0RMSVU~31 - Manu Lopes}
manulopes.ld.089.jpg,2610335,bb616413,\2024-12\31 - Manu Lopes\,{BRZ97~2024-12~2X0RMSVU~31 - Manu Lopes}
manulopes.ld.090.jpg,2610293,f9acf8c4,\2024-12\31 - Manu Lopes\,{BRZ97~2024-12~2X0RMSVU~31 - Manu Lopes}
manulopes.ld.091.jpg,2389353,80c9d6c7,\2024-12\31 - Manu Lopes\,{BRZ97~2024-12~2X0RMSVU~31 - Manu Lopes}
manulopes.ld.092.jpg,2526787,440a0ddb,\2024-12\31 - Manu Lopes\,{BRZ97~2024-12~2X0RMSVU~31 - Manu Lopes}
manulopes.ld.093.jpg,2609785,56b049d6,\2024-12\31 - Manu Lopes\,{BRZ97~2024-12~2X0RMSVU~31 - Manu Lopes}
manulopes.ld.094.jpg,2109011,a4322552,\2024-12\31 - Manu Lopes\,{BRZ97~2024-12~2X0RMSVU~31 - Manu Lopes}
manulopes.ld.095.jpg,2523506,7958e54f,\2024-12\31 - Manu Lopes\,{BRZ97~2024-12~2X0RMSVU~31 - Manu Lopes}
manulopes.ld.096.jpg,1972257,549bb1ec,\2024-12\31 - Manu Lopes\,{BRZ97~2024-12~2X0RMSVU~31 - Manu Lopes}
manulopes.ld.097.jpg,2402128,ddc5764c,\2024-12\31 - Manu Lopes\,{BRZ97~2024-12~2X0RMSVU~31 - Manu Lopes}
manulopes.ld.098.jpg,2782991,53a42dbe,\2024-12\31 - Manu Lopes\,{BRZ97~2024-12~2X0RMSVU~31 - Manu Lopes}
manulopes.ld.099.jpg,2660576,58826e28,\2024-12\31 - Manu Lopes\,{BRZ97~2024-12~2X0RMSVU~31 - Manu Lopes}
manulopes.ld.100.jpg,2520002,cbe56825,\2024-12\31 - Manu Lopes\,{BRZ97~2024-12~2X0RMSVU~31 - Manu Lopes}
manulopes.ld.101.jpg,2658415,14593def,\2024-12\31 - Manu Lopes\,{BRZ97~2024-12~2X0RMSVU~31 - Manu Lopes}
manulopes.ld.102.jpg,2642642,b14d779a,\2024-12\31 - Manu Lopes\,{BRZ97~2024-12~2X0RMSVU~31 - Manu Lopes}
manulopes.ld.103.jpg,2575643,c70edb1d,\2024-12\31 - Manu Lopes\,{BRZ97~2024-12~2X0RMSVU~31 - Manu Lopes}
manulopes.ld.104.jpg,2409294,a03c2411,\2024-12\31 - Manu Lopes\,{BRZ97~2024-12~2X0RMSVU~31 - Manu Lopes}
manulopes.ld.105.jpg,2533121,e60d1e64,\2024-12\31 - Manu Lopes\,{BRZ97~2024-12~2X0RMSVU~31 - Manu Lopes}
manulopes.ld.106.jpg,3211388,d4f9a832,\2024-12\31 - Manu Lopes\,{BRZ97~2024-12~2X0RMSVU~31 - Manu Lopes}
manulopes.ld.107.jpg,2764764,c48a9f58,\2024-12\31 - Manu Lopes\,{BRZ97~2024-12~2X0RMSVU~31 - Manu Lopes}
manulopes.ld.108.jpg,2547280,08490441,\2024-12\31 - Manu Lopes\,{BRZ97~2024-12~2X0RMSVU~31 - Manu Lopes}
manulopes.ld.109.jpg,2589806,7f8f8007,\2024-12\31 - Manu Lopes\,{BRZ97~2024-12~2X0RMSVU~31 - Manu Lopes}
manulopes.ld.110.jpg,2555183,8c9ad44c,\2024-12\31 - Manu Lopes\,{BRZ97~2024-12~2X0RMSVU~31 - Manu Lopes}
manulopes.ld.111.jpg,2493025,deeb41e2,\2024-12\31 - Manu Lopes\,{BRZ97~2024-12~2X0RMSVU~31 - Manu Lopes}
manulopes.ld.112.jpg,2547924,550b2aa9,\2024-12\31 - Manu Lopes\,{BRZ97~2024-12~2X0RMSVU~31 - Manu Lopes}
manulopes.ld.113.jpg,2565186,5f615c7f,\2024-12\31 - Manu Lopes\,{BRZ97~2024-12~2X0RMSVU~31 - Manu Lopes}
manulopes.ld.114.jpg,2510731,332c7bb1,\2024-12\31 - Manu Lopes\,{BRZ97~2024-12~2X0RMSVU~31 - Manu Lopes}
manulopes.ld.115.jpg,2091070,b11677a2,\2024-12\31 - Manu Lopes\,{BRZ97~2024-12~2X0RMSVU~31 - Manu Lopes}
manulopes.ld.116.jpg,2689255,1c530567,\2024-12\31 - Manu Lopes\,{BRZ97~2024-12~2X0RMSVU~31 - Manu Lopes}
manulopes.ld.117.jpg,2240219,b9ec0c12,\2024-12\31 - Manu Lopes\,{BRZ97~2024-12~2X0RMSVU~31 - Manu Lopes}
manulopes.ld.118.jpg,2154629,9b943aa8,\2024-12\31 - Manu Lopes\,{BRZ97~2024-12~2X0RMSVU~31 - Manu Lopes}
manulopes.ld.119.jpg,2604710,445d22f0,\2024-12\31 - Manu Lopes\,{BRZ97~2024-12~2X0RMSVU~31 - Manu Lopes}
manulopes.ld.120.jpg,2610744,5a9a3bd2,\2024-12\31 - Manu Lopes\,{BRZ97~2024-12~2X0RMSVU~31 - Manu Lopes}
manulopes.ld.121.jpg,2076914,43fa4f74,\2024-12\31 - Manu Lopes\,{BRZ97~2024-12~2X0RMSVU~31 - Manu Lopes}
manulopes.ld.122.jpg,2138861,d19021ff,\2024-12\31 - Manu Lopes\,{BRZ97~2024-12~2X0RMSVU~31 - Manu Lopes}
manulopes.ld.123.jpg,2554192,89d7fe03,\2024-12\31 - Manu Lopes\,{BRZ97~2024-12~2X0RMSVU~31 - Manu Lopes}
manulopes.ld.124.jpg,2498305,1f43ef86,\2024-12\31 - Manu Lopes\,{BRZ97~2024-12~2X0RMSVU~31 - Manu Lopes}
manulopes.ld.125.jpg,2566427,c6f0ddf5,\2024-12\31 - Manu Lopes\,{BRZ97~2024-12~2X0RMSVU~31 - Manu Lopes}
manulopes.ld.126.jpg,2420613,51ff061a,\2024-12\31 - Manu Lopes\,{BRZ97~2024-12~2X0RMSVU~31 - Manu Lopes}
manulopes.ld.127.jpg,2149374,f0d1f89f,\2024-12\31 - Manu Lopes\,{BRZ97~2024-12~2X0RMSVU~31 - Manu Lopes}
manulopes.ld.128.jpg,2773246,517d80a7,\2024-12\31 - Manu Lopes\,{BRZ97~2024-12~2X0RMSVU~31 - Manu Lopes}
manulopes.ld.129.jpg,2721470,a594a19b,\2024-12\31 - Manu Lopes\,{BRZ97~2024-12~2X0RMSVU~31 - Manu Lopes}
manulopes.ld.130.jpg,2207277,18918a4c,\2024-12\31 - Manu Lopes\,{BRZ97~2024-12~2X0RMSVU~31 - Manu Lopes}
manulopes.ld.131.jpg,2278961,e33f8c4d,\2024-12\31 - Manu Lopes\,{BRZ97~2024-12~2X0RMSVU~31 - Manu Lopes}
manulopes.ld.132.jpg,2347574,425af7a8,\2024-12\31 - Manu Lopes\,{BRZ97~2024-12~2X0RMSVU~31 - Manu Lopes}
manulopes.ld.133.jpg,2459791,30032e4a,\2024-12\31 - Manu Lopes\,{BRZ97~2024-12~2X0RMSVU~31 - Manu Lopes}
manulopes.ld.134.jpg,2299211,f3c06224,\2024-12\31 - Manu Lopes\,{BRZ97~2024-12~2X0RMSVU~31 - Manu Lopes}
manulopes.ld.135.jpg,2317563,72bc03fa,\2024-12\31 - Manu Lopes\,{BRZ97~2024-12~2X0RMSVU~31 - Manu Lopes}
manulopes.ld.136.jpg,2270267,91c95574,\2024-12\31 - Manu Lopes\,{BRZ97~2024-12~2X0RMSVU~31 - Manu Lopes}
manulopes.ld.137.jpg,2477838,e5532ab3,\2024-12\31 - Manu Lopes\,{BRZ97~2024-12~2X0RMSVU~31 - Manu Lopes}
manulopes.ld.138.jpg,2693451,bf3187c1,\2024-12\31 - Manu Lopes\,{BRZ97~2024-12~2X0RMSVU~31 - Manu Lopes}
manulopes.ld.139.jpg,2187693,cdd82369,\2024-12\31 - Manu Lopes\,{BRZ97~2024-12~2X0RMSVU~31 - Manu Lopes}
manulopes.ld.140.jpg,2440380,5e917a08,\2024-12\31 - Manu Lopes\,{BRZ97~2024-12~2X0RMSVU~31 - Manu Lopes}
manulopes.ld.141.jpg,2301300,8d539ae7,\2024-12\31 - Manu Lopes\,{BRZ97~2024-12~2X0RMSVU~31 - Manu Lopes}
manulopes.ld.142.jpg,2299771,5abe2b45,\2024-12\31 - Manu Lopes\,{BRZ97~2024-12~2X0RMSVU~31 - Manu Lopes}
manulopes.ld.143.jpg,2290920,8b2248c1,\2024-12\31 - Manu Lopes\,{BRZ97~2024-12~2X0RMSVU~31 - Manu Lopes}
manulopes.ld.144.jpg,2086135,7813c3a3,\2024-12\31 - Manu Lopes\,{BRZ97~2024-12~2X0RMSVU~31 - Manu Lopes}
manulopes.ld.145.jpg,1919659,1dcc1065,\2024-12\31 - Manu Lopes\,{BRZ97~2024-12~2X0RMSVU~31 - Manu Lopes}
manulopes.ld.146.jpg,1975976,5d17032b,\2024-12\31 - Manu Lopes\,{BRZ97~2024-12~2X0RMSVU~31 - Manu Lopes}
manulopes.ld.147.jpg,2303444,b109f26d,\2024-12\31 - Manu Lopes\,{BRZ97~2024-12~2X0RMSVU~31 - Manu Lopes}
manulopes.ld.148.jpg,1867958,200136c4,\2024-12\31 - Manu Lopes\,{BRZ97~2024-12~2X0RMSVU~31 - Manu Lopes}
manulopes.ld.149.jpg,3675346,60956b5d,\2024-12\31 - Manu Lopes\,{BRZ97~2024-12~2X0RMSVU~31 - Manu Lopes}
manulopes.ld.150.jpg,2261744,ccf71da9,\2024-12\31 - Manu Lopes\,{BRZ97~2024-12~2X0RMSVU~31 - Manu Lopes}
manulopes.ld.151.jpg,2155724,acdd4337,\2024-12\31 - Manu Lopes\,{BRZ97~2024-12~2X0RMSVU~31 - Manu Lopes}
manulopes.ld.152.jpg,2168749,653bc925,\2024-12\31 - Manu Lopes\,{BRZ97~2024-12~2X0RMSVU~31 - Manu Lopes}
manulopes.ld.153.jpg,2182316,37c313bb,\2024-12\31 - Manu Lopes\,{BRZ97~2024-12~2X0RMSVU~31 - Manu Lopes}
manulopes.ld.154.jpg,2318810,b80908cc,\2024-12\31 - Manu Lopes\,{BRZ97~2024-12~2X0RMSVU~31 - Manu Lopes}
manulopes.ld.155.jpg,2256817,942c5287,\2024-12\31 - Manu Lopes\,{BRZ97~2024-12~2X0RMSVU~31 - Manu Lopes}
manulopes.ld.156.jpg,2195112,d293fc0a,\2024-12\31 - Manu Lopes\,{BRZ97~2024-12~2X0RMSVU~31 - Manu Lopes}
manulopes.ld.157.jpg,2356547,fd7f362b,\2024-12\31 - Manu Lopes\,{BRZ97~2024-12~2X0RMSVU~31 - Manu Lopes}
manulopes.ld.158.jpg,2363644,7d03ff7b,\2024-12\31 - Manu Lopes\,{BRZ97~2024-12~2X0RMSVU~31 - Manu Lopes}
manulopes.ld.159.jpg,2253253,93b49574,\2024-12\31 - Manu Lopes\,{BRZ97~2024-12~2X0RMSVU~31 - Manu Lopes}
manulopes.ld.160.jpg,2147324,873a63ea,\2024-12\31 - Manu Lopes\,{BRZ97~2024-12~2X0RMSVU~31 - Manu Lopes}
manulopes.ld.161.jpg,2543993,1b88f437,\2024-12\31 - Manu Lopes\,{BRZ97~2024-12~2X0RMSVU~31 - Manu Lopes}
manulopes.ld.162.jpg,2365367,3df06152,\2024-12\31 - Manu Lopes\,{BRZ97~2024-12~2X0RMSVU~31 - Manu Lopes}
milenaalves.ld.001.jpg,2372531,08c41221,\2025-01\02 - Milena Allves\,{BRZ97~2025-01~2X0RS5VP~02 - Milena Allves}
milenaalves.ld.002.jpg,2133956,3e0c9575,\2025-01\02 - Milena Allves\,{BRZ97~2025-01~2X0RS5VP~02 - Milena Allves}
milenaalves.ld.003.jpg,2740304,51c833c9,\2025-01\02 - Milena Allves\,{BRZ97~2025-01~2X0RS5VP~02 - Milena Allves}
milenaalves.ld.004.jpg,2694475,0238b162,\2025-01\02 - Milena Allves\,{BRZ97~2025-01~2X0RS5VP~02 - Milena Allves}
milenaalves.ld.005.jpg,2168449,d54df312,\2025-01\02 - Milena Allves\,{BRZ97~2025-01~2X0RS5VP~02 - Milena Allves}
milenaalves.ld.006.jpg,2459217,d5e0c1b0,\2025-01\02 - Milena Allves\,{BRZ97~2025-01~2X0RS5VP~02 - Milena Allves}
milenaalves.ld.007.jpg,1862413,dfd66b9f,\2025-01\02 - Milena Allves\,{BRZ97~2025-01~2X0RS5VP~02 - Milena Allves}
milenaalves.ld.008.jpg,2301179,f6cf68dd,\2025-01\02 - Milena Allves\,{BRZ97~2025-01~2X0RS5VP~02 - Milena Allves}
milenaalves.ld.009.jpg,2716614,0744df50,\2025-01\02 - Milena Allves\,{BRZ97~2025-01~2X0RS5VP~02 - Milena Allves}
milenaalves.ld.010.jpg,3182411,7bcc8f76,\2025-01\02 - Milena Allves\,{BRZ97~2025-01~2X0RS5VP~02 - Milena Allves}
milenaalves.ld.011.jpg,2376051,45f1114f,\2025-01\02 - Milena Allves\,{BRZ97~2025-01~2X0RS5VP~02 - Milena Allves}
milenaalves.ld.012.jpg,2300862,29ed16b3,\2025-01\02 - Milena Allves\,{BRZ97~2025-01~2X0RS5VP~02 - Milena Allves}
milenaalves.ld.013.jpg,2219902,a191708c,\2025-01\02 - Milena Allves\,{BRZ97~2025-01~2X0RS5VP~02 - Milena Allves}
milenaalves.ld.014.jpg,2469909,25827a1b,\2025-01\02 - Milena Allves\,{BRZ97~2025-01~2X0RS5VP~02 - Milena Allves}
milenaalves.ld.015.jpg,2360183,e21660ab,\2025-01\02 - Milena Allves\,{BRZ97~2025-01~2X0RS5VP~02 - Milena Allves}
milenaalves.ld.016.jpg,2217129,91abe1cf,\2025-01\02 - Milena Allves\,{BRZ97~2025-01~2X0RS5VP~02 - Milena Allves}
milenaalves.ld.017.jpg,2181789,072dd2fb,\2025-01\02 - Milena Allves\,{BRZ97~2025-01~2X0RS5VP~02 - Milena Allves}
milenaalves.ld.018.jpg,3064423,222fd35a,\2025-01\02 - Milena Allves\,{BRZ97~2025-01~2X0RS5VP~02 - Milena Allves}
milenaalves.ld.019.jpg,2342769,382f8fce,\2025-01\02 - Milena Allves\,{BRZ97~2025-01~2X0RS5VP~02 - Milena Allves}
milenaalves.ld.020.jpg,3073424,bb838d79,\2025-01\02 - Milena Allves\,{BRZ97~2025-01~2X0RS5VP~02 - Milena Allves}
milenaalves.ld.021.jpg,2959958,9a9b7d8f,\2025-01\02 - Milena Allves\,{BRZ97~2025-01~2X0RS5VP~02 - Milena Allves}
milenaalves.ld.022.jpg,2982117,0fbf9371,\2025-01\02 - Milena Allves\,{BRZ97~2025-01~2X0RS5VP~02 - Milena Allves}
milenaalves.ld.023.jpg,2863125,e2998e11,\2025-01\02 - Milena Allves\,{BRZ97~2025-01~2X0RS5VP~02 - Milena Allves}
milenaalves.ld.024.jpg,3300546,0583366f,\2025-01\02 - Milena Allves\,{BRZ97~2025-01~2X0RS5VP~02 - Milena Allves}
milenaalves.ld.025.jpg,2385031,8a5fb591,\2025-01\02 - Milena Allves\,{BRZ97~2025-01~2X0RS5VP~02 - Milena Allves}
milenaalves.ld.026.jpg,2168292,18cda43c,\2025-01\02 - Milena Allves\,{BRZ97~2025-01~2X0RS5VP~02 - Milena Allves}
milenaalves.ld.027.jpg,2788890,5f5031cf,\2025-01\02 - Milena Allves\,{BRZ97~2025-01~2X0RS5VP~02 - Milena Allves}
milenaalves.ld.028.jpg,2192221,22a4bbce,\2025-01\02 - Milena Allves\,{BRZ97~2025-01~2X0RS5VP~02 - Milena Allves}
milenaalves.ld.029.jpg,2225290,ff89f8af,\2025-01\02 - Milena Allves\,{BRZ97~2025-01~2X0RS5VP~02 - Milena Allves}
milenaalves.ld.030.jpg,2242415,8b10bc5a,\2025-01\02 - Milena Allves\,{BRZ97~2025-01~2X0RS5VP~02 - Milena Allves}
milenaalves.ld.031.jpg,2411901,388a102e,\2025-01\02 - Milena Allves\,{BRZ97~2025-01~2X0RS5VP~02 - Milena Allves}
milenaalves.ld.032.jpg,2212566,363d3655,\2025-01\02 - Milena Allves\,{BRZ97~2025-01~2X0RS5VP~02 - Milena Allves}
milenaalves.ld.033.jpg,3303748,091ac820,\2025-01\02 - Milena Allves\,{BRZ97~2025-01~2X0RS5VP~02 - Milena Allves}
milenaalves.ld.034.jpg,3012016,5fc1e731,\2025-01\02 - Milena Allves\,{BRZ97~2025-01~2X0RS5VP~02 - Milena Allves}
milenaalves.ld.035.jpg,2965182,2e8b01d4,\2025-01\02 - Milena Allves\,{BRZ97~2025-01~2X0RS5VP~02 - Milena Allves}
milenaalves.ld.036.jpg,3424721,ed1a4dc7,\2025-01\02 - Milena Allves\,{BRZ97~2025-01~2X0RS5VP~02 - Milena Allves}
milenaalves.ld.037.jpg,3659432,0ce42843,\2025-01\02 - Milena Allves\,{BRZ97~2025-01~2X0RS5VP~02 - Milena Allves}
milenaalves.ld.038.jpg,2743392,7bb47b18,\2025-01\02 - Milena Allves\,{BRZ97~2025-01~2X0RS5VP~02 - Milena Allves}
milenaalves.ld.039.jpg,3026475,21657bc4,\2025-01\02 - Milena Allves\,{BRZ97~2025-01~2X0RS5VP~02 - Milena Allves}
milenaalves.ld.040.jpg,2625384,577ad29e,\2025-01\02 - Milena Allves\,{BRZ97~2025-01~2X0RS5VP~02 - Milena Allves}
milenaalves.ld.041.jpg,2352227,94265fd0,\2025-01\02 - Milena Allves\,{BRZ97~2025-01~2X0RS5VP~02 - Milena Allves}
milenaalves.ld.042.jpg,3413725,b55d0255,\2025-01\02 - Milena Allves\,{BRZ97~2025-01~2X0RS5VP~02 - Milena Allves}
milenaalves.ld.043.jpg,2524356,77271752,\2025-01\02 - Milena Allves\,{BRZ97~2025-01~2X0RS5VP~02 - Milena Allves}
milenaalves.ld.044.jpg,2764835,acddb1fc,\2025-01\02 - Milena Allves\,{BRZ97~2025-01~2X0RS5VP~02 - Milena Allves}
milenaalves.ld.045.jpg,2443734,5a9048f0,\2025-01\02 - Milena Allves\,{BRZ97~2025-01~2X0RS5VP~02 - Milena Allves}
milenaalves.ld.046.jpg,2426633,cf4757d8,\2025-01\02 - Milena Allves\,{BRZ97~2025-01~2X0RS5VP~02 - Milena Allves}
milenaalves.ld.047.jpg,2556232,6aa1e82e,\2025-01\02 - Milena Allves\,{BRZ97~2025-01~2X0RS5VP~02 - Milena Allves}
milenaalves.ld.048.jpg,2656720,3da63a1f,\2025-01\02 - Milena Allves\,{BRZ97~2025-01~2X0RS5VP~02 - Milena Allves}
milenaalves.ld.049.jpg,2760546,e2b15cf2,\2025-01\02 - Milena Allves\,{BRZ97~2025-01~2X0RS5VP~02 - Milena Allves}
milenaalves.ld.050.jpg,3483598,853bec71,\2025-01\02 - Milena Allves\,{BRZ97~2025-01~2X0RS5VP~02 - Milena Allves}
milenaalves.ld.051.jpg,2732078,735b78e2,\2025-01\02 - Milena Allves\,{BRZ97~2025-01~2X0RS5VP~02 - Milena Allves}
milenaalves.ld.052.jpg,2740149,ae649ea5,\2025-01\02 - Milena Allves\,{BRZ97~2025-01~2X0RS5VP~02 - Milena Allves}
milenaalves.ld.053.jpg,2711984,26bca515,\2025-01\02 - Milena Allves\,{BRZ97~2025-01~2X0RS5VP~02 - Milena Allves}
milenaalves.ld.054.jpg,2965589,3433ebf5,\2025-01\02 - Milena Allves\,{BRZ97~2025-01~2X0RS5VP~02 - Milena Allves}
milenaalves.ld.055.jpg,2998368,1638cbf8,\2025-01\02 - Milena Allves\,{BRZ97~2025-01~2X0RS5VP~02 - Milena Allves}
milenaalves.ld.056.jpg,2869791,304e98d2,\2025-01\02 - Milena Allves\,{BRZ97~2025-01~2X0RS5VP~02 - Milena Allves}
milenaalves.ld.057.jpg,2409744,8a6af463,\2025-01\02 - Milena Allves\,{BRZ97~2025-01~2X0RS5VP~02 - Milena Allves}
milenaalves.ld.058.jpg,2751075,8fab2555,\2025-01\02 - Milena Allves\,{BRZ97~2025-01~2X0RS5VP~02 - Milena Allves}
milenaalves.ld.059.jpg,2315919,adac6193,\2025-01\02 - Milena Allves\,{BRZ97~2025-01~2X0RS5VP~02 - Milena Allves}
milenaalves.ld.060.jpg,2572409,4fff3d22,\2025-01\02 - Milena Allves\,{BRZ97~2025-01~2X0RS5VP~02 - Milena Allves}
milenaalves.ld.061.jpg,2010819,3259604e,\2025-01\02 - Milena Allves\,{BRZ97~2025-01~2X0RS5VP~02 - Milena Allves}
milenaalves.ld.062.jpg,2211047,0c3a7a79,\2025-01\02 - Milena Allves\,{BRZ97~2025-01~2X0RS5VP~02 - Milena Allves}
milenaalves.ld.063.jpg,2395104,2c95996f,\2025-01\02 - Milena Allves\,{BRZ97~2025-01~2X0RS5VP~02 - Milena Allves}
milenaalves.ld.064.jpg,2760988,6b2128ff,\2025-01\02 - Milena Allves\,{BRZ97~2025-01~2X0RS5VP~02 - Milena Allves}
milenaalves.ld.065.jpg,2657133,16b1df86,\2025-01\02 - Milena Allves\,{BRZ97~2025-01~2X0RS5VP~02 - Milena Allves}
milenaalves.ld.066.jpg,2638881,f67437b0,\2025-01\02 - Milena Allves\,{BRZ97~2025-01~2X0RS5VP~02 - Milena Allves}
milenaalves.ld.067.jpg,2233894,6b930981,\2025-01\02 - Milena Allves\,{BRZ97~2025-01~2X0RS5VP~02 - Milena Allves}
milenaalves.ld.068.jpg,1820976,5ff9c208,\2025-01\02 - Milena Allves\,{BRZ97~2025-01~2X0RS5VP~02 - Milena Allves}
milenaalves.ld.069.jpg,2156480,60b325b4,\2025-01\02 - Milena Allves\,{BRZ97~2025-01~2X0RS5VP~02 - Milena Allves}
milenaalves.ld.070.jpg,1575147,cadefd1a,\2025-01\02 - Milena Allves\,{BRZ97~2025-01~2X0RS5VP~02 - Milena Allves}
milenaalves.ld.071.jpg,1817652,5d4e45f1,\2025-01\02 - Milena Allves\,{BRZ97~2025-01~2X0RS5VP~02 - Milena Allves}
milenaalves.ld.072.jpg,2039282,760fec53,\2025-01\02 - Milena Allves\,{BRZ97~2025-01~2X0RS5VP~02 - Milena Allves}
milenaalves.ld.073.jpg,2217954,929f138d,\2025-01\02 - Milena Allves\,{BRZ97~2025-01~2X0RS5VP~02 - Milena Allves}
milenaalves.ld.074.jpg,2375332,2bf4f323,\2025-01\02 - Milena Allves\,{BRZ97~2025-01~2X0RS5VP~02 - Milena Allves}
milenaalves.ld.075.jpg,2220323,17eddd36,\2025-01\02 - Milena Allves\,{BRZ97~2025-01~2X0RS5VP~02 - Milena Allves}
milenaalves.ld.076.jpg,2429393,3f40aece,\2025-01\02 - Milena Allves\,{BRZ97~2025-01~2X0RS5VP~02 - Milena Allves}
milenaalves.ld.077.jpg,2374276,f74984bc,\2025-01\02 - Milena Allves\,{BRZ97~2025-01~2X0RS5VP~02 - Milena Allves}
milenaalves.ld.078.jpg,2303620,9c2d3b00,\2025-01\02 - Milena Allves\,{BRZ97~2025-01~2X0RS5VP~02 - Milena Allves}
milenaalves.ld.079.jpg,2114752,8f565001,\2025-01\02 - Milena Allves\,{BRZ97~2025-01~2X0RS5VP~02 - Milena Allves}
milenaalves.ld.080.jpg,2490696,a7b5fac0,\2025-01\02 - Milena Allves\,{BRZ97~2025-01~2X0RS5VP~02 - Milena Allves}
milenaalves.ld.081.jpg,1705199,e68944b3,\2025-01\02 - Milena Allves\,{BRZ97~2025-01~2X0RS5VP~02 - Milena Allves}
milenaalves.ld.082.jpg,2233954,160050de,\2025-01\02 - Milena Allves\,{BRZ97~2025-01~2X0RS5VP~02 - Milena Allves}
milenaalves.ld.083.jpg,2519681,8f6543ab,\2025-01\02 - Milena Allves\,{BRZ97~2025-01~2X0RS5VP~02 - Milena Allves}
milenaalves.ld.084.jpg,2212763,43a4cb3b,\2025-01\02 - Milena Allves\,{BRZ97~2025-01~2X0RS5VP~02 - Milena Allves}
milenaalves.ld.085.jpg,2579402,d6570412,\2025-01\02 - Milena Allves\,{BRZ97~2025-01~2X0RS5VP~02 - Milena Allves}
milenaalves.ld.086.jpg,2025793,a09f64bb,\2025-01\02 - Milena Allves\,{BRZ97~2025-01~2X0RS5VP~02 - Milena Allves}
milenaalves.ld.087.jpg,2084973,7aa2d086,\2025-01\02 - Milena Allves\,{BRZ97~2025-01~2X0RS5VP~02 - Milena Allves}
milenaalves.ld.088.jpg,2132103,d2318357,\2025-01\02 - Milena Allves\,{BRZ97~2025-01~2X0RS5VP~02 - Milena Allves}
milenaalves.ld.089.jpg,2041937,6689dd54,\2025-01\02 - Milena Allves\,{BRZ97~2025-01~2X0RS5VP~02 - Milena Allves}
milenaalves.ld.090.jpg,2230526,b2428810,\2025-01\02 - Milena Allves\,{BRZ97~2025-01~2X0RS5VP~02 - Milena Allves}
milenaalves.ld.091.jpg,2362520,9eace6a6,\2025-01\02 - Milena Allves\,{BRZ97~2025-01~2X0RS5VP~02 - Milena Allves}
milenaalves.ld.092.jpg,2151394,fcbff47d,\2025-01\02 - Milena Allves\,{BRZ97~2025-01~2X0RS5VP~02 - Milena Allves}
milenaalves.ld.093.jpg,1945972,6155e8b3,\2025-01\02 - Milena Allves\,{BRZ97~2025-01~2X0RS5VP~02 - Milena Allves}
milenaalves.ld.094.jpg,2039154,74582b74,\2025-01\02 - Milena Allves\,{BRZ97~2025-01~2X0RS5VP~02 - Milena Allves}
milenaalves.ld.095.jpg,2155367,f1fdb43a,\2025-01\02 - Milena Allves\,{BRZ97~2025-01~2X0RS5VP~02 - Milena Allves}
milenaalves.ld.096.jpg,2050757,e3bb2e44,\2025-01\02 - Milena Allves\,{BRZ97~2025-01~2X0RS5VP~02 - Milena Allves}
milenaalves.ld.097.jpg,1975608,8966361b,\2025-01\02 - Milena Allves\,{BRZ97~2025-01~2X0RS5VP~02 - Milena Allves}
milenaalves.ld.098.jpg,2205641,14f38515,\2025-01\02 - Milena Allves\,{BRZ97~2025-01~2X0RS5VP~02 - Milena Allves}
milenaalves.ld.099.jpg,1808945,1942cb09,\2025-01\02 - Milena Allves\,{BRZ97~2025-01~2X0RS5VP~02 - Milena Allves}
milenaalves.ld.100.jpg,1990422,0f61f030,\2025-01\02 - Milena Allves\,{BRZ97~2025-01~2X0RS5VP~02 - Milena Allves}
milenaalves.ld.101.jpg,2062901,3ffa748d,\2025-01\02 - Milena Allves\,{BRZ97~2025-01~2X0RS5VP~02 - Milena Allves}
milenaalves.ld.102.jpg,2416271,79e57cb1,\2025-01\02 - Milena Allves\,{BRZ97~2025-01~2X0RS5VP~02 - Milena Allves}
milenaalves.ld.103.jpg,2379510,f3f43f95,\2025-01\02 - Milena Allves\,{BRZ97~2025-01~2X0RS5VP~02 - Milena Allves}
milenaalves.ld.104.jpg,2393264,8a393dea,\2025-01\02 - Milena Allves\,{BRZ97~2025-01~2X0RS5VP~02 - Milena Allves}
milenaalves.ld.105.jpg,2669724,fc56d656,\2025-01\02 - Milena Allves\,{BRZ97~2025-01~2X0RS5VP~02 - Milena Allves}
milenaalves.ld.106.jpg,2657828,eca75113,\2025-01\02 - Milena Allves\,{BRZ97~2025-01~2X0RS5VP~02 - Milena Allves}
milenaalves.ld.107.jpg,2475051,430d43a0,\2025-01\02 - Milena Allves\,{BRZ97~2025-01~2X0RS5VP~02 - Milena Allves}
milenaalves.ld.108.jpg,2567551,dbca0344,\2025-01\02 - Milena Allves\,{BRZ97~2025-01~2X0RS5VP~02 - Milena Allves}
milenaalves.ld.109.jpg,2460566,a731ef83,\2025-01\02 - Milena Allves\,{BRZ97~2025-01~2X0RS5VP~02 - Milena Allves}
milenaalves.ld.110.jpg,2211969,768d8d43,\2025-01\02 - Milena Allves\,{BRZ97~2025-01~2X0RS5VP~02 - Milena Allves}
milenaalves.ld.111.jpg,2109992,1ff48b75,\2025-01\02 - Milena Allves\,{BRZ97~2025-01~2X0RS5VP~02 - Milena Allves}
milenaalves.ld.112.jpg,2582157,60127661,\2025-01\02 - Milena Allves\,{BRZ97~2025-01~2X0RS5VP~02 - Milena Allves}
milenaalves.ld.113.jpg,2212430,8d15b120,\2025-01\02 - Milena Allves\,{BRZ97~2025-01~2X0RS5VP~02 - Milena Allves}
milenaalves.ld.114.jpg,2412074,3b6582bc,\2025-01\02 - Milena Allves\,{BRZ97~2025-01~2X0RS5VP~02 - Milena Allves}
milenaalves.ld.115.jpg,2810375,9db50e80,\2025-01\02 - Milena Allves\,{BRZ97~2025-01~2X0RS5VP~02 - Milena Allves}
milenaalves.ld.116.jpg,2569959,05bc33cb,\2025-01\02 - Milena Allves\,{BRZ97~2025-01~2X0RS5VP~02 - Milena Allves}
milenaalves.ld.117.jpg,2436705,5aaa81d7,\2025-01\02 - Milena Allves\,{BRZ97~2025-01~2X0RS5VP~02 - Milena Allves}
milenaalves.ld.118.jpg,2428343,a7f5a727,\2025-01\02 - Milena Allves\,{BRZ97~2025-01~2X0RS5VP~02 - Milena Allves}
milenaalves.ld.119.jpg,2086322,20caf939,\2025-01\02 - Milena Allves\,{BRZ97~2025-01~2X0RS5VP~02 - Milena Allves}
milenaalves.ld.120.jpg,2099843,cf82f4cc,\2025-01\02 - Milena Allves\,{BRZ97~2025-01~2X0RS5VP~02 - Milena Allves}
milenaalves.ld.121.jpg,2962781,c2a139d1,\2025-01\02 - Milena Allves\,{BRZ97~2025-01~2X0RS5VP~02 - Milena Allves}
milenaalves.ld.122.jpg,3032743,46c8c7c9,\2025-01\02 - Milena Allves\,{BRZ97~2025-01~2X0RS5VP~02 - Milena Allves}
milenaalves.ld.123.jpg,2936692,72b0aa2a,\2025-01\02 - Milena Allves\,{BRZ97~2025-01~2X0RS5VP~02 - Milena Allves}
milenaalves.ld.124.jpg,3048835,ecb1c249,\2025-01\02 - Milena Allves\,{BRZ97~2025-01~2X0RS5VP~02 - Milena Allves}
milenaalves.ld.125.jpg,2798937,5fea8c75,\2025-01\02 - Milena Allves\,{BRZ97~2025-01~2X0RS5VP~02 - Milena Allves}
milenaalves.ld.126.jpg,2352705,faa6b1c5,\2025-01\02 - Milena Allves\,{BRZ97~2025-01~2X0RS5VP~02 - Milena Allves}
milenaalves.ld.127.jpg,2383271,fc4702a9,\2025-01\02 - Milena Allves\,{BRZ97~2025-01~2X0RS5VP~02 - Milena Allves}
milenaalves.ld.128.jpg,2560400,711754f2,\2025-01\02 - Milena Allves\,{BRZ97~2025-01~2X0RS5VP~02 - Milena Allves}
milenaalves.ld.129.jpg,2430700,bdf08999,\2025-01\02 - Milena Allves\,{BRZ97~2025-01~2X0RS5VP~02 - Milena Allves}
milenaalves.ld.130.jpg,2205776,cb0bf523,\2025-01\02 - Milena Allves\,{BRZ97~2025-01~2X0RS5VP~02 - Milena Allves}
milenaalves.ld.131.jpg,2158849,50227dd5,\2025-01\02 - Milena Allves\,{BRZ97~2025-01~2X0RS5VP~02 - Milena Allves}
milenaalves.ld.132.jpg,2170313,a8a666ce,\2025-01\02 - Milena Allves\,{BRZ97~2025-01~2X0RS5VP~02 - Milena Allves}
milenaalves.ld.133.jpg,1995811,5c3752e2,\2025-01\02 - Milena Allves\,{BRZ97~2025-01~2X0RS5VP~02 - Milena Allves}
milenaalves.ld.134.jpg,1960212,80db7064,\2025-01\02 - Milena Allves\,{BRZ97~2025-01~2X0RS5VP~02 - Milena Allves}
milenaalves.ld.135.jpg,2117159,2076b417,\2025-01\02 - Milena Allves\,{BRZ97~2025-01~2X0RS5VP~02 - Milena Allves}
milenaalves.ld.136.jpg,1965239,f18ae253,\2025-01\02 - Milena Allves\,{BRZ97~2025-01~2X0RS5VP~02 - Milena Allves}
milenaalves.ld.137.jpg,1961997,49860c8b,\2025-01\02 - Milena Allves\,{BRZ97~2025-01~2X0RS5VP~02 - Milena Allves}
milenaalves.ld.138.jpg,2112414,07bb61f6,\2025-01\02 - Milena Allves\,{BRZ97~2025-01~2X0RS5VP~02 - Milena Allves}
milenaalves.ld.139.jpg,1958699,d111c38f,\2025-01\02 - Milena Allves\,{BRZ97~2025-01~2X0RS5VP~02 - Milena Allves}
milenaalves.ld.140.jpg,2145475,2ae57f54,\2025-01\02 - Milena Allves\,{BRZ97~2025-01~2X0RS5VP~02 - Milena Allves}
milenaalves.ld.141.jpg,1846849,8a2bd4f1,\2025-01\02 - Milena Allves\,{BRZ97~2025-01~2X0RS5VP~02 - Milena Allves}
milenaalves.ld.142.jpg,2352658,52473b51,\2025-01\02 - Milena Allves\,{BRZ97~2025-01~2X0RS5VP~02 - Milena Allves}
milenaalves.ld.143.jpg,1992815,62d54a6b,\2025-01\02 - Milena Allves\,{BRZ97~2025-01~2X0RS5VP~02 - Milena Allves}
milenaalves.ld.144.jpg,1937035,8e23a364,\2025-01\02 - Milena Allves\,{BRZ97~2025-01~2X0RS5VP~02 - Milena Allves}
milenaalves.ld.145.jpg,1981184,650663c0,\2025-01\02 - Milena Allves\,{BRZ97~2025-01~2X0RS5VP~02 - Milena Allves}
milenaalves.ld.146.jpg,2031672,edd8b4f1,\2025-01\02 - Milena Allves\,{BRZ97~2025-01~2X0RS5VP~02 - Milena Allves}
milenaalves.ld.147.jpg,2211339,742e32bd,\2025-01\02 - Milena Allves\,{BRZ97~2025-01~2X0RS5VP~02 - Milena Allves}
milenaalves.ld.148.jpg,2478547,953077b9,\2025-01\02 - Milena Allves\,{BRZ97~2025-01~2X0RS5VP~02 - Milena Allves}
milenaalves.ld.149.jpg,2326856,bc5e4e2b,\2025-01\02 - Milena Allves\,{BRZ97~2025-01~2X0RS5VP~02 - Milena Allves}
milenaalves.ld.150.jpg,2477891,48662467,\2025-01\02 - Milena Allves\,{BRZ97~2025-01~2X0RS5VP~02 - Milena Allves}
milenaalves.ld.151.jpg,2206153,052e6fff,\2025-01\02 - Milena Allves\,{BRZ97~2025-01~2X0RS5VP~02 - Milena Allves}
milenaalves.ld.152.jpg,2607891,7cff6055,\2025-01\02 - Milena Allves\,{BRZ97~2025-01~2X0RS5VP~02 - Milena Allves}
milenaalves.ld.153.jpg,2512598,21fe5f2d,\2025-01\02 - Milena Allves\,{BRZ97~2025-01~2X0RS5VP~02 - Milena Allves}
milenaalves.ld.154.jpg,2292039,472063b8,\2025-01\02 - Milena Allves\,{BRZ97~2025-01~2X0RS5VP~02 - Milena Allves}
milenaalves.ld.155.jpg,2497195,92387c81,\2025-01\02 - Milena Allves\,{BRZ97~2025-01~2X0RS5VP~02 - Milena Allves}
milenaalves.ld.156.jpg,2265545,f3e4fed5,\2025-01\02 - Milena Allves\,{BRZ97~2025-01~2X0RS5VP~02 - Milena Allves}
milenaalves.ld.157.jpg,2298201,d821f734,\2025-01\02 - Milena Allves\,{BRZ97~2025-01~2X0RS5VP~02 - Milena Allves}
milenaalves.ld.158.jpg,2476892,e3e7fff3,\2025-01\02 - Milena Allves\,{BRZ97~2025-01~2X0RS5VP~02 - Milena Allves}
milenaalves.ld.159.jpg,2135655,c4a6b670,\2025-01\02 - Milena Allves\,{BRZ97~2025-01~2X0RS5VP~02 - Milena Allves}
milenaalves.ld.160.jpg,2354280,b62bbdd0,\2025-01\02 - Milena Allves\,{BRZ97~2025-01~2X0RS5VP~02 - Milena Allves}
milenaalves.ld.161.jpg,2229036,eed96c14,\2025-01\02 - Milena Allves\,{BRZ97~2025-01~2X0RS5VP~02 - Milena Allves}
milenaalves.ld.162.jpg,2167931,e7adffed,\2025-01\02 - Milena Allves\,{BRZ97~2025-01~2X0RS5VP~02 - Milena Allves}
milenaalves.ld.163.jpg,2174733,79bbef3f,\2025-01\02 - Milena Allves\,{BRZ97~2025-01~2X0RS5VP~02 - Milena Allves}