mamashroomz2.vs.001.jpg,2267796,9bd4c416,\2023-12\07 - Mama Shroomz\,{CTG10~2023-12~S50R4I05~07 - Mama Shroomz}
mamashroomz2.vs.002.jpg,2153296,ec49e2a8,\2023-12\07 - Mama Shroomz\,{CTG10~2023-12~S50R4I05~07 - Mama Shroomz}
mamashroomz2.vs.003.jpg,2253397,26b71190,\2023-12\07 - Mama Shroomz\,{CTG10~2023-12~S50R4I05~07 - Mama Shroomz}
mamashroomz2.vs.004.jpg,2204364,1142bb8a,\2023-12\07 - Mama Shroomz\,{CTG10~2023-12~S50R4I05~07 - Mama Shroomz}
mamashroomz2.vs.005.jpg,2733759,77a512cb,\2023-12\07 - Mama Shroomz\,{CTG10~2023-12~S50R4I05~07 - Mama Shroomz}
mamashroomz2.vs.006.jpg,2452805,2002e8f6,\2023-12\07 - Mama Shroomz\,{CTG10~2023-12~S50R4I05~07 - Mama Shroomz}
mamashroomz2.vs.007.jpg,2218797,51fd6018,\2023-12\07 - Mama Shroomz\,{CTG10~2023-12~S50R4I05~07 - Mama Shroomz}
mamashroomz2.vs.008.jpg,2338602,086d96fd,\2023-12\07 - Mama Shroomz\,{CTG10~2023-12~S50R4I05~07 - Mama Shroomz}
mamashroomz2.vs.009.jpg,2763365,ad4812d8,\2023-12\07 - Mama Shroomz\,{CTG10~2023-12~S50R4I05~07 - Mama Shroomz}
mamashroomz2.vs.010.jpg,2590291,9c4e2640,\2023-12\07 - Mama Shroomz\,{CTG10~2023-12~S50R4I05~07 - Mama Shroomz}
mamashroomz2.vs.011.jpg,2461043,c2fe02ed,\2023-12\07 - Mama Shroomz\,{CTG10~2023-12~S50R4I05~07 - Mama Shroomz}
mamashroomz2.vs.012.jpg,2309750,384aa723,\2023-12\07 - Mama Shroomz\,{CTG10~2023-12~S50R4I05~07 - Mama Shroomz}
mamashroomz2.vs.013.jpg,2228196,efd3086e,\2023-12\07 - Mama Shroomz\,{CTG10~2023-12~S50R4I05~07 - Mama Shroomz}
mamashroomz2.vs.014.jpg,2169974,0bce5b99,\2023-12\07 - Mama Shroomz\,{CTG10~2023-12~S50R4I05~07 - Mama Shroomz}
mamashroomz2.vs.015.jpg,2429856,df643d1d,\2023-12\07 - Mama Shroomz\,{CTG10~2023-12~S50R4I05~07 - Mama Shroomz}
mamashroomz2.vs.016.jpg,2218273,ef825a57,\2023-12\07 - Mama Shroomz\,{CTG10~2023-12~S50R4I05~07 - Mama Shroomz}
mamashroomz2.vs.017.jpg,2374336,88117b4a,\2023-12\07 - Mama Shroomz\,{CTG10~2023-12~S50R4I05~07 - Mama Shroomz}
mamashroomz2.vs.018.jpg,2547251,3f8d142c,\2023-12\07 - Mama Shroomz\,{CTG10~2023-12~S50R4I05~07 - Mama Shroomz}
mamashroomz2.vs.019.jpg,2414598,d50ec7d6,\2023-12\07 - Mama Shroomz\,{CTG10~2023-12~S50R4I05~07 - Mama Shroomz}
mamashroomz2.vs.020.jpg,2654841,28d11e2b,\2023-12\07 - Mama Shroomz\,{CTG10~2023-12~S50R4I05~07 - Mama Shroomz}
mamashroomz2.vs.021.jpg,2792112,57417f01,\2023-12\07 - Mama Shroomz\,{CTG10~2023-12~S50R4I05~07 - Mama Shroomz}
mamashroomz2.vs.022.jpg,2318106,d19531d3,\2023-12\07 - Mama Shroomz\,{CTG10~2023-12~S50R4I05~07 - Mama Shroomz}
mamashroomz2.vs.023.jpg,2654109,86643c8f,\2023-12\07 - Mama Shroomz\,{CTG10~2023-12~S50R4I05~07 - Mama Shroomz}
mamashroomz2.vs.024.jpg,2651033,b51260fa,\2023-12\07 - Mama Shroomz\,{CTG10~2023-12~S50R4I05~07 - Mama Shroomz}
mamashroomz2.vs.025.jpg,2522424,1544e579,\2023-12\07 - Mama Shroomz\,{CTG10~2023-12~S50R4I05~07 - Mama Shroomz}
mamashroomz2.vs.026.jpg,2583837,f5fe4929,\2023-12\07 - Mama Shroomz\,{CTG10~2023-12~S50R4I05~07 - Mama Shroomz}
mamashroomz2.vs.027.jpg,1943855,0ea60de9,\2023-12\07 - Mama Shroomz\,{CTG10~2023-12~S50R4I05~07 - Mama Shroomz}
mamashroomz2.vs.028.jpg,2614379,a2b2d975,\2023-12\07 - Mama Shroomz\,{CTG10~2023-12~S50R4I05~07 - Mama Shroomz}
mamashroomz2.vs.029.jpg,2233195,b95953e5,\2023-12\07 - Mama Shroomz\,{CTG10~2023-12~S50R4I05~07 - Mama Shroomz}
mamashroomz2.vs.030.jpg,2395908,d45cb3df,\2023-12\07 - Mama Shroomz\,{CTG10~2023-12~S50R4I05~07 - Mama Shroomz}
mamashroomz2.vs.031.jpg,2301350,c21dea6f,\2023-12\07 - Mama Shroomz\,{CTG10~2023-12~S50R4I05~07 - Mama Shroomz}
mamashroomz2.vs.032.jpg,2374929,fc643f76,\2023-12\07 - Mama Shroomz\,{CTG10~2023-12~S50R4I05~07 - Mama Shroomz}
mamashroomz2.vs.033.jpg,2577476,823d8baf,\2023-12\07 - Mama Shroomz\,{CTG10~2023-12~S50R4I05~07 - Mama Shroomz}
mamashroomz2.vs.034.jpg,2313815,a5c71a97,\2023-12\07 - Mama Shroomz\,{CTG10~2023-12~S50R4I05~07 - Mama Shroomz}
mamashroomz2.vs.035.jpg,2323915,039a5afb,\2023-12\07 - Mama Shroomz\,{CTG10~2023-12~S50R4I05~07 - Mama Shroomz}
mamashroomz2.vs.036.jpg,2268314,d7db3aba,\2023-12\07 - Mama Shroomz\,{CTG10~2023-12~S50R4I05~07 - Mama Shroomz}
mamashroomz2.vs.037.jpg,2322668,f5abddb6,\2023-12\07 - Mama Shroomz\,{CTG10~2023-12~S50R4I05~07 - Mama Shroomz}
mamashroomz2.vs.038.jpg,2241547,e5771265,\2023-12\07 - Mama Shroomz\,{CTG10~2023-12~S50R4I05~07 - Mama Shroomz}
mamashroomz2.vs.039.jpg,2023909,dcc13171,\2023-12\07 - Mama Shroomz\,{CTG10~2023-12~S50R4I05~07 - Mama Shroomz}
mamashroomz2.vs.040.jpg,2188448,f5db0809,\2023-12\07 - Mama Shroomz\,{CTG10~2023-12~S50R4I05~07 - Mama Shroomz}
mamashroomz2.vs.041.jpg,2023900,9a87c426,\2023-12\07 - Mama Shroomz\,{CTG10~2023-12~S50R4I05~07 - Mama Shroomz}
mamashroomz2.vs.042.jpg,2405497,4ae7eaa1,\2023-12\07 - Mama Shroomz\,{CTG10~2023-12~S50R4I05~07 - Mama Shroomz}
mamashroomz2.vs.043.jpg,2118054,3b4272fe,\2023-12\07 - Mama Shroomz\,{CTG10~2023-12~S50R4I05~07 - Mama Shroomz}
mamashroomz2.vs.044.jpg,2075101,b6a5afa6,\2023-12\07 - Mama Shroomz\,{CTG10~2023-12~S50R4I05~07 - Mama Shroomz}
mamashroomz2.vs.045.jpg,2147068,98c523a7,\2023-12\07 - Mama Shroomz\,{CTG10~2023-12~S50R4I05~07 - Mama Shroomz}
mamashroomz2.vs.046.jpg,2241552,2302faa1,\2023-12\07 - Mama Shroomz\,{CTG10~2023-12~S50R4I05~07 - Mama Shroomz}
mamashroomz2.vs.047.jpg,2149185,4bb2f4c9,\2023-12\07 - Mama Shroomz\,{CTG10~2023-12~S50R4I05~07 - Mama Shroomz}
mamashroomz2.vs.048.jpg,2317090,a5322bef,\2023-12\07 - Mama Shroomz\,{CTG10~2023-12~S50R4I05~07 - Mama Shroomz}
mamashroomz2.vs.049.jpg,2154287,de26796d,\2023-12\07 - Mama Shroomz\,{CTG10~2023-12~S50R4I05~07 - Mama Shroomz}
mamashroomz2.vs.050.jpg,2253457,7a028369,\2023-12\07 - Mama Shroomz\,{CTG10~2023-12~S50R4I05~07 - Mama Shroomz}
mamashroomz2.vs.051.jpg,2218386,582c6d44,\2023-12\07 - Mama Shroomz\,{CTG10~2023-12~S50R4I05~07 - Mama Shroomz}
mamashroomz2.vs.052.jpg,2394067,68836801,\2023-12\07 - Mama Shroomz\,{CTG10~2023-12~S50R4I05~07 - Mama Shroomz}
mamashroomz2.vs.053.jpg,2380650,aa070871,\2023-12\07 - Mama Shroomz\,{CTG10~2023-12~S50R4I05~07 - Mama Shroomz}
mamashroomz2.vs.054.jpg,2420602,d1e367f1,\2023-12\07 - Mama Shroomz\,{CTG10~2023-12~S50R4I05~07 - Mama Shroomz}
mamashroomz2.vs.055.jpg,2428106,30d22ac3,\2023-12\07 - Mama Shroomz\,{CTG10~2023-12~S50R4I05~07 - Mama Shroomz}
mamashroomz2.vs.056.jpg,2322628,1275a2d1,\2023-12\07 - Mama Shroomz\,{CTG10~2023-12~S50R4I05~07 - Mama Shroomz}
mamashroomz2.vs.057.jpg,2254845,5e99573b,\2023-12\07 - Mama Shroomz\,{CTG10~2023-12~S50R4I05~07 - Mama Shroomz}
mamashroomz2.vs.058.jpg,2301897,d5c32f9f,\2023-12\07 - Mama Shroomz\,{CTG10~2023-12~S50R4I05~07 - Mama Shroomz}
mamashroomz2.vs.059.jpg,2256322,8bbd8c11,\2023-12\07 - Mama Shroomz\,{CTG10~2023-12~S50R4I05~07 - Mama Shroomz}
mamashroomz2.vs.060.jpg,2334690,1d5d5ce6,\2023-12\07 - Mama Shroomz\,{CTG10~2023-12~S50R4I05~07 - Mama Shroomz}
mamashroomz2.vs.061.jpg,2014566,97db6b24,\2023-12\07 - Mama Shroomz\,{CTG10~2023-12~S50R4I05~07 - Mama Shroomz}
mamashroomz2.vs.062.jpg,2210853,c8152092,\2023-12\07 - Mama Shroomz\,{CTG10~2023-12~S50R4I05~07 - Mama Shroomz}
mamashroomz2.vs.063.jpg,1528528,5395ffb1,\2023-12\07 - Mama Shroomz\,{CTG10~2023-12~S50R4I05~07 - Mama Shroomz}
mamashroomz2.vs.064.jpg,1848359,59ffbf22,\2023-12\07 - Mama Shroomz\,{CTG10~2023-12~S50R4I05~07 - Mama Shroomz}
mamashroomz2.vs.065.jpg,2013807,f5e29184,\2023-12\07 - Mama Shroomz\,{CTG10~2023-12~S50R4I05~07 - Mama Shroomz}
mamashroomz2.vs.066.jpg,2062136,acdd3a9d,\2023-12\07 - Mama Shroomz\,{CTG10~2023-12~S50R4I05~07 - Mama Shroomz}
mamashroomz2.vs.067.jpg,2234363,46fb9e69,\2023-12\07 - Mama Shroomz\,{CTG10~2023-12~S50R4I05~07 - Mama Shroomz}
mamashroomz2.vs.068.jpg,2070599,07089fff,\2023-12\07 - Mama Shroomz\,{CTG10~2023-12~S50R4I05~07 - Mama Shroomz}
mamashroomz2.vs.069.jpg,1980698,3e52907a,\2023-12\07 - Mama Shroomz\,{CTG10~2023-12~S50R4I05~07 - Mama Shroomz}
mamashroomz2.vs.070.jpg,2192572,82f9775c,\2023-12\07 - Mama Shroomz\,{CTG10~2023-12~S50R4I05~07 - Mama Shroomz}
mamashroomz2.vs.071.jpg,2333015,02419c75,\2023-12\07 - Mama Shroomz\,{CTG10~2023-12~S50R4I05~07 - Mama Shroomz}
mamashroomz2.vs.072.jpg,2265435,e5efc462,\2023-12\07 - Mama Shroomz\,{CTG10~2023-12~S50R4I05~07 - Mama Shroomz}
mamashroomz2.vs.073.jpg,2467677,0035a0a8,\2023-12\07 - Mama Shroomz\,{CTG10~2023-12~S50R4I05~07 - Mama Shroomz}
mamashroomz2.vs.074.jpg,2475883,203905e3,\2023-12\07 - Mama Shroomz\,{CTG10~2023-12~S50R4I05~07 - Mama Shroomz}
mamashroomz2.vs.075.jpg,2229523,6485ca32,\2023-12\07 - Mama Shroomz\,{CTG10~2023-12~S50R4I05~07 - Mama Shroomz}
mamashroomz2.vs.076.jpg,2152992,03cba888,\2023-12\07 - Mama Shroomz\,{CTG10~2023-12~S50R4I05~07 - Mama Shroomz}
mamashroomz2.vs.077.jpg,2381068,05df0e9e,\2023-12\07 - Mama Shroomz\,{CTG10~2023-12~S50R4I05~07 - Mama Shroomz}
mamashroomz2.vs.078.jpg,2370256,f7e266c8,\2023-12\07 - Mama Shroomz\,{CTG10~2023-12~S50R4I05~07 - Mama Shroomz}
mamashroomz2.vs.079.jpg,2358608,38af7bc6,\2023-12\07 - Mama Shroomz\,{CTG10~2023-12~S50R4I05~07 - Mama Shroomz}
mamashroomz2.vs.080.jpg,2481725,7fcede92,\2023-12\07 - Mama Shroomz\,{CTG10~2023-12~S50R4I05~07 - Mama Shroomz}
mamashroomz2.vs.081.jpg,2589526,34c3e445,\2023-12\07 - Mama Shroomz\,{CTG10~2023-12~S50R4I05~07 - Mama Shroomz}
mamashroomz2.vs.082.jpg,2490034,11757065,\2023-12\07 - Mama Shroomz\,{CTG10~2023-12~S50R4I05~07 - Mama Shroomz}
mamashroomz2.vs.083.jpg,2555273,8abf951b,\2023-12\07 - Mama Shroomz\,{CTG10~2023-12~S50R4I05~07 - Mama Shroomz}
mamashroomz2.vs.084.jpg,2376174,8888b6de,\2023-12\07 - Mama Shroomz\,{CTG10~2023-12~S50R4I05~07 - Mama Shroomz}
mamashroomz2.vs.085.jpg,2211578,6cb1354a,\2023-12\07 - Mama Shroomz\,{CTG10~2023-12~S50R4I05~07 - Mama Shroomz}
mamashroomz2.vs.086.jpg,2787051,993444c7,\2023-12\07 - Mama Shroomz\,{CTG10~2023-12~S50R4I05~07 - Mama Shroomz}
mamashroomz2.vs.087.jpg,2112223,f9ce00ba,\2023-12\07 - Mama Shroomz\,{CTG10~2023-12~S50R4I05~07 - Mama Shroomz}
mamashroomz2.vs.088.jpg,2102747,c5646c82,\2023-12\07 - Mama Shroomz\,{CTG10~2023-12~S50R4I05~07 - Mama Shroomz}
mamashroomz2.vs.089.jpg,2135954,010e2889,\2023-12\07 - Mama Shroomz\,{CTG10~2023-12~S50R4I05~07 - Mama Shroomz}
mamashroomz2.vs.090.jpg,2263750,48484122,\2023-12\07 - Mama Shroomz\,{CTG10~2023-12~S50R4I05~07 - Mama Shroomz}
mamashroomz2.vs.091.jpg,2719793,af14e35b,\2023-12\07 - Mama Shroomz\,{CTG10~2023-12~S50R4I05~07 - Mama Shroomz}
mamashroomz2.vs.092.jpg,2191244,5cfff761,\2023-12\07 - Mama Shroomz\,{CTG10~2023-12~S50R4I05~07 - Mama Shroomz}
mamashroomz2.vs.093.jpg,2519324,f9f52c0c,\2023-12\07 - Mama Shroomz\,{CTG10~2023-12~S50R4I05~07 - Mama Shroomz}
mamashroomz2.vs.094.jpg,2448274,1595e29a,\2023-12\07 - Mama Shroomz\,{CTG10~2023-12~S50R4I05~07 - Mama Shroomz}
mamashroomz2.vs.095.jpg,2217826,bfd01372,\2023-12\07 - Mama Shroomz\,{CTG10~2023-12~S50R4I05~07 - Mama Shroomz}
mamashroomz2.vs.096.jpg,2011286,37a0d48b,\2023-12\07 - Mama Shroomz\,{CTG10~2023-12~S50R4I05~07 - Mama Shroomz}
mamashroomz2.vs.097.jpg,2234949,69a02cdd,\2023-12\07 - Mama Shroomz\,{CTG10~2023-12~S50R4I05~07 - Mama Shroomz}
mamashroomz2.vs.098.jpg,2172555,0a9dca19,\2023-12\07 - Mama Shroomz\,{CTG10~2023-12~S50R4I05~07 - Mama Shroomz}
mamashroomz2.vs.099.jpg,2269597,7e07ea35,\2023-12\07 - Mama Shroomz\,{CTG10~2023-12~S50R4I05~07 - Mama Shroomz}
mamashroomz2.vs.100.jpg,2183959,d7be1be0,\2023-12\07 - Mama Shroomz\,{CTG10~2023-12~S50R4I05~07 - Mama Shroomz}
mamashroomz2.vs.101.jpg,2337667,fb87da03,\2023-12\07 - Mama Shroomz\,{CTG10~2023-12~S50R4I05~07 - Mama Shroomz}
mamashroomz2.vs.102.jpg,1820651,892952ef,\2023-12\07 - Mama Shroomz\,{CTG10~2023-12~S50R4I05~07 - Mama Shroomz}
mamashroomz2.vs.103.jpg,2452981,8d97bebe,\2023-12\07 - Mama Shroomz\,{CTG10~2023-12~S50R4I05~07 - Mama Shroomz}
mamashroomz2.vs.104.jpg,1690106,cce16bf4,\2023-12\07 - Mama Shroomz\,{CTG10~2023-12~S50R4I05~07 - Mama Shroomz}
mamashroomz2.vs.105.jpg,2335295,4c162d50,\2023-12\07 - Mama Shroomz\,{CTG10~2023-12~S50R4I05~07 - Mama Shroomz}
mamashroomz2.vs.106.jpg,2211762,f01febee,\2023-12\07 - Mama Shroomz\,{CTG10~2023-12~S50R4I05~07 - Mama Shroomz}
mamashroomz2.vs.107.jpg,2112456,76b203b0,\2023-12\07 - Mama Shroomz\,{CTG10~2023-12~S50R4I05~07 - Mama Shroomz}
mamashroomz2.vs.108.jpg,2327523,43c368cb,\2023-12\07 - Mama Shroomz\,{CTG10~2023-12~S50R4I05~07 - Mama Shroomz}
mamashroomz2.vs.109.jpg,2288646,4f7a1652,\2023-12\07 - Mama Shroomz\,{CTG10~2023-12~S50R4I05~07 - Mama Shroomz}
mamashroomz2.vs.110.jpg,2247107,a6355faf,\2023-12\07 - Mama Shroomz\,{CTG10~2023-12~S50R4I05~07 - Mama Shroomz}
mamashroomz2.vs.111.jpg,1860731,699a6347,\2023-12\07 - Mama Shroomz\,{CTG10~2023-12~S50R4I05~07 - Mama Shroomz}
mamashroomz2.vs.112.jpg,2479626,48fbba5d,\2023-12\07 - Mama Shroomz\,{CTG10~2023-12~S50R4I05~07 - Mama Shroomz}
mamashroomz2.vs.113.jpg,2045906,125a896f,\2023-12\07 - Mama Shroomz\,{CTG10~2023-12~S50R4I05~07 - Mama Shroomz}
mamashroomz2.vs.114.jpg,2302998,34dd87b7,\2023-12\07 - Mama Shroomz\,{CTG10~2023-12~S50R4I05~07 - Mama Shroomz}
mamashroomz2.vs.115.jpg,2335318,d307ed1d,\2023-12\07 - Mama Shroomz\,{CTG10~2023-12~S50R4I05~07 - Mama Shroomz}
mamashroomz2.vs.116.jpg,2299403,2ebe3d01,\2023-12\07 - Mama Shroomz\,{CTG10~2023-12~S50R4I05~07 - Mama Shroomz}
nataliedoll2.vs.001.jpg,2516123,5e871187,\2023-12\13 - Natalie Doll\,{CTG10~2023-12~S50R97YU~13 - Natalie Doll}
nataliedoll2.vs.002.jpg,2423820,71c716ac,\2023-12\13 - Natalie Doll\,{CTG10~2023-12~S50R97YU~13 - Natalie Doll}
nataliedoll2.vs.003.jpg,2528161,98549dd1,\2023-12\13 - Natalie Doll\,{CTG10~2023-12~S50R97YU~13 - Natalie Doll}
nataliedoll2.vs.004.jpg,1921761,df5e5ccc,\2023-12\13 - Natalie Doll\,{CTG10~2023-12~S50R97YU~13 - Natalie Doll}
nataliedoll2.vs.005.jpg,2001931,6fe5241d,\2023-12\13 - Natalie Doll\,{CTG10~2023-12~S50R97YU~13 - Natalie Doll}
nataliedoll2.vs.006.jpg,1770773,3a2c1df1,\2023-12\13 - Natalie Doll\,{CTG10~2023-12~S50R97YU~13 - Natalie Doll}
nataliedoll2.vs.007.jpg,1860959,ae2b2a5c,\2023-12\13 - Natalie Doll\,{CTG10~2023-12~S50R97YU~13 - Natalie Doll}
nataliedoll2.vs.008.jpg,1829844,4002eb07,\2023-12\13 - Natalie Doll\,{CTG10~2023-12~S50R97YU~13 - Natalie Doll}
nataliedoll2.vs.009.jpg,2246960,73f946d0,\2023-12\13 - Natalie Doll\,{CTG10~2023-12~S50R97YU~13 - Natalie Doll}
nataliedoll2.vs.010.jpg,2175564,aed68c84,\2023-12\13 - Natalie Doll\,{CTG10~2023-12~S50R97YU~13 - Natalie Doll}
nataliedoll2.vs.011.jpg,2458562,7961bb02,\2023-12\13 - Natalie Doll\,{CTG10~2023-12~S50R97YU~13 - Natalie Doll}
nataliedoll2.vs.012.jpg,2189566,47de06b9,\2023-12\13 - Natalie Doll\,{CTG10~2023-12~S50R97YU~13 - Natalie Doll}
nataliedoll2.vs.013.jpg,1997614,3e7d84e9,\2023-12\13 - Natalie Doll\,{CTG10~2023-12~S50R97YU~13 - Natalie Doll}
nataliedoll2.vs.014.jpg,2187139,0ecc6feb,\2023-12\13 - Natalie Doll\,{CTG10~2023-12~S50R97YU~13 - Natalie Doll}
nataliedoll2.vs.015.jpg,1932964,1d8f1b6f,\2023-12\13 - Natalie Doll\,{CTG10~2023-12~S50R97YU~13 - Natalie Doll}
nataliedoll2.vs.016.jpg,2429231,0a97b3a0,\2023-12\13 - Natalie Doll\,{CTG10~2023-12~S50R97YU~13 - Natalie Doll}
nataliedoll2.vs.017.jpg,2295069,b73d1ce1,\2023-12\13 - Natalie Doll\,{CTG10~2023-12~S50R97YU~13 - Natalie Doll}
nataliedoll2.vs.018.jpg,2228260,d487f362,\2023-12\13 - Natalie Doll\,{CTG10~2023-12~S50R97YU~13 - Natalie Doll}
nataliedoll2.vs.019.jpg,2422110,66fdef2d,\2023-12\13 - Natalie Doll\,{CTG10~2023-12~S50R97YU~13 - Natalie Doll}
nataliedoll2.vs.020.jpg,2301897,b55b9ad5,\2023-12\13 - Natalie Doll\,{CTG10~2023-12~S50R97YU~13 - Natalie Doll}
nataliedoll2.vs.021.jpg,2237444,4d19b992,\2023-12\13 - Natalie Doll\,{CTG10~2023-12~S50R97YU~13 - Natalie Doll}
nataliedoll2.vs.022.jpg,2362847,00d676c4,\2023-12\13 - Natalie Doll\,{CTG10~2023-12~S50R97YU~13 - Natalie Doll}
nataliedoll2.vs.023.jpg,2626043,fb84e41c,\2023-12\13 - Natalie Doll\,{CTG10~2023-12~S50R97YU~13 - Natalie Doll}
nataliedoll2.vs.024.jpg,2332081,e00168b1,\2023-12\13 - Natalie Doll\,{CTG10~2023-12~S50R97YU~13 - Natalie Doll}
nataliedoll2.vs.025.jpg,2076027,d674016c,\2023-12\13 - Natalie Doll\,{CTG10~2023-12~S50R97YU~13 - Natalie Doll}
nataliedoll2.vs.026.jpg,1971661,0ce7f2ef,\2023-12\13 - Natalie Doll\,{CTG10~2023-12~S50R97YU~13 - Natalie Doll}
nataliedoll2.vs.027.jpg,1962396,57044ce2,\2023-12\13 - Natalie Doll\,{CTG10~2023-12~S50R97YU~13 - Natalie Doll}
nataliedoll2.vs.028.jpg,2093634,e5c53983,\2023-12\13 - Natalie Doll\,{CTG10~2023-12~S50R97YU~13 - Natalie Doll}
nataliedoll2.vs.029.jpg,2056380,ee72e914,\2023-12\13 - Natalie Doll\,{CTG10~2023-12~S50R97YU~13 - Natalie Doll}
nataliedoll2.vs.030.jpg,1801547,fdc8cb14,\2023-12\13 - Natalie Doll\,{CTG10~2023-12~S50R97YU~13 - Natalie Doll}
nataliedoll2.vs.031.jpg,2089324,b41eae1f,\2023-12\13 - Natalie Doll\,{CTG10~2023-12~S50R97YU~13 - Natalie Doll}
nataliedoll2.vs.032.jpg,1931496,d72ac2b9,\2023-12\13 - Natalie Doll\,{CTG10~2023-12~S50R97YU~13 - Natalie Doll}
nataliedoll2.vs.033.jpg,1863535,21526e45,\2023-12\13 - Natalie Doll\,{CTG10~2023-12~S50R97YU~13 - Natalie Doll}
nataliedoll2.vs.034.jpg,1751864,68e39150,\2023-12\13 - Natalie Doll\,{CTG10~2023-12~S50R97YU~13 - Natalie Doll}
nataliedoll2.vs.035.jpg,1758138,aa4c39ac,\2023-12\13 - Natalie Doll\,{CTG10~2023-12~S50R97YU~13 - Natalie Doll}
nataliedoll2.vs.036.jpg,2010728,fb19db19,\2023-12\13 - Natalie Doll\,{CTG10~2023-12~S50R97YU~13 - Natalie Doll}
nataliedoll2.vs.037.jpg,2046282,fea7e7bf,\2023-12\13 - Natalie Doll\,{CTG10~2023-12~S50R97YU~13 - Natalie Doll}
nataliedoll2.vs.038.jpg,2187270,5b04e7c5,\2023-12\13 - Natalie Doll\,{CTG10~2023-12~S50R97YU~13 - Natalie Doll}
nataliedoll2.vs.039.jpg,2020379,94a1c368,\2023-12\13 - Natalie Doll\,{CTG10~2023-12~S50R97YU~13 - Natalie Doll}
nataliedoll2.vs.040.jpg,2573135,d495d597,\2023-12\13 - Natalie Doll\,{CTG10~2023-12~S50R97YU~13 - Natalie Doll}
nataliedoll2.vs.041.jpg,2015206,51d85dbf,\2023-12\13 - Natalie Doll\,{CTG10~2023-12~S50R97YU~13 - Natalie Doll}
nataliedoll2.vs.042.jpg,1935936,762f2d3b,\2023-12\13 - Natalie Doll\,{CTG10~2023-12~S50R97YU~13 - Natalie Doll}
nataliedoll2.vs.043.jpg,1848919,013c472a,\2023-12\13 - Natalie Doll\,{CTG10~2023-12~S50R97YU~13 - Natalie Doll}
nataliedoll2.vs.044.jpg,1795232,048b9f36,\2023-12\13 - Natalie Doll\,{CTG10~2023-12~S50R97YU~13 - Natalie Doll}
nataliedoll2.vs.045.jpg,2084748,e306b690,\2023-12\13 - Natalie Doll\,{CTG10~2023-12~S50R97YU~13 - Natalie Doll}
nataliedoll2.vs.046.jpg,2114229,7c8de2d4,\2023-12\13 - Natalie Doll\,{CTG10~2023-12~S50R97YU~13 - Natalie Doll}
nataliedoll2.vs.047.jpg,2226707,5209bf12,\2023-12\13 - Natalie Doll\,{CTG10~2023-12~S50R97YU~13 - Natalie Doll}
nataliedoll2.vs.048.jpg,2012952,59b4582d,\2023-12\13 - Natalie Doll\,{CTG10~2023-12~S50R97YU~13 - Natalie Doll}
nataliedoll2.vs.049.jpg,1690919,458f39e8,\2023-12\13 - Natalie Doll\,{CTG10~2023-12~S50R97YU~13 - Natalie Doll}
nataliedoll2.vs.050.jpg,2033739,1f7141c5,\2023-12\13 - Natalie Doll\,{CTG10~2023-12~S50R97YU~13 - Natalie Doll}
nataliedoll2.vs.051.jpg,2015668,9831444d,\2023-12\13 - Natalie Doll\,{CTG10~2023-12~S50R97YU~13 - Natalie Doll}
nataliedoll2.vs.052.jpg,2065191,01e028b6,\2023-12\13 - Natalie Doll\,{CTG10~2023-12~S50R97YU~13 - Natalie Doll}
nataliedoll2.vs.053.jpg,2067114,849c3ac9,\2023-12\13 - Natalie Doll\,{CTG10~2023-12~S50R97YU~13 - Natalie Doll}
nataliedoll2.vs.054.jpg,1789286,90d8e4c5,\2023-12\13 - Natalie Doll\,{CTG10~2023-12~S50R97YU~13 - Natalie Doll}
nataliedoll2.vs.055.jpg,2179381,b6bdce5e,\2023-12\13 - Natalie Doll\,{CTG10~2023-12~S50R97YU~13 - Natalie Doll}
nataliedoll2.vs.056.jpg,2462561,4c13bd97,\2023-12\13 - Natalie Doll\,{CTG10~2023-12~S50R97YU~13 - Natalie Doll}
nataliedoll2.vs.057.jpg,2692931,adf118db,\2023-12\13 - Natalie Doll\,{CTG10~2023-12~S50R97YU~13 - Natalie Doll}
nataliedoll2.vs.058.jpg,2010265,5f2c7f66,\2023-12\13 - Natalie Doll\,{CTG10~2023-12~S50R97YU~13 - Natalie Doll}
nataliedoll2.vs.059.jpg,2304025,440dfbdf,\2023-12\13 - Natalie Doll\,{CTG10~2023-12~S50R97YU~13 - Natalie Doll}
nataliedoll2.vs.060.jpg,2028562,3ae68071,\2023-12\13 - Natalie Doll\,{CTG10~2023-12~S50R97YU~13 - Natalie Doll}
nataliedoll2.vs.061.jpg,1930920,f67252b4,\2023-12\13 - Natalie Doll\,{CTG10~2023-12~S50R97YU~13 - Natalie Doll}
nataliedoll2.vs.062.jpg,2352604,9ac8880e,\2023-12\13 - Natalie Doll\,{CTG10~2023-12~S50R97YU~13 - Natalie Doll}
nataliedoll2.vs.063.jpg,1880554,4272406f,\2023-12\13 - Natalie Doll\,{CTG10~2023-12~S50R97YU~13 - Natalie Doll}
nataliedoll2.vs.064.jpg,2162544,69998af7,\2023-12\13 - Natalie Doll\,{CTG10~2023-12~S50R97YU~13 - Natalie Doll}
nataliedoll2.vs.065.jpg,2454992,03b4b877,\2023-12\13 - Natalie Doll\,{CTG10~2023-12~S50R97YU~13 - Natalie Doll}
nataliedoll2.vs.066.jpg,2140712,9f66e23f,\2023-12\13 - Natalie Doll\,{CTG10~2023-12~S50R97YU~13 - Natalie Doll}
nataliedoll2.vs.067.jpg,2324909,0d2bf181,\2023-12\13 - Natalie Doll\,{CTG10~2023-12~S50R97YU~13 - Natalie Doll}
nataliedoll2.vs.068.jpg,2665352,f8951309,\2023-12\13 - Natalie Doll\,{CTG10~2023-12~S50R97YU~13 - Natalie Doll}
nataliedoll2.vs.069.jpg,2490315,5840d164,\2023-12\13 - Natalie Doll\,{CTG10~2023-12~S50R97YU~13 - Natalie Doll}
nataliedoll2.vs.070.jpg,2248630,8e6561eb,\2023-12\13 - Natalie Doll\,{CTG10~2023-12~S50R97YU~13 - Natalie Doll}
nataliedoll2.vs.071.jpg,2630604,952661c3,\2023-12\13 - Natalie Doll\,{CTG10~2023-12~S50R97YU~13 - Natalie Doll}
nataliedoll2.vs.072.jpg,2232187,050572ae,\2023-12\13 - Natalie Doll\,{CTG10~2023-12~S50R97YU~13 - Natalie Doll}
nataliedoll2.vs.073.jpg,2560660,17302398,\2023-12\13 - Natalie Doll\,{CTG10~2023-12~S50R97YU~13 - Natalie Doll}
nataliedoll2.vs.074.jpg,2506796,a0324b09,\2023-12\13 - Natalie Doll\,{CTG10~2023-12~S50R97YU~13 - Natalie Doll}
nataliedoll2.vs.075.jpg,2568579,5f161b10,\2023-12\13 - Natalie Doll\,{CTG10~2023-12~S50R97YU~13 - Natalie Doll}
nataliedoll2.vs.076.jpg,2401339,4cfcaed8,\2023-12\13 - Natalie Doll\,{CTG10~2023-12~S50R97YU~13 - Natalie Doll}
nataliedoll2.vs.077.jpg,2766274,8e02ab55,\2023-12\13 - Natalie Doll\,{CTG10~2023-12~S50R97YU~13 - Natalie Doll}
nataliedoll2.vs.078.jpg,2810968,7e499a2a,\2023-12\13 - Natalie Doll\,{CTG10~2023-12~S50R97YU~13 - Natalie Doll}
nataliedoll2.vs.079.jpg,2332307,95d6e7da,\2023-12\13 - Natalie Doll\,{CTG10~2023-12~S50R97YU~13 - Natalie Doll}
nataliedoll2.vs.080.jpg,2488145,fd8cb809,\2023-12\13 - Natalie Doll\,{CTG10~2023-12~S50R97YU~13 - Natalie Doll}
nataliedoll2.vs.081.jpg,2537108,6be4a72c,\2023-12\13 - Natalie Doll\,{CTG10~2023-12~S50R97YU~13 - Natalie Doll}
nataliedoll2.vs.082.jpg,2595113,4453ea4c,\2023-12\13 - Natalie Doll\,{CTG10~2023-12~S50R97YU~13 - Natalie Doll}
nataliedoll2.vs.083.jpg,2592244,3dd9c53e,\2023-12\13 - Natalie Doll\,{CTG10~2023-12~S50R97YU~13 - Natalie Doll}
nataliedoll2.vs.084.jpg,2275449,a7d0da8b,\2023-12\13 - Natalie Doll\,{CTG10~2023-12~S50R97YU~13 - Natalie Doll}
nataliedoll2.vs.085.jpg,2532368,179e9690,\2023-12\13 - Natalie Doll\,{CTG10~2023-12~S50R97YU~13 - Natalie Doll}
nataliedoll2.vs.086.jpg,2587062,ed80d92e,\2023-12\13 - Natalie Doll\,{CTG10~2023-12~S50R97YU~13 - Natalie Doll}
nataliedoll2.vs.087.jpg,2389790,ce6b15ef,\2023-12\13 - Natalie Doll\,{CTG10~2023-12~S50R97YU~13 - Natalie Doll}
nataliedoll2.vs.088.jpg,2113864,919fa19e,\2023-12\13 - Natalie Doll\,{CTG10~2023-12~S50R97YU~13 - Natalie Doll}
nataliedoll2.vs.089.jpg,2210096,ee943ce1,\2023-12\13 - Natalie Doll\,{CTG10~2023-12~S50R97YU~13 - Natalie Doll}
nataliedoll2.vs.090.jpg,2925830,db7b709e,\2023-12\13 - Natalie Doll\,{CTG10~2023-12~S50R97YU~13 - Natalie Doll}
nataliedoll2.vs.091.jpg,2799025,5c8a386d,\2023-12\13 - Natalie Doll\,{CTG10~2023-12~S50R97YU~13 - Natalie Doll}
nataliedoll2.vs.092.jpg,2445384,a7c4944f,\2023-12\13 - Natalie Doll\,{CTG10~2023-12~S50R97YU~13 - Natalie Doll}
nataliedoll2.vs.093.jpg,2169513,9431471a,\2023-12\13 - Natalie Doll\,{CTG10~2023-12~S50R97YU~13 - Natalie Doll}
nataliedoll2.vs.094.jpg,2189684,6f46696c,\2023-12\13 - Natalie Doll\,{CTG10~2023-12~S50R97YU~13 - Natalie Doll}
nataliedoll2.vs.095.jpg,2600916,b6bc846a,\2023-12\13 - Natalie Doll\,{CTG10~2023-12~S50R97YU~13 - Natalie Doll}
nataliedoll2.vs.096.jpg,2527747,7c6c84ba,\2023-12\13 - Natalie Doll\,{CTG10~2023-12~S50R97YU~13 - Natalie Doll}
nataliedoll2.vs.097.jpg,2522755,ea9f0b06,\2023-12\13 - Natalie Doll\,{CTG10~2023-12~S50R97YU~13 - Natalie Doll}
nataliedoll2.vs.098.jpg,2743524,0fe8157c,\2023-12\13 - Natalie Doll\,{CTG10~2023-12~S50R97YU~13 - Natalie Doll}
nataliedoll2.vs.099.jpg,2673987,edc94fae,\2023-12\13 - Natalie Doll\,{CTG10~2023-12~S50R97YU~13 - Natalie Doll}
nataliedoll2.vs.100.jpg,2544089,a1e382cf,\2023-12\13 - Natalie Doll\,{CTG10~2023-12~S50R97YU~13 - Natalie Doll}
nataliedoll2.vs.101.jpg,2517763,69277258,\2023-12\13 - Natalie Doll\,{CTG10~2023-12~S50R97YU~13 - Natalie Doll}
nataliedoll2.vs.102.jpg,2195435,a947e6b0,\2023-12\13 - Natalie Doll\,{CTG10~2023-12~S50R97YU~13 - Natalie Doll}
nataliedoll2.vs.103.jpg,2396213,14a91bdb,\2023-12\13 - Natalie Doll\,{CTG10~2023-12~S50R97YU~13 - Natalie Doll}
nataliedoll2.vs.104.jpg,2368826,034809c5,\2023-12\13 - Natalie Doll\,{CTG10~2023-12~S50R97YU~13 - Natalie Doll}
nataliedoll2.vs.105.jpg,2434394,73d4a186,\2023-12\13 - Natalie Doll\,{CTG10~2023-12~S50R97YU~13 - Natalie Doll}
nataliedoll2.vs.106.jpg,2246128,bc51cb03,\2023-12\13 - Natalie Doll\,{CTG10~2023-12~S50R97YU~13 - Natalie Doll}
nataliedoll2.vs.107.jpg,2245937,4725a148,\2023-12\13 - Natalie Doll\,{CTG10~2023-12~S50R97YU~13 - Natalie Doll}
nataliedoll2.vs.108.jpg,1971212,0eb750d0,\2023-12\13 - Natalie Doll\,{CTG10~2023-12~S50R97YU~13 - Natalie Doll}
nataliedoll2.vs.109.jpg,1959732,4727822d,\2023-12\13 - Natalie Doll\,{CTG10~2023-12~S50R97YU~13 - Natalie Doll}
nataliedoll2.vs.110.jpg,2378833,1f6b81ab,\2023-12\13 - Natalie Doll\,{CTG10~2023-12~S50R97YU~13 - Natalie Doll}
nataliedoll2.vs.111.jpg,2450779,e6218f20,\2023-12\13 - Natalie Doll\,{CTG10~2023-12~S50R97YU~13 - Natalie Doll}
nataliedoll2.vs.112.jpg,2531791,79fabae6,\2023-12\13 - Natalie Doll\,{CTG10~2023-12~S50R97YU~13 - Natalie Doll}
nataliedoll2.vs.113.jpg,2063934,74ce0c80,\2023-12\13 - Natalie Doll\,{CTG10~2023-12~S50R97YU~13 - Natalie Doll}
nataliedoll2.vs.114.jpg,2151081,3032c4e9,\2023-12\13 - Natalie Doll\,{CTG10~2023-12~S50R97YU~13 - Natalie Doll}
nataliedoll2.vs.115.jpg,2255548,9939cf7e,\2023-12\13 - Natalie Doll\,{CTG10~2023-12~S50R97YU~13 - Natalie Doll}
nataliedoll2.vs.116.jpg,2797111,ed13be1a,\2023-12\13 - Natalie Doll\,{CTG10~2023-12~S50R97YU~13 - Natalie Doll}
nataliedoll2.vs.117.jpg,2750865,8dcdcdc8,\2023-12\13 - Natalie Doll\,{CTG10~2023-12~S50R97YU~13 - Natalie Doll}
nataliedoll2.vs.118.jpg,2711984,b56ae4b8,\2023-12\13 - Natalie Doll\,{CTG10~2023-12~S50R97YU~13 - Natalie Doll}
nataliedoll2.vs.119.jpg,2835329,8741edda,\2023-12\13 - Natalie Doll\,{CTG10~2023-12~S50R97YU~13 - Natalie Doll}
nataliedoll2.vs.120.jpg,2719276,21bb5774,\2023-12\13 - Natalie Doll\,{CTG10~2023-12~S50R97YU~13 - Natalie Doll}