dew01.jpg,82137,a0ca8759,\Pervs Corner\Gallery 01\01 - Dew\,{COPOP1~G03~01~01 - Dew}
dew02.jpg,89893,532a5b5f,\Pervs Corner\Gallery 01\01 - Dew\,{COPOP1~G03~01~01 - Dew}
dew03.jpg,81681,3fd50369,\Pervs Corner\Gallery 01\01 - Dew\,{COPOP1~G03~01~01 - Dew}
dew04.jpg,76452,a88848bf,\Pervs Corner\Gallery 01\01 - Dew\,{COPOP1~G03~01~01 - Dew}
dew05.jpg,66885,543700ed,\Pervs Corner\Gallery 01\01 - Dew\,{COPOP1~G03~01~01 - Dew}
dew06.jpg,56949,dfe25d7f,\Pervs Corner\Gallery 01\01 - Dew\,{COPOP1~G03~01~01 - Dew}
dew07.jpg,73993,c87edcb5,\Pervs Corner\Gallery 01\01 - Dew\,{COPOP1~G03~01~01 - Dew}
dew08.jpg,75681,90d539b2,\Pervs Corner\Gallery 01\01 - Dew\,{COPOP1~G03~01~01 - Dew}
dew09.jpg,65020,bb162ca8,\Pervs Corner\Gallery 01\01 - Dew\,{COPOP1~G03~01~01 - Dew}
dew10.jpg,82571,dea6f4e6,\Pervs Corner\Gallery 01\01 - Dew\,{COPOP1~G03~01~01 - Dew}
dew11.jpg,63388,f5ee052b,\Pervs Corner\Gallery 01\01 - Dew\,{COPOP1~G03~01~01 - Dew}
dew12.jpg,67111,37ba35e9,\Pervs Corner\Gallery 01\01 - Dew\,{COPOP1~G03~01~01 - Dew}
dew13.jpg,68671,2dbe7b6f,\Pervs Corner\Gallery 01\01 - Dew\,{COPOP1~G03~01~01 - Dew}
dew14.jpg,46848,60b4b1db,\Pervs Corner\Gallery 01\01 - Dew\,{COPOP1~G03~01~01 - Dew}
dew15.jpg,94694,beefaaf1,\Pervs Corner\Gallery 01\01 - Dew\,{COPOP1~G03~01~01 - Dew}
dew16.jpg,79227,69e4b180,\Pervs Corner\Gallery 01\01 - Dew\,{COPOP1~G03~01~01 - Dew}
dew17.jpg,68450,caffdd6c,\Pervs Corner\Gallery 01\01 - Dew\,{COPOP1~G03~01~01 - Dew}
dew18.jpg,106138,eec8c53d,\Pervs Corner\Gallery 01\01 - Dew\,{COPOP1~G03~01~01 - Dew}
dew19.jpg,111024,c7295967,\Pervs Corner\Gallery 01\01 - Dew\,{COPOP1~G03~01~01 - Dew}
dew20.jpg,61619,f5f3eeb9,\Pervs Corner\Gallery 01\01 - Dew\,{COPOP1~G03~01~01 - Dew}
dew21.jpg,88949,dd8c4722,\Pervs Corner\Gallery 01\01 - Dew\,{COPOP1~G03~01~01 - Dew}
dew22.jpg,76421,fab53f16,\Pervs Corner\Gallery 01\01 - Dew\,{COPOP1~G03~01~01 - Dew}
dew23.jpg,79023,53ac8684,\Pervs Corner\Gallery 01\01 - Dew\,{COPOP1~G03~01~01 - Dew}
dew24.jpg,62963,f6a7f4ff,\Pervs Corner\Gallery 01\01 - Dew\,{COPOP1~G03~01~01 - Dew}
dew25.jpg,71302,c901e278,\Pervs Corner\Gallery 01\01 - Dew\,{COPOP1~G03~01~01 - Dew}
dew26.jpg,64027,833fde64,\Pervs Corner\Gallery 01\01 - Dew\,{COPOP1~G03~01~01 - Dew}
dew27.jpg,63614,7586269f,\Pervs Corner\Gallery 01\01 - Dew\,{COPOP1~G03~01~01 - Dew}
dew28.jpg,85759,a9300b34,\Pervs Corner\Gallery 01\01 - Dew\,{COPOP1~G03~01~01 - Dew}
dew29.jpg,63922,e1191e4b,\Pervs Corner\Gallery 01\01 - Dew\,{COPOP1~G03~01~01 - Dew}
arv01.jpg,62325,d3ce7a2c,\Pervs Corner\Gallery 01\02 - Arv\,{COPOP1~G03~02~02 - Arv}
arv02.jpg,60116,942a93aa,\Pervs Corner\Gallery 01\02 - Arv\,{COPOP1~G03~02~02 - Arv}
arv03.jpg,68043,940f62e4,\Pervs Corner\Gallery 01\02 - Arv\,{COPOP1~G03~02~02 - Arv}
arv04.jpg,88344,c3e516eb,\Pervs Corner\Gallery 01\02 - Arv\,{COPOP1~G03~02~02 - Arv}
arv05.jpg,70696,397adaec,\Pervs Corner\Gallery 01\02 - Arv\,{COPOP1~G03~02~02 - Arv}
arv06.jpg,65676,3619fc11,\Pervs Corner\Gallery 01\02 - Arv\,{COPOP1~G03~02~02 - Arv}
arv07.jpg,53628,1f9aa0d2,\Pervs Corner\Gallery 01\02 - Arv\,{COPOP1~G03~02~02 - Arv}
arv08.jpg,56202,aa29109f,\Pervs Corner\Gallery 01\02 - Arv\,{COPOP1~G03~02~02 - Arv}
arv09.jpg,55586,f61a6d88,\Pervs Corner\Gallery 01\02 - Arv\,{COPOP1~G03~02~02 - Arv}
arv10.jpg,58163,0e9c1e19,\Pervs Corner\Gallery 01\02 - Arv\,{COPOP1~G03~02~02 - Arv}
arv11.jpg,61051,6f215db9,\Pervs Corner\Gallery 01\02 - Arv\,{COPOP1~G03~02~02 - Arv}
arv12.jpg,43646,14f11c3f,\Pervs Corner\Gallery 01\02 - Arv\,{COPOP1~G03~02~02 - Arv}
arv13.jpg,70768,b892ee94,\Pervs Corner\Gallery 01\02 - Arv\,{COPOP1~G03~02~02 - Arv}
arv14.jpg,72505,469ec5b7,\Pervs Corner\Gallery 01\02 - Arv\,{COPOP1~G03~02~02 - Arv}
arv15.jpg,54329,71ed18d4,\Pervs Corner\Gallery 01\02 - Arv\,{COPOP1~G03~02~02 - Arv}
arv16.jpg,53091,92824da3,\Pervs Corner\Gallery 01\02 - Arv\,{COPOP1~G03~02~02 - Arv}
arv17.jpg,74463,f7deb02b,\Pervs Corner\Gallery 01\02 - Arv\,{COPOP1~G03~02~02 - Arv}
arv18.jpg,68099,2fdad07d,\Pervs Corner\Gallery 01\02 - Arv\,{COPOP1~G03~02~02 - Arv}
arv19.jpg,67780,d067ae66,\Pervs Corner\Gallery 01\02 - Arv\,{COPOP1~G03~02~02 - Arv}
arv20.jpg,61583,07efd3ce,\Pervs Corner\Gallery 01\02 - Arv\,{COPOP1~G03~02~02 - Arv}
arv21.jpg,55684,3105edf2,\Pervs Corner\Gallery 01\02 - Arv\,{COPOP1~G03~02~02 - Arv}
arv22.jpg,57699,fcb9b2ea,\Pervs Corner\Gallery 01\02 - Arv\,{COPOP1~G03~02~02 - Arv}
arv23.jpg,54454,0d688183,\Pervs Corner\Gallery 01\02 - Arv\,{COPOP1~G03~02~02 - Arv}
arv24.jpg,55461,997602d2,\Pervs Corner\Gallery 01\02 - Arv\,{COPOP1~G03~02~02 - Arv}
arv25.jpg,55753,0d77cb2d,\Pervs Corner\Gallery 01\02 - Arv\,{COPOP1~G03~02~02 - Arv}
arv26.jpg,47937,bf6dc8da,\Pervs Corner\Gallery 01\02 - Arv\,{COPOP1~G03~02~02 - Arv}
arv27.jpg,61280,52213cab,\Pervs Corner\Gallery 01\02 - Arv\,{COPOP1~G03~02~02 - Arv}
arv28.jpg,64996,b0826db3,\Pervs Corner\Gallery 01\02 - Arv\,{COPOP1~G03~02~02 - Arv}
arv29.jpg,60203,c46ab4c4,\Pervs Corner\Gallery 01\02 - Arv\,{COPOP1~G03~02~02 - Arv}
arv30.jpg,65716,445e78e1,\Pervs Corner\Gallery 01\02 - Arv\,{COPOP1~G03~02~02 - Arv}
arv31.jpg,53201,fdeb1330,\Pervs Corner\Gallery 01\02 - Arv\,{COPOP1~G03~02~02 - Arv}
arv32.jpg,67260,4250ab0c,\Pervs Corner\Gallery 01\02 - Arv\,{COPOP1~G03~02~02 - Arv}
arv33.jpg,69622,ef0b25d4,\Pervs Corner\Gallery 01\02 - Arv\,{COPOP1~G03~02~02 - Arv}
dingdong01.jpg,68095,f1ded588,\Pervs Corner\Gallery 01\03 - Dingdong\,{COPOP1~G03~03~03 - Dingdong}
dingdong02.jpg,77081,30f15bf4,\Pervs Corner\Gallery 01\03 - Dingdong\,{COPOP1~G03~03~03 - Dingdong}
dingdong03.jpg,76038,54c8efd6,\Pervs Corner\Gallery 01\03 - Dingdong\,{COPOP1~G03~03~03 - Dingdong}
dingdong04.jpg,93142,9742c20b,\Pervs Corner\Gallery 01\03 - Dingdong\,{COPOP1~G03~03~03 - Dingdong}
dingdong05.jpg,108644,6fe86ee7,\Pervs Corner\Gallery 01\03 - Dingdong\,{COPOP1~G03~03~03 - Dingdong}
dingdong06.jpg,69027,9f0dc353,\Pervs Corner\Gallery 01\03 - Dingdong\,{COPOP1~G03~03~03 - Dingdong}
dingdong07.jpg,70921,c3830c6c,\Pervs Corner\Gallery 01\03 - Dingdong\,{COPOP1~G03~03~03 - Dingdong}
dingdong08.jpg,62676,3ce298d8,\Pervs Corner\Gallery 01\03 - Dingdong\,{COPOP1~G03~03~03 - Dingdong}
dingdong09.jpg,75073,4bfaae1d,\Pervs Corner\Gallery 01\03 - Dingdong\,{COPOP1~G03~03~03 - Dingdong}
dingdong10.jpg,65807,99053978,\Pervs Corner\Gallery 01\03 - Dingdong\,{COPOP1~G03~03~03 - Dingdong}
dingdong11.jpg,72457,5c9616c8,\Pervs Corner\Gallery 01\03 - Dingdong\,{COPOP1~G03~03~03 - Dingdong}
dingdong12.jpg,69215,fd957c71,\Pervs Corner\Gallery 01\03 - Dingdong\,{COPOP1~G03~03~03 - Dingdong}
dingdong13.jpg,78382,caa7e0b1,\Pervs Corner\Gallery 01\03 - Dingdong\,{COPOP1~G03~03~03 - Dingdong}
dingdong14.jpg,68185,18146c7d,\Pervs Corner\Gallery 01\03 - Dingdong\,{COPOP1~G03~03~03 - Dingdong}
dingdong15.jpg,69005,da08a319,\Pervs Corner\Gallery 01\03 - Dingdong\,{COPOP1~G03~03~03 - Dingdong}
dingdong16.jpg,75173,5786c4ae,\Pervs Corner\Gallery 01\03 - Dingdong\,{COPOP1~G03~03~03 - Dingdong}
dingdong17.jpg,85332,38146309,\Pervs Corner\Gallery 01\03 - Dingdong\,{COPOP1~G03~03~03 - Dingdong}
tanbath01.jpg,67677,2a26cb3d,\Pervs Corner\Gallery 01\04 - Tan\,{COPOP1~G03~04~04 - Tan}
tanbath02.jpg,65679,1f9636fb,\Pervs Corner\Gallery 01\04 - Tan\,{COPOP1~G03~04~04 - Tan}
tanbath03.jpg,77832,77d66435,\Pervs Corner\Gallery 01\04 - Tan\,{COPOP1~G03~04~04 - Tan}
tanbath04.jpg,80480,3b1ceeaa,\Pervs Corner\Gallery 01\04 - Tan\,{COPOP1~G03~04~04 - Tan}
tanbath05.jpg,82964,d6e4844e,\Pervs Corner\Gallery 01\04 - Tan\,{COPOP1~G03~04~04 - Tan}
tanbath06.jpg,76883,c933108d,\Pervs Corner\Gallery 01\04 - Tan\,{COPOP1~G03~04~04 - Tan}
tanbath07.jpg,79808,7827bc77,\Pervs Corner\Gallery 01\04 - Tan\,{COPOP1~G03~04~04 - Tan}
tanbath08.jpg,81950,71984f67,\Pervs Corner\Gallery 01\04 - Tan\,{COPOP1~G03~04~04 - Tan}
tanbath09.jpg,67946,8d6e0b4c,\Pervs Corner\Gallery 01\04 - Tan\,{COPOP1~G03~04~04 - Tan}
tanbath10.jpg,82617,a95d6a45,\Pervs Corner\Gallery 01\04 - Tan\,{COPOP1~G03~04~04 - Tan}
tanbath11.jpg,74906,d75e624d,\Pervs Corner\Gallery 01\04 - Tan\,{COPOP1~G03~04~04 - Tan}
tanbath12.jpg,63808,78523cf8,\Pervs Corner\Gallery 01\04 - Tan\,{COPOP1~G03~04~04 - Tan}
tanbath13.jpg,81535,909f610d,\Pervs Corner\Gallery 01\04 - Tan\,{COPOP1~G03~04~04 - Tan}
tanbath14.jpg,78910,23b69e75,\Pervs Corner\Gallery 01\04 - Tan\,{COPOP1~G03~04~04 - Tan}
tanbath15.jpg,91123,475e1e85,\Pervs Corner\Gallery 01\04 - Tan\,{COPOP1~G03~04~04 - Tan}
yo01.jpg,60752,08b4db27,\Pervs Corner\Gallery 01\05 - Yo\,{COPOP1~G03~05~05 - Yo}
yo02.jpg,71025,5af6486e,\Pervs Corner\Gallery 01\05 - Yo\,{COPOP1~G03~05~05 - Yo}
yo03.jpg,65202,1c09c50e,\Pervs Corner\Gallery 01\05 - Yo\,{COPOP1~G03~05~05 - Yo}
yo04.jpg,60940,2fd6983a,\Pervs Corner\Gallery 01\05 - Yo\,{COPOP1~G03~05~05 - Yo}
yo05.jpg,63643,5444774a,\Pervs Corner\Gallery 01\05 - Yo\,{COPOP1~G03~05~05 - Yo}
yo06.jpg,57206,794c6bc4,\Pervs Corner\Gallery 01\05 - Yo\,{COPOP1~G03~05~05 - Yo}
yo07.jpg,62417,ec3f1770,\Pervs Corner\Gallery 01\05 - Yo\,{COPOP1~G03~05~05 - Yo}
yo08.jpg,68800,1749de75,\Pervs Corner\Gallery 01\05 - Yo\,{COPOP1~G03~05~05 - Yo}
yo09.jpg,60912,6936e593,\Pervs Corner\Gallery 01\05 - Yo\,{COPOP1~G03~05~05 - Yo}
yo10.jpg,59623,69eef1c8,\Pervs Corner\Gallery 01\05 - Yo\,{COPOP1~G03~05~05 - Yo}
annymng01.jpg,85577,94bb0485,\Pervs Corner\Gallery 01\06 - Anny\,{COPOP1~G03~06~06 - Anny}
annymng02.jpg,99461,8c99d965,\Pervs Corner\Gallery 01\06 - Anny\,{COPOP1~G03~06~06 - Anny}
annymng03.jpg,116454,12912c82,\Pervs Corner\Gallery 01\06 - Anny\,{COPOP1~G03~06~06 - Anny}
annymng04.jpg,104576,ee768e00,\Pervs Corner\Gallery 01\06 - Anny\,{COPOP1~G03~06~06 - Anny}
annymng05.jpg,105398,dba7268f,\Pervs Corner\Gallery 01\06 - Anny\,{COPOP1~G03~06~06 - Anny}
annymng06.jpg,130354,688f9e3d,\Pervs Corner\Gallery 01\06 - Anny\,{COPOP1~G03~06~06 - Anny}
annymng07.jpg,80476,516e0a3b,\Pervs Corner\Gallery 01\06 - Anny\,{COPOP1~G03~06~06 - Anny}
annymng08.jpg,72501,0109ec4a,\Pervs Corner\Gallery 01\06 - Anny\,{COPOP1~G03~06~06 - Anny}
annymng09.jpg,70586,0f16dc93,\Pervs Corner\Gallery 01\06 - Anny\,{COPOP1~G03~06~06 - Anny}
annymng10.jpg,68857,f9357ab9,\Pervs Corner\Gallery 01\06 - Anny\,{COPOP1~G03~06~06 - Anny}
annymng11.jpg,63558,8ad1a880,\Pervs Corner\Gallery 01\06 - Anny\,{COPOP1~G03~06~06 - Anny}
annymng12.jpg,62819,4dc905c6,\Pervs Corner\Gallery 01\06 - Anny\,{COPOP1~G03~06~06 - Anny}
annymng13.jpg,66663,ce0c0ac8,\Pervs Corner\Gallery 01\06 - Anny\,{COPOP1~G03~06~06 - Anny}
annymng14.jpg,64880,05f5fce1,\Pervs Corner\Gallery 01\06 - Anny\,{COPOP1~G03~06~06 - Anny}
annymng15.jpg,60145,e78abce1,\Pervs Corner\Gallery 01\06 - Anny\,{COPOP1~G03~06~06 - Anny}
annymng16.jpg,91264,62e9ff2b,\Pervs Corner\Gallery 01\06 - Anny\,{COPOP1~G03~06~06 - Anny}
annymng17.jpg,84885,79d31b81,\Pervs Corner\Gallery 01\06 - Anny\,{COPOP1~G03~06~06 - Anny}
gat01.jpg,76351,f80b7152,\Pervs Corner\Gallery 01\07 - Gat\,{COPOP1~G03~07~07 - Gat}
gat02.jpg,85284,3b85eda7,\Pervs Corner\Gallery 01\07 - Gat\,{COPOP1~G03~07~07 - Gat}
gat03.jpg,132626,1f4dd3e1,\Pervs Corner\Gallery 01\07 - Gat\,{COPOP1~G03~07~07 - Gat}
gat04.jpg,85652,be8da292,\Pervs Corner\Gallery 01\07 - Gat\,{COPOP1~G03~07~07 - Gat}
gat05.jpg,98137,8f52f532,\Pervs Corner\Gallery 01\07 - Gat\,{COPOP1~G03~07~07 - Gat}
gat06.jpg,161131,36beaa12,\Pervs Corner\Gallery 01\07 - Gat\,{COPOP1~G03~07~07 - Gat}
gat07.jpg,152964,55e809cd,\Pervs Corner\Gallery 01\07 - Gat\,{COPOP1~G03~07~07 - Gat}
gat08.jpg,152865,af882a80,\Pervs Corner\Gallery 01\07 - Gat\,{COPOP1~G03~07~07 - Gat}
gat09.jpg,165687,c06766fd,\Pervs Corner\Gallery 01\07 - Gat\,{COPOP1~G03~07~07 - Gat}
gat10.jpg,160474,9bb00993,\Pervs Corner\Gallery 01\07 - Gat\,{COPOP1~G03~07~07 - Gat}
gat11.jpg,162471,f20832ff,\Pervs Corner\Gallery 01\07 - Gat\,{COPOP1~G03~07~07 - Gat}
gat12.jpg,104633,7a582a4b,\Pervs Corner\Gallery 01\07 - Gat\,{COPOP1~G03~07~07 - Gat}
gat13.jpg,109123,4c83f113,\Pervs Corner\Gallery 01\07 - Gat\,{COPOP1~G03~07~07 - Gat}
gat14.jpg,155459,a917f099,\Pervs Corner\Gallery 01\07 - Gat\,{COPOP1~G03~07~07 - Gat}
gat15.jpg,143096,fbac6185,\Pervs Corner\Gallery 01\07 - Gat\,{COPOP1~G03~07~07 - Gat}
gat16.jpg,157204,adae47a5,\Pervs Corner\Gallery 01\07 - Gat\,{COPOP1~G03~07~07 - Gat}
gat17.jpg,141211,64a08af4,\Pervs Corner\Gallery 01\07 - Gat\,{COPOP1~G03~07~07 - Gat}
gat18.jpg,83657,ba943539,\Pervs Corner\Gallery 01\07 - Gat\,{COPOP1~G03~07~07 - Gat}
gat19.jpg,124655,051322d0,\Pervs Corner\Gallery 01\07 - Gat\,{COPOP1~G03~07~07 - Gat}
gat20.jpg,138222,d54562af,\Pervs Corner\Gallery 01\07 - Gat\,{COPOP1~G03~07~07 - Gat}
gat21.jpg,50890,3350f845,\Pervs Corner\Gallery 01\07 - Gat\,{COPOP1~G03~07~07 - Gat}
gat22.jpg,69817,5e62b291,\Pervs Corner\Gallery 01\07 - Gat\,{COPOP1~G03~07~07 - Gat}
gat23.jpg,72968,09cce176,\Pervs Corner\Gallery 01\07 - Gat\,{COPOP1~G03~07~07 - Gat}
gat24.jpg,63800,f5997ba8,\Pervs Corner\Gallery 01\07 - Gat\,{COPOP1~G03~07~07 - Gat}
gat25.jpg,64659,fe1b15ba,\Pervs Corner\Gallery 01\07 - Gat\,{COPOP1~G03~07~07 - Gat}
gat26.jpg,64649,26dd72b5,\Pervs Corner\Gallery 01\07 - Gat\,{COPOP1~G03~07~07 - Gat}
gat27.jpg,63089,917d2bae,\Pervs Corner\Gallery 01\07 - Gat\,{COPOP1~G03~07~07 - Gat}
alis01.jpg,65570,0173a169,\Pervs Corner\Gallery 01\08 - Alis\,{COPOP1~G03~08~08 - Alis}
alis02.jpg,69413,1a442f69,\Pervs Corner\Gallery 01\08 - Alis\,{COPOP1~G03~08~08 - Alis}
alis03.jpg,90776,d47478e2,\Pervs Corner\Gallery 01\08 - Alis\,{COPOP1~G03~08~08 - Alis}
alis04.jpg,68960,24e61c99,\Pervs Corner\Gallery 01\08 - Alis\,{COPOP1~G03~08~08 - Alis}
alis05.jpg,64164,ea3fb7b6,\Pervs Corner\Gallery 01\08 - Alis\,{COPOP1~G03~08~08 - Alis}
alis06.jpg,63733,93c65768,\Pervs Corner\Gallery 01\08 - Alis\,{COPOP1~G03~08~08 - Alis}
alis07.jpg,99603,d53d70a3,\Pervs Corner\Gallery 01\08 - Alis\,{COPOP1~G03~08~08 - Alis}
alis08.jpg,66351,f97d2846,\Pervs Corner\Gallery 01\08 - Alis\,{COPOP1~G03~08~08 - Alis}
alis09.jpg,62984,a21f5bea,\Pervs Corner\Gallery 01\08 - Alis\,{COPOP1~G03~08~08 - Alis}
alis10.jpg,86298,4f26b61c,\Pervs Corner\Gallery 01\08 - Alis\,{COPOP1~G03~08~08 - Alis}
alis11.jpg,94158,fa20cf0c,\Pervs Corner\Gallery 01\08 - Alis\,{COPOP1~G03~08~08 - Alis}
alis12.jpg,88378,ddbc9422,\Pervs Corner\Gallery 01\08 - Alis\,{COPOP1~G03~08~08 - Alis}
alis13.jpg,81141,9894989d,\Pervs Corner\Gallery 01\08 - Alis\,{COPOP1~G03~08~08 - Alis}
alis14.jpg,67616,541589b2,\Pervs Corner\Gallery 01\08 - Alis\,{COPOP1~G03~08~08 - Alis}
alis15.jpg,69494,f49f015f,\Pervs Corner\Gallery 01\08 - Alis\,{COPOP1~G03~08~08 - Alis}
alis16.jpg,57992,304de197,\Pervs Corner\Gallery 01\08 - Alis\,{COPOP1~G03~08~08 - Alis}
alis17.jpg,62159,981f5f87,\Pervs Corner\Gallery 01\08 - Alis\,{COPOP1~G03~08~08 - Alis}
alis18.jpg,60888,01b32a10,\Pervs Corner\Gallery 01\08 - Alis\,{COPOP1~G03~08~08 - Alis}
alis19.jpg,64141,266f9a88,\Pervs Corner\Gallery 01\08 - Alis\,{COPOP1~G03~08~08 - Alis}
alis20.jpg,70085,a289523f,\Pervs Corner\Gallery 01\08 - Alis\,{COPOP1~G03~08~08 - Alis}
alis21.jpg,49099,07362f7c,\Pervs Corner\Gallery 01\08 - Alis\,{COPOP1~G03~08~08 - Alis}
alis22.jpg,62312,4fbbf7ad,\Pervs Corner\Gallery 01\08 - Alis\,{COPOP1~G03~08~08 - Alis}
alis23.jpg,65084,8921f58d,\Pervs Corner\Gallery 01\08 - Alis\,{COPOP1~G03~08~08 - Alis}
alis24.jpg,51132,9699f462,\Pervs Corner\Gallery 01\08 - Alis\,{COPOP1~G03~08~08 - Alis}
alis25.jpg,54624,0f9d2aa9,\Pervs Corner\Gallery 01\08 - Alis\,{COPOP1~G03~08~08 - Alis}
anny01.jpg,101582,9ce58aae,\Pervs Corner\Gallery 02\01 - Anny\,{COPOP1~G03~01~01 - Anny}
anny02.jpg,75188,eaabc5f2,\Pervs Corner\Gallery 02\01 - Anny\,{COPOP1~G03~01~01 - Anny}
anny03.jpg,85691,4004cb65,\Pervs Corner\Gallery 02\01 - Anny\,{COPOP1~G03~01~01 - Anny}
anny04.jpg,77992,9a6a0e85,\Pervs Corner\Gallery 02\01 - Anny\,{COPOP1~G03~01~01 - Anny}
anny05.jpg,84766,0fee4162,\Pervs Corner\Gallery 02\01 - Anny\,{COPOP1~G03~01~01 - Anny}
anny06.jpg,84636,cbc40182,\Pervs Corner\Gallery 02\01 - Anny\,{COPOP1~G03~01~01 - Anny}
anny07.jpg,76819,7c6a1e0f,\Pervs Corner\Gallery 02\01 - Anny\,{COPOP1~G03~01~01 - Anny}
anny08.jpg,107091,f1e0df87,\Pervs Corner\Gallery 02\01 - Anny\,{COPOP1~G03~01~01 - Anny}
anny09.jpg,80457,d60feef6,\Pervs Corner\Gallery 02\01 - Anny\,{COPOP1~G03~01~01 - Anny}
anny10.jpg,80856,9d1a68de,\Pervs Corner\Gallery 02\01 - Anny\,{COPOP1~G03~01~01 - Anny}
anny11.jpg,80711,a8a0164e,\Pervs Corner\Gallery 02\01 - Anny\,{COPOP1~G03~01~01 - Anny}
anny12.jpg,83121,30d3e05b,\Pervs Corner\Gallery 02\01 - Anny\,{COPOP1~G03~01~01 - Anny}
anny13.jpg,78019,f2e7caaf,\Pervs Corner\Gallery 02\01 - Anny\,{COPOP1~G03~01~01 - Anny}
anny14.jpg,76992,157eaec7,\Pervs Corner\Gallery 02\01 - Anny\,{COPOP1~G03~01~01 - Anny}
anny15.jpg,103338,07c36736,\Pervs Corner\Gallery 02\01 - Anny\,{COPOP1~G03~01~01 - Anny}
anny16.jpg,72678,c30b14c5,\Pervs Corner\Gallery 02\01 - Anny\,{COPOP1~G03~01~01 - Anny}
anny17.jpg,75999,0653ebed,\Pervs Corner\Gallery 02\01 - Anny\,{COPOP1~G03~01~01 - Anny}
anny18.jpg,79492,be3a1b06,\Pervs Corner\Gallery 02\01 - Anny\,{COPOP1~G03~01~01 - Anny}
anny19.jpg,89259,a2943de4,\Pervs Corner\Gallery 02\01 - Anny\,{COPOP1~G03~01~01 - Anny}
anny20.jpg,69180,9aab2ed1,\Pervs Corner\Gallery 02\01 - Anny\,{COPOP1~G03~01~01 - Anny}
anny21.jpg,66754,dcaae306,\Pervs Corner\Gallery 02\01 - Anny\,{COPOP1~G03~01~01 - Anny}
anny22.jpg,70301,ad4dd7cd,\Pervs Corner\Gallery 02\01 - Anny\,{COPOP1~G03~01~01 - Anny}
anny23.jpg,65225,610201f1,\Pervs Corner\Gallery 02\01 - Anny\,{COPOP1~G03~01~01 - Anny}
anny24.jpg,78426,302612fd,\Pervs Corner\Gallery 02\01 - Anny\,{COPOP1~G03~01~01 - Anny}
anny25.jpg,76229,2ec40e4c,\Pervs Corner\Gallery 02\01 - Anny\,{COPOP1~G03~01~01 - Anny}
anny26.jpg,85201,65ec92f3,\Pervs Corner\Gallery 02\01 - Anny\,{COPOP1~G03~01~01 - Anny}
anny27.jpg,69158,6aff9007,\Pervs Corner\Gallery 02\01 - Anny\,{COPOP1~G03~01~01 - Anny}
anny28.jpg,59326,48053d8d,\Pervs Corner\Gallery 02\01 - Anny\,{COPOP1~G03~01~01 - Anny}
anny29.jpg,71577,f1deaf48,\Pervs Corner\Gallery 02\01 - Anny\,{COPOP1~G03~01~01 - Anny}
anny30.jpg,66542,2722599c,\Pervs Corner\Gallery 02\01 - Anny\,{COPOP1~G03~01~01 - Anny}
anny31.jpg,65696,26a98841,\Pervs Corner\Gallery 02\01 - Anny\,{COPOP1~G03~01~01 - Anny}
anny32.jpg,58734,857f8a53,\Pervs Corner\Gallery 02\01 - Anny\,{COPOP1~G03~01~01 - Anny}
anny33.jpg,57902,295af986,\Pervs Corner\Gallery 02\01 - Anny\,{COPOP1~G03~01~01 - Anny}
anny34.jpg,62021,aa9a2c4a,\Pervs Corner\Gallery 02\01 - Anny\,{COPOP1~G03~01~01 - Anny}
anny35.jpg,59221,e414c839,\Pervs Corner\Gallery 02\01 - Anny\,{COPOP1~G03~01~01 - Anny}
anny36.jpg,49548,2d9995f4,\Pervs Corner\Gallery 02\01 - Anny\,{COPOP1~G03~01~01 - Anny}
anny37.jpg,48862,b4d42d13,\Pervs Corner\Gallery 02\01 - Anny\,{COPOP1~G03~01~01 - Anny}
anny38.jpg,64696,efc06a24,\Pervs Corner\Gallery 02\01 - Anny\,{COPOP1~G03~01~01 - Anny}
fiat01.jpg,79030,7dce7487,\Pervs Corner\Gallery 02\02 - Fiat\,{COPOP1~G03~02~02 - Fiat}
fiat01t.jpg,2981,40406a73,\Pervs Corner\Gallery 02\02 - Fiat\,{COPOP1~G03~02~02 - Fiat}
fiat02.jpg,90234,f4d76827,\Pervs Corner\Gallery 02\02 - Fiat\,{COPOP1~G03~02~02 - Fiat}
fiat02t.jpg,2994,81bbd815,\Pervs Corner\Gallery 02\02 - Fiat\,{COPOP1~G03~02~02 - Fiat}
fiat03.jpg,90339,071f3548,\Pervs Corner\Gallery 02\02 - Fiat\,{COPOP1~G03~02~02 - Fiat}
fiat03t.jpg,2434,04bdb5ff,\Pervs Corner\Gallery 02\02 - Fiat\,{COPOP1~G03~02~02 - Fiat}
fiat04.jpg,62502,105e7f7b,\Pervs Corner\Gallery 02\02 - Fiat\,{COPOP1~G03~02~02 - Fiat}
fiat04t.jpg,2740,55deb201,\Pervs Corner\Gallery 02\02 - Fiat\,{COPOP1~G03~02~02 - Fiat}
fiat05.jpg,70404,45e9156a,\Pervs Corner\Gallery 02\02 - Fiat\,{COPOP1~G03~02~02 - Fiat}
fiat05t.jpg,3027,e0a8f6e9,\Pervs Corner\Gallery 02\02 - Fiat\,{COPOP1~G03~02~02 - Fiat}
fiat06.jpg,62048,a5eac0e0,\Pervs Corner\Gallery 02\02 - Fiat\,{COPOP1~G03~02~02 - Fiat}
fiat06t.jpg,2736,bfadb8f1,\Pervs Corner\Gallery 02\02 - Fiat\,{COPOP1~G03~02~02 - Fiat}
fiat07t.jpg,2523,b27d96c4,\Pervs Corner\Gallery 02\02 - Fiat\,{COPOP1~G03~02~02 - Fiat}
fiat08.jpg,66202,e4e838e5,\Pervs Corner\Gallery 02\02 - Fiat\,{COPOP1~G03~02~02 - Fiat}
fiat08t.jpg,2913,1c0065ef,\Pervs Corner\Gallery 02\02 - Fiat\,{COPOP1~G03~02~02 - Fiat}
fiat09.jpg,57443,28d97077,\Pervs Corner\Gallery 02\02 - Fiat\,{COPOP1~G03~02~02 - Fiat}
fiat09t.jpg,2684,33b7f46d,\Pervs Corner\Gallery 02\02 - Fiat\,{COPOP1~G03~02~02 - Fiat}
fiat10t.jpg,3666,c06a6143,\Pervs Corner\Gallery 02\02 - Fiat\,{COPOP1~G03~02~02 - Fiat}
fiat11t.jpg,3675,9fda7c18,\Pervs Corner\Gallery 02\02 - Fiat\,{COPOP1~G03~02~02 - Fiat}
fiat12t.jpg,3382,cc9394ba,\Pervs Corner\Gallery 02\02 - Fiat\,{COPOP1~G03~02~02 - Fiat}
fiat13.jpg,100903,b75ee714,\Pervs Corner\Gallery 02\02 - Fiat\,{COPOP1~G03~02~02 - Fiat}
fiat13t.jpg,3616,5d5afb0c,\Pervs Corner\Gallery 02\02 - Fiat\,{COPOP1~G03~02~02 - Fiat}
fiat14.jpg,83207,6a24d8f4,\Pervs Corner\Gallery 02\02 - Fiat\,{COPOP1~G03~02~02 - Fiat}
fiat14t.jpg,2881,eb18a36a,\Pervs Corner\Gallery 02\02 - Fiat\,{COPOP1~G03~02~02 - Fiat}
fiat15.jpg,124334,c3e2ffb6,\Pervs Corner\Gallery 02\02 - Fiat\,{COPOP1~G03~02~02 - Fiat}
fiat15t.jpg,3759,70183fb4,\Pervs Corner\Gallery 02\02 - Fiat\,{COPOP1~G03~02~02 - Fiat}
fiat16.jpg,86112,bed005b7,\Pervs Corner\Gallery 02\02 - Fiat\,{COPOP1~G03~02~02 - Fiat}
fiat16t.jpg,3265,8e077fe5,\Pervs Corner\Gallery 02\02 - Fiat\,{COPOP1~G03~02~02 - Fiat}
fiat17t.jpg,3183,fb74381c,\Pervs Corner\Gallery 02\02 - Fiat\,{COPOP1~G03~02~02 - Fiat}
fiat18t.jpg,3258,85e901da,\Pervs Corner\Gallery 02\02 - Fiat\,{COPOP1~G03~02~02 - Fiat}
fiat19t.jpg,2922,a91816d6,\Pervs Corner\Gallery 02\02 - Fiat\,{COPOP1~G03~02~02 - Fiat}
fiat20.jpg,62756,281c3a30,\Pervs Corner\Gallery 02\02 - Fiat\,{COPOP1~G03~02~02 - Fiat}
fiat20t.jpg,2771,07ebc6cc,\Pervs Corner\Gallery 02\02 - Fiat\,{COPOP1~G03~02~02 - Fiat}
fiat21.jpg,62426,7a763b2f,\Pervs Corner\Gallery 02\02 - Fiat\,{COPOP1~G03~02~02 - Fiat}
fiat21t.jpg,2529,09ff85a9,\Pervs Corner\Gallery 02\02 - Fiat\,{COPOP1~G03~02~02 - Fiat}
fiat22.jpg,111390,1c8eb047,\Pervs Corner\Gallery 02\02 - Fiat\,{COPOP1~G03~02~02 - Fiat}
fiat22t.jpg,3848,3a037954,\Pervs Corner\Gallery 02\02 - Fiat\,{COPOP1~G03~02~02 - Fiat}
fiat23.jpg,108309,3a823211,\Pervs Corner\Gallery 02\02 - Fiat\,{COPOP1~G03~02~02 - Fiat}
fiat23t.jpg,3903,e4944ab3,\Pervs Corner\Gallery 02\02 - Fiat\,{COPOP1~G03~02~02 - Fiat}
fiat24.jpg,69274,59444fc6,\Pervs Corner\Gallery 02\02 - Fiat\,{COPOP1~G03~02~02 - Fiat}
fiat24t.jpg,2618,f626677a,\Pervs Corner\Gallery 02\02 - Fiat\,{COPOP1~G03~02~02 - Fiat}
fiat25.jpg,90504,504f4943,\Pervs Corner\Gallery 02\02 - Fiat\,{COPOP1~G03~02~02 - Fiat}
fiat25t.jpg,3377,b833432a,\Pervs Corner\Gallery 02\02 - Fiat\,{COPOP1~G03~02~02 - Fiat}
fiat26.jpg,91510,0ab244eb,\Pervs Corner\Gallery 02\02 - Fiat\,{COPOP1~G03~02~02 - Fiat}
fiat26t.jpg,3394,337cdfc1,\Pervs Corner\Gallery 02\02 - Fiat\,{COPOP1~G03~02~02 - Fiat}
fiat27.jpg,77667,c32f05bd,\Pervs Corner\Gallery 02\02 - Fiat\,{COPOP1~G03~02~02 - Fiat}
fiat27t.jpg,2636,7c4b61dd,\Pervs Corner\Gallery 02\02 - Fiat\,{COPOP1~G03~02~02 - Fiat}
fiat28.jpg,102240,3a669d1b,\Pervs Corner\Gallery 02\02 - Fiat\,{COPOP1~G03~02~02 - Fiat}
fiat28t.jpg,3758,cce993c7,\Pervs Corner\Gallery 02\02 - Fiat\,{COPOP1~G03~02~02 - Fiat}
fiat29.jpg,103334,3399671e,\Pervs Corner\Gallery 02\02 - Fiat\,{COPOP1~G03~02~02 - Fiat}
fiat29t.jpg,3742,34394b92,\Pervs Corner\Gallery 02\02 - Fiat\,{COPOP1~G03~02~02 - Fiat}
fiat30.jpg,96319,073693ac,\Pervs Corner\Gallery 02\02 - Fiat\,{COPOP1~G03~02~02 - Fiat}
fiat30t.jpg,3773,2159e67c,\Pervs Corner\Gallery 02\02 - Fiat\,{COPOP1~G03~02~02 - Fiat}
fiat31.jpg,100362,daadf7c2,\Pervs Corner\Gallery 02\02 - Fiat\,{COPOP1~G03~02~02 - Fiat}
fiat31t.jpg,3796,4563fb37,\Pervs Corner\Gallery 02\02 - Fiat\,{COPOP1~G03~02~02 - Fiat}
mimi01.jpg,66265,0456e589,\Pervs Corner\Gallery 02\03 - Mimi\,{COPOP1~G03~03~03 - Mimi}
mimi02.jpg,63925,90bf2dd0,\Pervs Corner\Gallery 02\03 - Mimi\,{COPOP1~G03~03~03 - Mimi}
mimi03.jpg,64824,4ef63a6b,\Pervs Corner\Gallery 02\03 - Mimi\,{COPOP1~G03~03~03 - Mimi}
mimi04.jpg,62121,88ba3d17,\Pervs Corner\Gallery 02\03 - Mimi\,{COPOP1~G03~03~03 - Mimi}
mimi05.jpg,72979,5dc3e6ee,\Pervs Corner\Gallery 02\03 - Mimi\,{COPOP1~G03~03~03 - Mimi}
mimi06.jpg,77003,78cd3200,\Pervs Corner\Gallery 02\03 - Mimi\,{COPOP1~G03~03~03 - Mimi}
mimi07.jpg,69251,a007e6d2,\Pervs Corner\Gallery 02\03 - Mimi\,{COPOP1~G03~03~03 - Mimi}
mimi08.jpg,70880,acc7e958,\Pervs Corner\Gallery 02\03 - Mimi\,{COPOP1~G03~03~03 - Mimi}
mimi09.jpg,73817,889dff8d,\Pervs Corner\Gallery 02\03 - Mimi\,{COPOP1~G03~03~03 - Mimi}
mimi10.jpg,96128,6ea5b854,\Pervs Corner\Gallery 02\03 - Mimi\,{COPOP1~G03~03~03 - Mimi}
mimi11.jpg,68105,03918102,\Pervs Corner\Gallery 02\03 - Mimi\,{COPOP1~G03~03~03 - Mimi}
mimi12.jpg,67573,e6b43252,\Pervs Corner\Gallery 02\03 - Mimi\,{COPOP1~G03~03~03 - Mimi}
mimi13.jpg,77862,b266bdbb,\Pervs Corner\Gallery 02\03 - Mimi\,{COPOP1~G03~03~03 - Mimi}
mimi14.jpg,73160,639a4d20,\Pervs Corner\Gallery 02\03 - Mimi\,{COPOP1~G03~03~03 - Mimi}
mimi15.jpg,75434,9f82fee8,\Pervs Corner\Gallery 02\03 - Mimi\,{COPOP1~G03~03~03 - Mimi}
mimi16.jpg,77012,8d9f026f,\Pervs Corner\Gallery 02\03 - Mimi\,{COPOP1~G03~03~03 - Mimi}
mimi17.jpg,69080,60b1828d,\Pervs Corner\Gallery 02\03 - Mimi\,{COPOP1~G03~03~03 - Mimi}
mimi18.jpg,88715,58f26883,\Pervs Corner\Gallery 02\03 - Mimi\,{COPOP1~G03~03~03 - Mimi}
mimi19.jpg,79861,bbaf7c99,\Pervs Corner\Gallery 02\03 - Mimi\,{COPOP1~G03~03~03 - Mimi}
mimi20.jpg,72023,1b8feb4d,\Pervs Corner\Gallery 02\03 - Mimi\,{COPOP1~G03~03~03 - Mimi}
mimi21.jpg,67177,ab7436e5,\Pervs Corner\Gallery 02\03 - Mimi\,{COPOP1~G03~03~03 - Mimi}
mimi22.jpg,71119,1f5fac23,\Pervs Corner\Gallery 02\03 - Mimi\,{COPOP1~G03~03~03 - Mimi}
mimi23.jpg,70034,946c2238,\Pervs Corner\Gallery 02\03 - Mimi\,{COPOP1~G03~03~03 - Mimi}
mimi24.jpg,75845,c79c55b1,\Pervs Corner\Gallery 02\03 - Mimi\,{COPOP1~G03~03~03 - Mimi}
mimi25.jpg,68391,9f10875d,\Pervs Corner\Gallery 02\03 - Mimi\,{COPOP1~G03~03~03 - Mimi}
mimi26.jpg,58434,ec5f3e36,\Pervs Corner\Gallery 02\03 - Mimi\,{COPOP1~G03~03~03 - Mimi}
mimi27.jpg,70327,7f1aad9a,\Pervs Corner\Gallery 02\03 - Mimi\,{COPOP1~G03~03~03 - Mimi}
angie01.jpg,82175,7ee65d69,\Pervs Corner\Gallery 02\04 - Angie\,{COPOP1~G03~04~04 - Angie}
angie02.jpg,83091,45e8a99d,\Pervs Corner\Gallery 02\04 - Angie\,{COPOP1~G03~04~04 - Angie}
angie03.jpg,88803,1d73c09c,\Pervs Corner\Gallery 02\04 - Angie\,{COPOP1~G03~04~04 - Angie}
angie04.jpg,80130,5b82754e,\Pervs Corner\Gallery 02\04 - Angie\,{COPOP1~G03~04~04 - Angie}
angie05.jpg,103365,f6de50b1,\Pervs Corner\Gallery 02\04 - Angie\,{COPOP1~G03~04~04 - Angie}
angie06.jpg,106988,9ed1ccaa,\Pervs Corner\Gallery 02\04 - Angie\,{COPOP1~G03~04~04 - Angie}
angie07.jpg,94129,4a4336aa,\Pervs Corner\Gallery 02\04 - Angie\,{COPOP1~G03~04~04 - Angie}
angie08.jpg,89958,dd1899b7,\Pervs Corner\Gallery 02\04 - Angie\,{COPOP1~G03~04~04 - Angie}
angie09.jpg,113445,7f98198a,\Pervs Corner\Gallery 02\04 - Angie\,{COPOP1~G03~04~04 - Angie}
angie10.jpg,112060,0232b466,\Pervs Corner\Gallery 02\04 - Angie\,{COPOP1~G03~04~04 - Angie}
angie11.jpg,126525,a42c63cf,\Pervs Corner\Gallery 02\04 - Angie\,{COPOP1~G03~04~04 - Angie}
angie12.jpg,126811,0c02697f,\Pervs Corner\Gallery 02\04 - Angie\,{COPOP1~G03~04~04 - Angie}
angie13.jpg,123371,d97e6a7d,\Pervs Corner\Gallery 02\04 - Angie\,{COPOP1~G03~04~04 - Angie}
angie14.jpg,116242,f141b343,\Pervs Corner\Gallery 02\04 - Angie\,{COPOP1~G03~04~04 - Angie}
angie15.jpg,117632,669c91fb,\Pervs Corner\Gallery 02\04 - Angie\,{COPOP1~G03~04~04 - Angie}
angie16.jpg,113922,c6d24723,\Pervs Corner\Gallery 02\04 - Angie\,{COPOP1~G03~04~04 - Angie}
angie17.jpg,112615,8bb0b22d,\Pervs Corner\Gallery 02\04 - Angie\,{COPOP1~G03~04~04 - Angie}
angie18.jpg,105825,eebd25e7,\Pervs Corner\Gallery 02\04 - Angie\,{COPOP1~G03~04~04 - Angie}
angie19.jpg,105015,8e137234,\Pervs Corner\Gallery 02\04 - Angie\,{COPOP1~G03~04~04 - Angie}
rachel01.jpg,155732,84be944e,\Pervs Corner\Gallery 02\05 - Rachel\,{COPOP1~G03~05~05 - Rachel}
rachel02.jpg,157118,a0bbea31,\Pervs Corner\Gallery 02\05 - Rachel\,{COPOP1~G03~05~05 - Rachel}
rachel03.jpg,151995,37d3f045,\Pervs Corner\Gallery 02\05 - Rachel\,{COPOP1~G03~05~05 - Rachel}
rachel04.jpg,97867,9fe1a819,\Pervs Corner\Gallery 02\05 - Rachel\,{COPOP1~G03~05~05 - Rachel}
rachel05.jpg,101081,4688df50,\Pervs Corner\Gallery 02\05 - Rachel\,{COPOP1~G03~05~05 - Rachel}
rachel06.jpg,145440,4c130a6f,\Pervs Corner\Gallery 02\05 - Rachel\,{COPOP1~G03~05~05 - Rachel}
rachel07.jpg,137885,29a22b3f,\Pervs Corner\Gallery 02\05 - Rachel\,{COPOP1~G03~05~05 - Rachel}
rachel08.jpg,90739,36bb7d5d,\Pervs Corner\Gallery 02\05 - Rachel\,{COPOP1~G03~05~05 - Rachel}
rachel09.jpg,128976,b6a19d16,\Pervs Corner\Gallery 02\05 - Rachel\,{COPOP1~G03~05~05 - Rachel}
rachel10.jpg,142654,efa15b76,\Pervs Corner\Gallery 02\05 - Rachel\,{COPOP1~G03~05~05 - Rachel}
rachel11.jpg,160294,9abb306c,\Pervs Corner\Gallery 02\05 - Rachel\,{COPOP1~G03~05~05 - Rachel}
rachel12.jpg,131294,329862f9,\Pervs Corner\Gallery 02\05 - Rachel\,{COPOP1~G03~05~05 - Rachel}
rachel13.jpg,159749,1c020cbc,\Pervs Corner\Gallery 02\05 - Rachel\,{COPOP1~G03~05~05 - Rachel}
rachel14.jpg,165762,c03e28e0,\Pervs Corner\Gallery 02\05 - Rachel\,{COPOP1~G03~05~05 - Rachel}
rachel15.jpg,105395,d7c37771,\Pervs Corner\Gallery 02\05 - Rachel\,{COPOP1~G03~05~05 - Rachel}
rachel16.jpg,115431,3e74065a,\Pervs Corner\Gallery 02\05 - Rachel\,{COPOP1~G03~05~05 - Rachel}
rachel17.jpg,106540,d558cd4b,\Pervs Corner\Gallery 02\05 - Rachel\,{COPOP1~G03~05~05 - Rachel}
rachel18.jpg,97689,7a2974ac,\Pervs Corner\Gallery 02\05 - Rachel\,{COPOP1~G03~05~05 - Rachel}
rachel19.jpg,152118,3d816472,\Pervs Corner\Gallery 02\05 - Rachel\,{COPOP1~G03~05~05 - Rachel}
rachel20.jpg,138821,5679fe31,\Pervs Corner\Gallery 02\05 - Rachel\,{COPOP1~G03~05~05 - Rachel}
rachel21.jpg,146325,435dffc0,\Pervs Corner\Gallery 02\05 - Rachel\,{COPOP1~G03~05~05 - Rachel}
rachel22.jpg,111935,28db29f0,\Pervs Corner\Gallery 02\05 - Rachel\,{COPOP1~G03~05~05 - Rachel}
ob01.jpg,79650,ff591950,\Pervs Corner\Gallery 02\06 - Ob\,{COPOP1~G03~06~06 - Ob}
ob02.jpg,76930,aebb0a57,\Pervs Corner\Gallery 02\06 - Ob\,{COPOP1~G03~06~06 - Ob}
ob03.jpg,126634,96995b62,\Pervs Corner\Gallery 02\06 - Ob\,{COPOP1~G03~06~06 - Ob}
ob04.jpg,83886,e4245078,\Pervs Corner\Gallery 02\06 - Ob\,{COPOP1~G03~06~06 - Ob}
ob05.jpg,102235,e0552bae,\Pervs Corner\Gallery 02\06 - Ob\,{COPOP1~G03~06~06 - Ob}
ob06.jpg,136312,dd2b9448,\Pervs Corner\Gallery 02\06 - Ob\,{COPOP1~G03~06~06 - Ob}
ob07.jpg,82492,cbeba82a,\Pervs Corner\Gallery 02\06 - Ob\,{COPOP1~G03~06~06 - Ob}
ob08.jpg,85172,1f2cc80b,\Pervs Corner\Gallery 02\06 - Ob\,{COPOP1~G03~06~06 - Ob}
ob09.jpg,84370,bd9211b6,\Pervs Corner\Gallery 02\06 - Ob\,{COPOP1~G03~06~06 - Ob}
ob10.jpg,71742,ea23386e,\Pervs Corner\Gallery 02\06 - Ob\,{COPOP1~G03~06~06 - Ob}
ob11.jpg,70569,bb421e70,\Pervs Corner\Gallery 02\06 - Ob\,{COPOP1~G03~06~06 - Ob}
ob12.jpg,77055,3ee3bd8d,\Pervs Corner\Gallery 02\06 - Ob\,{COPOP1~G03~06~06 - Ob}
ob13.jpg,81528,ba16c01c,\Pervs Corner\Gallery 02\06 - Ob\,{COPOP1~G03~06~06 - Ob}
ob14.jpg,79200,7cf739a5,\Pervs Corner\Gallery 02\06 - Ob\,{COPOP1~G03~06~06 - Ob}
ob15.jpg,81421,cf9ad148,\Pervs Corner\Gallery 02\06 - Ob\,{COPOP1~G03~06~06 - Ob}
ob16.jpg,85346,75d8b799,\Pervs Corner\Gallery 02\06 - Ob\,{COPOP1~G03~06~06 - Ob}
ob17.jpg,86471,69514908,\Pervs Corner\Gallery 02\06 - Ob\,{COPOP1~G03~06~06 - Ob}
ob18.jpg,78182,bf26e308,\Pervs Corner\Gallery 02\06 - Ob\,{COPOP1~G03~06~06 - Ob}
ob19.jpg,84199,736a752d,\Pervs Corner\Gallery 02\06 - Ob\,{COPOP1~G03~06~06 - Ob}
ob20.jpg,71131,6ca5b2d9,\Pervs Corner\Gallery 02\06 - Ob\,{COPOP1~G03~06~06 - Ob}
ob21.jpg,75170,3f8542ad,\Pervs Corner\Gallery 02\06 - Ob\,{COPOP1~G03~06~06 - Ob}
ob22.jpg,56079,ffc35055,\Pervs Corner\Gallery 02\06 - Ob\,{COPOP1~G03~06~06 - Ob}
ob23.jpg,86748,d8321213,\Pervs Corner\Gallery 02\06 - Ob\,{COPOP1~G03~06~06 - Ob}
grace01.jpg,133453,7a10b104,\Pervs Corner\Gallery 02\07 - Grace\,{COPOP1~G03~07~07 - Grace}
grace02.jpg,135281,cb0faf32,\Pervs Corner\Gallery 02\07 - Grace\,{COPOP1~G03~07~07 - Grace}
grace03.jpg,148795,41c0d34a,\Pervs Corner\Gallery 02\07 - Grace\,{COPOP1~G03~07~07 - Grace}
grace04.jpg,112588,3479a98d,\Pervs Corner\Gallery 02\07 - Grace\,{COPOP1~G03~07~07 - Grace}
grace05.jpg,112255,6e74dfb3,\Pervs Corner\Gallery 02\07 - Grace\,{COPOP1~G03~07~07 - Grace}
grace06.jpg,101883,71dfb2ef,\Pervs Corner\Gallery 02\07 - Grace\,{COPOP1~G03~07~07 - Grace}
grace07.jpg,109479,507fab72,\Pervs Corner\Gallery 02\07 - Grace\,{COPOP1~G03~07~07 - Grace}
grace08.jpg,112099,1381557a,\Pervs Corner\Gallery 02\07 - Grace\,{COPOP1~G03~07~07 - Grace}
grace09.jpg,130019,41acf597,\Pervs Corner\Gallery 02\07 - Grace\,{COPOP1~G03~07~07 - Grace}
grace10.jpg,129866,745b0f76,\Pervs Corner\Gallery 02\07 - Grace\,{COPOP1~G03~07~07 - Grace}
grace11.jpg,125448,c296ac32,\Pervs Corner\Gallery 02\07 - Grace\,{COPOP1~G03~07~07 - Grace}
grace12.jpg,125463,ae989908,\Pervs Corner\Gallery 02\07 - Grace\,{COPOP1~G03~07~07 - Grace}
grace13.jpg,119320,c2e22111,\Pervs Corner\Gallery 02\07 - Grace\,{COPOP1~G03~07~07 - Grace}
grace14.jpg,118166,07e0e3a8,\Pervs Corner\Gallery 02\07 - Grace\,{COPOP1~G03~07~07 - Grace}
grace15.jpg,119362,ef3fb13f,\Pervs Corner\Gallery 02\07 - Grace\,{COPOP1~G03~07~07 - Grace}
grace16.jpg,92123,7133a7a8,\Pervs Corner\Gallery 02\07 - Grace\,{COPOP1~G03~07~07 - Grace}
grace17.jpg,112995,8e31c22a,\Pervs Corner\Gallery 02\07 - Grace\,{COPOP1~G03~07~07 - Grace}
grace18.jpg,93184,2db52645,\Pervs Corner\Gallery 02\07 - Grace\,{COPOP1~G03~07~07 - Grace}
grace19.jpg,122674,f9393f05,\Pervs Corner\Gallery 02\07 - Grace\,{COPOP1~G03~07~07 - Grace}
grace20.jpg,129289,9a756ad2,\Pervs Corner\Gallery 02\07 - Grace\,{COPOP1~G03~07~07 - Grace}
grace21.jpg,128269,c60e6741,\Pervs Corner\Gallery 02\07 - Grace\,{COPOP1~G03~07~07 - Grace}
grace22.jpg,120744,4080ccac,\Pervs Corner\Gallery 02\07 - Grace\,{COPOP1~G03~07~07 - Grace}
grace23.jpg,139616,14610f9b,\Pervs Corner\Gallery 02\07 - Grace\,{COPOP1~G03~07~07 - Grace}
grace24.jpg,141381,fa834fc5,\Pervs Corner\Gallery 02\07 - Grace\,{COPOP1~G03~07~07 - Grace}
grace25.jpg,133040,44ce966b,\Pervs Corner\Gallery 02\07 - Grace\,{COPOP1~G03~07~07 - Grace}
grace26.jpg,119275,547ecd2f,\Pervs Corner\Gallery 02\07 - Grace\,{COPOP1~G03~07~07 - Grace}
grace27.jpg,103745,ad2170fd,\Pervs Corner\Gallery 02\07 - Grace\,{COPOP1~G03~07~07 - Grace}
grace28.jpg,102107,e5c7de08,\Pervs Corner\Gallery 02\07 - Grace\,{COPOP1~G03~07~07 - Grace}
grace29.jpg,102508,73fbac99,\Pervs Corner\Gallery 02\07 - Grace\,{COPOP1~G03~07~07 - Grace}
paulapc01.jpg,102977,6f508456,\Pervs Corner\Gallery 02\08 - Paula\,{COPOP1~G03~08~08 - Paula}
paulapc02.jpg,107469,8b3115eb,\Pervs Corner\Gallery 02\08 - Paula\,{COPOP1~G03~08~08 - Paula}
paulapc03.jpg,104468,60f58e1f,\Pervs Corner\Gallery 02\08 - Paula\,{COPOP1~G03~08~08 - Paula}
paulapc04.jpg,87210,d00ff2f3,\Pervs Corner\Gallery 02\08 - Paula\,{COPOP1~G03~08~08 - Paula}
paulapc05.jpg,88269,782c394a,\Pervs Corner\Gallery 02\08 - Paula\,{COPOP1~G03~08~08 - Paula}
paulapc06.jpg,87659,811034de,\Pervs Corner\Gallery 02\08 - Paula\,{COPOP1~G03~08~08 - Paula}
paulapc07.jpg,87024,40d479aa,\Pervs Corner\Gallery 02\08 - Paula\,{COPOP1~G03~08~08 - Paula}
paulapc08.jpg,101007,71a92055,\Pervs Corner\Gallery 02\08 - Paula\,{COPOP1~G03~08~08 - Paula}
paulapc09.jpg,91731,c479aa52,\Pervs Corner\Gallery 02\08 - Paula\,{COPOP1~G03~08~08 - Paula}
paulapc10.jpg,100855,df57f6e5,\Pervs Corner\Gallery 02\08 - Paula\,{COPOP1~G03~08~08 - Paula}
paulapc11.jpg,92523,b77d8e69,\Pervs Corner\Gallery 02\08 - Paula\,{COPOP1~G03~08~08 - Paula}
paulapc12.jpg,101543,24915822,\Pervs Corner\Gallery 02\08 - Paula\,{COPOP1~G03~08~08 - Paula}
paulapc13.jpg,108226,77593fbe,\Pervs Corner\Gallery 02\08 - Paula\,{COPOP1~G03~08~08 - Paula}
paulapc14.jpg,98220,a79f50d3,\Pervs Corner\Gallery 02\08 - Paula\,{COPOP1~G03~08~08 - Paula}
paulapc15.jpg,102190,b9af64ab,\Pervs Corner\Gallery 02\08 - Paula\,{COPOP1~G03~08~08 - Paula}
paulapc16.jpg,102607,83169e83,\Pervs Corner\Gallery 02\08 - Paula\,{COPOP1~G03~08~08 - Paula}
paulapc17.jpg,105002,0fa56018,\Pervs Corner\Gallery 02\08 - Paula\,{COPOP1~G03~08~08 - Paula}
paulapc18.jpg,109459,4ce07049,\Pervs Corner\Gallery 02\08 - Paula\,{COPOP1~G03~08~08 - Paula}
paulapc19.jpg,121136,ac0d2927,\Pervs Corner\Gallery 02\08 - Paula\,{COPOP1~G03~08~08 - Paula}
paulapc20.jpg,109408,c90f6b86,\Pervs Corner\Gallery 02\08 - Paula\,{COPOP1~G03~08~08 - Paula}
paulapc21.jpg,99319,960c90ce,\Pervs Corner\Gallery 02\08 - Paula\,{COPOP1~G03~08~08 - Paula}
paulapc22.jpg,100308,689ca0f9,\Pervs Corner\Gallery 02\08 - Paula\,{COPOP1~G03~08~08 - Paula}
paulapc23.jpg,110469,ee7a7f33,\Pervs Corner\Gallery 02\08 - Paula\,{COPOP1~G03~08~08 - Paula}
paulapc24.jpg,105123,59c83c37,\Pervs Corner\Gallery 02\08 - Paula\,{COPOP1~G03~08~08 - Paula}
paulapc25.jpg,110168,f24c22fe,\Pervs Corner\Gallery 02\08 - Paula\,{COPOP1~G03~08~08 - Paula}
talishapc01.jpg,132795,bef3c58d,\Pervs Corner\Gallery 03\01 - Talisha\,{COPOP1~G03~01~01 - Talisha}
talishapc02.jpg,154358,974343ad,\Pervs Corner\Gallery 03\01 - Talisha\,{COPOP1~G03~01~01 - Talisha}
talishapc03.jpg,132558,cb28e633,\Pervs Corner\Gallery 03\01 - Talisha\,{COPOP1~G03~01~01 - Talisha}
talishapc04.jpg,119359,66ef72bf,\Pervs Corner\Gallery 03\01 - Talisha\,{COPOP1~G03~01~01 - Talisha}
talishapc05.jpg,104105,1c8d89ed,\Pervs Corner\Gallery 03\01 - Talisha\,{COPOP1~G03~01~01 - Talisha}
talishapc06.jpg,121515,89a08028,\Pervs Corner\Gallery 03\01 - Talisha\,{COPOP1~G03~01~01 - Talisha}
talishapc07.jpg,129578,c2e1df16,\Pervs Corner\Gallery 03\01 - Talisha\,{COPOP1~G03~01~01 - Talisha}
talishapc08.jpg,88642,77850f6d,\Pervs Corner\Gallery 03\01 - Talisha\,{COPOP1~G03~01~01 - Talisha}
talishapc09.jpg,160169,3fbfd1b1,\Pervs Corner\Gallery 03\01 - Talisha\,{COPOP1~G03~01~01 - Talisha}
talishapc10.jpg,150283,e69ca7e9,\Pervs Corner\Gallery 03\01 - Talisha\,{COPOP1~G03~01~01 - Talisha}
talishapc11.jpg,96496,d8f3ed49,\Pervs Corner\Gallery 03\01 - Talisha\,{COPOP1~G03~01~01 - Talisha}
talishapc12.jpg,93454,76764937,\Pervs Corner\Gallery 03\01 - Talisha\,{COPOP1~G03~01~01 - Talisha}
talishapc13.jpg,83073,14a2dee9,\Pervs Corner\Gallery 03\01 - Talisha\,{COPOP1~G03~01~01 - Talisha}
talishapc14.jpg,120644,8f9def6e,\Pervs Corner\Gallery 03\01 - Talisha\,{COPOP1~G03~01~01 - Talisha}
talishapc15.jpg,120109,e853b357,\Pervs Corner\Gallery 03\01 - Talisha\,{COPOP1~G03~01~01 - Talisha}
talishapc16.jpg,116883,7b1c9087,\Pervs Corner\Gallery 03\01 - Talisha\,{COPOP1~G03~01~01 - Talisha}
talishapc17.jpg,105781,5ccccd93,\Pervs Corner\Gallery 03\01 - Talisha\,{COPOP1~G03~01~01 - Talisha}
talishapc18.jpg,104988,45341c54,\Pervs Corner\Gallery 03\01 - Talisha\,{COPOP1~G03~01~01 - Talisha}
talishapc19.jpg,111708,53c1400f,\Pervs Corner\Gallery 03\01 - Talisha\,{COPOP1~G03~01~01 - Talisha}
talishapc20.jpg,113397,5494176f,\Pervs Corner\Gallery 03\01 - Talisha\,{COPOP1~G03~01~01 - Talisha}
talishapc21.jpg,132992,f8fc93f3,\Pervs Corner\Gallery 03\01 - Talisha\,{COPOP1~G03~01~01 - Talisha}
talishapc22.jpg,127285,79069ca9,\Pervs Corner\Gallery 03\01 - Talisha\,{COPOP1~G03~01~01 - Talisha}
talishapc23.jpg,110452,bff56943,\Pervs Corner\Gallery 03\01 - Talisha\,{COPOP1~G03~01~01 - Talisha}
talishapc24.jpg,113362,24e256bd,\Pervs Corner\Gallery 03\01 - Talisha\,{COPOP1~G03~01~01 - Talisha}
talishapc25.jpg,102099,0ddfd628,\Pervs Corner\Gallery 03\01 - Talisha\,{COPOP1~G03~01~01 - Talisha}
talishapc26.jpg,107866,c0023547,\Pervs Corner\Gallery 03\01 - Talisha\,{COPOP1~G03~01~01 - Talisha}
talishapc27.jpg,98468,9bb8dfce,\Pervs Corner\Gallery 03\01 - Talisha\,{COPOP1~G03~01~01 - Talisha}
talishapc28.jpg,99376,39d14909,\Pervs Corner\Gallery 03\01 - Talisha\,{COPOP1~G03~01~01 - Talisha}
mimipc201.jpg,119312,e11cf6a8,\Pervs Corner\Gallery 03\02 - Mimi\,{COPOP1~G03~02~02 - Mimi}
mimipc202.jpg,116610,0b2f17a1,\Pervs Corner\Gallery 03\02 - Mimi\,{COPOP1~G03~02~02 - Mimi}
mimipc203.jpg,128663,28c1990f,\Pervs Corner\Gallery 03\02 - Mimi\,{COPOP1~G03~02~02 - Mimi}
mimipc204.jpg,74644,a6727b88,\Pervs Corner\Gallery 03\02 - Mimi\,{COPOP1~G03~02~02 - Mimi}
mimipc205.jpg,71413,19358a45,\Pervs Corner\Gallery 03\02 - Mimi\,{COPOP1~G03~02~02 - Mimi}
mimipc206.jpg,81991,e66ba0ea,\Pervs Corner\Gallery 03\02 - Mimi\,{COPOP1~G03~02~02 - Mimi}
mimipc207.jpg,79872,a4b9834e,\Pervs Corner\Gallery 03\02 - Mimi\,{COPOP1~G03~02~02 - Mimi}
mimipc208.jpg,79980,0e7498bd,\Pervs Corner\Gallery 03\02 - Mimi\,{COPOP1~G03~02~02 - Mimi}
mimipc209.jpg,79958,a95703ad,\Pervs Corner\Gallery 03\02 - Mimi\,{COPOP1~G03~02~02 - Mimi}
mimipc210.jpg,85210,8d6be77b,\Pervs Corner\Gallery 03\02 - Mimi\,{COPOP1~G03~02~02 - Mimi}
mimipc211.jpg,80574,07e6a129,\Pervs Corner\Gallery 03\02 - Mimi\,{COPOP1~G03~02~02 - Mimi}
mimipc212.jpg,79439,4c514132,\Pervs Corner\Gallery 03\02 - Mimi\,{COPOP1~G03~02~02 - Mimi}
mimipc213.jpg,70378,39982ec4,\Pervs Corner\Gallery 03\02 - Mimi\,{COPOP1~G03~02~02 - Mimi}
mimipc214.jpg,78194,70bc49e7,\Pervs Corner\Gallery 03\02 - Mimi\,{COPOP1~G03~02~02 - Mimi}
mimipc215.jpg,73215,05328b87,\Pervs Corner\Gallery 03\02 - Mimi\,{COPOP1~G03~02~02 - Mimi}
mimipc216.jpg,77132,195df2aa,\Pervs Corner\Gallery 03\02 - Mimi\,{COPOP1~G03~02~02 - Mimi}
mimipc217.jpg,79176,4f1978c8,\Pervs Corner\Gallery 03\02 - Mimi\,{COPOP1~G03~02~02 - Mimi}
mimipc218.jpg,73982,161a7c00,\Pervs Corner\Gallery 03\02 - Mimi\,{COPOP1~G03~02~02 - Mimi}
mimipc219.jpg,95305,0032514a,\Pervs Corner\Gallery 03\02 - Mimi\,{COPOP1~G03~02~02 - Mimi}
mimipc220.jpg,96883,3dac7a17,\Pervs Corner\Gallery 03\02 - Mimi\,{COPOP1~G03~02~02 - Mimi}
mimipc221.jpg,96305,cfaf7fed,\Pervs Corner\Gallery 03\02 - Mimi\,{COPOP1~G03~02~02 - Mimi}
mimipc222.jpg,93523,5cd06189,\Pervs Corner\Gallery 03\02 - Mimi\,{COPOP1~G03~02~02 - Mimi}
mimipc223.jpg,91939,4081c38a,\Pervs Corner\Gallery 03\02 - Mimi\,{COPOP1~G03~02~02 - Mimi}
mimipc224.jpg,90385,af206a6c,\Pervs Corner\Gallery 03\02 - Mimi\,{COPOP1~G03~02~02 - Mimi}
mimipc225.jpg,88624,51fc479b,\Pervs Corner\Gallery 03\02 - Mimi\,{COPOP1~G03~02~02 - Mimi}
mimipc226.jpg,87492,86a3db6f,\Pervs Corner\Gallery 03\02 - Mimi\,{COPOP1~G03~02~02 - Mimi}
mimipc227.jpg,99510,4db8def3,\Pervs Corner\Gallery 03\02 - Mimi\,{COPOP1~G03~02~02 - Mimi}
mimipc228.jpg,95641,96bd828b,\Pervs Corner\Gallery 03\02 - Mimi\,{COPOP1~G03~02~02 - Mimi}
mimipc229.jpg,95907,3629d8ae,\Pervs Corner\Gallery 03\02 - Mimi\,{COPOP1~G03~02~02 - Mimi}
mimipc230.jpg,119287,e4242317,\Pervs Corner\Gallery 03\02 - Mimi\,{COPOP1~G03~02~02 - Mimi}
mimipc231.jpg,231796,b6c74e8e,\Pervs Corner\Gallery 03\02 - Mimi\,{COPOP1~G03~02~02 - Mimi}
mimipc232.jpg,168655,17c9d3e9,\Pervs Corner\Gallery 03\02 - Mimi\,{COPOP1~G03~02~02 - Mimi}
mimipc233.jpg,182368,98ada709,\Pervs Corner\Gallery 03\02 - Mimi\,{COPOP1~G03~02~02 - Mimi}
mimipc234.jpg,190835,c0f38d6a,\Pervs Corner\Gallery 03\02 - Mimi\,{COPOP1~G03~02~02 - Mimi}
mimipc235.jpg,202444,d1074b71,\Pervs Corner\Gallery 03\02 - Mimi\,{COPOP1~G03~02~02 - Mimi}
mimipc236.jpg,73304,812a6b3d,\Pervs Corner\Gallery 03\02 - Mimi\,{COPOP1~G03~02~02 - Mimi}
mimipc237.jpg,143385,17aef168,\Pervs Corner\Gallery 03\02 - Mimi\,{COPOP1~G03~02~02 - Mimi}
mimipc238.jpg,158040,f2b131a2,\Pervs Corner\Gallery 03\02 - Mimi\,{COPOP1~G03~02~02 - Mimi}
mimipc239.jpg,135913,4b345949,\Pervs Corner\Gallery 03\02 - Mimi\,{COPOP1~G03~02~02 - Mimi}
mimipc240.jpg,140944,464bf00e,\Pervs Corner\Gallery 03\02 - Mimi\,{COPOP1~G03~02~02 - Mimi}
mimipc241.jpg,130232,5deb0016,\Pervs Corner\Gallery 03\02 - Mimi\,{COPOP1~G03~02~02 - Mimi}
mimipc242.jpg,134946,55255353,\Pervs Corner\Gallery 03\02 - Mimi\,{COPOP1~G03~02~02 - Mimi}
mimipc243.jpg,97792,24390936,\Pervs Corner\Gallery 03\02 - Mimi\,{COPOP1~G03~02~02 - Mimi}
mimipc244.jpg,93075,853690ae,\Pervs Corner\Gallery 03\02 - Mimi\,{COPOP1~G03~02~02 - Mimi}
mimipc245.jpg,94759,5255256c,\Pervs Corner\Gallery 03\02 - Mimi\,{COPOP1~G03~02~02 - Mimi}
mimipc246.jpg,99370,497d38cc,\Pervs Corner\Gallery 03\02 - Mimi\,{COPOP1~G03~02~02 - Mimi}
mimipc247.jpg,101391,2cf99db1,\Pervs Corner\Gallery 03\02 - Mimi\,{COPOP1~G03~02~02 - Mimi}
mimipc248.jpg,90858,ae36d611,\Pervs Corner\Gallery 03\02 - Mimi\,{COPOP1~G03~02~02 - Mimi}
mimipc249.jpg,91959,f313abb2,\Pervs Corner\Gallery 03\02 - Mimi\,{COPOP1~G03~02~02 - Mimi}
mimipc250.jpg,135607,b40cebdf,\Pervs Corner\Gallery 03\02 - Mimi\,{COPOP1~G03~02~02 - Mimi}
mimipc251.jpg,121136,47aa1cc6,\Pervs Corner\Gallery 03\02 - Mimi\,{COPOP1~G03~02~02 - Mimi}
mimipc252.jpg,103903,00ac85d6,\Pervs Corner\Gallery 03\02 - Mimi\,{COPOP1~G03~02~02 - Mimi}
mimipc253.jpg,129867,0d899fd7,\Pervs Corner\Gallery 03\02 - Mimi\,{COPOP1~G03~02~02 - Mimi}
mimipc254.jpg,77532,9e98076c,\Pervs Corner\Gallery 03\02 - Mimi\,{COPOP1~G03~02~02 - Mimi}
mimipc255.jpg,82943,3ddb7f93,\Pervs Corner\Gallery 03\02 - Mimi\,{COPOP1~G03~02~02 - Mimi}
mimipc256.jpg,86506,9e2b3442,\Pervs Corner\Gallery 03\02 - Mimi\,{COPOP1~G03~02~02 - Mimi}
mimipc257.jpg,100302,4e70027d,\Pervs Corner\Gallery 03\02 - Mimi\,{COPOP1~G03~02~02 - Mimi}
mimipc258.jpg,100519,d2541a61,\Pervs Corner\Gallery 03\02 - Mimi\,{COPOP1~G03~02~02 - Mimi}
jippc001.jpg,54026,831920a8,\Pervs Corner\Gallery 03\03 - Jip\,{COPOP1~G03~003~03 - Jip}
jippc002.jpg,55514,689411d8,\Pervs Corner\Gallery 03\03 - Jip\,{COPOP1~G03~003~03 - Jip}
jippc003.jpg,64231,11441aff,\Pervs Corner\Gallery 03\03 - Jip\,{COPOP1~G03~003~03 - Jip}
jippc004.jpg,50301,fe281137,\Pervs Corner\Gallery 03\03 - Jip\,{COPOP1~G03~003~03 - Jip}
jippc005.jpg,48915,ef170f75,\Pervs Corner\Gallery 03\03 - Jip\,{COPOP1~G03~003~03 - Jip}
jippc006.jpg,40457,9f349a11,\Pervs Corner\Gallery 03\03 - Jip\,{COPOP1~G03~003~03 - Jip}
jippc007.jpg,37985,dd33bdf7,\Pervs Corner\Gallery 03\03 - Jip\,{COPOP1~G03~003~03 - Jip}
jippc008.jpg,46786,307f2469,\Pervs Corner\Gallery 03\03 - Jip\,{COPOP1~G03~003~03 - Jip}
jippc009.jpg,47229,dbb23bfc,\Pervs Corner\Gallery 03\03 - Jip\,{COPOP1~G03~003~03 - Jip}
jippc010.jpg,37476,c110ce14,\Pervs Corner\Gallery 03\03 - Jip\,{COPOP1~G03~003~03 - Jip}
jippc011.jpg,55579,5f26db46,\Pervs Corner\Gallery 03\03 - Jip\,{COPOP1~G03~003~03 - Jip}
jippc012.jpg,55582,0a068947,\Pervs Corner\Gallery 03\03 - Jip\,{COPOP1~G03~003~03 - Jip}
jippc013.jpg,55605,870f90ea,\Pervs Corner\Gallery 03\03 - Jip\,{COPOP1~G03~003~03 - Jip}
jippc014.jpg,55439,3c7e15a9,\Pervs Corner\Gallery 03\03 - Jip\,{COPOP1~G03~003~03 - Jip}
jippc015.jpg,55203,1b22f27b,\Pervs Corner\Gallery 03\03 - Jip\,{COPOP1~G03~003~03 - Jip}
jippc016.jpg,56081,bb3e5f57,\Pervs Corner\Gallery 03\03 - Jip\,{COPOP1~G03~003~03 - Jip}
jippc017.jpg,56130,fedce45d,\Pervs Corner\Gallery 03\03 - Jip\,{COPOP1~G03~003~03 - Jip}
jippc018.jpg,56146,cf85f3e7,\Pervs Corner\Gallery 03\03 - Jip\,{COPOP1~G03~003~03 - Jip}
jippc019.jpg,53599,e3bd69a6,\Pervs Corner\Gallery 03\03 - Jip\,{COPOP1~G03~003~03 - Jip}
jippc020.jpg,53384,dc0e4ff7,\Pervs Corner\Gallery 03\03 - Jip\,{COPOP1~G03~003~03 - Jip}
jippc021.jpg,52444,be989786,\Pervs Corner\Gallery 03\03 - Jip\,{COPOP1~G03~003~03 - Jip}
jippc022.jpg,31485,d0a87bcd,\Pervs Corner\Gallery 03\03 - Jip\,{COPOP1~G03~003~03 - Jip}
jippc023.jpg,31914,b69b704d,\Pervs Corner\Gallery 03\03 - Jip\,{COPOP1~G03~003~03 - Jip}
jippc024.jpg,31167,95589287,\Pervs Corner\Gallery 03\03 - Jip\,{COPOP1~G03~003~03 - Jip}
jippc025.jpg,54170,ea3335af,\Pervs Corner\Gallery 03\03 - Jip\,{COPOP1~G03~003~03 - Jip}
jippc026.jpg,53188,1aa96da6,\Pervs Corner\Gallery 03\03 - Jip\,{COPOP1~G03~003~03 - Jip}
jippc027.jpg,43848,a847f943,\Pervs Corner\Gallery 03\03 - Jip\,{COPOP1~G03~003~03 - Jip}
jippc028.jpg,38545,7820b116,\Pervs Corner\Gallery 03\03 - Jip\,{COPOP1~G03~003~03 - Jip}
jackie001.jpg,191338,27053f23,\Pervs Corner\Gallery 03\04 - Jackie\,{COPOP1~G03~004~04 - Jackie}
jackie002.jpg,144400,aae7947a,\Pervs Corner\Gallery 03\04 - Jackie\,{COPOP1~G03~004~04 - Jackie}
jackie003.jpg,131800,b9474140,\Pervs Corner\Gallery 03\04 - Jackie\,{COPOP1~G03~004~04 - Jackie}
jackie004.jpg,92295,15affaed,\Pervs Corner\Gallery 03\04 - Jackie\,{COPOP1~G03~004~04 - Jackie}
jackie005.jpg,92601,0a44a143,\Pervs Corner\Gallery 03\04 - Jackie\,{COPOP1~G03~004~04 - Jackie}
jackie006.jpg,97923,264db80a,\Pervs Corner\Gallery 03\04 - Jackie\,{COPOP1~G03~004~04 - Jackie}
jackie007.jpg,115388,7512cc76,\Pervs Corner\Gallery 03\04 - Jackie\,{COPOP1~G03~004~04 - Jackie}
jackie008.jpg,99050,b1f8e1d4,\Pervs Corner\Gallery 03\04 - Jackie\,{COPOP1~G03~004~04 - Jackie}
jackie009.jpg,85058,e543697b,\Pervs Corner\Gallery 03\04 - Jackie\,{COPOP1~G03~004~04 - Jackie}
jackie010.jpg,86397,69d53d36,\Pervs Corner\Gallery 03\04 - Jackie\,{COPOP1~G03~004~04 - Jackie}
jackie011.jpg,117580,6b064cdb,\Pervs Corner\Gallery 03\04 - Jackie\,{COPOP1~G03~004~04 - Jackie}
jackie012.jpg,102569,ffac7eac,\Pervs Corner\Gallery 03\04 - Jackie\,{COPOP1~G03~004~04 - Jackie}
jackie013.jpg,101693,f52669b9,\Pervs Corner\Gallery 03\04 - Jackie\,{COPOP1~G03~004~04 - Jackie}
jackie014.jpg,92551,a2bdc123,\Pervs Corner\Gallery 03\04 - Jackie\,{COPOP1~G03~004~04 - Jackie}
jackie015.jpg,100541,961ea2ed,\Pervs Corner\Gallery 03\04 - Jackie\,{COPOP1~G03~004~04 - Jackie}
jackie016.jpg,95260,87a121cf,\Pervs Corner\Gallery 03\04 - Jackie\,{COPOP1~G03~004~04 - Jackie}
jackie017.jpg,99883,b08dfe36,\Pervs Corner\Gallery 03\04 - Jackie\,{COPOP1~G03~004~04 - Jackie}
jackie018.jpg,99580,b65ee895,\Pervs Corner\Gallery 03\04 - Jackie\,{COPOP1~G03~004~04 - Jackie}
jackie019.jpg,83210,cd9bc186,\Pervs Corner\Gallery 03\04 - Jackie\,{COPOP1~G03~004~04 - Jackie}
jackie020.jpg,90879,409d14c6,\Pervs Corner\Gallery 03\04 - Jackie\,{COPOP1~G03~004~04 - Jackie}
jackie021.jpg,100095,1f2f2da7,\Pervs Corner\Gallery 03\04 - Jackie\,{COPOP1~G03~004~04 - Jackie}
jackie022.jpg,77916,9e4f1efb,\Pervs Corner\Gallery 03\04 - Jackie\,{COPOP1~G03~004~04 - Jackie}
jackie023.jpg,85335,857f6ca1,\Pervs Corner\Gallery 03\04 - Jackie\,{COPOP1~G03~004~04 - Jackie}
jackie024.jpg,80880,d4609b1a,\Pervs Corner\Gallery 03\04 - Jackie\,{COPOP1~G03~004~04 - Jackie}
jackie025.jpg,79789,b5fab3e8,\Pervs Corner\Gallery 03\04 - Jackie\,{COPOP1~G03~004~04 - Jackie}
jackie026.jpg,78224,054ad379,\Pervs Corner\Gallery 03\04 - Jackie\,{COPOP1~G03~004~04 - Jackie}
jackie027.jpg,84078,9a7cba6b,\Pervs Corner\Gallery 03\04 - Jackie\,{COPOP1~G03~004~04 - Jackie}
jackie028.jpg,80549,f67e5b6a,\Pervs Corner\Gallery 03\04 - Jackie\,{COPOP1~G03~004~04 - Jackie}
jackie029.jpg,87791,e94e5fee,\Pervs Corner\Gallery 03\04 - Jackie\,{COPOP1~G03~004~04 - Jackie}
jackie030.jpg,77827,72dccf4f,\Pervs Corner\Gallery 03\04 - Jackie\,{COPOP1~G03~004~04 - Jackie}
jackie031.jpg,80345,dd828b56,\Pervs Corner\Gallery 03\04 - Jackie\,{COPOP1~G03~004~04 - Jackie}
jackie032.jpg,78034,2146a3f6,\Pervs Corner\Gallery 03\04 - Jackie\,{COPOP1~G03~004~04 - Jackie}
jackie033.jpg,76879,0a6e5863,\Pervs Corner\Gallery 03\04 - Jackie\,{COPOP1~G03~004~04 - Jackie}
jackie034.jpg,73900,2d5b5820,\Pervs Corner\Gallery 03\04 - Jackie\,{COPOP1~G03~004~04 - Jackie}
jackie035.jpg,78907,6129013c,\Pervs Corner\Gallery 03\04 - Jackie\,{COPOP1~G03~004~04 - Jackie}
jackie036.jpg,86239,c8633c22,\Pervs Corner\Gallery 03\04 - Jackie\,{COPOP1~G03~004~04 - Jackie}
jackie037.jpg,82828,8efe65d3,\Pervs Corner\Gallery 03\04 - Jackie\,{COPOP1~G03~004~04 - Jackie}
jackie038.jpg,84667,38a1dfa5,\Pervs Corner\Gallery 03\04 - Jackie\,{COPOP1~G03~004~04 - Jackie}
jackie039.jpg,69740,5267bcc0,\Pervs Corner\Gallery 03\04 - Jackie\,{COPOP1~G03~004~04 - Jackie}
jackie040.jpg,88628,425b95c1,\Pervs Corner\Gallery 03\04 - Jackie\,{COPOP1~G03~004~04 - Jackie}
jackie041.jpg,82386,2b05ea9f,\Pervs Corner\Gallery 03\04 - Jackie\,{COPOP1~G03~004~04 - Jackie}
jackie042.jpg,92428,04e74dc1,\Pervs Corner\Gallery 03\04 - Jackie\,{COPOP1~G03~004~04 - Jackie}
jackie043.jpg,92193,2979aee2,\Pervs Corner\Gallery 03\04 - Jackie\,{COPOP1~G03~004~04 - Jackie}
jackie044.jpg,79205,40818cb7,\Pervs Corner\Gallery 03\04 - Jackie\,{COPOP1~G03~004~04 - Jackie}
jackie045.jpg,79110,91a9234d,\Pervs Corner\Gallery 03\04 - Jackie\,{COPOP1~G03~004~04 - Jackie}
cindy01.jpg,183117,580996a4,\Pervs Corner\09 - Cindy\,{COPOP1~G03~021~09 - Cindy}
cindy02.jpg,204771,1ff4bc0f,\Pervs Corner\09 - Cindy\,{COPOP1~G03~021~09 - Cindy}
cindy03.jpg,188700,bf6591ad,\Pervs Corner\09 - Cindy\,{COPOP1~G03~021~09 - Cindy}
cindy04.jpg,222767,fa8b4655,\Pervs Corner\09 - Cindy\,{COPOP1~G03~021~09 - Cindy}
cindy05.jpg,238299,5c30bb27,\Pervs Corner\09 - Cindy\,{COPOP1~G03~021~09 - Cindy}
cindy06.jpg,244725,0955bfd7,\Pervs Corner\09 - Cindy\,{COPOP1~G03~021~09 - Cindy}
cindy07.jpg,221916,2499baba,\Pervs Corner\09 - Cindy\,{COPOP1~G03~021~09 - Cindy}
cindy08.jpg,229189,7736c5cb,\Pervs Corner\09 - Cindy\,{COPOP1~G03~021~09 - Cindy}
cindy09.jpg,202120,35fe5c09,\Pervs Corner\09 - Cindy\,{COPOP1~G03~021~09 - Cindy}
cindy10.jpg,219863,27b13bd1,\Pervs Corner\09 - Cindy\,{COPOP1~G03~021~09 - Cindy}
cindy11.jpg,241706,86f70d99,\Pervs Corner\09 - Cindy\,{COPOP1~G03~021~09 - Cindy}
cindy12.jpg,223337,878b60db,\Pervs Corner\09 - Cindy\,{COPOP1~G03~021~09 - Cindy}
cindy13.jpg,191592,ec1fba00,\Pervs Corner\09 - Cindy\,{COPOP1~G03~021~09 - Cindy}
cindy14.jpg,202521,b653cff0,\Pervs Corner\09 - Cindy\,{COPOP1~G03~021~09 - Cindy}
cindy15.jpg,226601,690e80ce,\Pervs Corner\09 - Cindy\,{COPOP1~G03~021~09 - Cindy}
cindy16.jpg,243993,10e9aeb4,\Pervs Corner\09 - Cindy\,{COPOP1~G03~021~09 - Cindy}
cindy17.jpg,208309,f3eb90be,\Pervs Corner\09 - Cindy\,{COPOP1~G03~021~09 - Cindy}
cindy18.jpg,213315,8b43177b,\Pervs Corner\09 - Cindy\,{COPOP1~G03~021~09 - Cindy}
cindy19.jpg,231942,2ac473e2,\Pervs Corner\09 - Cindy\,{COPOP1~G03~021~09 - Cindy}
cindy20.jpg,267094,b8f3634a,\Pervs Corner\09 - Cindy\,{COPOP1~G03~021~09 - Cindy}
cindy21.jpg,280501,3161cc41,\Pervs Corner\09 - Cindy\,{COPOP1~G03~021~09 - Cindy}
cindy22.jpg,221496,134a12bb,\Pervs Corner\09 - Cindy\,{COPOP1~G03~021~09 - Cindy}
cindy23.jpg,222814,dc6d490f,\Pervs Corner\09 - Cindy\,{COPOP1~G03~021~09 - Cindy}
cindy24.jpg,220951,d5e88fdf,\Pervs Corner\09 - Cindy\,{COPOP1~G03~021~09 - Cindy}
cindy25.jpg,233325,6c68192a,\Pervs Corner\09 - Cindy\,{COPOP1~G03~021~09 - Cindy}
cindy26.jpg,197103,a4ea21eb,\Pervs Corner\09 - Cindy\,{COPOP1~G03~021~09 - Cindy}
cindy27.jpg,230444,b0a602d2,\Pervs Corner\09 - Cindy\,{COPOP1~G03~021~09 - Cindy}
cindy28.jpg,199635,1672990c,\Pervs Corner\09 - Cindy\,{COPOP1~G03~021~09 - Cindy}
cindy29.jpg,207729,e4363fe4,\Pervs Corner\09 - Cindy\,{COPOP1~G03~021~09 - Cindy}
cindy30.jpg,247150,f26fad0a,\Pervs Corner\09 - Cindy\,{COPOP1~G03~021~09 - Cindy}
cindy31.jpg,242101,24886a4d,\Pervs Corner\09 - Cindy\,{COPOP1~G03~021~09 - Cindy}
cindy32.jpg,253655,5a4f6152,\Pervs Corner\09 - Cindy\,{COPOP1~G03~021~09 - Cindy}
cindy33.jpg,254532,eeabaf6b,\Pervs Corner\09 - Cindy\,{COPOP1~G03~021~09 - Cindy}
cindy34.jpg,205968,abbd4d52,\Pervs Corner\09 - Cindy\,{COPOP1~G03~021~09 - Cindy}
cindy35.jpg,218249,b91f6630,\Pervs Corner\09 - Cindy\,{COPOP1~G03~021~09 - Cindy}
cindy36.jpg,214522,cacaef9c,\Pervs Corner\09 - Cindy\,{COPOP1~G03~021~09 - Cindy}
cindy37.jpg,230701,5b400234,\Pervs Corner\09 - Cindy\,{COPOP1~G03~021~09 - Cindy}
cindy38.jpg,243345,4eff568a,\Pervs Corner\09 - Cindy\,{COPOP1~G03~021~09 - Cindy}
cindy39.jpg,198465,a2de7336,\Pervs Corner\09 - Cindy\,{COPOP1~G03~021~09 - Cindy}
cindy40.jpg,209827,d530f508,\Pervs Corner\09 - Cindy\,{COPOP1~G03~021~09 - Cindy}
cindy41.jpg,229807,eaf3e881,\Pervs Corner\09 - Cindy\,{COPOP1~G03~021~09 - Cindy}
cindy42.jpg,216167,e15a7b96,\Pervs Corner\09 - Cindy\,{COPOP1~G03~021~09 - Cindy}
sherry01.jpg,93244,16698387,\Pervs Corner\10 - Sherry\,{COPOP1~G03~022~10 - Sherry}
sherry02.jpg,89275,57141b48,\Pervs Corner\10 - Sherry\,{COPOP1~G03~022~10 - Sherry}
sherry03.jpg,101685,f3dee272,\Pervs Corner\10 - Sherry\,{COPOP1~G03~022~10 - Sherry}
sherry04.jpg,110319,f87ed6bc,\Pervs Corner\10 - Sherry\,{COPOP1~G03~022~10 - Sherry}
sherry05.jpg,76185,d33b8846,\Pervs Corner\10 - Sherry\,{COPOP1~G03~022~10 - Sherry}
sherry06.jpg,96047,c5f19723,\Pervs Corner\10 - Sherry\,{COPOP1~G03~022~10 - Sherry}
sherry07.jpg,93009,b5a796a2,\Pervs Corner\10 - Sherry\,{COPOP1~G03~022~10 - Sherry}
sherry08.jpg,90569,43b758ab,\Pervs Corner\10 - Sherry\,{COPOP1~G03~022~10 - Sherry}
sherry09.jpg,83435,63150d51,\Pervs Corner\10 - Sherry\,{COPOP1~G03~022~10 - Sherry}
sherry10.jpg,80487,4b64bbc5,\Pervs Corner\10 - Sherry\,{COPOP1~G03~022~10 - Sherry}
sherry11.jpg,90160,56f67649,\Pervs Corner\10 - Sherry\,{COPOP1~G03~022~10 - Sherry}
sherry12.jpg,106551,299af22f,\Pervs Corner\10 - Sherry\,{COPOP1~G03~022~10 - Sherry}
sherry13.jpg,96862,08f6ba42,\Pervs Corner\10 - Sherry\,{COPOP1~G03~022~10 - Sherry}
sherry14.jpg,98086,84643c39,\Pervs Corner\10 - Sherry\,{COPOP1~G03~022~10 - Sherry}
sherry15.jpg,121815,3237da91,\Pervs Corner\10 - Sherry\,{COPOP1~G03~022~10 - Sherry}
sherry16.jpg,114588,cbc821b9,\Pervs Corner\10 - Sherry\,{COPOP1~G03~022~10 - Sherry}
sherry17.jpg,107932,2f3c6c84,\Pervs Corner\10 - Sherry\,{COPOP1~G03~022~10 - Sherry}
sherry18.jpg,83314,a9d97c9a,\Pervs Corner\10 - Sherry\,{COPOP1~G03~022~10 - Sherry}
sherry19.jpg,94539,21f625c0,\Pervs Corner\10 - Sherry\,{COPOP1~G03~022~10 - Sherry}
sherry20.jpg,76677,1cbc619a,\Pervs Corner\10 - Sherry\,{COPOP1~G03~022~10 - Sherry}
sherry21.jpg,81854,2f4d0b65,\Pervs Corner\10 - Sherry\,{COPOP1~G03~022~10 - Sherry}
sherry22.jpg,99303,b041fbb6,\Pervs Corner\10 - Sherry\,{COPOP1~G03~022~10 - Sherry}
sherry23.jpg,97547,bd6e4bf3,\Pervs Corner\10 - Sherry\,{COPOP1~G03~022~10 - Sherry}
sherry24.jpg,90480,a0e8e431,\Pervs Corner\10 - Sherry\,{COPOP1~G03~022~10 - Sherry}
sherry25.jpg,114615,ff56ebf4,\Pervs Corner\10 - Sherry\,{COPOP1~G03~022~10 - Sherry}
sherry26.jpg,98781,e183d4cf,\Pervs Corner\10 - Sherry\,{COPOP1~G03~022~10 - Sherry}
sherry27.jpg,98825,9eb734d6,\Pervs Corner\10 - Sherry\,{COPOP1~G03~022~10 - Sherry}
sherry28.jpg,94895,0fa5661a,\Pervs Corner\10 - Sherry\,{COPOP1~G03~022~10 - Sherry}
sherry29.jpg,83776,783e3b98,\Pervs Corner\10 - Sherry\,{COPOP1~G03~022~10 - Sherry}
sherry30.jpg,80172,51e765bb,\Pervs Corner\10 - Sherry\,{COPOP1~G03~022~10 - Sherry}
sherry31.jpg,85779,14d5b551,\Pervs Corner\10 - Sherry\,{COPOP1~G03~022~10 - Sherry}
sherry32.jpg,91874,063244d0,\Pervs Corner\10 - Sherry\,{COPOP1~G03~022~10 - Sherry}
sherry33.jpg,87792,c9f54919,\Pervs Corner\10 - Sherry\,{COPOP1~G03~022~10 - Sherry}
sherry34.jpg,87856,1aeea41d,\Pervs Corner\10 - Sherry\,{COPOP1~G03~022~10 - Sherry}
sherry35.jpg,114798,88b6161f,\Pervs Corner\10 - Sherry\,{COPOP1~G03~022~10 - Sherry}
sherry36.jpg,123581,6a5c985a,\Pervs Corner\10 - Sherry\,{COPOP1~G03~022~10 - Sherry}
jeab001.jpg,285424,f7ba4aa5,\Pervs Corner\11 - Jeab\,{COPOP1~G03~023~11 - Jeab}
jeab002.jpg,288129,8e394e1c,\Pervs Corner\11 - Jeab\,{COPOP1~G03~023~11 - Jeab}
jeab003.jpg,235667,c4c108a0,\Pervs Corner\11 - Jeab\,{COPOP1~G03~023~11 - Jeab}
jeab004.jpg,246997,15bcb05f,\Pervs Corner\11 - Jeab\,{COPOP1~G03~023~11 - Jeab}
jeab005.jpg,247926,031afcd7,\Pervs Corner\11 - Jeab\,{COPOP1~G03~023~11 - Jeab}
jeab006.jpg,292816,1da1cfcc,\Pervs Corner\11 - Jeab\,{COPOP1~G03~023~11 - Jeab}
jeab007.jpg,368781,c4431dca,\Pervs Corner\11 - Jeab\,{COPOP1~G03~023~11 - Jeab}
jeab008.jpg,351952,5e525296,\Pervs Corner\11 - Jeab\,{COPOP1~G03~023~11 - Jeab}
jeab009.jpg,276032,e1b22276,\Pervs Corner\11 - Jeab\,{COPOP1~G03~023~11 - Jeab}
jeab010.jpg,240019,aabcf5c3,\Pervs Corner\11 - Jeab\,{COPOP1~G03~023~11 - Jeab}
jeab011.jpg,280140,5416537f,\Pervs Corner\11 - Jeab\,{COPOP1~G03~023~11 - Jeab}
jeab012.jpg,267852,a5ce3886,\Pervs Corner\11 - Jeab\,{COPOP1~G03~023~11 - Jeab}
jeab013.jpg,279588,bd1d03ad,\Pervs Corner\11 - Jeab\,{COPOP1~G03~023~11 - Jeab}
jeab014.jpg,254393,65de252d,\Pervs Corner\11 - Jeab\,{COPOP1~G03~023~11 - Jeab}
jeab015.jpg,212970,a51c32aa,\Pervs Corner\11 - Jeab\,{COPOP1~G03~023~11 - Jeab}
jeab016.jpg,204195,b10a7a55,\Pervs Corner\11 - Jeab\,{COPOP1~G03~023~11 - Jeab}
jeab017.jpg,209404,c043d1e1,\Pervs Corner\11 - Jeab\,{COPOP1~G03~023~11 - Jeab}
jeab018.jpg,214040,d670ad52,\Pervs Corner\11 - Jeab\,{COPOP1~G03~023~11 - Jeab}
jeab019.jpg,263859,3202ee80,\Pervs Corner\11 - Jeab\,{COPOP1~G03~023~11 - Jeab}
jeab020.jpg,255714,a9512331,\Pervs Corner\11 - Jeab\,{COPOP1~G03~023~11 - Jeab}
jeab021.jpg,287630,0715545d,\Pervs Corner\11 - Jeab\,{COPOP1~G03~023~11 - Jeab}
jeab022.jpg,237760,d8c069af,\Pervs Corner\11 - Jeab\,{COPOP1~G03~023~11 - Jeab}
jeab023.jpg,261452,2dab99c6,\Pervs Corner\11 - Jeab\,{COPOP1~G03~023~11 - Jeab}
jeab024.jpg,300061,f7352767,\Pervs Corner\11 - Jeab\,{COPOP1~G03~023~11 - Jeab}
jeab025.jpg,287490,a7ae772d,\Pervs Corner\11 - Jeab\,{COPOP1~G03~023~11 - Jeab}
jeab026.jpg,330706,231de732,\Pervs Corner\11 - Jeab\,{COPOP1~G03~023~11 - Jeab}
jeab027.jpg,232407,eb57ff76,\Pervs Corner\11 - Jeab\,{COPOP1~G03~023~11 - Jeab}
jeab028.jpg,214197,43efbf86,\Pervs Corner\11 - Jeab\,{COPOP1~G03~023~11 - Jeab}
jeab029.jpg,199010,32f17149,\Pervs Corner\11 - Jeab\,{COPOP1~G03~023~11 - Jeab}
jeab030.jpg,193902,c28242ef,\Pervs Corner\11 - Jeab\,{COPOP1~G03~023~11 - Jeab}
jeab031.jpg,228070,e3601f2d,\Pervs Corner\11 - Jeab\,{COPOP1~G03~023~11 - Jeab}
jeab032.jpg,212155,20f9ba54,\Pervs Corner\11 - Jeab\,{COPOP1~G03~023~11 - Jeab}
jeab033.jpg,254041,edb3b343,\Pervs Corner\11 - Jeab\,{COPOP1~G03~023~11 - Jeab}
jeab034.jpg,274832,391f50fd,\Pervs Corner\11 - Jeab\,{COPOP1~G03~023~11 - Jeab}
jeab035.jpg,275350,bd805352,\Pervs Corner\11 - Jeab\,{COPOP1~G03~023~11 - Jeab}
jeab036.jpg,254536,30bcf2fe,\Pervs Corner\11 - Jeab\,{COPOP1~G03~023~11 - Jeab}
jeab037.jpg,265312,e1fca544,\Pervs Corner\11 - Jeab\,{COPOP1~G03~023~11 - Jeab}
jeab038.jpg,244469,f1121bd5,\Pervs Corner\11 - Jeab\,{COPOP1~G03~023~11 - Jeab}
jeab039.jpg,227802,e6ad2296,\Pervs Corner\11 - Jeab\,{COPOP1~G03~023~11 - Jeab}
jeab040.jpg,218785,344a6e38,\Pervs Corner\11 - Jeab\,{COPOP1~G03~023~11 - Jeab}
jeab041.jpg,210841,86ef3fb1,\Pervs Corner\11 - Jeab\,{COPOP1~G03~023~11 - Jeab}
jeab042.jpg,227476,404f9611,\Pervs Corner\11 - Jeab\,{COPOP1~G03~023~11 - Jeab}
jeab043.jpg,290642,482b9c03,\Pervs Corner\11 - Jeab\,{COPOP1~G03~023~11 - Jeab}
moi001.jpg,117888,390438db,\Pervs Corner\12 - Moi\,{COPOP1~G03~024~12 - Moi}
moi002.jpg,122996,9f0617b0,\Pervs Corner\12 - Moi\,{COPOP1~G03~024~12 - Moi}
moi003.jpg,107729,447e6837,\Pervs Corner\12 - Moi\,{COPOP1~G03~024~12 - Moi}
moi004.jpg,110812,64def6bf,\Pervs Corner\12 - Moi\,{COPOP1~G03~024~12 - Moi}
moi005.jpg,112917,95c64641,\Pervs Corner\12 - Moi\,{COPOP1~G03~024~12 - Moi}
moi006.jpg,89033,bbadb791,\Pervs Corner\12 - Moi\,{COPOP1~G03~024~12 - Moi}
moi007.jpg,90992,e7dbea94,\Pervs Corner\12 - Moi\,{COPOP1~G03~024~12 - Moi}
moi008.jpg,93672,7fca6c05,\Pervs Corner\12 - Moi\,{COPOP1~G03~024~12 - Moi}
moi009.jpg,90500,31903535,\Pervs Corner\12 - Moi\,{COPOP1~G03~024~12 - Moi}
moi010.jpg,114515,4cd22c58,\Pervs Corner\12 - Moi\,{COPOP1~G03~024~12 - Moi}
moi011.jpg,115812,040fe6c8,\Pervs Corner\12 - Moi\,{COPOP1~G03~024~12 - Moi}
moi012.jpg,93067,25ead738,\Pervs Corner\12 - Moi\,{COPOP1~G03~024~12 - Moi}
moi013.jpg,59001,83e931aa,\Pervs Corner\12 - Moi\,{COPOP1~G03~024~12 - Moi}
moi014.jpg,65426,f7560fa2,\Pervs Corner\12 - Moi\,{COPOP1~G03~024~12 - Moi}
moi015.jpg,69419,4edcac25,\Pervs Corner\12 - Moi\,{COPOP1~G03~024~12 - Moi}
moi016.jpg,69967,41f8cccf,\Pervs Corner\12 - Moi\,{COPOP1~G03~024~12 - Moi}
moi017.jpg,79322,5f7c337f,\Pervs Corner\12 - Moi\,{COPOP1~G03~024~12 - Moi}
moi018.jpg,75893,73603b4a,\Pervs Corner\12 - Moi\,{COPOP1~G03~024~12 - Moi}
moi019.jpg,79327,f1fa5009,\Pervs Corner\12 - Moi\,{COPOP1~G03~024~12 - Moi}
moi020.jpg,84931,ef6f644e,\Pervs Corner\12 - Moi\,{COPOP1~G03~024~12 - Moi}
moi021.jpg,81233,28c5d5b3,\Pervs Corner\12 - Moi\,{COPOP1~G03~024~12 - Moi}
moi022.jpg,76445,0b10898f,\Pervs Corner\12 - Moi\,{COPOP1~G03~024~12 - Moi}
moi023.jpg,62543,f47ef8f7,\Pervs Corner\12 - Moi\,{COPOP1~G03~024~12 - Moi}
moi024.jpg,90117,71dbbe72,\Pervs Corner\12 - Moi\,{COPOP1~G03~024~12 - Moi}
moi025.jpg,89500,1eafc5e9,\Pervs Corner\12 - Moi\,{COPOP1~G03~024~12 - Moi}
moi026.jpg,88518,43894c4f,\Pervs Corner\12 - Moi\,{COPOP1~G03~024~12 - Moi}
moi027.jpg,71255,a3da78e3,\Pervs Corner\12 - Moi\,{COPOP1~G03~024~12 - Moi}
moi028.jpg,71162,31c164b1,\Pervs Corner\12 - Moi\,{COPOP1~G03~024~12 - Moi}
moi029.jpg,76906,a3536115,\Pervs Corner\12 - Moi\,{COPOP1~G03~024~12 - Moi}
moi030.jpg,74923,95513eba,\Pervs Corner\12 - Moi\,{COPOP1~G03~024~12 - Moi}
moi031.jpg,75969,9bb548c0,\Pervs Corner\12 - Moi\,{COPOP1~G03~024~12 - Moi}
moi032.jpg,70415,d3a2ffdf,\Pervs Corner\12 - Moi\,{COPOP1~G03~024~12 - Moi}
moi033.jpg,81297,c75ee810,\Pervs Corner\12 - Moi\,{COPOP1~G03~024~12 - Moi}
moi034.jpg,89393,fc7d7cc6,\Pervs Corner\12 - Moi\,{COPOP1~G03~024~12 - Moi}
moi035.jpg,96527,5d795c56,\Pervs Corner\12 - Moi\,{COPOP1~G03~024~12 - Moi}
moi036.jpg,88251,a5d9647f,\Pervs Corner\12 - Moi\,{COPOP1~G03~024~12 - Moi}
moi037.jpg,96545,3c64b038,\Pervs Corner\12 - Moi\,{COPOP1~G03~024~12 - Moi}
moi038.jpg,90445,b44806a0,\Pervs Corner\12 - Moi\,{COPOP1~G03~024~12 - Moi}
moi039.jpg,63135,56f824eb,\Pervs Corner\12 - Moi\,{COPOP1~G03~024~12 - Moi}
moi040.jpg,92124,6631d955,\Pervs Corner\12 - Moi\,{COPOP1~G03~024~12 - Moi}
moi041.jpg,89603,0c7c747c,\Pervs Corner\12 - Moi\,{COPOP1~G03~024~12 - Moi}
moi042.jpg,109004,607c440c,\Pervs Corner\12 - Moi\,{COPOP1~G03~024~12 - Moi}
moi043.jpg,104827,a3697b21,\Pervs Corner\12 - Moi\,{COPOP1~G03~024~12 - Moi}
moi044.jpg,89704,bb69ede4,\Pervs Corner\12 - Moi\,{COPOP1~G03~024~12 - Moi}
moi045.jpg,87329,99422c4a,\Pervs Corner\12 - Moi\,{COPOP1~G03~024~12 - Moi}
cherie001.jpg,92464,968bae0d,\Pervs Corner\13 - Cherie\,{COPOP1~G03~025~13 - Cherie}
cherie002.jpg,90123,9532133a,\Pervs Corner\13 - Cherie\,{COPOP1~G03~025~13 - Cherie}
cherie003.jpg,93641,fd804e39,\Pervs Corner\13 - Cherie\,{COPOP1~G03~025~13 - Cherie}
cherie004.jpg,96898,49aedb74,\Pervs Corner\13 - Cherie\,{COPOP1~G03~025~13 - Cherie}
cherie005.jpg,114132,6801fc49,\Pervs Corner\13 - Cherie\,{COPOP1~G03~025~13 - Cherie}
cherie006.jpg,112979,eb7f6db8,\Pervs Corner\13 - Cherie\,{COPOP1~G03~025~13 - Cherie}
cherie007.jpg,114851,203be897,\Pervs Corner\13 - Cherie\,{COPOP1~G03~025~13 - Cherie}
cherie008.jpg,108506,d0e64d4d,\Pervs Corner\13 - Cherie\,{COPOP1~G03~025~13 - Cherie}
cherie009.jpg,102161,787ac0d6,\Pervs Corner\13 - Cherie\,{COPOP1~G03~025~13 - Cherie}
cherie010.jpg,101582,c9fdd938,\Pervs Corner\13 - Cherie\,{COPOP1~G03~025~13 - Cherie}
cherie011.jpg,106765,83076b98,\Pervs Corner\13 - Cherie\,{COPOP1~G03~025~13 - Cherie}
cherie012.jpg,103856,63dd43dc,\Pervs Corner\13 - Cherie\,{COPOP1~G03~025~13 - Cherie}
cherie013.jpg,101544,b960063c,\Pervs Corner\13 - Cherie\,{COPOP1~G03~025~13 - Cherie}
cherie014.jpg,98106,47c27d4a,\Pervs Corner\13 - Cherie\,{COPOP1~G03~025~13 - Cherie}
cherie015.jpg,100515,bcd3bcd1,\Pervs Corner\13 - Cherie\,{COPOP1~G03~025~13 - Cherie}
cherie016.jpg,113425,cdcb5fc4,\Pervs Corner\13 - Cherie\,{COPOP1~G03~025~13 - Cherie}
cherie017.jpg,116893,89d6f5d0,\Pervs Corner\13 - Cherie\,{COPOP1~G03~025~13 - Cherie}
cherie018.jpg,115823,b7b26967,\Pervs Corner\13 - Cherie\,{COPOP1~G03~025~13 - Cherie}
cherie019.jpg,115469,77a5feb4,\Pervs Corner\13 - Cherie\,{COPOP1~G03~025~13 - Cherie}
cherie020.jpg,87619,2be17761,\Pervs Corner\13 - Cherie\,{COPOP1~G03~025~13 - Cherie}
cherie021.jpg,85680,8467f913,\Pervs Corner\13 - Cherie\,{COPOP1~G03~025~13 - Cherie}
cherie022.jpg,87971,e8da01c2,\Pervs Corner\13 - Cherie\,{COPOP1~G03~025~13 - Cherie}
cherie023.jpg,106829,0e69b3c4,\Pervs Corner\13 - Cherie\,{COPOP1~G03~025~13 - Cherie}
cherie024.jpg,117927,ed971383,\Pervs Corner\13 - Cherie\,{COPOP1~G03~025~13 - Cherie}
cherie025.jpg,99445,11d09100,\Pervs Corner\13 - Cherie\,{COPOP1~G03~025~13 - Cherie}
cherie026.jpg,119220,6e36f27e,\Pervs Corner\13 - Cherie\,{COPOP1~G03~025~13 - Cherie}
cherie027.jpg,120836,f76bd642,\Pervs Corner\13 - Cherie\,{COPOP1~G03~025~13 - Cherie}
cherie028.jpg,81797,0c3e3915,\Pervs Corner\13 - Cherie\,{COPOP1~G03~025~13 - Cherie}
cherie029.jpg,87074,390ec4cb,\Pervs Corner\13 - Cherie\,{COPOP1~G03~025~13 - Cherie}
cherie030.jpg,101989,817893c1,\Pervs Corner\13 - Cherie\,{COPOP1~G03~025~13 - Cherie}
cherie031.jpg,95601,21a7359f,\Pervs Corner\13 - Cherie\,{COPOP1~G03~025~13 - Cherie}
cherie032.jpg,102158,58024476,\Pervs Corner\13 - Cherie\,{COPOP1~G03~025~13 - Cherie}
cherie033.jpg,105275,cc6478c7,\Pervs Corner\13 - Cherie\,{COPOP1~G03~025~13 - Cherie}
cherie034.jpg,82717,2dd91ca5,\Pervs Corner\13 - Cherie\,{COPOP1~G03~025~13 - Cherie}
cherie035.jpg,90282,ac26639c,\Pervs Corner\13 - Cherie\,{COPOP1~G03~025~13 - Cherie}
cherie036.jpg,89092,5a4a516d,\Pervs Corner\13 - Cherie\,{COPOP1~G03~025~13 - Cherie}
cherie037.jpg,81473,1112c940,\Pervs Corner\13 - Cherie\,{COPOP1~G03~025~13 - Cherie}
cherie038.jpg,80437,f958998c,\Pervs Corner\13 - Cherie\,{COPOP1~G03~025~13 - Cherie}
cherie039.jpg,90760,2700ebca,\Pervs Corner\13 - Cherie\,{COPOP1~G03~025~13 - Cherie}
cherie040.jpg,96620,311fbeac,\Pervs Corner\13 - Cherie\,{COPOP1~G03~025~13 - Cherie}
cherie041.jpg,93621,6f0523a8,\Pervs Corner\13 - Cherie\,{COPOP1~G03~025~13 - Cherie}
cherie042.jpg,89959,b7a101d6,\Pervs Corner\13 - Cherie\,{COPOP1~G03~025~13 - Cherie}
cherie043.jpg,77427,a87d7c50,\Pervs Corner\13 - Cherie\,{COPOP1~G03~025~13 - Cherie}
talisha01.jpg,185328,9f6cfbc9,\Pervs Corner\14 - Talisha\,{COPOP1~G03~026~14 - Talisha}
talisha02.jpg,175770,567186d2,\Pervs Corner\14 - Talisha\,{COPOP1~G03~026~14 - Talisha}
talisha03.jpg,166894,ea0f28d1,\Pervs Corner\14 - Talisha\,{COPOP1~G03~026~14 - Talisha}
talisha04.jpg,157769,ab6187c7,\Pervs Corner\14 - Talisha\,{COPOP1~G03~026~14 - Talisha}
talisha05.jpg,175635,e46fa217,\Pervs Corner\14 - Talisha\,{COPOP1~G03~026~14 - Talisha}
talisha06.jpg,159373,fe6f670a,\Pervs Corner\14 - Talisha\,{COPOP1~G03~026~14 - Talisha}
talisha07.jpg,189517,291d7bf1,\Pervs Corner\14 - Talisha\,{COPOP1~G03~026~14 - Talisha}
talisha08.jpg,167109,05aa7ee6,\Pervs Corner\14 - Talisha\,{COPOP1~G03~026~14 - Talisha}
talisha09.jpg,176260,831684ae,\Pervs Corner\14 - Talisha\,{COPOP1~G03~026~14 - Talisha}
talisha10.jpg,182165,1bf571e8,\Pervs Corner\14 - Talisha\,{COPOP1~G03~026~14 - Talisha}
talisha11.jpg,193277,172a2383,\Pervs Corner\14 - Talisha\,{COPOP1~G03~026~14 - Talisha}
talisha12.jpg,181784,2380f98a,\Pervs Corner\14 - Talisha\,{COPOP1~G03~026~14 - Talisha}
talisha13.jpg,177875,860a32fa,\Pervs Corner\14 - Talisha\,{COPOP1~G03~026~14 - Talisha}
talisha14.jpg,171124,8ceb2670,\Pervs Corner\14 - Talisha\,{COPOP1~G03~026~14 - Talisha}
talisha15.jpg,141467,cb6cd229,\Pervs Corner\14 - Talisha\,{COPOP1~G03~026~14 - Talisha}
talisha16.jpg,202383,b353930f,\Pervs Corner\14 - Talisha\,{COPOP1~G03~026~14 - Talisha}
talisha17.jpg,181225,3f1a74b2,\Pervs Corner\14 - Talisha\,{COPOP1~G03~026~14 - Talisha}
talisha18.jpg,203729,510a5f4b,\Pervs Corner\14 - Talisha\,{COPOP1~G03~026~14 - Talisha}
talisha19.jpg,190960,7864d166,\Pervs Corner\14 - Talisha\,{COPOP1~G03~026~14 - Talisha}
talisha20.jpg,146960,4f3a2059,\Pervs Corner\14 - Talisha\,{COPOP1~G03~026~14 - Talisha}
talisha21.jpg,140278,302aa730,\Pervs Corner\14 - Talisha\,{COPOP1~G03~026~14 - Talisha}
talisha22.jpg,150913,980d95c5,\Pervs Corner\14 - Talisha\,{COPOP1~G03~026~14 - Talisha}
talisha23.jpg,124961,f5b1fa2d,\Pervs Corner\14 - Talisha\,{COPOP1~G03~026~14 - Talisha}
talisha24.jpg,142395,e30921fa,\Pervs Corner\14 - Talisha\,{COPOP1~G03~026~14 - Talisha}
talisha25.jpg,136649,04107cf6,\Pervs Corner\14 - Talisha\,{COPOP1~G03~026~14 - Talisha}
talisha27.jpg,141835,a689e290,\Pervs Corner\14 - Talisha\,{COPOP1~G03~026~14 - Talisha}
talisha28.jpg,158980,a910aef3,\Pervs Corner\14 - Talisha\,{COPOP1~G03~026~14 - Talisha}
talisha29.jpg,143246,26f39986,\Pervs Corner\14 - Talisha\,{COPOP1~G03~026~14 - Talisha}
talisha30.jpg,154283,a7010ea2,\Pervs Corner\14 - Talisha\,{COPOP1~G03~026~14 - Talisha}
talisha31.jpg,160935,982b9f72,\Pervs Corner\14 - Talisha\,{COPOP1~G03~026~14 - Talisha}
talisha32.jpg,148186,4f33ff7e,\Pervs Corner\14 - Talisha\,{COPOP1~G03~026~14 - Talisha}
talisha33.jpg,165479,f7b66621,\Pervs Corner\14 - Talisha\,{COPOP1~G03~026~14 - Talisha}
bea01.jpg,202897,e05db49c,\Pervs Corner\15 - Bea\,{COPOP1~G03~027~15 - Bea}
bea02.jpg,210306,5dc839d2,\Pervs Corner\15 - Bea\,{COPOP1~G03~027~15 - Bea}
bea03.jpg,204888,f70574ee,\Pervs Corner\15 - Bea\,{COPOP1~G03~027~15 - Bea}
bea04.jpg,184476,10de1726,\Pervs Corner\15 - Bea\,{COPOP1~G03~027~15 - Bea}
bea05.jpg,159018,72f7ef5a,\Pervs Corner\15 - Bea\,{COPOP1~G03~027~15 - Bea}
bea06.jpg,193820,2f240928,\Pervs Corner\15 - Bea\,{COPOP1~G03~027~15 - Bea}
bea07.jpg,188237,7608482a,\Pervs Corner\15 - Bea\,{COPOP1~G03~027~15 - Bea}
bea08.jpg,186534,130800fe,\Pervs Corner\15 - Bea\,{COPOP1~G03~027~15 - Bea}
bea09.jpg,205808,3237d96b,\Pervs Corner\15 - Bea\,{COPOP1~G03~027~15 - Bea}
bea10.jpg,194685,93debfbe,\Pervs Corner\15 - Bea\,{COPOP1~G03~027~15 - Bea}
bea11.jpg,172370,613ce90b,\Pervs Corner\15 - Bea\,{COPOP1~G03~027~15 - Bea}
bea12.jpg,167691,57cfd677,\Pervs Corner\15 - Bea\,{COPOP1~G03~027~15 - Bea}
bea13.jpg,185320,c8adea80,\Pervs Corner\15 - Bea\,{COPOP1~G03~027~15 - Bea}
bea14.jpg,182065,20e5868d,\Pervs Corner\15 - Bea\,{COPOP1~G03~027~15 - Bea}
bea15.jpg,182158,874c6fda,\Pervs Corner\15 - Bea\,{COPOP1~G03~027~15 - Bea}
bea16.jpg,187042,85b9e645,\Pervs Corner\15 - Bea\,{COPOP1~G03~027~15 - Bea}
bea17.jpg,175409,081ad8f4,\Pervs Corner\15 - Bea\,{COPOP1~G03~027~15 - Bea}
bea18.jpg,179450,a3d16fdf,\Pervs Corner\15 - Bea\,{COPOP1~G03~027~15 - Bea}
bea19.jpg,176605,c1ec48a9,\Pervs Corner\15 - Bea\,{COPOP1~G03~027~15 - Bea}
bea20.jpg,170130,bb055494,\Pervs Corner\15 - Bea\,{COPOP1~G03~027~15 - Bea}
bea21.jpg,154758,5911d75c,\Pervs Corner\15 - Bea\,{COPOP1~G03~027~15 - Bea}
bea22.jpg,175003,edaa197e,\Pervs Corner\15 - Bea\,{COPOP1~G03~027~15 - Bea}
bea23.jpg,169894,b46c0d83,\Pervs Corner\15 - Bea\,{COPOP1~G03~027~15 - Bea}
bea24.jpg,151089,85311de7,\Pervs Corner\15 - Bea\,{COPOP1~G03~027~15 - Bea}
bea25.jpg,157437,a7d8d278,\Pervs Corner\15 - Bea\,{COPOP1~G03~027~15 - Bea}
bea26.jpg,180461,ac258dfc,\Pervs Corner\15 - Bea\,{COPOP1~G03~027~15 - Bea}
bea27.jpg,154485,9e3d5bfa,\Pervs Corner\15 - Bea\,{COPOP1~G03~027~15 - Bea}
bea28.jpg,144277,92a406ea,\Pervs Corner\15 - Bea\,{COPOP1~G03~027~15 - Bea}
bea29.jpg,174187,fb5f13c3,\Pervs Corner\15 - Bea\,{COPOP1~G03~027~15 - Bea}
bea30.jpg,158645,ae046b3c,\Pervs Corner\15 - Bea\,{COPOP1~G03~027~15 - Bea}
bea31.jpg,164744,6e7a3b56,\Pervs Corner\15 - Bea\,{COPOP1~G03~027~15 - Bea}
bea32.jpg,170313,4cbaaffe,\Pervs Corner\15 - Bea\,{COPOP1~G03~027~15 - Bea}
bea33.jpg,176362,98b2d1ce,\Pervs Corner\15 - Bea\,{COPOP1~G03~027~15 - Bea}
bea34.jpg,191214,f3b56730,\Pervs Corner\15 - Bea\,{COPOP1~G03~027~15 - Bea}
bea35.jpg,166764,91cad858,\Pervs Corner\15 - Bea\,{COPOP1~G03~027~15 - Bea}
bea36.jpg,183799,9afbc599,\Pervs Corner\15 - Bea\,{COPOP1~G03~027~15 - Bea}
bea37.jpg,174901,5c7518ce,\Pervs Corner\15 - Bea\,{COPOP1~G03~027~15 - Bea}
rachel001.jpg,290850,960dd056,\Pervs Corner\16 - Rachel\,{COPOP1~G03~028~16 - Rachel}
rachel002.jpg,268582,9508229d,\Pervs Corner\16 - Rachel\,{COPOP1~G03~028~16 - Rachel}
rachel003.jpg,278547,efce7bc7,\Pervs Corner\16 - Rachel\,{COPOP1~G03~028~16 - Rachel}
rachel004.jpg,341799,a44a403b,\Pervs Corner\16 - Rachel\,{COPOP1~G03~028~16 - Rachel}
rachel005.jpg,338432,b4a0aeca,\Pervs Corner\16 - Rachel\,{COPOP1~G03~028~16 - Rachel}
rachel006.jpg,289183,2a5d3075,\Pervs Corner\16 - Rachel\,{COPOP1~G03~028~16 - Rachel}
rachel007.jpg,271963,0e452e5a,\Pervs Corner\16 - Rachel\,{COPOP1~G03~028~16 - Rachel}
rachel008.jpg,267573,f1f131a2,\Pervs Corner\16 - Rachel\,{COPOP1~G03~028~16 - Rachel}
rachel009.jpg,312550,ea8b1ebf,\Pervs Corner\16 - Rachel\,{COPOP1~G03~028~16 - Rachel}
rachel010.jpg,261820,2a222840,\Pervs Corner\16 - Rachel\,{COPOP1~G03~028~16 - Rachel}
rachel011.jpg,283775,bed887e5,\Pervs Corner\16 - Rachel\,{COPOP1~G03~028~16 - Rachel}
rachel012.jpg,277972,f9949408,\Pervs Corner\16 - Rachel\,{COPOP1~G03~028~16 - Rachel}
rachel013.jpg,267145,e19bfc7d,\Pervs Corner\16 - Rachel\,{COPOP1~G03~028~16 - Rachel}
rachel014.jpg,260701,386ea8bc,\Pervs Corner\16 - Rachel\,{COPOP1~G03~028~16 - Rachel}
rachel015.jpg,231517,41fe09c9,\Pervs Corner\16 - Rachel\,{COPOP1~G03~028~16 - Rachel}
rachel016.jpg,246969,bdca64f3,\Pervs Corner\16 - Rachel\,{COPOP1~G03~028~16 - Rachel}
rachel017.jpg,265025,d27e4bd2,\Pervs Corner\16 - Rachel\,{COPOP1~G03~028~16 - Rachel}
rachel018.jpg,283449,ed953d30,\Pervs Corner\16 - Rachel\,{COPOP1~G03~028~16 - Rachel}
rachel019.jpg,307110,d80d601d,\Pervs Corner\16 - Rachel\,{COPOP1~G03~028~16 - Rachel}
rachel020.jpg,252296,45bc9b6e,\Pervs Corner\16 - Rachel\,{COPOP1~G03~028~16 - Rachel}
rachel021.jpg,290851,e718d1f6,\Pervs Corner\16 - Rachel\,{COPOP1~G03~028~16 - Rachel}
rachel022.jpg,288316,3e337d3d,\Pervs Corner\16 - Rachel\,{COPOP1~G03~028~16 - Rachel}
rachel023.jpg,246522,a312b207,\Pervs Corner\16 - Rachel\,{COPOP1~G03~028~16 - Rachel}
rachel024.jpg,246335,b95fc5fe,\Pervs Corner\16 - Rachel\,{COPOP1~G03~028~16 - Rachel}
rachel025.jpg,306767,2fb55efe,\Pervs Corner\16 - Rachel\,{COPOP1~G03~028~16 - Rachel}
rachel026.jpg,289422,3a31f1c0,\Pervs Corner\16 - Rachel\,{COPOP1~G03~028~16 - Rachel}
rachel027.jpg,271843,277c7a2a,\Pervs Corner\16 - Rachel\,{COPOP1~G03~028~16 - Rachel}
rachel028.jpg,268629,478361f2,\Pervs Corner\16 - Rachel\,{COPOP1~G03~028~16 - Rachel}
rachel029.jpg,268292,54e7aca4,\Pervs Corner\16 - Rachel\,{COPOP1~G03~028~16 - Rachel}
rachel030.jpg,226220,9e3a8d87,\Pervs Corner\16 - Rachel\,{COPOP1~G03~028~16 - Rachel}
rachel031.jpg,285485,791dca52,\Pervs Corner\16 - Rachel\,{COPOP1~G03~028~16 - Rachel}
rachel032.jpg,259195,c3b81765,\Pervs Corner\16 - Rachel\,{COPOP1~G03~028~16 - Rachel}
rachel033.jpg,278996,08a31feb,\Pervs Corner\16 - Rachel\,{COPOP1~G03~028~16 - Rachel}
rachel034.jpg,273545,e3e9feab,\Pervs Corner\16 - Rachel\,{COPOP1~G03~028~16 - Rachel}
rachel035.jpg,273588,7578e46a,\Pervs Corner\16 - Rachel\,{COPOP1~G03~028~16 - Rachel}
rachel036.jpg,345020,21f9b0df,\Pervs Corner\16 - Rachel\,{COPOP1~G03~028~16 - Rachel}
rachel037.jpg,295629,ca244055,\Pervs Corner\16 - Rachel\,{COPOP1~G03~028~16 - Rachel}
rachel038.jpg,293841,edb72952,\Pervs Corner\16 - Rachel\,{COPOP1~G03~028~16 - Rachel}
rachel039.jpg,251712,2f25ad27,\Pervs Corner\16 - Rachel\,{COPOP1~G03~028~16 - Rachel}
rachel040.jpg,260893,e842ad61,\Pervs Corner\16 - Rachel\,{COPOP1~G03~028~16 - Rachel}
rachel041.jpg,263445,16fe9fd5,\Pervs Corner\16 - Rachel\,{COPOP1~G03~028~16 - Rachel}
rachel042.jpg,231564,a4ec0235,\Pervs Corner\16 - Rachel\,{COPOP1~G03~028~16 - Rachel}
rachel043.jpg,233448,91b9a663,\Pervs Corner\16 - Rachel\,{COPOP1~G03~028~16 - Rachel}
rachel044.jpg,264143,e43e3456,\Pervs Corner\16 - Rachel\,{COPOP1~G03~028~16 - Rachel}
rachel045.jpg,273690,1dcc2109,\Pervs Corner\16 - Rachel\,{COPOP1~G03~028~16 - Rachel}