cristinavegas1.dk001.jpg,830807,b8ef6f87,\2020-12\09 - Cristina Vegas\,{EUTG02~2020-12~YP0SCLOD~09 - Cristina Vegas}
cristinavegas1.dk002.jpg,832722,0fb629b3,\2020-12\09 - Cristina Vegas\,{EUTG02~2020-12~YP0SCLOD~09 - Cristina Vegas}
cristinavegas1.dk003.jpg,1080348,74a6acc1,\2020-12\09 - Cristina Vegas\,{EUTG02~2020-12~YP0SCLOD~09 - Cristina Vegas}
cristinavegas1.dk004.jpg,742117,e04acc7a,\2020-12\09 - Cristina Vegas\,{EUTG02~2020-12~YP0SCLOD~09 - Cristina Vegas}
cristinavegas1.dk005.jpg,831386,e50c04e4,\2020-12\09 - Cristina Vegas\,{EUTG02~2020-12~YP0SCLOD~09 - Cristina Vegas}
cristinavegas1.dk006.jpg,878355,d1a6b018,\2020-12\09 - Cristina Vegas\,{EUTG02~2020-12~YP0SCLOD~09 - Cristina Vegas}
cristinavegas1.dk007.jpg,870942,2d01c898,\2020-12\09 - Cristina Vegas\,{EUTG02~2020-12~YP0SCLOD~09 - Cristina Vegas}
cristinavegas1.dk008.jpg,914037,45a3e633,\2020-12\09 - Cristina Vegas\,{EUTG02~2020-12~YP0SCLOD~09 - Cristina Vegas}
cristinavegas1.dk009.jpg,971044,d34828cb,\2020-12\09 - Cristina Vegas\,{EUTG02~2020-12~YP0SCLOD~09 - Cristina Vegas}
cristinavegas1.dk010.jpg,918696,2004b54a,\2020-12\09 - Cristina Vegas\,{EUTG02~2020-12~YP0SCLOD~09 - Cristina Vegas}
cristinavegas1.dk011.jpg,950548,f3a71b08,\2020-12\09 - Cristina Vegas\,{EUTG02~2020-12~YP0SCLOD~09 - Cristina Vegas}
cristinavegas1.dk012.jpg,969851,92954085,\2020-12\09 - Cristina Vegas\,{EUTG02~2020-12~YP0SCLOD~09 - Cristina Vegas}
cristinavegas1.dk013.jpg,978852,6656118d,\2020-12\09 - Cristina Vegas\,{EUTG02~2020-12~YP0SCLOD~09 - Cristina Vegas}
cristinavegas1.dk014.jpg,1100229,97fd511d,\2020-12\09 - Cristina Vegas\,{EUTG02~2020-12~YP0SCLOD~09 - Cristina Vegas}
cristinavegas1.dk015.jpg,1027197,2976323d,\2020-12\09 - Cristina Vegas\,{EUTG02~2020-12~YP0SCLOD~09 - Cristina Vegas}
cristinavegas1.dk016.jpg,988560,996febac,\2020-12\09 - Cristina Vegas\,{EUTG02~2020-12~YP0SCLOD~09 - Cristina Vegas}
cristinavegas1.dk017.jpg,1043405,284d1d65,\2020-12\09 - Cristina Vegas\,{EUTG02~2020-12~YP0SCLOD~09 - Cristina Vegas}
cristinavegas1.dk018.jpg,1063148,c9822cc5,\2020-12\09 - Cristina Vegas\,{EUTG02~2020-12~YP0SCLOD~09 - Cristina Vegas}
cristinavegas1.dk019.jpg,1070441,03866143,\2020-12\09 - Cristina Vegas\,{EUTG02~2020-12~YP0SCLOD~09 - Cristina Vegas}
cristinavegas1.dk020.jpg,1041722,c67b4169,\2020-12\09 - Cristina Vegas\,{EUTG02~2020-12~YP0SCLOD~09 - Cristina Vegas}
cristinavegas1.dk021.jpg,877266,7b344133,\2020-12\09 - Cristina Vegas\,{EUTG02~2020-12~YP0SCLOD~09 - Cristina Vegas}
cristinavegas1.dk022.jpg,882128,62e1cb63,\2020-12\09 - Cristina Vegas\,{EUTG02~2020-12~YP0SCLOD~09 - Cristina Vegas}
cristinavegas1.dk023.jpg,891651,9cb6dfd9,\2020-12\09 - Cristina Vegas\,{EUTG02~2020-12~YP0SCLOD~09 - Cristina Vegas}
cristinavegas1.dk024.jpg,1105209,b1a24ae6,\2020-12\09 - Cristina Vegas\,{EUTG02~2020-12~YP0SCLOD~09 - Cristina Vegas}
cristinavegas1.dk025.jpg,1070300,c641200a,\2020-12\09 - Cristina Vegas\,{EUTG02~2020-12~YP0SCLOD~09 - Cristina Vegas}
cristinavegas1.dk026.jpg,1109231,f70a1166,\2020-12\09 - Cristina Vegas\,{EUTG02~2020-12~YP0SCLOD~09 - Cristina Vegas}
cristinavegas1.dk027.jpg,879387,557ec0f5,\2020-12\09 - Cristina Vegas\,{EUTG02~2020-12~YP0SCLOD~09 - Cristina Vegas}
cristinavegas1.dk028.jpg,896761,21dddef9,\2020-12\09 - Cristina Vegas\,{EUTG02~2020-12~YP0SCLOD~09 - Cristina Vegas}
cristinavegas1.dk029.jpg,970052,87be560d,\2020-12\09 - Cristina Vegas\,{EUTG02~2020-12~YP0SCLOD~09 - Cristina Vegas}
cristinavegas1.dk030.jpg,1033161,91ee9dbe,\2020-12\09 - Cristina Vegas\,{EUTG02~2020-12~YP0SCLOD~09 - Cristina Vegas}
cristinavegas1.dk031.jpg,875972,7396caba,\2020-12\09 - Cristina Vegas\,{EUTG02~2020-12~YP0SCLOD~09 - Cristina Vegas}
cristinavegas1.dk032.jpg,855280,955d5f07,\2020-12\09 - Cristina Vegas\,{EUTG02~2020-12~YP0SCLOD~09 - Cristina Vegas}
cristinavegas1.dk033.jpg,1166705,5a82c483,\2020-12\09 - Cristina Vegas\,{EUTG02~2020-12~YP0SCLOD~09 - Cristina Vegas}
cristinavegas1.dk034.jpg,1052362,8e6e5f57,\2020-12\09 - Cristina Vegas\,{EUTG02~2020-12~YP0SCLOD~09 - Cristina Vegas}
cristinavegas1.dk035.jpg,953517,826f8bb2,\2020-12\09 - Cristina Vegas\,{EUTG02~2020-12~YP0SCLOD~09 - Cristina Vegas}
cristinavegas1.dk036.jpg,899540,ce2b793b,\2020-12\09 - Cristina Vegas\,{EUTG02~2020-12~YP0SCLOD~09 - Cristina Vegas}
cristinavegas1.dk037.jpg,855042,5c477f97,\2020-12\09 - Cristina Vegas\,{EUTG02~2020-12~YP0SCLOD~09 - Cristina Vegas}
cristinavegas1.dk038.jpg,969436,5058cfaa,\2020-12\09 - Cristina Vegas\,{EUTG02~2020-12~YP0SCLOD~09 - Cristina Vegas}
cristinavegas1.dk039.jpg,975742,78ceb883,\2020-12\09 - Cristina Vegas\,{EUTG02~2020-12~YP0SCLOD~09 - Cristina Vegas}
cristinavegas1.dk040.jpg,947278,d3849d98,\2020-12\09 - Cristina Vegas\,{EUTG02~2020-12~YP0SCLOD~09 - Cristina Vegas}
cristinavegas1.dk041.jpg,816782,80e27b26,\2020-12\09 - Cristina Vegas\,{EUTG02~2020-12~YP0SCLOD~09 - Cristina Vegas}
cristinavegas1.dk042.jpg,904169,a4ffefe8,\2020-12\09 - Cristina Vegas\,{EUTG02~2020-12~YP0SCLOD~09 - Cristina Vegas}
cristinavegas1.dk043.jpg,745525,fbd4e785,\2020-12\09 - Cristina Vegas\,{EUTG02~2020-12~YP0SCLOD~09 - Cristina Vegas}
cristinavegas1.dk044.jpg,844939,744d30ed,\2020-12\09 - Cristina Vegas\,{EUTG02~2020-12~YP0SCLOD~09 - Cristina Vegas}
cristinavegas1.dk045.jpg,821750,5b3f7566,\2020-12\09 - Cristina Vegas\,{EUTG02~2020-12~YP0SCLOD~09 - Cristina Vegas}
cristinavegas1.dk046.jpg,840091,a34f4713,\2020-12\09 - Cristina Vegas\,{EUTG02~2020-12~YP0SCLOD~09 - Cristina Vegas}
cristinavegas1.dk047.jpg,813740,3230944b,\2020-12\09 - Cristina Vegas\,{EUTG02~2020-12~YP0SCLOD~09 - Cristina Vegas}
cristinavegas1.dk048.jpg,925156,b827f5d8,\2020-12\09 - Cristina Vegas\,{EUTG02~2020-12~YP0SCLOD~09 - Cristina Vegas}
cristinavegas1.dk049.jpg,920172,0ef1a48d,\2020-12\09 - Cristina Vegas\,{EUTG02~2020-12~YP0SCLOD~09 - Cristina Vegas}
cristinavegas1.dk050.jpg,1007155,55680b65,\2020-12\09 - Cristina Vegas\,{EUTG02~2020-12~YP0SCLOD~09 - Cristina Vegas}
cristinavegas1.dk051.jpg,896249,366740df,\2020-12\09 - Cristina Vegas\,{EUTG02~2020-12~YP0SCLOD~09 - Cristina Vegas}
cristinavegas1.dk052.jpg,774647,280fd1b0,\2020-12\09 - Cristina Vegas\,{EUTG02~2020-12~YP0SCLOD~09 - Cristina Vegas}
cristinavegas1.dk053.jpg,820712,81b4e94d,\2020-12\09 - Cristina Vegas\,{EUTG02~2020-12~YP0SCLOD~09 - Cristina Vegas}
cristinavegas1.dk054.jpg,1064637,a8087dd7,\2020-12\09 - Cristina Vegas\,{EUTG02~2020-12~YP0SCLOD~09 - Cristina Vegas}
cristinavegas1.dk055.jpg,1016662,b99468a9,\2020-12\09 - Cristina Vegas\,{EUTG02~2020-12~YP0SCLOD~09 - Cristina Vegas}
cristinavegas1.dk056.jpg,1060744,56f5112e,\2020-12\09 - Cristina Vegas\,{EUTG02~2020-12~YP0SCLOD~09 - Cristina Vegas}
cristinavegas1.dk057.jpg,915513,ed732c4c,\2020-12\09 - Cristina Vegas\,{EUTG02~2020-12~YP0SCLOD~09 - Cristina Vegas}
cristinavegas1.dk058.jpg,847331,269b0b48,\2020-12\09 - Cristina Vegas\,{EUTG02~2020-12~YP0SCLOD~09 - Cristina Vegas}
cristinavegas1.dk059.jpg,920520,a0bf9f15,\2020-12\09 - Cristina Vegas\,{EUTG02~2020-12~YP0SCLOD~09 - Cristina Vegas}
cristinavegas1.dk060.jpg,827684,fefdacbc,\2020-12\09 - Cristina Vegas\,{EUTG02~2020-12~YP0SCLOD~09 - Cristina Vegas}
cristinavegas1.dk061.jpg,928941,92d61588,\2020-12\09 - Cristina Vegas\,{EUTG02~2020-12~YP0SCLOD~09 - Cristina Vegas}
cristinavegas1.dk062.jpg,817984,38992208,\2020-12\09 - Cristina Vegas\,{EUTG02~2020-12~YP0SCLOD~09 - Cristina Vegas}
cristinavegas1.dk063.jpg,831481,dcdd9105,\2020-12\09 - Cristina Vegas\,{EUTG02~2020-12~YP0SCLOD~09 - Cristina Vegas}
cristinavegas1.dk064.jpg,864349,37ed4a9d,\2020-12\09 - Cristina Vegas\,{EUTG02~2020-12~YP0SCLOD~09 - Cristina Vegas}
cristinavegas1.dk065.jpg,1335998,7d475f96,\2020-12\09 - Cristina Vegas\,{EUTG02~2020-12~YP0SCLOD~09 - Cristina Vegas}
cristinavegas1.dk066.jpg,1314311,d01facce,\2020-12\09 - Cristina Vegas\,{EUTG02~2020-12~YP0SCLOD~09 - Cristina Vegas}
cristinavegas1.dk067.jpg,967277,ecda1598,\2020-12\09 - Cristina Vegas\,{EUTG02~2020-12~YP0SCLOD~09 - Cristina Vegas}
cristinavegas1.dk068.jpg,1104938,01aaf589,\2020-12\09 - Cristina Vegas\,{EUTG02~2020-12~YP0SCLOD~09 - Cristina Vegas}
cristinavegas1.dk069.jpg,1112115,2cb845af,\2020-12\09 - Cristina Vegas\,{EUTG02~2020-12~YP0SCLOD~09 - Cristina Vegas}
cristinavegas1.dk070.jpg,1076355,1cec20af,\2020-12\09 - Cristina Vegas\,{EUTG02~2020-12~YP0SCLOD~09 - Cristina Vegas}
cristinavegas1.dk071.jpg,1115944,8ce0b512,\2020-12\09 - Cristina Vegas\,{EUTG02~2020-12~YP0SCLOD~09 - Cristina Vegas}
cristinavegas1.dk072.jpg,1157878,801288e2,\2020-12\09 - Cristina Vegas\,{EUTG02~2020-12~YP0SCLOD~09 - Cristina Vegas}
cristinavegas1.dk073.jpg,1096196,701aa3d8,\2020-12\09 - Cristina Vegas\,{EUTG02~2020-12~YP0SCLOD~09 - Cristina Vegas}
cristinavegas1.dk074.jpg,1071649,bf9e25b5,\2020-12\09 - Cristina Vegas\,{EUTG02~2020-12~YP0SCLOD~09 - Cristina Vegas}
cristinavegas1.dk075.jpg,1057920,0111b96a,\2020-12\09 - Cristina Vegas\,{EUTG02~2020-12~YP0SCLOD~09 - Cristina Vegas}
cristinavegas1.dk076.jpg,1034606,3c621258,\2020-12\09 - Cristina Vegas\,{EUTG02~2020-12~YP0SCLOD~09 - Cristina Vegas}
cristinavegas1.dk077.jpg,947488,11a0ed04,\2020-12\09 - Cristina Vegas\,{EUTG02~2020-12~YP0SCLOD~09 - Cristina Vegas}
cristinavegas1.dk078.jpg,940465,43a3dbad,\2020-12\09 - Cristina Vegas\,{EUTG02~2020-12~YP0SCLOD~09 - Cristina Vegas}
cristinavegas1.dk079.jpg,776227,82118f04,\2020-12\09 - Cristina Vegas\,{EUTG02~2020-12~YP0SCLOD~09 - Cristina Vegas}
cristinavegas1.dk080.jpg,928318,1e5e07e7,\2020-12\09 - Cristina Vegas\,{EUTG02~2020-12~YP0SCLOD~09 - Cristina Vegas}
cristinavegas1.dk081.jpg,977447,a50371b9,\2020-12\09 - Cristina Vegas\,{EUTG02~2020-12~YP0SCLOD~09 - Cristina Vegas}
cristinavegas1.dk082.jpg,874362,05218820,\2020-12\09 - Cristina Vegas\,{EUTG02~2020-12~YP0SCLOD~09 - Cristina Vegas}
cristinavegas1.dk083.jpg,767477,c98166ed,\2020-12\09 - Cristina Vegas\,{EUTG02~2020-12~YP0SCLOD~09 - Cristina Vegas}
cristinavegas1.dk084.jpg,796732,39512cdf,\2020-12\09 - Cristina Vegas\,{EUTG02~2020-12~YP0SCLOD~09 - Cristina Vegas}
cristinavegas1.dk085.jpg,746166,71bf16da,\2020-12\09 - Cristina Vegas\,{EUTG02~2020-12~YP0SCLOD~09 - Cristina Vegas}
cristinavegas1.dk086.jpg,725007,2b171233,\2020-12\09 - Cristina Vegas\,{EUTG02~2020-12~YP0SCLOD~09 - Cristina Vegas}
cristinavegas1.dk087.jpg,735421,209ea8a5,\2020-12\09 - Cristina Vegas\,{EUTG02~2020-12~YP0SCLOD~09 - Cristina Vegas}
cristinavegas1.dk088.jpg,757465,bf591220,\2020-12\09 - Cristina Vegas\,{EUTG02~2020-12~YP0SCLOD~09 - Cristina Vegas}
cristinavegas1.dk089.jpg,739325,f95505cd,\2020-12\09 - Cristina Vegas\,{EUTG02~2020-12~YP0SCLOD~09 - Cristina Vegas}
cristinavegas1.dk090.jpg,900097,646816e7,\2020-12\09 - Cristina Vegas\,{EUTG02~2020-12~YP0SCLOD~09 - Cristina Vegas}
cristinavegas1.dk091.jpg,1088145,eb4df8c2,\2020-12\09 - Cristina Vegas\,{EUTG02~2020-12~YP0SCLOD~09 - Cristina Vegas}
cristinavegas1.dk092.jpg,1090036,062718a8,\2020-12\09 - Cristina Vegas\,{EUTG02~2020-12~YP0SCLOD~09 - Cristina Vegas}
cristinavegas1.dk093.jpg,1101807,08eb107f,\2020-12\09 - Cristina Vegas\,{EUTG02~2020-12~YP0SCLOD~09 - Cristina Vegas}
cristinavegas1.dk094.jpg,857330,66203be7,\2020-12\09 - Cristina Vegas\,{EUTG02~2020-12~YP0SCLOD~09 - Cristina Vegas}
cristinavegas1.dk095.jpg,905261,4cfe0654,\2020-12\09 - Cristina Vegas\,{EUTG02~2020-12~YP0SCLOD~09 - Cristina Vegas}
cristinavegas1.dk096.jpg,827987,5b217a6e,\2020-12\09 - Cristina Vegas\,{EUTG02~2020-12~YP0SCLOD~09 - Cristina Vegas}
cristinavegas1.dk097.jpg,827445,16c82593,\2020-12\09 - Cristina Vegas\,{EUTG02~2020-12~YP0SCLOD~09 - Cristina Vegas}
cristinavegas1.dk098.jpg,833172,9b22639c,\2020-12\09 - Cristina Vegas\,{EUTG02~2020-12~YP0SCLOD~09 - Cristina Vegas}
cristinavegas1.dk099.jpg,850034,af386187,\2020-12\09 - Cristina Vegas\,{EUTG02~2020-12~YP0SCLOD~09 - Cristina Vegas}
cristinavegas1.dk100.jpg,943758,7e9cf31f,\2020-12\09 - Cristina Vegas\,{EUTG02~2020-12~YP0SCLOD~09 - Cristina Vegas}
cristinavegas1.dk101.jpg,933518,c95e7b56,\2020-12\09 - Cristina Vegas\,{EUTG02~2020-12~YP0SCLOD~09 - Cristina Vegas}
cristinavegas1.dk102.jpg,991229,c5660736,\2020-12\09 - Cristina Vegas\,{EUTG02~2020-12~YP0SCLOD~09 - Cristina Vegas}
cristinavegas1.dk103.jpg,996574,fa6aeaa6,\2020-12\09 - Cristina Vegas\,{EUTG02~2020-12~YP0SCLOD~09 - Cristina Vegas}
cristinavegas1.dk104.jpg,671881,69aa5bfb,\2020-12\09 - Cristina Vegas\,{EUTG02~2020-12~YP0SCLOD~09 - Cristina Vegas}
cristinavegas1.dk105.jpg,664168,21a3964d,\2020-12\09 - Cristina Vegas\,{EUTG02~2020-12~YP0SCLOD~09 - Cristina Vegas}
cristinavegas1.dk106.jpg,745503,46e74b67,\2020-12\09 - Cristina Vegas\,{EUTG02~2020-12~YP0SCLOD~09 - Cristina Vegas}
cristinavegas1.dk107.jpg,721626,9065b893,\2020-12\09 - Cristina Vegas\,{EUTG02~2020-12~YP0SCLOD~09 - Cristina Vegas}
cristinavegas1.dk108.jpg,943934,0f31ab5e,\2020-12\09 - Cristina Vegas\,{EUTG02~2020-12~YP0SCLOD~09 - Cristina Vegas}
cristinavegas1.dk109.jpg,829128,4c48546e,\2020-12\09 - Cristina Vegas\,{EUTG02~2020-12~YP0SCLOD~09 - Cristina Vegas}
cristinavegas1.dk110.jpg,849453,c4a48a10,\2020-12\09 - Cristina Vegas\,{EUTG02~2020-12~YP0SCLOD~09 - Cristina Vegas}
cristinavegas1.dk111.jpg,827409,9bbeaf86,\2020-12\09 - Cristina Vegas\,{EUTG02~2020-12~YP0SCLOD~09 - Cristina Vegas}
cristinavegas1.dk112.jpg,775222,273ced5b,\2020-12\09 - Cristina Vegas\,{EUTG02~2020-12~YP0SCLOD~09 - Cristina Vegas}
cristinavegas1.dk113.jpg,1075263,f82cd26e,\2020-12\09 - Cristina Vegas\,{EUTG02~2020-12~YP0SCLOD~09 - Cristina Vegas}
cristinavegas1.dk114.jpg,1024586,103b5033,\2020-12\09 - Cristina Vegas\,{EUTG02~2020-12~YP0SCLOD~09 - Cristina Vegas}
cristinavegas1.dk115.jpg,817257,ce316b47,\2020-12\09 - Cristina Vegas\,{EUTG02~2020-12~YP0SCLOD~09 - Cristina Vegas}
cristinavegas1.dk116.jpg,967203,a0e6f8bb,\2020-12\09 - Cristina Vegas\,{EUTG02~2020-12~YP0SCLOD~09 - Cristina Vegas}
cristinavegas1.dk117.jpg,946663,65f41502,\2020-12\09 - Cristina Vegas\,{EUTG02~2020-12~YP0SCLOD~09 - Cristina Vegas}
cristinavegas1.dk118.jpg,896606,a45f4dc5,\2020-12\09 - Cristina Vegas\,{EUTG02~2020-12~YP0SCLOD~09 - Cristina Vegas}
cristinavegas1.dk119.jpg,1115857,02c032c9,\2020-12\09 - Cristina Vegas\,{EUTG02~2020-12~YP0SCLOD~09 - Cristina Vegas}
cristinavegas1.dk120.jpg,1087615,8f797469,\2020-12\09 - Cristina Vegas\,{EUTG02~2020-12~YP0SCLOD~09 - Cristina Vegas}
cristinavegas1.dk121.jpg,831369,a671cb32,\2020-12\09 - Cristina Vegas\,{EUTG02~2020-12~YP0SCLOD~09 - Cristina Vegas}
cristinavegas1.dk122.jpg,884071,9ce10d61,\2020-12\09 - Cristina Vegas\,{EUTG02~2020-12~YP0SCLOD~09 - Cristina Vegas}
cristinavegas1.dk123.jpg,805868,2dd6484b,\2020-12\09 - Cristina Vegas\,{EUTG02~2020-12~YP0SCLOD~09 - Cristina Vegas}
leticiasantos2.dk001.jpg,914569,114d7f67,\2020-12\15 - Leticia Santos\,{EUTG02~2020-12~YP0SKP9R~15 - Leticia Santos}
leticiasantos2.dk002.jpg,798943,9bf105db,\2020-12\15 - Leticia Santos\,{EUTG02~2020-12~YP0SKP9R~15 - Leticia Santos}
leticiasantos2.dk003.jpg,824045,21bd4f69,\2020-12\15 - Leticia Santos\,{EUTG02~2020-12~YP0SKP9R~15 - Leticia Santos}
leticiasantos2.dk004.jpg,966246,b5594eaa,\2020-12\15 - Leticia Santos\,{EUTG02~2020-12~YP0SKP9R~15 - Leticia Santos}
leticiasantos2.dk005.jpg,975185,5e005c47,\2020-12\15 - Leticia Santos\,{EUTG02~2020-12~YP0SKP9R~15 - Leticia Santos}
leticiasantos2.dk006.jpg,960851,34294e37,\2020-12\15 - Leticia Santos\,{EUTG02~2020-12~YP0SKP9R~15 - Leticia Santos}
leticiasantos2.dk007.jpg,831725,27cfdc76,\2020-12\15 - Leticia Santos\,{EUTG02~2020-12~YP0SKP9R~15 - Leticia Santos}
leticiasantos2.dk008.jpg,990577,55d363f8,\2020-12\15 - Leticia Santos\,{EUTG02~2020-12~YP0SKP9R~15 - Leticia Santos}
leticiasantos2.dk009.jpg,1052912,d7b09370,\2020-12\15 - Leticia Santos\,{EUTG02~2020-12~YP0SKP9R~15 - Leticia Santos}
leticiasantos2.dk010.jpg,1010866,83e7ef9f,\2020-12\15 - Leticia Santos\,{EUTG02~2020-12~YP0SKP9R~15 - Leticia Santos}
leticiasantos2.dk011.jpg,1016816,2cac23a1,\2020-12\15 - Leticia Santos\,{EUTG02~2020-12~YP0SKP9R~15 - Leticia Santos}
leticiasantos2.dk012.jpg,885441,bf927341,\2020-12\15 - Leticia Santos\,{EUTG02~2020-12~YP0SKP9R~15 - Leticia Santos}
leticiasantos2.dk013.jpg,965217,9421c08a,\2020-12\15 - Leticia Santos\,{EUTG02~2020-12~YP0SKP9R~15 - Leticia Santos}
leticiasantos2.dk014.jpg,954635,fbe96212,\2020-12\15 - Leticia Santos\,{EUTG02~2020-12~YP0SKP9R~15 - Leticia Santos}
leticiasantos2.dk015.jpg,964621,507631b8,\2020-12\15 - Leticia Santos\,{EUTG02~2020-12~YP0SKP9R~15 - Leticia Santos}
leticiasantos2.dk016.jpg,844636,912e7b32,\2020-12\15 - Leticia Santos\,{EUTG02~2020-12~YP0SKP9R~15 - Leticia Santos}
leticiasantos2.dk017.jpg,986960,6a6a2861,\2020-12\15 - Leticia Santos\,{EUTG02~2020-12~YP0SKP9R~15 - Leticia Santos}
leticiasantos2.dk018.jpg,981041,78ff6f50,\2020-12\15 - Leticia Santos\,{EUTG02~2020-12~YP0SKP9R~15 - Leticia Santos}
leticiasantos2.dk019.jpg,978968,c9e37bba,\2020-12\15 - Leticia Santos\,{EUTG02~2020-12~YP0SKP9R~15 - Leticia Santos}
leticiasantos2.dk020.jpg,1021729,25d070c1,\2020-12\15 - Leticia Santos\,{EUTG02~2020-12~YP0SKP9R~15 - Leticia Santos}
leticiasantos2.dk021.jpg,873864,bf72e946,\2020-12\15 - Leticia Santos\,{EUTG02~2020-12~YP0SKP9R~15 - Leticia Santos}
leticiasantos2.dk022.jpg,909690,a3d0aff5,\2020-12\15 - Leticia Santos\,{EUTG02~2020-12~YP0SKP9R~15 - Leticia Santos}
leticiasantos2.dk023.jpg,1040574,53834c6f,\2020-12\15 - Leticia Santos\,{EUTG02~2020-12~YP0SKP9R~15 - Leticia Santos}
leticiasantos2.dk024.jpg,1000661,03206c1e,\2020-12\15 - Leticia Santos\,{EUTG02~2020-12~YP0SKP9R~15 - Leticia Santos}
leticiasantos2.dk025.jpg,1019143,488c5bac,\2020-12\15 - Leticia Santos\,{EUTG02~2020-12~YP0SKP9R~15 - Leticia Santos}
leticiasantos2.dk026.jpg,1020553,9990e861,\2020-12\15 - Leticia Santos\,{EUTG02~2020-12~YP0SKP9R~15 - Leticia Santos}
leticiasantos2.dk027.jpg,1104533,2435d135,\2020-12\15 - Leticia Santos\,{EUTG02~2020-12~YP0SKP9R~15 - Leticia Santos}
leticiasantos2.dk028.jpg,815585,b53d173a,\2020-12\15 - Leticia Santos\,{EUTG02~2020-12~YP0SKP9R~15 - Leticia Santos}
leticiasantos2.dk029.jpg,783235,25ba3682,\2020-12\15 - Leticia Santos\,{EUTG02~2020-12~YP0SKP9R~15 - Leticia Santos}
leticiasantos2.dk030.jpg,1141180,3aa87838,\2020-12\15 - Leticia Santos\,{EUTG02~2020-12~YP0SKP9R~15 - Leticia Santos}
leticiasantos2.dk031.jpg,1089076,5d273933,\2020-12\15 - Leticia Santos\,{EUTG02~2020-12~YP0SKP9R~15 - Leticia Santos}
leticiasantos2.dk032.jpg,1070215,baf87ace,\2020-12\15 - Leticia Santos\,{EUTG02~2020-12~YP0SKP9R~15 - Leticia Santos}
leticiasantos2.dk033.jpg,1063928,bb2a98ba,\2020-12\15 - Leticia Santos\,{EUTG02~2020-12~YP0SKP9R~15 - Leticia Santos}
leticiasantos2.dk034.jpg,1053338,7bb7072d,\2020-12\15 - Leticia Santos\,{EUTG02~2020-12~YP0SKP9R~15 - Leticia Santos}
leticiasantos2.dk035.jpg,847287,3ad40e4a,\2020-12\15 - Leticia Santos\,{EUTG02~2020-12~YP0SKP9R~15 - Leticia Santos}
leticiasantos2.dk036.jpg,875020,102d0910,\2020-12\15 - Leticia Santos\,{EUTG02~2020-12~YP0SKP9R~15 - Leticia Santos}
leticiasantos2.dk037.jpg,795055,1cfc3d42,\2020-12\15 - Leticia Santos\,{EUTG02~2020-12~YP0SKP9R~15 - Leticia Santos}
leticiasantos2.dk038.jpg,797037,2db2e88c,\2020-12\15 - Leticia Santos\,{EUTG02~2020-12~YP0SKP9R~15 - Leticia Santos}
leticiasantos2.dk039.jpg,1034206,537df567,\2020-12\15 - Leticia Santos\,{EUTG02~2020-12~YP0SKP9R~15 - Leticia Santos}
leticiasantos2.dk040.jpg,1033727,fecfb0f9,\2020-12\15 - Leticia Santos\,{EUTG02~2020-12~YP0SKP9R~15 - Leticia Santos}
leticiasantos2.dk041.jpg,1046974,b43a14ea,\2020-12\15 - Leticia Santos\,{EUTG02~2020-12~YP0SKP9R~15 - Leticia Santos}
leticiasantos2.dk042.jpg,967155,863ad8de,\2020-12\15 - Leticia Santos\,{EUTG02~2020-12~YP0SKP9R~15 - Leticia Santos}
leticiasantos2.dk043.jpg,872916,731221bf,\2020-12\15 - Leticia Santos\,{EUTG02~2020-12~YP0SKP9R~15 - Leticia Santos}
leticiasantos2.dk044.jpg,817404,79be4f7c,\2020-12\15 - Leticia Santos\,{EUTG02~2020-12~YP0SKP9R~15 - Leticia Santos}
leticiasantos2.dk045.jpg,807888,f6288b6e,\2020-12\15 - Leticia Santos\,{EUTG02~2020-12~YP0SKP9R~15 - Leticia Santos}
leticiasantos2.dk046.jpg,791426,2b1ffccb,\2020-12\15 - Leticia Santos\,{EUTG02~2020-12~YP0SKP9R~15 - Leticia Santos}
leticiasantos2.dk047.jpg,819677,0105822c,\2020-12\15 - Leticia Santos\,{EUTG02~2020-12~YP0SKP9R~15 - Leticia Santos}
leticiasantos2.dk048.jpg,810778,02101ed9,\2020-12\15 - Leticia Santos\,{EUTG02~2020-12~YP0SKP9R~15 - Leticia Santos}
leticiasantos2.dk049.jpg,987664,7c6dd3a2,\2020-12\15 - Leticia Santos\,{EUTG02~2020-12~YP0SKP9R~15 - Leticia Santos}
leticiasantos2.dk050.jpg,980537,0f5156a5,\2020-12\15 - Leticia Santos\,{EUTG02~2020-12~YP0SKP9R~15 - Leticia Santos}
leticiasantos2.dk051.jpg,925624,d564095e,\2020-12\15 - Leticia Santos\,{EUTG02~2020-12~YP0SKP9R~15 - Leticia Santos}
leticiasantos2.dk052.jpg,955081,fd34b635,\2020-12\15 - Leticia Santos\,{EUTG02~2020-12~YP0SKP9R~15 - Leticia Santos}
leticiasantos2.dk053.jpg,784048,35f09fee,\2020-12\15 - Leticia Santos\,{EUTG02~2020-12~YP0SKP9R~15 - Leticia Santos}
leticiasantos2.dk054.jpg,851548,f1d0ad1d,\2020-12\15 - Leticia Santos\,{EUTG02~2020-12~YP0SKP9R~15 - Leticia Santos}
leticiasantos2.dk055.jpg,1045491,3cc12a30,\2020-12\15 - Leticia Santos\,{EUTG02~2020-12~YP0SKP9R~15 - Leticia Santos}
leticiasantos2.dk056.jpg,1047204,4aaa9adf,\2020-12\15 - Leticia Santos\,{EUTG02~2020-12~YP0SKP9R~15 - Leticia Santos}
leticiasantos2.dk057.jpg,1032890,00a0da8b,\2020-12\15 - Leticia Santos\,{EUTG02~2020-12~YP0SKP9R~15 - Leticia Santos}
leticiasantos2.dk058.jpg,996295,055b0a56,\2020-12\15 - Leticia Santos\,{EUTG02~2020-12~YP0SKP9R~15 - Leticia Santos}
leticiasantos2.dk059.jpg,997239,73940433,\2020-12\15 - Leticia Santos\,{EUTG02~2020-12~YP0SKP9R~15 - Leticia Santos}
leticiasantos2.dk060.jpg,873169,4820b3e3,\2020-12\15 - Leticia Santos\,{EUTG02~2020-12~YP0SKP9R~15 - Leticia Santos}
leticiasantos2.dk061.jpg,934546,de80be6b,\2020-12\15 - Leticia Santos\,{EUTG02~2020-12~YP0SKP9R~15 - Leticia Santos}
leticiasantos2.dk062.jpg,945409,9d4eaf87,\2020-12\15 - Leticia Santos\,{EUTG02~2020-12~YP0SKP9R~15 - Leticia Santos}
leticiasantos2.dk063.jpg,948512,f8e501cd,\2020-12\15 - Leticia Santos\,{EUTG02~2020-12~YP0SKP9R~15 - Leticia Santos}
leticiasantos2.dk064.jpg,953133,7c265c81,\2020-12\15 - Leticia Santos\,{EUTG02~2020-12~YP0SKP9R~15 - Leticia Santos}
leticiasantos2.dk065.jpg,948541,23642cb7,\2020-12\15 - Leticia Santos\,{EUTG02~2020-12~YP0SKP9R~15 - Leticia Santos}
leticiasantos2.dk066.jpg,888743,b6c3a833,\2020-12\15 - Leticia Santos\,{EUTG02~2020-12~YP0SKP9R~15 - Leticia Santos}
leticiasantos2.dk067.jpg,899671,15ac83f1,\2020-12\15 - Leticia Santos\,{EUTG02~2020-12~YP0SKP9R~15 - Leticia Santos}
leticiasantos2.dk068.jpg,964767,49c3b2a3,\2020-12\15 - Leticia Santos\,{EUTG02~2020-12~YP0SKP9R~15 - Leticia Santos}
leticiasantos2.dk069.jpg,844160,824fd55e,\2020-12\15 - Leticia Santos\,{EUTG02~2020-12~YP0SKP9R~15 - Leticia Santos}
leticiasantos2.dk070.jpg,826020,12760eed,\2020-12\15 - Leticia Santos\,{EUTG02~2020-12~YP0SKP9R~15 - Leticia Santos}
leticiasantos2.dk071.jpg,917882,88f1f099,\2020-12\15 - Leticia Santos\,{EUTG02~2020-12~YP0SKP9R~15 - Leticia Santos}
leticiasantos2.dk072.jpg,838890,4582abf7,\2020-12\15 - Leticia Santos\,{EUTG02~2020-12~YP0SKP9R~15 - Leticia Santos}
leticiasantos2.dk073.jpg,888253,0e8cc2b8,\2020-12\15 - Leticia Santos\,{EUTG02~2020-12~YP0SKP9R~15 - Leticia Santos}
leticiasantos2.dk074.jpg,884395,55a1a349,\2020-12\15 - Leticia Santos\,{EUTG02~2020-12~YP0SKP9R~15 - Leticia Santos}
leticiasantos2.dk075.jpg,910763,5b29205d,\2020-12\15 - Leticia Santos\,{EUTG02~2020-12~YP0SKP9R~15 - Leticia Santos}
leticiasantos2.dk076.jpg,886054,ca6512d0,\2020-12\15 - Leticia Santos\,{EUTG02~2020-12~YP0SKP9R~15 - Leticia Santos}
leticiasantos2.dk077.jpg,757732,77622996,\2020-12\15 - Leticia Santos\,{EUTG02~2020-12~YP0SKP9R~15 - Leticia Santos}
leticiasantos2.dk078.jpg,734931,063f48e3,\2020-12\15 - Leticia Santos\,{EUTG02~2020-12~YP0SKP9R~15 - Leticia Santos}
leticiasantos2.dk079.jpg,798096,0696e7e6,\2020-12\15 - Leticia Santos\,{EUTG02~2020-12~YP0SKP9R~15 - Leticia Santos}
leticiasantos2.dk080.jpg,808927,653f190f,\2020-12\15 - Leticia Santos\,{EUTG02~2020-12~YP0SKP9R~15 - Leticia Santos}
leticiasantos2.dk081.jpg,799558,94890ed3,\2020-12\15 - Leticia Santos\,{EUTG02~2020-12~YP0SKP9R~15 - Leticia Santos}
leticiasantos2.dk082.jpg,912594,86971463,\2020-12\15 - Leticia Santos\,{EUTG02~2020-12~YP0SKP9R~15 - Leticia Santos}
leticiasantos2.dk083.jpg,899004,ab680f08,\2020-12\15 - Leticia Santos\,{EUTG02~2020-12~YP0SKP9R~15 - Leticia Santos}
leticiasantos2.dk084.jpg,932718,7774b43c,\2020-12\15 - Leticia Santos\,{EUTG02~2020-12~YP0SKP9R~15 - Leticia Santos}
leticiasantos2.dk085.jpg,800141,20cb9318,\2020-12\15 - Leticia Santos\,{EUTG02~2020-12~YP0SKP9R~15 - Leticia Santos}
leticiasantos2.dk086.jpg,983070,58acc8d5,\2020-12\15 - Leticia Santos\,{EUTG02~2020-12~YP0SKP9R~15 - Leticia Santos}
leticiasantos2.dk087.jpg,1045171,483d94bb,\2020-12\15 - Leticia Santos\,{EUTG02~2020-12~YP0SKP9R~15 - Leticia Santos}
leticiasantos2.dk088.jpg,877425,cfd70d96,\2020-12\15 - Leticia Santos\,{EUTG02~2020-12~YP0SKP9R~15 - Leticia Santos}
leticiasantos2.dk089.jpg,893211,d5ab005b,\2020-12\15 - Leticia Santos\,{EUTG02~2020-12~YP0SKP9R~15 - Leticia Santos}
leticiasantos2.dk090.jpg,895101,c613b961,\2020-12\15 - Leticia Santos\,{EUTG02~2020-12~YP0SKP9R~15 - Leticia Santos}
leticiasantos2.dk091.jpg,925235,8880e7c3,\2020-12\15 - Leticia Santos\,{EUTG02~2020-12~YP0SKP9R~15 - Leticia Santos}
leticiasantos2.dk092.jpg,812696,d225f67f,\2020-12\15 - Leticia Santos\,{EUTG02~2020-12~YP0SKP9R~15 - Leticia Santos}
leticiasantos2.dk093.jpg,705170,5660b343,\2020-12\15 - Leticia Santos\,{EUTG02~2020-12~YP0SKP9R~15 - Leticia Santos}
leticiasantos2.dk094.jpg,670618,75c0150e,\2020-12\15 - Leticia Santos\,{EUTG02~2020-12~YP0SKP9R~15 - Leticia Santos}
leticiasantos2.dk095.jpg,696338,dd2c3fc2,\2020-12\15 - Leticia Santos\,{EUTG02~2020-12~YP0SKP9R~15 - Leticia Santos}
leticiasantos2.dk096.jpg,1007228,7ee7626d,\2020-12\15 - Leticia Santos\,{EUTG02~2020-12~YP0SKP9R~15 - Leticia Santos}
leticiasantos2.dk097.jpg,748972,1ebe39ee,\2020-12\15 - Leticia Santos\,{EUTG02~2020-12~YP0SKP9R~15 - Leticia Santos}
leticiasantos2.dk098.jpg,702827,8655751c,\2020-12\15 - Leticia Santos\,{EUTG02~2020-12~YP0SKP9R~15 - Leticia Santos}
leticiasantos2.dk099.jpg,805070,bd0b22c1,\2020-12\15 - Leticia Santos\,{EUTG02~2020-12~YP0SKP9R~15 - Leticia Santos}
leticiasantos2.dk100.jpg,722570,89342d94,\2020-12\15 - Leticia Santos\,{EUTG02~2020-12~YP0SKP9R~15 - Leticia Santos}
leticiasantos2.dk101.jpg,706419,289853dd,\2020-12\15 - Leticia Santos\,{EUTG02~2020-12~YP0SKP9R~15 - Leticia Santos}
leticiasantos2.dk102.jpg,698199,9082a903,\2020-12\15 - Leticia Santos\,{EUTG02~2020-12~YP0SKP9R~15 - Leticia Santos}
leticiasantos2.dk103.jpg,700444,5ff5b673,\2020-12\15 - Leticia Santos\,{EUTG02~2020-12~YP0SKP9R~15 - Leticia Santos}
bibiredhc.dk001.jpg,882997,1d79a01b,\2020-12\23 - Bibi Red\,{EUTG02~2020-12~YP0SPW54~23 - Bibi Red}
bibiredhc.dk002.jpg,985546,68930142,\2020-12\23 - Bibi Red\,{EUTG02~2020-12~YP0SPW54~23 - Bibi Red}
bibiredhc.dk003.jpg,983131,9e8f572a,\2020-12\23 - Bibi Red\,{EUTG02~2020-12~YP0SPW54~23 - Bibi Red}
bibiredhc.dk004.jpg,1117262,c5879bf4,\2020-12\23 - Bibi Red\,{EUTG02~2020-12~YP0SPW54~23 - Bibi Red}
bibiredhc.dk005.jpg,1090905,2c8f683f,\2020-12\23 - Bibi Red\,{EUTG02~2020-12~YP0SPW54~23 - Bibi Red}
bibiredhc.dk006.jpg,1229907,2b7c9cc9,\2020-12\23 - Bibi Red\,{EUTG02~2020-12~YP0SPW54~23 - Bibi Red}
bibiredhc.dk007.jpg,1194797,4f4e9ae3,\2020-12\23 - Bibi Red\,{EUTG02~2020-12~YP0SPW54~23 - Bibi Red}
bibiredhc.dk008.jpg,1024158,e81b05d8,\2020-12\23 - Bibi Red\,{EUTG02~2020-12~YP0SPW54~23 - Bibi Red}
bibiredhc.dk009.jpg,962182,aab15f14,\2020-12\23 - Bibi Red\,{EUTG02~2020-12~YP0SPW54~23 - Bibi Red}
bibiredhc.dk010.jpg,951935,4e6e37b7,\2020-12\23 - Bibi Red\,{EUTG02~2020-12~YP0SPW54~23 - Bibi Red}
bibiredhc.dk011.jpg,932931,05ddff96,\2020-12\23 - Bibi Red\,{EUTG02~2020-12~YP0SPW54~23 - Bibi Red}
bibiredhc.dk012.jpg,906933,ea17ecb7,\2020-12\23 - Bibi Red\,{EUTG02~2020-12~YP0SPW54~23 - Bibi Red}
bibiredhc.dk013.jpg,865917,d74557e8,\2020-12\23 - Bibi Red\,{EUTG02~2020-12~YP0SPW54~23 - Bibi Red}
bibiredhc.dk014.jpg,982689,1af0e922,\2020-12\23 - Bibi Red\,{EUTG02~2020-12~YP0SPW54~23 - Bibi Red}
bibiredhc.dk015.jpg,1125000,2031ba62,\2020-12\23 - Bibi Red\,{EUTG02~2020-12~YP0SPW54~23 - Bibi Red}
bibiredhc.dk016.jpg,940017,6796d4f7,\2020-12\23 - Bibi Red\,{EUTG02~2020-12~YP0SPW54~23 - Bibi Red}
bibiredhc.dk017.jpg,942446,d1a02827,\2020-12\23 - Bibi Red\,{EUTG02~2020-12~YP0SPW54~23 - Bibi Red}
bibiredhc.dk018.jpg,972063,003832d8,\2020-12\23 - Bibi Red\,{EUTG02~2020-12~YP0SPW54~23 - Bibi Red}
bibiredhc.dk019.jpg,881926,20c739fd,\2020-12\23 - Bibi Red\,{EUTG02~2020-12~YP0SPW54~23 - Bibi Red}
bibiredhc.dk020.jpg,893667,3467519c,\2020-12\23 - Bibi Red\,{EUTG02~2020-12~YP0SPW54~23 - Bibi Red}
bibiredhc.dk021.jpg,876679,f05afe5e,\2020-12\23 - Bibi Red\,{EUTG02~2020-12~YP0SPW54~23 - Bibi Red}
bibiredhc.dk022.jpg,810757,e5a39afc,\2020-12\23 - Bibi Red\,{EUTG02~2020-12~YP0SPW54~23 - Bibi Red}
bibiredhc.dk023.jpg,963412,c3271c0c,\2020-12\23 - Bibi Red\,{EUTG02~2020-12~YP0SPW54~23 - Bibi Red}
bibiredhc.dk024.jpg,811357,a90b2613,\2020-12\23 - Bibi Red\,{EUTG02~2020-12~YP0SPW54~23 - Bibi Red}
bibiredhc.dk025.jpg,808373,c96de291,\2020-12\23 - Bibi Red\,{EUTG02~2020-12~YP0SPW54~23 - Bibi Red}
bibiredhc.dk026.jpg,983624,c10e0ccf,\2020-12\23 - Bibi Red\,{EUTG02~2020-12~YP0SPW54~23 - Bibi Red}
bibiredhc.dk027.jpg,1017283,e9fa8c5f,\2020-12\23 - Bibi Red\,{EUTG02~2020-12~YP0SPW54~23 - Bibi Red}
bibiredhc.dk028.jpg,1099248,fdbde449,\2020-12\23 - Bibi Red\,{EUTG02~2020-12~YP0SPW54~23 - Bibi Red}
bibiredhc.dk029.jpg,1038667,871acb45,\2020-12\23 - Bibi Red\,{EUTG02~2020-12~YP0SPW54~23 - Bibi Red}
bibiredhc.dk030.jpg,1009021,6bddeb59,\2020-12\23 - Bibi Red\,{EUTG02~2020-12~YP0SPW54~23 - Bibi Red}
bibiredhc.dk031.jpg,877615,4b42069f,\2020-12\23 - Bibi Red\,{EUTG02~2020-12~YP0SPW54~23 - Bibi Red}
bibiredhc.dk032.jpg,944899,c4f64c00,\2020-12\23 - Bibi Red\,{EUTG02~2020-12~YP0SPW54~23 - Bibi Red}
bibiredhc.dk033.jpg,946976,c34f0f07,\2020-12\23 - Bibi Red\,{EUTG02~2020-12~YP0SPW54~23 - Bibi Red}
bibiredhc.dk034.jpg,876689,410981e3,\2020-12\23 - Bibi Red\,{EUTG02~2020-12~YP0SPW54~23 - Bibi Red}
bibiredhc.dk035.jpg,953382,19313794,\2020-12\23 - Bibi Red\,{EUTG02~2020-12~YP0SPW54~23 - Bibi Red}
bibiredhc.dk036.jpg,996958,f75a6233,\2020-12\23 - Bibi Red\,{EUTG02~2020-12~YP0SPW54~23 - Bibi Red}
bibiredhc.dk037.jpg,965863,f537ba55,\2020-12\23 - Bibi Red\,{EUTG02~2020-12~YP0SPW54~23 - Bibi Red}
bibiredhc.dk038.jpg,979186,04d5bc1e,\2020-12\23 - Bibi Red\,{EUTG02~2020-12~YP0SPW54~23 - Bibi Red}
bibiredhc.dk039.jpg,1005986,9335f4dc,\2020-12\23 - Bibi Red\,{EUTG02~2020-12~YP0SPW54~23 - Bibi Red}
bibiredhc.dk040.jpg,1051722,7016f1a8,\2020-12\23 - Bibi Red\,{EUTG02~2020-12~YP0SPW54~23 - Bibi Red}
bibiredhc.dk041.jpg,837473,291a5586,\2020-12\23 - Bibi Red\,{EUTG02~2020-12~YP0SPW54~23 - Bibi Red}
bibiredhc.dk042.jpg,1146121,f7b565ea,\2020-12\23 - Bibi Red\,{EUTG02~2020-12~YP0SPW54~23 - Bibi Red}
bibiredhc.dk043.jpg,945260,3ace7777,\2020-12\23 - Bibi Red\,{EUTG02~2020-12~YP0SPW54~23 - Bibi Red}
bibiredhc.dk044.jpg,933386,92ef8ae2,\2020-12\23 - Bibi Red\,{EUTG02~2020-12~YP0SPW54~23 - Bibi Red}
bibiredhc.dk045.jpg,964137,e8d031be,\2020-12\23 - Bibi Red\,{EUTG02~2020-12~YP0SPW54~23 - Bibi Red}
bibiredhc.dk046.jpg,936913,eff7b718,\2020-12\23 - Bibi Red\,{EUTG02~2020-12~YP0SPW54~23 - Bibi Red}
bibiredhc.dk047.jpg,766682,a85790b1,\2020-12\23 - Bibi Red\,{EUTG02~2020-12~YP0SPW54~23 - Bibi Red}
bibiredhc.dk048.jpg,786624,6a378610,\2020-12\23 - Bibi Red\,{EUTG02~2020-12~YP0SPW54~23 - Bibi Red}
bibiredhc.dk049.jpg,807059,664ea162,\2020-12\23 - Bibi Red\,{EUTG02~2020-12~YP0SPW54~23 - Bibi Red}
bibiredhc.dk050.jpg,719450,73e6e1c6,\2020-12\23 - Bibi Red\,{EUTG02~2020-12~YP0SPW54~23 - Bibi Red}
bibiredhc.dk051.jpg,758951,ce06c89c,\2020-12\23 - Bibi Red\,{EUTG02~2020-12~YP0SPW54~23 - Bibi Red}
bibiredhc.dk052.jpg,768158,59dc604b,\2020-12\23 - Bibi Red\,{EUTG02~2020-12~YP0SPW54~23 - Bibi Red}
bibiredhc.dk053.jpg,741281,6fc80933,\2020-12\23 - Bibi Red\,{EUTG02~2020-12~YP0SPW54~23 - Bibi Red}
bibiredhc.dk054.jpg,668233,0d63f9d9,\2020-12\23 - Bibi Red\,{EUTG02~2020-12~YP0SPW54~23 - Bibi Red}
bibiredhc.dk055.jpg,707302,777935a5,\2020-12\23 - Bibi Red\,{EUTG02~2020-12~YP0SPW54~23 - Bibi Red}
bibiredhc.dk056.jpg,757858,433421a6,\2020-12\23 - Bibi Red\,{EUTG02~2020-12~YP0SPW54~23 - Bibi Red}
bibiredhc.dk057.jpg,711381,4a6c36ea,\2020-12\23 - Bibi Red\,{EUTG02~2020-12~YP0SPW54~23 - Bibi Red}
bibiredhc.dk058.jpg,765363,cfc338e1,\2020-12\23 - Bibi Red\,{EUTG02~2020-12~YP0SPW54~23 - Bibi Red}
bibiredhc.dk059.jpg,763622,dfa681cc,\2020-12\23 - Bibi Red\,{EUTG02~2020-12~YP0SPW54~23 - Bibi Red}
bibiredhc.dk060.jpg,789574,9a9f265f,\2020-12\23 - Bibi Red\,{EUTG02~2020-12~YP0SPW54~23 - Bibi Red}
bibiredhc.dk061.jpg,943464,d0d1fcd0,\2020-12\23 - Bibi Red\,{EUTG02~2020-12~YP0SPW54~23 - Bibi Red}
bibiredhc.dk062.jpg,927626,238abb32,\2020-12\23 - Bibi Red\,{EUTG02~2020-12~YP0SPW54~23 - Bibi Red}
bibiredhc.dk063.jpg,920221,94976a1c,\2020-12\23 - Bibi Red\,{EUTG02~2020-12~YP0SPW54~23 - Bibi Red}
bibiredhc.dk064.jpg,905552,31929633,\2020-12\23 - Bibi Red\,{EUTG02~2020-12~YP0SPW54~23 - Bibi Red}
bibiredhc.dk065.jpg,955145,72c66f3b,\2020-12\23 - Bibi Red\,{EUTG02~2020-12~YP0SPW54~23 - Bibi Red}
bibiredhc.dk066.jpg,940117,ef6d3529,\2020-12\23 - Bibi Red\,{EUTG02~2020-12~YP0SPW54~23 - Bibi Red}
bibiredhc.dk067.jpg,948201,eab1eb0a,\2020-12\23 - Bibi Red\,{EUTG02~2020-12~YP0SPW54~23 - Bibi Red}
bibiredhc.dk068.jpg,928231,29358142,\2020-12\23 - Bibi Red\,{EUTG02~2020-12~YP0SPW54~23 - Bibi Red}
bibiredhc.dk069.jpg,969579,e5c73da4,\2020-12\23 - Bibi Red\,{EUTG02~2020-12~YP0SPW54~23 - Bibi Red}
bibiredhc.dk070.jpg,923462,b5f76398,\2020-12\23 - Bibi Red\,{EUTG02~2020-12~YP0SPW54~23 - Bibi Red}
bibiredhc.dk071.jpg,950099,0d5cdc78,\2020-12\23 - Bibi Red\,{EUTG02~2020-12~YP0SPW54~23 - Bibi Red}
bibiredhc.dk072.jpg,929833,d00fb736,\2020-12\23 - Bibi Red\,{EUTG02~2020-12~YP0SPW54~23 - Bibi Red}
bibiredhc.dk073.jpg,956012,a847cf72,\2020-12\23 - Bibi Red\,{EUTG02~2020-12~YP0SPW54~23 - Bibi Red}
bibiredhc.dk074.jpg,924324,b6260b38,\2020-12\23 - Bibi Red\,{EUTG02~2020-12~YP0SPW54~23 - Bibi Red}
bibiredhc.dk075.jpg,922877,815770b1,\2020-12\23 - Bibi Red\,{EUTG02~2020-12~YP0SPW54~23 - Bibi Red}
bibiredhc.dk076.jpg,992627,4d4d5702,\2020-12\23 - Bibi Red\,{EUTG02~2020-12~YP0SPW54~23 - Bibi Red}
bibiredhc.dk077.jpg,899307,60efaed5,\2020-12\23 - Bibi Red\,{EUTG02~2020-12~YP0SPW54~23 - Bibi Red}
bibiredhc.dk078.jpg,1070854,5e00e17d,\2020-12\23 - Bibi Red\,{EUTG02~2020-12~YP0SPW54~23 - Bibi Red}
bibiredhc.dk079.jpg,1037307,8c24576e,\2020-12\23 - Bibi Red\,{EUTG02~2020-12~YP0SPW54~23 - Bibi Red}
bibiredhc.dk080.jpg,1069942,46add85a,\2020-12\23 - Bibi Red\,{EUTG02~2020-12~YP0SPW54~23 - Bibi Red}
bibiredhc.dk081.jpg,958264,09ff5b7a,\2020-12\23 - Bibi Red\,{EUTG02~2020-12~YP0SPW54~23 - Bibi Red}
bibiredhc.dk082.jpg,948327,b959ee43,\2020-12\23 - Bibi Red\,{EUTG02~2020-12~YP0SPW54~23 - Bibi Red}
bibiredhc.dk083.jpg,934209,6e4ad732,\2020-12\23 - Bibi Red\,{EUTG02~2020-12~YP0SPW54~23 - Bibi Red}
bibiredhc.dk084.jpg,857107,49527d87,\2020-12\23 - Bibi Red\,{EUTG02~2020-12~YP0SPW54~23 - Bibi Red}
bibiredhc.dk085.jpg,906169,8c3fd84d,\2020-12\23 - Bibi Red\,{EUTG02~2020-12~YP0SPW54~23 - Bibi Red}
bibiredhc.dk086.jpg,903153,35971086,\2020-12\23 - Bibi Red\,{EUTG02~2020-12~YP0SPW54~23 - Bibi Red}
bibiredhc.dk087.jpg,886541,a6235b65,\2020-12\23 - Bibi Red\,{EUTG02~2020-12~YP0SPW54~23 - Bibi Red}
bibiredhc.dk088.jpg,872744,ae9aa144,\2020-12\23 - Bibi Red\,{EUTG02~2020-12~YP0SPW54~23 - Bibi Red}
bibiredhc.dk089.jpg,878767,599a2388,\2020-12\23 - Bibi Red\,{EUTG02~2020-12~YP0SPW54~23 - Bibi Red}
bibiredhc.dk090.jpg,889271,151ecb31,\2020-12\23 - Bibi Red\,{EUTG02~2020-12~YP0SPW54~23 - Bibi Red}
bibiredhc.dk091.jpg,908523,43fc00fb,\2020-12\23 - Bibi Red\,{EUTG02~2020-12~YP0SPW54~23 - Bibi Red}
bibiredhc.dk092.jpg,941413,5cbc5345,\2020-12\23 - Bibi Red\,{EUTG02~2020-12~YP0SPW54~23 - Bibi Red}
bibiredhc.dk093.jpg,918437,688e2bb3,\2020-12\23 - Bibi Red\,{EUTG02~2020-12~YP0SPW54~23 - Bibi Red}
bibiredhc.dk094.jpg,907287,96eb1bf8,\2020-12\23 - Bibi Red\,{EUTG02~2020-12~YP0SPW54~23 - Bibi Red}
bibiredhc.dk095.jpg,889819,8c9a2652,\2020-12\23 - Bibi Red\,{EUTG02~2020-12~YP0SPW54~23 - Bibi Red}
bibiredhc.dk096.jpg,935635,682cc20f,\2020-12\23 - Bibi Red\,{EUTG02~2020-12~YP0SPW54~23 - Bibi Red}
bibiredhc.dk097.jpg,871750,f5653ae0,\2020-12\23 - Bibi Red\,{EUTG02~2020-12~YP0SPW54~23 - Bibi Red}
bibiredhc.dk098.jpg,873019,8393671c,\2020-12\23 - Bibi Red\,{EUTG02~2020-12~YP0SPW54~23 - Bibi Red}
bibiredhc.dk099.jpg,948721,b917c9cc,\2020-12\23 - Bibi Red\,{EUTG02~2020-12~YP0SPW54~23 - Bibi Red}
bibiredhc.dk100.jpg,940382,7b227d68,\2020-12\23 - Bibi Red\,{EUTG02~2020-12~YP0SPW54~23 - Bibi Red}
bibiredhc.dk101.jpg,868411,61ce4222,\2020-12\23 - Bibi Red\,{EUTG02~2020-12~YP0SPW54~23 - Bibi Red}
bibiredhc.dk102.jpg,926137,665e090e,\2020-12\23 - Bibi Red\,{EUTG02~2020-12~YP0SPW54~23 - Bibi Red}
bibiredhc.dk103.jpg,863753,0f4374a0,\2020-12\23 - Bibi Red\,{EUTG02~2020-12~YP0SPW54~23 - Bibi Red}
bibiredhc.dk104.jpg,799249,f747d200,\2020-12\23 - Bibi Red\,{EUTG02~2020-12~YP0SPW54~23 - Bibi Red}
bibiredhc.dk105.jpg,749860,1171fbb8,\2020-12\23 - Bibi Red\,{EUTG02~2020-12~YP0SPW54~23 - Bibi Red}
bibiredhc.dk106.jpg,882847,5f57d1b5,\2020-12\23 - Bibi Red\,{EUTG02~2020-12~YP0SPW54~23 - Bibi Red}
bibiredhc.dk107.jpg,987265,18657674,\2020-12\23 - Bibi Red\,{EUTG02~2020-12~YP0SPW54~23 - Bibi Red}
bibiredhc.dk108.jpg,956345,ac836663,\2020-12\23 - Bibi Red\,{EUTG02~2020-12~YP0SPW54~23 - Bibi Red}
bibiredhc.dk109.jpg,1006728,284bc1b5,\2020-12\23 - Bibi Red\,{EUTG02~2020-12~YP0SPW54~23 - Bibi Red}
bibiredhc.dk110.jpg,1029739,ad71dea6,\2020-12\23 - Bibi Red\,{EUTG02~2020-12~YP0SPW54~23 - Bibi Red}
bibiredhc.dk111.jpg,938707,02ad0071,\2020-12\23 - Bibi Red\,{EUTG02~2020-12~YP0SPW54~23 - Bibi Red}
bibiredhc.dk112.jpg,1035359,54e613cb,\2020-12\23 - Bibi Red\,{EUTG02~2020-12~YP0SPW54~23 - Bibi Red}
bibiredhc.dk113.jpg,932389,f8aee075,\2020-12\23 - Bibi Red\,{EUTG02~2020-12~YP0SPW54~23 - Bibi Red}
bibiredhc.dk114.jpg,943081,6f4280b1,\2020-12\23 - Bibi Red\,{EUTG02~2020-12~YP0SPW54~23 - Bibi Red}
bibiredhc.dk115.jpg,870539,1a767a36,\2020-12\23 - Bibi Red\,{EUTG02~2020-12~YP0SPW54~23 - Bibi Red}
bibiredhc.dk116.jpg,951609,871d3832,\2020-12\23 - Bibi Red\,{EUTG02~2020-12~YP0SPW54~23 - Bibi Red}
bibiredhc.dk117.jpg,996624,c3e2eb06,\2020-12\23 - Bibi Red\,{EUTG02~2020-12~YP0SPW54~23 - Bibi Red}
bibiredhc.dk118.jpg,1097550,5794ee10,\2020-12\23 - Bibi Red\,{EUTG02~2020-12~YP0SPW54~23 - Bibi Red}
bibiredhc.dk119.jpg,1013506,36793328,\2020-12\23 - Bibi Red\,{EUTG02~2020-12~YP0SPW54~23 - Bibi Red}
bibiredhc.dk120.jpg,1040504,866bf057,\2020-12\23 - Bibi Red\,{EUTG02~2020-12~YP0SPW54~23 - Bibi Red}
bibiredhc.dk121.jpg,904692,ddd6a4d9,\2020-12\23 - Bibi Red\,{EUTG02~2020-12~YP0SPW54~23 - Bibi Red}
bibiredhc.dk122.jpg,810559,d08951be,\2020-12\23 - Bibi Red\,{EUTG02~2020-12~YP0SPW54~23 - Bibi Red}
bibiredhc.dk123.jpg,916364,903a0898,\2020-12\23 - Bibi Red\,{EUTG02~2020-12~YP0SPW54~23 - Bibi Red}
bibiredhc.dk124.jpg,700960,32c8ed42,\2020-12\23 - Bibi Red\,{EUTG02~2020-12~YP0SPW54~23 - Bibi Red}
bibiredhc.dk125.jpg,762711,a1645e3d,\2020-12\23 - Bibi Red\,{EUTG02~2020-12~YP0SPW54~23 - Bibi Red}
bibiredhc.dk126.jpg,928530,cd82bedf,\2020-12\23 - Bibi Red\,{EUTG02~2020-12~YP0SPW54~23 - Bibi Red}
bibiredhc.dk127.jpg,960611,1bf952ba,\2020-12\23 - Bibi Red\,{EUTG02~2020-12~YP0SPW54~23 - Bibi Red}
bibiredhc.dk128.jpg,893247,2a33c8d2,\2020-12\23 - Bibi Red\,{EUTG02~2020-12~YP0SPW54~23 - Bibi Red}
bibiredhc.dk129.jpg,1043947,41e7be21,\2020-12\23 - Bibi Red\,{EUTG02~2020-12~YP0SPW54~23 - Bibi Red}
bibiredhc.dk130.jpg,1058219,3ddc9f22,\2020-12\23 - Bibi Red\,{EUTG02~2020-12~YP0SPW54~23 - Bibi Red}
bibiredhc.dk131.jpg,869263,76dc91e9,\2020-12\23 - Bibi Red\,{EUTG02~2020-12~YP0SPW54~23 - Bibi Red}
bibiredhc.dk132.jpg,931046,cf54c736,\2020-12\23 - Bibi Red\,{EUTG02~2020-12~YP0SPW54~23 - Bibi Red}
bibiredhc.dk133.jpg,1046243,bbbe3cca,\2020-12\23 - Bibi Red\,{EUTG02~2020-12~YP0SPW54~23 - Bibi Red}
bibiredhc.dk134.jpg,970054,05213a74,\2020-12\23 - Bibi Red\,{EUTG02~2020-12~YP0SPW54~23 - Bibi Red}
bibiredhc.dk135.jpg,1006970,5db165e2,\2020-12\23 - Bibi Red\,{EUTG02~2020-12~YP0SPW54~23 - Bibi Red}
bibiredhc.dk136.jpg,1100416,ae381840,\2020-12\23 - Bibi Red\,{EUTG02~2020-12~YP0SPW54~23 - Bibi Red}
bibiredhc.dk137.jpg,905760,66bdbd24,\2020-12\23 - Bibi Red\,{EUTG02~2020-12~YP0SPW54~23 - Bibi Red}
bibiredhc.dk138.jpg,847293,5bf53684,\2020-12\23 - Bibi Red\,{EUTG02~2020-12~YP0SPW54~23 - Bibi Red}
bibiredhc.dk139.jpg,881694,3694dd03,\2020-12\23 - Bibi Red\,{EUTG02~2020-12~YP0SPW54~23 - Bibi Red}
bibiredhc.dk140.jpg,839712,c357cade,\2020-12\23 - Bibi Red\,{EUTG02~2020-12~YP0SPW54~23 - Bibi Red}
bibiredhc.dk141.jpg,791681,e23081ac,\2020-12\23 - Bibi Red\,{EUTG02~2020-12~YP0SPW54~23 - Bibi Red}
bibiredhc.dk142.jpg,655533,1bb26893,\2020-12\23 - Bibi Red\,{EUTG02~2020-12~YP0SPW54~23 - Bibi Red}
bibiredhc.dk143.jpg,768967,f3dd4275,\2020-12\23 - Bibi Red\,{EUTG02~2020-12~YP0SPW54~23 - Bibi Red}
bibiredhc.dk144.jpg,600708,014522dd,\2020-12\23 - Bibi Red\,{EUTG02~2020-12~YP0SPW54~23 - Bibi Red}
cristinavegas2.dk001.jpg,864354,58fb8628,\2020-12\30 - Cristina Vegas\,{EUTG02~2020-12~YP0SXJCH~30 - Cristina Vegas}
cristinavegas2.dk002.jpg,881327,32161cb2,\2020-12\30 - Cristina Vegas\,{EUTG02~2020-12~YP0SXJCH~30 - Cristina Vegas}
cristinavegas2.dk003.jpg,716182,a78df767,\2020-12\30 - Cristina Vegas\,{EUTG02~2020-12~YP0SXJCH~30 - Cristina Vegas}
cristinavegas2.dk004.jpg,790014,7bf9e3d4,\2020-12\30 - Cristina Vegas\,{EUTG02~2020-12~YP0SXJCH~30 - Cristina Vegas}
cristinavegas2.dk005.jpg,799287,f7d610a0,\2020-12\30 - Cristina Vegas\,{EUTG02~2020-12~YP0SXJCH~30 - Cristina Vegas}
cristinavegas2.dk006.jpg,801691,b27d6790,\2020-12\30 - Cristina Vegas\,{EUTG02~2020-12~YP0SXJCH~30 - Cristina Vegas}
cristinavegas2.dk007.jpg,681033,3e431910,\2020-12\30 - Cristina Vegas\,{EUTG02~2020-12~YP0SXJCH~30 - Cristina Vegas}
cristinavegas2.dk008.jpg,976924,900f15a3,\2020-12\30 - Cristina Vegas\,{EUTG02~2020-12~YP0SXJCH~30 - Cristina Vegas}
cristinavegas2.dk009.jpg,975842,773ae91c,\2020-12\30 - Cristina Vegas\,{EUTG02~2020-12~YP0SXJCH~30 - Cristina Vegas}
cristinavegas2.dk010.jpg,901114,e294d04c,\2020-12\30 - Cristina Vegas\,{EUTG02~2020-12~YP0SXJCH~30 - Cristina Vegas}
cristinavegas2.dk011.jpg,933109,1aeaafda,\2020-12\30 - Cristina Vegas\,{EUTG02~2020-12~YP0SXJCH~30 - Cristina Vegas}
cristinavegas2.dk012.jpg,964506,eb1dbce6,\2020-12\30 - Cristina Vegas\,{EUTG02~2020-12~YP0SXJCH~30 - Cristina Vegas}
cristinavegas2.dk013.jpg,930022,a69aee6c,\2020-12\30 - Cristina Vegas\,{EUTG02~2020-12~YP0SXJCH~30 - Cristina Vegas}
cristinavegas2.dk014.jpg,935953,02ee311c,\2020-12\30 - Cristina Vegas\,{EUTG02~2020-12~YP0SXJCH~30 - Cristina Vegas}
cristinavegas2.dk015.jpg,946938,078c9ad4,\2020-12\30 - Cristina Vegas\,{EUTG02~2020-12~YP0SXJCH~30 - Cristina Vegas}
cristinavegas2.dk016.jpg,950974,5934bb9a,\2020-12\30 - Cristina Vegas\,{EUTG02~2020-12~YP0SXJCH~30 - Cristina Vegas}
cristinavegas2.dk017.jpg,958755,b43994dc,\2020-12\30 - Cristina Vegas\,{EUTG02~2020-12~YP0SXJCH~30 - Cristina Vegas}
cristinavegas2.dk018.jpg,963823,5efdd75a,\2020-12\30 - Cristina Vegas\,{EUTG02~2020-12~YP0SXJCH~30 - Cristina Vegas}
cristinavegas2.dk019.jpg,948442,09b99fdb,\2020-12\30 - Cristina Vegas\,{EUTG02~2020-12~YP0SXJCH~30 - Cristina Vegas}
cristinavegas2.dk020.jpg,905003,f59c2f56,\2020-12\30 - Cristina Vegas\,{EUTG02~2020-12~YP0SXJCH~30 - Cristina Vegas}
cristinavegas2.dk021.jpg,899137,4cae88f5,\2020-12\30 - Cristina Vegas\,{EUTG02~2020-12~YP0SXJCH~30 - Cristina Vegas}
cristinavegas2.dk022.jpg,918093,e3498f7b,\2020-12\30 - Cristina Vegas\,{EUTG02~2020-12~YP0SXJCH~30 - Cristina Vegas}
cristinavegas2.dk023.jpg,919884,bc1a84fe,\2020-12\30 - Cristina Vegas\,{EUTG02~2020-12~YP0SXJCH~30 - Cristina Vegas}
cristinavegas2.dk024.jpg,831626,f4277a00,\2020-12\30 - Cristina Vegas\,{EUTG02~2020-12~YP0SXJCH~30 - Cristina Vegas}
cristinavegas2.dk025.jpg,739640,f646b0c5,\2020-12\30 - Cristina Vegas\,{EUTG02~2020-12~YP0SXJCH~30 - Cristina Vegas}
cristinavegas2.dk026.jpg,828164,d52a6c19,\2020-12\30 - Cristina Vegas\,{EUTG02~2020-12~YP0SXJCH~30 - Cristina Vegas}
cristinavegas2.dk027.jpg,872831,fcd9c998,\2020-12\30 - Cristina Vegas\,{EUTG02~2020-12~YP0SXJCH~30 - Cristina Vegas}
cristinavegas2.dk028.jpg,787167,708f7898,\2020-12\30 - Cristina Vegas\,{EUTG02~2020-12~YP0SXJCH~30 - Cristina Vegas}
cristinavegas2.dk029.jpg,799682,31b3ed3d,\2020-12\30 - Cristina Vegas\,{EUTG02~2020-12~YP0SXJCH~30 - Cristina Vegas}
cristinavegas2.dk030.jpg,697366,8413512a,\2020-12\30 - Cristina Vegas\,{EUTG02~2020-12~YP0SXJCH~30 - Cristina Vegas}
cristinavegas2.dk031.jpg,757534,ffd9facc,\2020-12\30 - Cristina Vegas\,{EUTG02~2020-12~YP0SXJCH~30 - Cristina Vegas}
cristinavegas2.dk032.jpg,788755,3e51c6f5,\2020-12\30 - Cristina Vegas\,{EUTG02~2020-12~YP0SXJCH~30 - Cristina Vegas}
cristinavegas2.dk033.jpg,834936,e4493297,\2020-12\30 - Cristina Vegas\,{EUTG02~2020-12~YP0SXJCH~30 - Cristina Vegas}
cristinavegas2.dk034.jpg,778638,eedb7014,\2020-12\30 - Cristina Vegas\,{EUTG02~2020-12~YP0SXJCH~30 - Cristina Vegas}
cristinavegas2.dk035.jpg,780639,4673fbdf,\2020-12\30 - Cristina Vegas\,{EUTG02~2020-12~YP0SXJCH~30 - Cristina Vegas}
cristinavegas2.dk036.jpg,812875,aec4a65e,\2020-12\30 - Cristina Vegas\,{EUTG02~2020-12~YP0SXJCH~30 - Cristina Vegas}
cristinavegas2.dk037.jpg,792297,8a487d96,\2020-12\30 - Cristina Vegas\,{EUTG02~2020-12~YP0SXJCH~30 - Cristina Vegas}
cristinavegas2.dk038.jpg,769754,57e43cc5,\2020-12\30 - Cristina Vegas\,{EUTG02~2020-12~YP0SXJCH~30 - Cristina Vegas}
cristinavegas2.dk039.jpg,743027,de743e36,\2020-12\30 - Cristina Vegas\,{EUTG02~2020-12~YP0SXJCH~30 - Cristina Vegas}
cristinavegas2.dk040.jpg,789627,fd75ebe3,\2020-12\30 - Cristina Vegas\,{EUTG02~2020-12~YP0SXJCH~30 - Cristina Vegas}
cristinavegas2.dk041.jpg,784135,69d7b4b0,\2020-12\30 - Cristina Vegas\,{EUTG02~2020-12~YP0SXJCH~30 - Cristina Vegas}
cristinavegas2.dk042.jpg,784689,5aa0d6b4,\2020-12\30 - Cristina Vegas\,{EUTG02~2020-12~YP0SXJCH~30 - Cristina Vegas}
cristinavegas2.dk043.jpg,777734,1e637db9,\2020-12\30 - Cristina Vegas\,{EUTG02~2020-12~YP0SXJCH~30 - Cristina Vegas}
cristinavegas2.dk044.jpg,871415,89ecb3a4,\2020-12\30 - Cristina Vegas\,{EUTG02~2020-12~YP0SXJCH~30 - Cristina Vegas}
cristinavegas2.dk045.jpg,902722,38e95460,\2020-12\30 - Cristina Vegas\,{EUTG02~2020-12~YP0SXJCH~30 - Cristina Vegas}
cristinavegas2.dk046.jpg,870240,b0615173,\2020-12\30 - Cristina Vegas\,{EUTG02~2020-12~YP0SXJCH~30 - Cristina Vegas}
cristinavegas2.dk047.jpg,825758,491639b7,\2020-12\30 - Cristina Vegas\,{EUTG02~2020-12~YP0SXJCH~30 - Cristina Vegas}
cristinavegas2.dk048.jpg,856335,c682d7b7,\2020-12\30 - Cristina Vegas\,{EUTG02~2020-12~YP0SXJCH~30 - Cristina Vegas}
cristinavegas2.dk049.jpg,809209,60ded30f,\2020-12\30 - Cristina Vegas\,{EUTG02~2020-12~YP0SXJCH~30 - Cristina Vegas}
cristinavegas2.dk050.jpg,964813,0809cb94,\2020-12\30 - Cristina Vegas\,{EUTG02~2020-12~YP0SXJCH~30 - Cristina Vegas}
cristinavegas2.dk051.jpg,936749,ee285232,\2020-12\30 - Cristina Vegas\,{EUTG02~2020-12~YP0SXJCH~30 - Cristina Vegas}
cristinavegas2.dk052.jpg,735687,d5c70570,\2020-12\30 - Cristina Vegas\,{EUTG02~2020-12~YP0SXJCH~30 - Cristina Vegas}
cristinavegas2.dk053.jpg,978743,ed3d95e0,\2020-12\30 - Cristina Vegas\,{EUTG02~2020-12~YP0SXJCH~30 - Cristina Vegas}
cristinavegas2.dk054.jpg,1034249,f25acea4,\2020-12\30 - Cristina Vegas\,{EUTG02~2020-12~YP0SXJCH~30 - Cristina Vegas}
cristinavegas2.dk055.jpg,1013580,415a1b92,\2020-12\30 - Cristina Vegas\,{EUTG02~2020-12~YP0SXJCH~30 - Cristina Vegas}
cristinavegas2.dk056.jpg,915930,f396a332,\2020-12\30 - Cristina Vegas\,{EUTG02~2020-12~YP0SXJCH~30 - Cristina Vegas}
cristinavegas2.dk057.jpg,866280,0b21c80c,\2020-12\30 - Cristina Vegas\,{EUTG02~2020-12~YP0SXJCH~30 - Cristina Vegas}
cristinavegas2.dk058.jpg,874358,eb829dc4,\2020-12\30 - Cristina Vegas\,{EUTG02~2020-12~YP0SXJCH~30 - Cristina Vegas}
cristinavegas2.dk059.jpg,832288,4c618a7a,\2020-12\30 - Cristina Vegas\,{EUTG02~2020-12~YP0SXJCH~30 - Cristina Vegas}
cristinavegas2.dk060.jpg,876570,f685671c,\2020-12\30 - Cristina Vegas\,{EUTG02~2020-12~YP0SXJCH~30 - Cristina Vegas}
cristinavegas2.dk061.jpg,894468,4ebe5e4e,\2020-12\30 - Cristina Vegas\,{EUTG02~2020-12~YP0SXJCH~30 - Cristina Vegas}
cristinavegas2.dk062.jpg,903831,fef09d22,\2020-12\30 - Cristina Vegas\,{EUTG02~2020-12~YP0SXJCH~30 - Cristina Vegas}
cristinavegas2.dk063.jpg,851095,bf5ee9a2,\2020-12\30 - Cristina Vegas\,{EUTG02~2020-12~YP0SXJCH~30 - Cristina Vegas}
cristinavegas2.dk064.jpg,865467,79aaf29e,\2020-12\30 - Cristina Vegas\,{EUTG02~2020-12~YP0SXJCH~30 - Cristina Vegas}
cristinavegas2.dk065.jpg,877790,950d2010,\2020-12\30 - Cristina Vegas\,{EUTG02~2020-12~YP0SXJCH~30 - Cristina Vegas}
cristinavegas2.dk066.jpg,845999,be9d2d0d,\2020-12\30 - Cristina Vegas\,{EUTG02~2020-12~YP0SXJCH~30 - Cristina Vegas}
cristinavegas2.dk067.jpg,818213,8528bfbf,\2020-12\30 - Cristina Vegas\,{EUTG02~2020-12~YP0SXJCH~30 - Cristina Vegas}
cristinavegas2.dk068.jpg,855149,626caec2,\2020-12\30 - Cristina Vegas\,{EUTG02~2020-12~YP0SXJCH~30 - Cristina Vegas}
cristinavegas2.dk069.jpg,879699,9df9d89b,\2020-12\30 - Cristina Vegas\,{EUTG02~2020-12~YP0SXJCH~30 - Cristina Vegas}
cristinavegas2.dk070.jpg,822658,e3adc637,\2020-12\30 - Cristina Vegas\,{EUTG02~2020-12~YP0SXJCH~30 - Cristina Vegas}
cristinavegas2.dk071.jpg,803208,2e8bcb0a,\2020-12\30 - Cristina Vegas\,{EUTG02~2020-12~YP0SXJCH~30 - Cristina Vegas}
cristinavegas2.dk072.jpg,723368,18c99169,\2020-12\30 - Cristina Vegas\,{EUTG02~2020-12~YP0SXJCH~30 - Cristina Vegas}
cristinavegas2.dk073.jpg,876533,44b31f72,\2020-12\30 - Cristina Vegas\,{EUTG02~2020-12~YP0SXJCH~30 - Cristina Vegas}
cristinavegas2.dk074.jpg,889831,2ac6fab8,\2020-12\30 - Cristina Vegas\,{EUTG02~2020-12~YP0SXJCH~30 - Cristina Vegas}
cristinavegas2.dk075.jpg,987749,d77b1705,\2020-12\30 - Cristina Vegas\,{EUTG02~2020-12~YP0SXJCH~30 - Cristina Vegas}
cristinavegas2.dk076.jpg,950762,d5613a3e,\2020-12\30 - Cristina Vegas\,{EUTG02~2020-12~YP0SXJCH~30 - Cristina Vegas}
cristinavegas2.dk077.jpg,834516,68803f2b,\2020-12\30 - Cristina Vegas\,{EUTG02~2020-12~YP0SXJCH~30 - Cristina Vegas}
cristinavegas2.dk078.jpg,755454,38ba5285,\2020-12\30 - Cristina Vegas\,{EUTG02~2020-12~YP0SXJCH~30 - Cristina Vegas}
cristinavegas2.dk079.jpg,899585,543642c4,\2020-12\30 - Cristina Vegas\,{EUTG02~2020-12~YP0SXJCH~30 - Cristina Vegas}
cristinavegas2.dk080.jpg,795853,b878c228,\2020-12\30 - Cristina Vegas\,{EUTG02~2020-12~YP0SXJCH~30 - Cristina Vegas}
cristinavegas2.dk081.jpg,930274,2b91e4f1,\2020-12\30 - Cristina Vegas\,{EUTG02~2020-12~YP0SXJCH~30 - Cristina Vegas}
cristinavegas2.dk082.jpg,865334,9661c1f1,\2020-12\30 - Cristina Vegas\,{EUTG02~2020-12~YP0SXJCH~30 - Cristina Vegas}
cristinavegas2.dk083.jpg,705951,5bc12654,\2020-12\30 - Cristina Vegas\,{EUTG02~2020-12~YP0SXJCH~30 - Cristina Vegas}
cristinavegas2.dk084.jpg,702057,73cf14d3,\2020-12\30 - Cristina Vegas\,{EUTG02~2020-12~YP0SXJCH~30 - Cristina Vegas}
cristinavegas2.dk085.jpg,790223,9f2d07e2,\2020-12\30 - Cristina Vegas\,{EUTG02~2020-12~YP0SXJCH~30 - Cristina Vegas}
cristinavegas2.dk086.jpg,838181,8fc2290d,\2020-12\30 - Cristina Vegas\,{EUTG02~2020-12~YP0SXJCH~30 - Cristina Vegas}
cristinavegas2.dk087.jpg,699015,0120865b,\2020-12\30 - Cristina Vegas\,{EUTG02~2020-12~YP0SXJCH~30 - Cristina Vegas}
cristinavegas2.dk088.jpg,757592,5b9a1126,\2020-12\30 - Cristina Vegas\,{EUTG02~2020-12~YP0SXJCH~30 - Cristina Vegas}
cristinavegas2.dk089.jpg,786440,96f7fa54,\2020-12\30 - Cristina Vegas\,{EUTG02~2020-12~YP0SXJCH~30 - Cristina Vegas}
cristinavegas2.dk090.jpg,773850,630731c8,\2020-12\30 - Cristina Vegas\,{EUTG02~2020-12~YP0SXJCH~30 - Cristina Vegas}
cristinavegas2.dk091.jpg,757715,f30058b9,\2020-12\30 - Cristina Vegas\,{EUTG02~2020-12~YP0SXJCH~30 - Cristina Vegas}
cristinavegas2.dk092.jpg,795154,7d9a58e0,\2020-12\30 - Cristina Vegas\,{EUTG02~2020-12~YP0SXJCH~30 - Cristina Vegas}
cristinavegas2.dk093.jpg,903133,6194b227,\2020-12\30 - Cristina Vegas\,{EUTG02~2020-12~YP0SXJCH~30 - Cristina Vegas}
cristinavegas2.dk094.jpg,812527,2c9461ff,\2020-12\30 - Cristina Vegas\,{EUTG02~2020-12~YP0SXJCH~30 - Cristina Vegas}
cristinavegas2.dk095.jpg,834570,45337104,\2020-12\30 - Cristina Vegas\,{EUTG02~2020-12~YP0SXJCH~30 - Cristina Vegas}
cristinavegas2.dk096.jpg,805031,32f0dbfd,\2020-12\30 - Cristina Vegas\,{EUTG02~2020-12~YP0SXJCH~30 - Cristina Vegas}
cristinavegas2.dk097.jpg,870497,8ea742fc,\2020-12\30 - Cristina Vegas\,{EUTG02~2020-12~YP0SXJCH~30 - Cristina Vegas}
cristinavegas2.dk098.jpg,834751,7428c148,\2020-12\30 - Cristina Vegas\,{EUTG02~2020-12~YP0SXJCH~30 - Cristina Vegas}
cristinavegas2.dk099.jpg,854394,36ab7863,\2020-12\30 - Cristina Vegas\,{EUTG02~2020-12~YP0SXJCH~30 - Cristina Vegas}
fiorellamuttihc.dk001.jpg,983561,99244cdd,\2021-01\20 - Fiorella Mutti\,{EUTG02~2021-01~YP0T2IBA~20 - Fiorella Mutti}
fiorellamuttihc.dk002.jpg,975842,1475298f,\2021-01\20 - Fiorella Mutti\,{EUTG02~2021-01~YP0T2IBA~20 - Fiorella Mutti}
fiorellamuttihc.dk003.jpg,890457,85475460,\2021-01\20 - Fiorella Mutti\,{EUTG02~2021-01~YP0T2IBA~20 - Fiorella Mutti}
fiorellamuttihc.dk004.jpg,1144757,21fc9b05,\2021-01\20 - Fiorella Mutti\,{EUTG02~2021-01~YP0T2IBA~20 - Fiorella Mutti}
fiorellamuttihc.dk005.jpg,1132775,9822cee0,\2021-01\20 - Fiorella Mutti\,{EUTG02~2021-01~YP0T2IBA~20 - Fiorella Mutti}
fiorellamuttihc.dk006.jpg,1331739,8ff92286,\2021-01\20 - Fiorella Mutti\,{EUTG02~2021-01~YP0T2IBA~20 - Fiorella Mutti}
fiorellamuttihc.dk007.jpg,1160007,e7af071f,\2021-01\20 - Fiorella Mutti\,{EUTG02~2021-01~YP0T2IBA~20 - Fiorella Mutti}
fiorellamuttihc.dk008.jpg,1228876,57d74576,\2021-01\20 - Fiorella Mutti\,{EUTG02~2021-01~YP0T2IBA~20 - Fiorella Mutti}
fiorellamuttihc.dk009.jpg,1226256,675853f8,\2021-01\20 - Fiorella Mutti\,{EUTG02~2021-01~YP0T2IBA~20 - Fiorella Mutti}
fiorellamuttihc.dk010.jpg,1095868,2501088b,\2021-01\20 - Fiorella Mutti\,{EUTG02~2021-01~YP0T2IBA~20 - Fiorella Mutti}
fiorellamuttihc.dk011.jpg,1234687,fa945622,\2021-01\20 - Fiorella Mutti\,{EUTG02~2021-01~YP0T2IBA~20 - Fiorella Mutti}
fiorellamuttihc.dk012.jpg,1229225,3d83b7d9,\2021-01\20 - Fiorella Mutti\,{EUTG02~2021-01~YP0T2IBA~20 - Fiorella Mutti}
fiorellamuttihc.dk013.jpg,1188323,ac4e9e8b,\2021-01\20 - Fiorella Mutti\,{EUTG02~2021-01~YP0T2IBA~20 - Fiorella Mutti}
fiorellamuttihc.dk014.jpg,1182254,5a234b1d,\2021-01\20 - Fiorella Mutti\,{EUTG02~2021-01~YP0T2IBA~20 - Fiorella Mutti}
fiorellamuttihc.dk015.jpg,1163879,c718e507,\2021-01\20 - Fiorella Mutti\,{EUTG02~2021-01~YP0T2IBA~20 - Fiorella Mutti}
fiorellamuttihc.dk016.jpg,1148284,9c8e4df5,\2021-01\20 - Fiorella Mutti\,{EUTG02~2021-01~YP0T2IBA~20 - Fiorella Mutti}
fiorellamuttihc.dk017.jpg,1151200,34515cbe,\2021-01\20 - Fiorella Mutti\,{EUTG02~2021-01~YP0T2IBA~20 - Fiorella Mutti}
fiorellamuttihc.dk018.jpg,1404320,8b8a0507,\2021-01\20 - Fiorella Mutti\,{EUTG02~2021-01~YP0T2IBA~20 - Fiorella Mutti}
fiorellamuttihc.dk019.jpg,1291696,23685e83,\2021-01\20 - Fiorella Mutti\,{EUTG02~2021-01~YP0T2IBA~20 - Fiorella Mutti}
fiorellamuttihc.dk020.jpg,1225833,e7e0f762,\2021-01\20 - Fiorella Mutti\,{EUTG02~2021-01~YP0T2IBA~20 - Fiorella Mutti}
fiorellamuttihc.dk021.jpg,1357697,4e92fe9e,\2021-01\20 - Fiorella Mutti\,{EUTG02~2021-01~YP0T2IBA~20 - Fiorella Mutti}
fiorellamuttihc.dk022.jpg,1145951,657ae7ed,\2021-01\20 - Fiorella Mutti\,{EUTG02~2021-01~YP0T2IBA~20 - Fiorella Mutti}
fiorellamuttihc.dk023.jpg,1267294,b9a3d548,\2021-01\20 - Fiorella Mutti\,{EUTG02~2021-01~YP0T2IBA~20 - Fiorella Mutti}
fiorellamuttihc.dk024.jpg,1279809,d0cbc543,\2021-01\20 - Fiorella Mutti\,{EUTG02~2021-01~YP0T2IBA~20 - Fiorella Mutti}
fiorellamuttihc.dk025.jpg,1220759,1bb39f5b,\2021-01\20 - Fiorella Mutti\,{EUTG02~2021-01~YP0T2IBA~20 - Fiorella Mutti}
fiorellamuttihc.dk026.jpg,998172,208b5f27,\2021-01\20 - Fiorella Mutti\,{EUTG02~2021-01~YP0T2IBA~20 - Fiorella Mutti}
fiorellamuttihc.dk027.jpg,1065405,8e38a41e,\2021-01\20 - Fiorella Mutti\,{EUTG02~2021-01~YP0T2IBA~20 - Fiorella Mutti}
fiorellamuttihc.dk028.jpg,1151170,5cf14441,\2021-01\20 - Fiorella Mutti\,{EUTG02~2021-01~YP0T2IBA~20 - Fiorella Mutti}
fiorellamuttihc.dk029.jpg,1159489,37ed0123,\2021-01\20 - Fiorella Mutti\,{EUTG02~2021-01~YP0T2IBA~20 - Fiorella Mutti}
fiorellamuttihc.dk030.jpg,1297252,e2febf80,\2021-01\20 - Fiorella Mutti\,{EUTG02~2021-01~YP0T2IBA~20 - Fiorella Mutti}
fiorellamuttihc.dk031.jpg,1261761,74223c24,\2021-01\20 - Fiorella Mutti\,{EUTG02~2021-01~YP0T2IBA~20 - Fiorella Mutti}
fiorellamuttihc.dk032.jpg,1329222,d5d644bf,\2021-01\20 - Fiorella Mutti\,{EUTG02~2021-01~YP0T2IBA~20 - Fiorella Mutti}
fiorellamuttihc.dk033.jpg,1287324,13cf0f04,\2021-01\20 - Fiorella Mutti\,{EUTG02~2021-01~YP0T2IBA~20 - Fiorella Mutti}
fiorellamuttihc.dk034.jpg,1351227,1776a4b3,\2021-01\20 - Fiorella Mutti\,{EUTG02~2021-01~YP0T2IBA~20 - Fiorella Mutti}
fiorellamuttihc.dk035.jpg,1250730,9eb9413b,\2021-01\20 - Fiorella Mutti\,{EUTG02~2021-01~YP0T2IBA~20 - Fiorella Mutti}
fiorellamuttihc.dk036.jpg,1137678,b0089336,\2021-01\20 - Fiorella Mutti\,{EUTG02~2021-01~YP0T2IBA~20 - Fiorella Mutti}
fiorellamuttihc.dk037.jpg,1243705,bd8cb94d,\2021-01\20 - Fiorella Mutti\,{EUTG02~2021-01~YP0T2IBA~20 - Fiorella Mutti}
fiorellamuttihc.dk038.jpg,1305252,8dd96e9b,\2021-01\20 - Fiorella Mutti\,{EUTG02~2021-01~YP0T2IBA~20 - Fiorella Mutti}
fiorellamuttihc.dk039.jpg,1308386,501489c4,\2021-01\20 - Fiorella Mutti\,{EUTG02~2021-01~YP0T2IBA~20 - Fiorella Mutti}
fiorellamuttihc.dk040.jpg,1305859,be10de72,\2021-01\20 - Fiorella Mutti\,{EUTG02~2021-01~YP0T2IBA~20 - Fiorella Mutti}
fiorellamuttihc.dk041.jpg,1282312,4bd97205,\2021-01\20 - Fiorella Mutti\,{EUTG02~2021-01~YP0T2IBA~20 - Fiorella Mutti}
fiorellamuttihc.dk042.jpg,1379974,a8ca990b,\2021-01\20 - Fiorella Mutti\,{EUTG02~2021-01~YP0T2IBA~20 - Fiorella Mutti}
fiorellamuttihc.dk043.jpg,1370538,af568448,\2021-01\20 - Fiorella Mutti\,{EUTG02~2021-01~YP0T2IBA~20 - Fiorella Mutti}
fiorellamuttihc.dk044.jpg,1428084,169a8c72,\2021-01\20 - Fiorella Mutti\,{EUTG02~2021-01~YP0T2IBA~20 - Fiorella Mutti}
fiorellamuttihc.dk045.jpg,1376373,f5dcc9ae,\2021-01\20 - Fiorella Mutti\,{EUTG02~2021-01~YP0T2IBA~20 - Fiorella Mutti}
fiorellamuttihc.dk046.jpg,1143108,c7881f29,\2021-01\20 - Fiorella Mutti\,{EUTG02~2021-01~YP0T2IBA~20 - Fiorella Mutti}
fiorellamuttihc.dk047.jpg,1245647,eea2f09c,\2021-01\20 - Fiorella Mutti\,{EUTG02~2021-01~YP0T2IBA~20 - Fiorella Mutti}
fiorellamuttihc.dk048.jpg,1201778,b6955783,\2021-01\20 - Fiorella Mutti\,{EUTG02~2021-01~YP0T2IBA~20 - Fiorella Mutti}
fiorellamuttihc.dk049.jpg,1181983,374c7bcd,\2021-01\20 - Fiorella Mutti\,{EUTG02~2021-01~YP0T2IBA~20 - Fiorella Mutti}
fiorellamuttihc.dk050.jpg,1222779,4b8d1ac8,\2021-01\20 - Fiorella Mutti\,{EUTG02~2021-01~YP0T2IBA~20 - Fiorella Mutti}
fiorellamuttihc.dk051.jpg,1309119,204acde6,\2021-01\20 - Fiorella Mutti\,{EUTG02~2021-01~YP0T2IBA~20 - Fiorella Mutti}
fiorellamuttihc.dk052.jpg,1261571,c64450d6,\2021-01\20 - Fiorella Mutti\,{EUTG02~2021-01~YP0T2IBA~20 - Fiorella Mutti}
fiorellamuttihc.dk053.jpg,1282659,5c9f276c,\2021-01\20 - Fiorella Mutti\,{EUTG02~2021-01~YP0T2IBA~20 - Fiorella Mutti}
fiorellamuttihc.dk054.jpg,1104983,cf6c47ab,\2021-01\20 - Fiorella Mutti\,{EUTG02~2021-01~YP0T2IBA~20 - Fiorella Mutti}
fiorellamuttihc.dk055.jpg,1067375,bc5f5597,\2021-01\20 - Fiorella Mutti\,{EUTG02~2021-01~YP0T2IBA~20 - Fiorella Mutti}
fiorellamuttihc.dk056.jpg,1001434,8d2f1942,\2021-01\20 - Fiorella Mutti\,{EUTG02~2021-01~YP0T2IBA~20 - Fiorella Mutti}
fiorellamuttihc.dk057.jpg,1062771,90aa5d4e,\2021-01\20 - Fiorella Mutti\,{EUTG02~2021-01~YP0T2IBA~20 - Fiorella Mutti}
fiorellamuttihc.dk058.jpg,1142386,b6ad41be,\2021-01\20 - Fiorella Mutti\,{EUTG02~2021-01~YP0T2IBA~20 - Fiorella Mutti}
fiorellamuttihc.dk059.jpg,782880,5190fe7b,\2021-01\20 - Fiorella Mutti\,{EUTG02~2021-01~YP0T2IBA~20 - Fiorella Mutti}
fiorellamuttihc.dk060.jpg,1059956,034db868,\2021-01\20 - Fiorella Mutti\,{EUTG02~2021-01~YP0T2IBA~20 - Fiorella Mutti}
fiorellamuttihc.dk061.jpg,978393,cef0cec8,\2021-01\20 - Fiorella Mutti\,{EUTG02~2021-01~YP0T2IBA~20 - Fiorella Mutti}
fiorellamuttihc.dk062.jpg,880730,4f0b5b4c,\2021-01\20 - Fiorella Mutti\,{EUTG02~2021-01~YP0T2IBA~20 - Fiorella Mutti}
fiorellamuttihc.dk063.jpg,1016249,33f5b42e,\2021-01\20 - Fiorella Mutti\,{EUTG02~2021-01~YP0T2IBA~20 - Fiorella Mutti}
fiorellamuttihc.dk064.jpg,937180,2dfafd17,\2021-01\20 - Fiorella Mutti\,{EUTG02~2021-01~YP0T2IBA~20 - Fiorella Mutti}
fiorellamuttihc.dk065.jpg,962604,573ff86e,\2021-01\20 - Fiorella Mutti\,{EUTG02~2021-01~YP0T2IBA~20 - Fiorella Mutti}
fiorellamuttihc.dk066.jpg,964558,b3ba84ea,\2021-01\20 - Fiorella Mutti\,{EUTG02~2021-01~YP0T2IBA~20 - Fiorella Mutti}
fiorellamuttihc.dk067.jpg,825288,99ce46b9,\2021-01\20 - Fiorella Mutti\,{EUTG02~2021-01~YP0T2IBA~20 - Fiorella Mutti}
fiorellamuttihc.dk068.jpg,975737,731049d2,\2021-01\20 - Fiorella Mutti\,{EUTG02~2021-01~YP0T2IBA~20 - Fiorella Mutti}
fiorellamuttihc.dk069.jpg,928255,4ff694c1,\2021-01\20 - Fiorella Mutti\,{EUTG02~2021-01~YP0T2IBA~20 - Fiorella Mutti}
fiorellamuttihc.dk070.jpg,962468,4d71eb04,\2021-01\20 - Fiorella Mutti\,{EUTG02~2021-01~YP0T2IBA~20 - Fiorella Mutti}
fiorellamuttihc.dk071.jpg,888223,6a4a3cd7,\2021-01\20 - Fiorella Mutti\,{EUTG02~2021-01~YP0T2IBA~20 - Fiorella Mutti}
fiorellamuttihc.dk072.jpg,931267,67305c75,\2021-01\20 - Fiorella Mutti\,{EUTG02~2021-01~YP0T2IBA~20 - Fiorella Mutti}
fiorellamuttihc.dk073.jpg,972866,cd6af9a6,\2021-01\20 - Fiorella Mutti\,{EUTG02~2021-01~YP0T2IBA~20 - Fiorella Mutti}
fiorellamuttihc.dk074.jpg,954596,7046efb9,\2021-01\20 - Fiorella Mutti\,{EUTG02~2021-01~YP0T2IBA~20 - Fiorella Mutti}
fiorellamuttihc.dk075.jpg,955563,64019c60,\2021-01\20 - Fiorella Mutti\,{EUTG02~2021-01~YP0T2IBA~20 - Fiorella Mutti}
fiorellamuttihc.dk076.jpg,944892,50905411,\2021-01\20 - Fiorella Mutti\,{EUTG02~2021-01~YP0T2IBA~20 - Fiorella Mutti}
fiorellamuttihc.dk077.jpg,904792,a903aed5,\2021-01\20 - Fiorella Mutti\,{EUTG02~2021-01~YP0T2IBA~20 - Fiorella Mutti}
fiorellamuttihc.dk078.jpg,1158830,191410c3,\2021-01\20 - Fiorella Mutti\,{EUTG02~2021-01~YP0T2IBA~20 - Fiorella Mutti}
fiorellamuttihc.dk079.jpg,1098905,ec7eaf23,\2021-01\20 - Fiorella Mutti\,{EUTG02~2021-01~YP0T2IBA~20 - Fiorella Mutti}
fiorellamuttihc.dk080.jpg,1018984,58dfbc42,\2021-01\20 - Fiorella Mutti\,{EUTG02~2021-01~YP0T2IBA~20 - Fiorella Mutti}
fiorellamuttihc.dk081.jpg,1026955,bbf30fa8,\2021-01\20 - Fiorella Mutti\,{EUTG02~2021-01~YP0T2IBA~20 - Fiorella Mutti}
fiorellamuttihc.dk082.jpg,1151737,b0641aff,\2021-01\20 - Fiorella Mutti\,{EUTG02~2021-01~YP0T2IBA~20 - Fiorella Mutti}
fiorellamuttihc.dk083.jpg,1045012,3e977477,\2021-01\20 - Fiorella Mutti\,{EUTG02~2021-01~YP0T2IBA~20 - Fiorella Mutti}
fiorellamuttihc.dk084.jpg,864422,1b87f77f,\2021-01\20 - Fiorella Mutti\,{EUTG02~2021-01~YP0T2IBA~20 - Fiorella Mutti}
fiorellamuttihc.dk085.jpg,883529,1548c1ec,\2021-01\20 - Fiorella Mutti\,{EUTG02~2021-01~YP0T2IBA~20 - Fiorella Mutti}
fiorellamuttihc.dk086.jpg,632444,e662234c,\2021-01\20 - Fiorella Mutti\,{EUTG02~2021-01~YP0T2IBA~20 - Fiorella Mutti}
fiorellamuttihc.dk087.jpg,981526,30c024b3,\2021-01\20 - Fiorella Mutti\,{EUTG02~2021-01~YP0T2IBA~20 - Fiorella Mutti}
fiorellamuttihc.dk088.jpg,1005257,254792ca,\2021-01\20 - Fiorella Mutti\,{EUTG02~2021-01~YP0T2IBA~20 - Fiorella Mutti}
fiorellamuttihc.dk089.jpg,974072,80b63b23,\2021-01\20 - Fiorella Mutti\,{EUTG02~2021-01~YP0T2IBA~20 - Fiorella Mutti}
fiorellamuttihc.dk090.jpg,828284,3ff0a02c,\2021-01\20 - Fiorella Mutti\,{EUTG02~2021-01~YP0T2IBA~20 - Fiorella Mutti}
fiorellamuttihc.dk091.jpg,744894,8d757287,\2021-01\20 - Fiorella Mutti\,{EUTG02~2021-01~YP0T2IBA~20 - Fiorella Mutti}
fiorellamuttihc.dk092.jpg,718126,6c8f6e8d,\2021-01\20 - Fiorella Mutti\,{EUTG02~2021-01~YP0T2IBA~20 - Fiorella Mutti}
fiorellamuttihc.dk093.jpg,688251,77093383,\2021-01\20 - Fiorella Mutti\,{EUTG02~2021-01~YP0T2IBA~20 - Fiorella Mutti}
fiorellamuttihc.dk094.jpg,737710,df428de1,\2021-01\20 - Fiorella Mutti\,{EUTG02~2021-01~YP0T2IBA~20 - Fiorella Mutti}
fiorellamuttihc.dk095.jpg,550082,3efd3b2f,\2021-01\20 - Fiorella Mutti\,{EUTG02~2021-01~YP0T2IBA~20 - Fiorella Mutti}
fiorellamuttihc.dk096.jpg,675833,fadbf327,\2021-01\20 - Fiorella Mutti\,{EUTG02~2021-01~YP0T2IBA~20 - Fiorella Mutti}
fiorellamuttihc.dk097.jpg,696798,3064d2fa,\2021-01\20 - Fiorella Mutti\,{EUTG02~2021-01~YP0T2IBA~20 - Fiorella Mutti}
fiorellamuttihc.dk098.jpg,717119,76fb6560,\2021-01\20 - Fiorella Mutti\,{EUTG02~2021-01~YP0T2IBA~20 - Fiorella Mutti}
fiorellamuttihc.dk099.jpg,681445,f9021328,\2021-01\20 - Fiorella Mutti\,{EUTG02~2021-01~YP0T2IBA~20 - Fiorella Mutti}
fiorellamuttihc.dk100.jpg,512727,b2d9e36b,\2021-01\20 - Fiorella Mutti\,{EUTG02~2021-01~YP0T2IBA~20 - Fiorella Mutti}
fiorellamuttihc.dk101.jpg,707448,31a1c91b,\2021-01\20 - Fiorella Mutti\,{EUTG02~2021-01~YP0T2IBA~20 - Fiorella Mutti}
fiorellamuttihc.dk102.jpg,527392,b2d04d64,\2021-01\20 - Fiorella Mutti\,{EUTG02~2021-01~YP0T2IBA~20 - Fiorella Mutti}
fiorellamuttihc.dk103.jpg,515396,3777fc44,\2021-01\20 - Fiorella Mutti\,{EUTG02~2021-01~YP0T2IBA~20 - Fiorella Mutti}
fiorellamuttihc.dk104.jpg,799272,a476b4d8,\2021-01\20 - Fiorella Mutti\,{EUTG02~2021-01~YP0T2IBA~20 - Fiorella Mutti}
fiorellamuttihc.dk105.jpg,759856,6e992b8d,\2021-01\20 - Fiorella Mutti\,{EUTG02~2021-01~YP0T2IBA~20 - Fiorella Mutti}
fiorellamuttihc.dk106.jpg,723829,f16f7e0c,\2021-01\20 - Fiorella Mutti\,{EUTG02~2021-01~YP0T2IBA~20 - Fiorella Mutti}
fiorellamuttihc.dk107.jpg,765762,40d34ff8,\2021-01\20 - Fiorella Mutti\,{EUTG02~2021-01~YP0T2IBA~20 - Fiorella Mutti}
fiorellamuttihc.dk108.jpg,803451,0386663f,\2021-01\20 - Fiorella Mutti\,{EUTG02~2021-01~YP0T2IBA~20 - Fiorella Mutti}
fiorellamuttihc.dk109.jpg,568919,dd5b2523,\2021-01\20 - Fiorella Mutti\,{EUTG02~2021-01~YP0T2IBA~20 - Fiorella Mutti}
fiorellamuttihc.dk110.jpg,745315,337d573c,\2021-01\20 - Fiorella Mutti\,{EUTG02~2021-01~YP0T2IBA~20 - Fiorella Mutti}
fiorellamuttihc.dk111.jpg,746221,199e1379,\2021-01\20 - Fiorella Mutti\,{EUTG02~2021-01~YP0T2IBA~20 - Fiorella Mutti}
fiorellamuttihc.dk112.jpg,752652,fe778545,\2021-01\20 - Fiorella Mutti\,{EUTG02~2021-01~YP0T2IBA~20 - Fiorella Mutti}
fiorellamuttihc.dk113.jpg,697363,84061869,\2021-01\20 - Fiorella Mutti\,{EUTG02~2021-01~YP0T2IBA~20 - Fiorella Mutti}
fiorellamuttihc.dk114.jpg,724187,310c9a09,\2021-01\20 - Fiorella Mutti\,{EUTG02~2021-01~YP0T2IBA~20 - Fiorella Mutti}
fiorellamuttihc.dk115.jpg,730670,fbb35b09,\2021-01\20 - Fiorella Mutti\,{EUTG02~2021-01~YP0T2IBA~20 - Fiorella Mutti}
fiorellamuttihc.dk116.jpg,915554,70bb8f06,\2021-01\20 - Fiorella Mutti\,{EUTG02~2021-01~YP0T2IBA~20 - Fiorella Mutti}
fiorellamuttihc.dk117.jpg,635658,e571fa32,\2021-01\20 - Fiorella Mutti\,{EUTG02~2021-01~YP0T2IBA~20 - Fiorella Mutti}
fiorellamuttihc.dk118.jpg,873649,a822fd72,\2021-01\20 - Fiorella Mutti\,{EUTG02~2021-01~YP0T2IBA~20 - Fiorella Mutti}
fiorellamuttihc.dk119.jpg,871094,b608a13e,\2021-01\20 - Fiorella Mutti\,{EUTG02~2021-01~YP0T2IBA~20 - Fiorella Mutti}
fiorellamuttihc.dk120.jpg,920137,f25a2345,\2021-01\20 - Fiorella Mutti\,{EUTG02~2021-01~YP0T2IBA~20 - Fiorella Mutti}
fiorellamuttihc.dk121.jpg,852584,d64727a7,\2021-01\20 - Fiorella Mutti\,{EUTG02~2021-01~YP0T2IBA~20 - Fiorella Mutti}
fiorellamuttihc.dk122.jpg,1034039,4585e84c,\2021-01\20 - Fiorella Mutti\,{EUTG02~2021-01~YP0T2IBA~20 - Fiorella Mutti}
fiorellamuttihc.dk123.jpg,980361,a6ebb0f1,\2021-01\20 - Fiorella Mutti\,{EUTG02~2021-01~YP0T2IBA~20 - Fiorella Mutti}
fiorellamuttihc.dk124.jpg,917879,0fba038b,\2021-01\20 - Fiorella Mutti\,{EUTG02~2021-01~YP0T2IBA~20 - Fiorella Mutti}
fiorellamuttihc.dk125.jpg,945458,8930367a,\2021-01\20 - Fiorella Mutti\,{EUTG02~2021-01~YP0T2IBA~20 - Fiorella Mutti}
fiorellamuttihc.dk126.jpg,980395,6ec0d356,\2021-01\20 - Fiorella Mutti\,{EUTG02~2021-01~YP0T2IBA~20 - Fiorella Mutti}
fiorellamuttihc.dk127.jpg,1030294,b2b0c2bb,\2021-01\20 - Fiorella Mutti\,{EUTG02~2021-01~YP0T2IBA~20 - Fiorella Mutti}
fiorellamuttihc.dk128.jpg,1072346,5ab6e1d8,\2021-01\20 - Fiorella Mutti\,{EUTG02~2021-01~YP0T2IBA~20 - Fiorella Mutti}
fiorellamuttihc.dk129.jpg,1028689,ea0d5e9f,\2021-01\20 - Fiorella Mutti\,{EUTG02~2021-01~YP0T2IBA~20 - Fiorella Mutti}
fiorellamuttihc.dk130.jpg,1009062,32388709,\2021-01\20 - Fiorella Mutti\,{EUTG02~2021-01~YP0T2IBA~20 - Fiorella Mutti}
fiorellamuttihc.dk131.jpg,1013890,45af3a63,\2021-01\20 - Fiorella Mutti\,{EUTG02~2021-01~YP0T2IBA~20 - Fiorella Mutti}
fiorellamuttihc.dk132.jpg,1000230,a03e8cdf,\2021-01\20 - Fiorella Mutti\,{EUTG02~2021-01~YP0T2IBA~20 - Fiorella Mutti}
fiorellamuttihc.dk133.jpg,1030206,b8a87860,\2021-01\20 - Fiorella Mutti\,{EUTG02~2021-01~YP0T2IBA~20 - Fiorella Mutti}
fiorellamuttihc.dk134.jpg,907890,132f0b24,\2021-01\20 - Fiorella Mutti\,{EUTG02~2021-01~YP0T2IBA~20 - Fiorella Mutti}
fiorellamuttihc.dk135.jpg,1105840,9996ab4f,\2021-01\20 - Fiorella Mutti\,{EUTG02~2021-01~YP0T2IBA~20 - Fiorella Mutti}
fiorellamuttihc.dk136.jpg,1056843,6a947a8c,\2021-01\20 - Fiorella Mutti\,{EUTG02~2021-01~YP0T2IBA~20 - Fiorella Mutti}
fiorellamuttihc.dk137.jpg,1132863,f56b377b,\2021-01\20 - Fiorella Mutti\,{EUTG02~2021-01~YP0T2IBA~20 - Fiorella Mutti}
fiorellamuttihc.dk138.jpg,1087747,6902c6ed,\2021-01\20 - Fiorella Mutti\,{EUTG02~2021-01~YP0T2IBA~20 - Fiorella Mutti}
fiorellamuttihc.dk139.jpg,1122049,5916801e,\2021-01\20 - Fiorella Mutti\,{EUTG02~2021-01~YP0T2IBA~20 - Fiorella Mutti}
fiorellamuttihc.dk140.jpg,1157934,8fa59eeb,\2021-01\20 - Fiorella Mutti\,{EUTG02~2021-01~YP0T2IBA~20 - Fiorella Mutti}
fiorellamuttihc.dk141.jpg,903599,f6b671a9,\2021-01\20 - Fiorella Mutti\,{EUTG02~2021-01~YP0T2IBA~20 - Fiorella Mutti}
fiorellamuttihc.dk142.jpg,953657,b77d0154,\2021-01\20 - Fiorella Mutti\,{EUTG02~2021-01~YP0T2IBA~20 - Fiorella Mutti}
fiorellamuttihc.dk143.jpg,921078,3650156e,\2021-01\20 - Fiorella Mutti\,{EUTG02~2021-01~YP0T2IBA~20 - Fiorella Mutti}
fiorellamuttihc.dk144.jpg,977389,a08c5161,\2021-01\20 - Fiorella Mutti\,{EUTG02~2021-01~YP0T2IBA~20 - Fiorella Mutti}
fiorellamuttihc.dk145.jpg,947941,656df4e0,\2021-01\20 - Fiorella Mutti\,{EUTG02~2021-01~YP0T2IBA~20 - Fiorella Mutti}
fiorellamuttihc.dk146.jpg,933575,50d7922c,\2021-01\20 - Fiorella Mutti\,{EUTG02~2021-01~YP0T2IBA~20 - Fiorella Mutti}
fiorellamuttihc.dk147.jpg,785906,57e25bd0,\2021-01\20 - Fiorella Mutti\,{EUTG02~2021-01~YP0T2IBA~20 - Fiorella Mutti}
fiorellamuttihc.dk148.jpg,682321,7ffdae46,\2021-01\20 - Fiorella Mutti\,{EUTG02~2021-01~YP0T2IBA~20 - Fiorella Mutti}
fiorellamuttihc.dk149.jpg,684765,70e40682,\2021-01\20 - Fiorella Mutti\,{EUTG02~2021-01~YP0T2IBA~20 - Fiorella Mutti}
fiorellamuttihc.dk150.jpg,593707,7afa8d3a,\2021-01\20 - Fiorella Mutti\,{EUTG02~2021-01~YP0T2IBA~20 - Fiorella Mutti}
fiorellamuttihc.dk151.jpg,589687,f05bec54,\2021-01\20 - Fiorella Mutti\,{EUTG02~2021-01~YP0T2IBA~20 - Fiorella Mutti}
fiorellamuttihc.dk152.jpg,582200,e4193586,\2021-01\20 - Fiorella Mutti\,{EUTG02~2021-01~YP0T2IBA~20 - Fiorella Mutti}
fiorellamuttihc.dk153.jpg,585143,18b47ba0,\2021-01\20 - Fiorella Mutti\,{EUTG02~2021-01~YP0T2IBA~20 - Fiorella Mutti}
fiorellamuttihc.dk154.jpg,611581,af5b641a,\2021-01\20 - Fiorella Mutti\,{EUTG02~2021-01~YP0T2IBA~20 - Fiorella Mutti}
fiorellamuttihc.dk155.jpg,613286,0af60d5b,\2021-01\20 - Fiorella Mutti\,{EUTG02~2021-01~YP0T2IBA~20 - Fiorella Mutti}