001.jpg,355016,59cb2f39,\2015-10\16 - Imi\,{ELB04~2015-10~B60X7H4H~16 - Imi}
002.jpg,322983,fd5d619c,\2015-10\16 - Imi\,{ELB04~2015-10~B60X7H4H~16 - Imi}
003.jpg,382904,23b4eab5,\2015-10\16 - Imi\,{ELB04~2015-10~B60X7H4H~16 - Imi}
004.jpg,346254,908cbaaf,\2015-10\16 - Imi\,{ELB04~2015-10~B60X7H4H~16 - Imi}
005.jpg,385357,93e1b419,\2015-10\16 - Imi\,{ELB04~2015-10~B60X7H4H~16 - Imi}
006.jpg,350098,6f099bc1,\2015-10\16 - Imi\,{ELB04~2015-10~B60X7H4H~16 - Imi}
007.jpg,392071,ebb4751c,\2015-10\16 - Imi\,{ELB04~2015-10~B60X7H4H~16 - Imi}
008.jpg,340501,9912bd03,\2015-10\16 - Imi\,{ELB04~2015-10~B60X7H4H~16 - Imi}
009.jpg,394581,3eba2858,\2015-10\16 - Imi\,{ELB04~2015-10~B60X7H4H~16 - Imi}
010.jpg,359461,b022dda8,\2015-10\16 - Imi\,{ELB04~2015-10~B60X7H4H~16 - Imi}
011.jpg,346714,604c0ae6,\2015-10\16 - Imi\,{ELB04~2015-10~B60X7H4H~16 - Imi}
012.jpg,308619,f2ad1854,\2015-10\16 - Imi\,{ELB04~2015-10~B60X7H4H~16 - Imi}
013.jpg,351419,9fa1fe88,\2015-10\16 - Imi\,{ELB04~2015-10~B60X7H4H~16 - Imi}
014.jpg,381998,5c156986,\2015-10\16 - Imi\,{ELB04~2015-10~B60X7H4H~16 - Imi}
015.jpg,357523,212b76c1,\2015-10\16 - Imi\,{ELB04~2015-10~B60X7H4H~16 - Imi}
016.jpg,372712,f61b94db,\2015-10\16 - Imi\,{ELB04~2015-10~B60X7H4H~16 - Imi}
017.jpg,377559,d7e46d8d,\2015-10\16 - Imi\,{ELB04~2015-10~B60X7H4H~16 - Imi}
018.jpg,307161,26178094,\2015-10\16 - Imi\,{ELB04~2015-10~B60X7H4H~16 - Imi}
019.jpg,350948,285c6322,\2015-10\16 - Imi\,{ELB04~2015-10~B60X7H4H~16 - Imi}
020.jpg,302902,64346f2b,\2015-10\16 - Imi\,{ELB04~2015-10~B60X7H4H~16 - Imi}
021.jpg,383480,f1b7baa4,\2015-10\16 - Imi\,{ELB04~2015-10~B60X7H4H~16 - Imi}
022.jpg,334962,7913e5ce,\2015-10\16 - Imi\,{ELB04~2015-10~B60X7H4H~16 - Imi}
023.jpg,332196,82345027,\2015-10\16 - Imi\,{ELB04~2015-10~B60X7H4H~16 - Imi}
024.jpg,297474,cf8c241b,\2015-10\16 - Imi\,{ELB04~2015-10~B60X7H4H~16 - Imi}
025.jpg,386309,bd465360,\2015-10\16 - Imi\,{ELB04~2015-10~B60X7H4H~16 - Imi}
026.jpg,299502,54a26643,\2015-10\16 - Imi\,{ELB04~2015-10~B60X7H4H~16 - Imi}
027.jpg,355804,81b60cee,\2015-10\16 - Imi\,{ELB04~2015-10~B60X7H4H~16 - Imi}
028.jpg,347345,7b48c0c1,\2015-10\16 - Imi\,{ELB04~2015-10~B60X7H4H~16 - Imi}
029.jpg,383290,080bacbe,\2015-10\16 - Imi\,{ELB04~2015-10~B60X7H4H~16 - Imi}
030.jpg,375964,23b8d1df,\2015-10\16 - Imi\,{ELB04~2015-10~B60X7H4H~16 - Imi}
031.jpg,370566,9a49d7f2,\2015-10\16 - Imi\,{ELB04~2015-10~B60X7H4H~16 - Imi}
032.jpg,333186,9312da0f,\2015-10\16 - Imi\,{ELB04~2015-10~B60X7H4H~16 - Imi}
033.jpg,351893,14ce7c69,\2015-10\16 - Imi\,{ELB04~2015-10~B60X7H4H~16 - Imi}
034.jpg,375206,ea94a5dc,\2015-10\16 - Imi\,{ELB04~2015-10~B60X7H4H~16 - Imi}
035.jpg,400893,5092a218,\2015-10\16 - Imi\,{ELB04~2015-10~B60X7H4H~16 - Imi}
036.jpg,320351,7dc008a1,\2015-10\16 - Imi\,{ELB04~2015-10~B60X7H4H~16 - Imi}
037.jpg,358504,12a57e5a,\2015-10\16 - Imi\,{ELB04~2015-10~B60X7H4H~16 - Imi}
038.jpg,375561,7eb39b42,\2015-10\16 - Imi\,{ELB04~2015-10~B60X7H4H~16 - Imi}
039.jpg,340327,6a6e4d1c,\2015-10\16 - Imi\,{ELB04~2015-10~B60X7H4H~16 - Imi}
040.jpg,387342,157c7c4f,\2015-10\16 - Imi\,{ELB04~2015-10~B60X7H4H~16 - Imi}
041.jpg,336636,df807b20,\2015-10\16 - Imi\,{ELB04~2015-10~B60X7H4H~16 - Imi}
042.jpg,357929,670ef1ba,\2015-10\16 - Imi\,{ELB04~2015-10~B60X7H4H~16 - Imi}
043.jpg,357362,a3552af9,\2015-10\16 - Imi\,{ELB04~2015-10~B60X7H4H~16 - Imi}
044.jpg,372995,dab65965,\2015-10\16 - Imi\,{ELB04~2015-10~B60X7H4H~16 - Imi}
045.jpg,346844,f7a4a0ed,\2015-10\16 - Imi\,{ELB04~2015-10~B60X7H4H~16 - Imi}
046.jpg,385346,06aaec71,\2015-10\16 - Imi\,{ELB04~2015-10~B60X7H4H~16 - Imi}
047.jpg,369911,91541071,\2015-10\16 - Imi\,{ELB04~2015-10~B60X7H4H~16 - Imi}
048.jpg,396787,2825f0e1,\2015-10\16 - Imi\,{ELB04~2015-10~B60X7H4H~16 - Imi}
049.jpg,360359,5b9347b9,\2015-10\16 - Imi\,{ELB04~2015-10~B60X7H4H~16 - Imi}
050.jpg,336023,a3a749b9,\2015-10\16 - Imi\,{ELB04~2015-10~B60X7H4H~16 - Imi}
051.jpg,362505,41bfa012,\2015-10\16 - Imi\,{ELB04~2015-10~B60X7H4H~16 - Imi}
052.jpg,388551,20a42928,\2015-10\16 - Imi\,{ELB04~2015-10~B60X7H4H~16 - Imi}
053.jpg,347096,3f93031f,\2015-10\16 - Imi\,{ELB04~2015-10~B60X7H4H~16 - Imi}
054.jpg,391315,47a54ad0,\2015-10\16 - Imi\,{ELB04~2015-10~B60X7H4H~16 - Imi}
055.jpg,372419,6f54f0ed,\2015-10\16 - Imi\,{ELB04~2015-10~B60X7H4H~16 - Imi}
056.jpg,369826,6aefe25a,\2015-10\16 - Imi\,{ELB04~2015-10~B60X7H4H~16 - Imi}
057.jpg,333395,b04a7209,\2015-10\16 - Imi\,{ELB04~2015-10~B60X7H4H~16 - Imi}
058.jpg,305969,27d88b4f,\2015-10\16 - Imi\,{ELB04~2015-10~B60X7H4H~16 - Imi}
059.jpg,290561,98b353a8,\2015-10\16 - Imi\,{ELB04~2015-10~B60X7H4H~16 - Imi}
060.jpg,400155,de313e76,\2015-10\16 - Imi\,{ELB04~2015-10~B60X7H4H~16 - Imi}
061.jpg,366935,011bb78e,\2015-10\16 - Imi\,{ELB04~2015-10~B60X7H4H~16 - Imi}
062.jpg,308899,74a16d7b,\2015-10\16 - Imi\,{ELB04~2015-10~B60X7H4H~16 - Imi}
063.jpg,375882,74914940,\2015-10\16 - Imi\,{ELB04~2015-10~B60X7H4H~16 - Imi}
064.jpg,355226,50f54fe4,\2015-10\16 - Imi\,{ELB04~2015-10~B60X7H4H~16 - Imi}
065.jpg,305729,ed132860,\2015-10\16 - Imi\,{ELB04~2015-10~B60X7H4H~16 - Imi}
066.jpg,382320,b25ef109,\2015-10\16 - Imi\,{ELB04~2015-10~B60X7H4H~16 - Imi}
067.jpg,403179,acec58db,\2015-10\16 - Imi\,{ELB04~2015-10~B60X7H4H~16 - Imi}
068.jpg,344158,1cab1a95,\2015-10\16 - Imi\,{ELB04~2015-10~B60X7H4H~16 - Imi}
069.jpg,325325,03d031c9,\2015-10\16 - Imi\,{ELB04~2015-10~B60X7H4H~16 - Imi}
070.jpg,334609,f0f773bd,\2015-10\16 - Imi\,{ELB04~2015-10~B60X7H4H~16 - Imi}
071.jpg,352641,fc640897,\2015-10\16 - Imi\,{ELB04~2015-10~B60X7H4H~16 - Imi}
072.jpg,394232,406f5844,\2015-10\16 - Imi\,{ELB04~2015-10~B60X7H4H~16 - Imi}
073.jpg,346622,1d16cd13,\2015-10\16 - Imi\,{ELB04~2015-10~B60X7H4H~16 - Imi}
074.jpg,375069,38dc458a,\2015-10\16 - Imi\,{ELB04~2015-10~B60X7H4H~16 - Imi}
075.jpg,362646,5582a6e6,\2015-10\16 - Imi\,{ELB04~2015-10~B60X7H4H~16 - Imi}
076.jpg,368105,8470f2bc,\2015-10\16 - Imi\,{ELB04~2015-10~B60X7H4H~16 - Imi}
077.jpg,321835,c7ed6e6d,\2015-10\16 - Imi\,{ELB04~2015-10~B60X7H4H~16 - Imi}
078.jpg,352669,5d7020b8,\2015-10\16 - Imi\,{ELB04~2015-10~B60X7H4H~16 - Imi}
079.jpg,314060,80f17424,\2015-10\16 - Imi\,{ELB04~2015-10~B60X7H4H~16 - Imi}
080.jpg,347666,dae73508,\2015-10\16 - Imi\,{ELB04~2015-10~B60X7H4H~16 - Imi}
081.jpg,292802,ca7f8a1b,\2015-10\16 - Imi\,{ELB04~2015-10~B60X7H4H~16 - Imi}
082.jpg,295212,4c1283ce,\2015-10\16 - Imi\,{ELB04~2015-10~B60X7H4H~16 - Imi}
083.jpg,325885,512769a1,\2015-10\16 - Imi\,{ELB04~2015-10~B60X7H4H~16 - Imi}
084.jpg,302625,e94fa7d9,\2015-10\16 - Imi\,{ELB04~2015-10~B60X7H4H~16 - Imi}
085.jpg,330201,7b68bc28,\2015-10\16 - Imi\,{ELB04~2015-10~B60X7H4H~16 - Imi}
086.jpg,309294,f79db7a1,\2015-10\16 - Imi\,{ELB04~2015-10~B60X7H4H~16 - Imi}
087.jpg,290036,9d2bf082,\2015-10\16 - Imi\,{ELB04~2015-10~B60X7H4H~16 - Imi}
088.jpg,393014,87a43b67,\2015-10\16 - Imi\,{ELB04~2015-10~B60X7H4H~16 - Imi}
089.jpg,309632,408bc7a4,\2015-10\16 - Imi\,{ELB04~2015-10~B60X7H4H~16 - Imi}
090.jpg,324564,76eded7e,\2015-10\16 - Imi\,{ELB04~2015-10~B60X7H4H~16 - Imi}
091.jpg,291387,bc430caa,\2015-10\16 - Imi\,{ELB04~2015-10~B60X7H4H~16 - Imi}
092.jpg,334825,f9a4d6ed,\2015-10\16 - Imi\,{ELB04~2015-10~B60X7H4H~16 - Imi}
093.jpg,292380,33b48555,\2015-10\16 - Imi\,{ELB04~2015-10~B60X7H4H~16 - Imi}
001.jpg,321351,a5e876c7,\2015-10\30 - Damm\,{ELB04~2015-10~B60XB4DG~30 - Damm}
002.jpg,293606,9f64a6d1,\2015-10\30 - Damm\,{ELB04~2015-10~B60XB4DG~30 - Damm}
003.jpg,329810,3399abf6,\2015-10\30 - Damm\,{ELB04~2015-10~B60XB4DG~30 - Damm}
004.jpg,355205,b317af85,\2015-10\30 - Damm\,{ELB04~2015-10~B60XB4DG~30 - Damm}
005.jpg,396098,9e32913f,\2015-10\30 - Damm\,{ELB04~2015-10~B60XB4DG~30 - Damm}
006.jpg,330499,cee680d3,\2015-10\30 - Damm\,{ELB04~2015-10~B60XB4DG~30 - Damm}
007.jpg,398554,32e21f88,\2015-10\30 - Damm\,{ELB04~2015-10~B60XB4DG~30 - Damm}
008.jpg,294393,f62290ef,\2015-10\30 - Damm\,{ELB04~2015-10~B60XB4DG~30 - Damm}
009.jpg,354256,d5edd08d,\2015-10\30 - Damm\,{ELB04~2015-10~B60XB4DG~30 - Damm}
010.jpg,362792,3731fcc1,\2015-10\30 - Damm\,{ELB04~2015-10~B60XB4DG~30 - Damm}
011.jpg,280371,7bc7d9cf,\2015-10\30 - Damm\,{ELB04~2015-10~B60XB4DG~30 - Damm}
012.jpg,310314,088e1e37,\2015-10\30 - Damm\,{ELB04~2015-10~B60XB4DG~30 - Damm}
013.jpg,308643,da7c0f61,\2015-10\30 - Damm\,{ELB04~2015-10~B60XB4DG~30 - Damm}
014.jpg,374220,86cf296b,\2015-10\30 - Damm\,{ELB04~2015-10~B60XB4DG~30 - Damm}
015.jpg,304860,eca81388,\2015-10\30 - Damm\,{ELB04~2015-10~B60XB4DG~30 - Damm}
016.jpg,319957,741ccb6a,\2015-10\30 - Damm\,{ELB04~2015-10~B60XB4DG~30 - Damm}
017.jpg,285769,51a83211,\2015-10\30 - Damm\,{ELB04~2015-10~B60XB4DG~30 - Damm}
018.jpg,363346,c187f7c2,\2015-10\30 - Damm\,{ELB04~2015-10~B60XB4DG~30 - Damm}
019.jpg,278945,895bfebe,\2015-10\30 - Damm\,{ELB04~2015-10~B60XB4DG~30 - Damm}
020.jpg,283079,92251eda,\2015-10\30 - Damm\,{ELB04~2015-10~B60XB4DG~30 - Damm}
021.jpg,292915,021060a6,\2015-10\30 - Damm\,{ELB04~2015-10~B60XB4DG~30 - Damm}
022.jpg,296944,bcebfeaa,\2015-10\30 - Damm\,{ELB04~2015-10~B60XB4DG~30 - Damm}
023.jpg,327773,79376b79,\2015-10\30 - Damm\,{ELB04~2015-10~B60XB4DG~30 - Damm}
024.jpg,333155,9e49c5f2,\2015-10\30 - Damm\,{ELB04~2015-10~B60XB4DG~30 - Damm}
025.jpg,290524,24c32551,\2015-10\30 - Damm\,{ELB04~2015-10~B60XB4DG~30 - Damm}
026.jpg,301740,82984235,\2015-10\30 - Damm\,{ELB04~2015-10~B60XB4DG~30 - Damm}
027.jpg,380363,81b0c91a,\2015-10\30 - Damm\,{ELB04~2015-10~B60XB4DG~30 - Damm}
028.jpg,295973,48897382,\2015-10\30 - Damm\,{ELB04~2015-10~B60XB4DG~30 - Damm}
029.jpg,366802,b7fa0c38,\2015-10\30 - Damm\,{ELB04~2015-10~B60XB4DG~30 - Damm}
030.jpg,326269,cdae6c18,\2015-10\30 - Damm\,{ELB04~2015-10~B60XB4DG~30 - Damm}
031.jpg,394243,1b5506ed,\2015-10\30 - Damm\,{ELB04~2015-10~B60XB4DG~30 - Damm}
032.jpg,337789,8a6a6c60,\2015-10\30 - Damm\,{ELB04~2015-10~B60XB4DG~30 - Damm}
033.jpg,393103,24debb3b,\2015-10\30 - Damm\,{ELB04~2015-10~B60XB4DG~30 - Damm}
034.jpg,387497,e144d096,\2015-10\30 - Damm\,{ELB04~2015-10~B60XB4DG~30 - Damm}
035.jpg,287919,0df2fd0d,\2015-10\30 - Damm\,{ELB04~2015-10~B60XB4DG~30 - Damm}
036.jpg,299957,065b48c3,\2015-10\30 - Damm\,{ELB04~2015-10~B60XB4DG~30 - Damm}
037.jpg,317912,75d51ba5,\2015-10\30 - Damm\,{ELB04~2015-10~B60XB4DG~30 - Damm}
038.jpg,300509,e2e55bc4,\2015-10\30 - Damm\,{ELB04~2015-10~B60XB4DG~30 - Damm}
039.jpg,317203,9964ee12,\2015-10\30 - Damm\,{ELB04~2015-10~B60XB4DG~30 - Damm}
040.jpg,341244,e3cf6f05,\2015-10\30 - Damm\,{ELB04~2015-10~B60XB4DG~30 - Damm}
041.jpg,301323,fb65983e,\2015-10\30 - Damm\,{ELB04~2015-10~B60XB4DG~30 - Damm}
042.jpg,324011,8067eb84,\2015-10\30 - Damm\,{ELB04~2015-10~B60XB4DG~30 - Damm}
043.jpg,373423,990a061a,\2015-10\30 - Damm\,{ELB04~2015-10~B60XB4DG~30 - Damm}
044.jpg,301169,ab1a2ee6,\2015-10\30 - Damm\,{ELB04~2015-10~B60XB4DG~30 - Damm}
045.jpg,390183,c28ef714,\2015-10\30 - Damm\,{ELB04~2015-10~B60XB4DG~30 - Damm}
046.jpg,345915,e527b9c0,\2015-10\30 - Damm\,{ELB04~2015-10~B60XB4DG~30 - Damm}
047.jpg,301041,2729a33b,\2015-10\30 - Damm\,{ELB04~2015-10~B60XB4DG~30 - Damm}
048.jpg,305634,d2fc4135,\2015-10\30 - Damm\,{ELB04~2015-10~B60XB4DG~30 - Damm}
049.jpg,360662,f7a862ce,\2015-10\30 - Damm\,{ELB04~2015-10~B60XB4DG~30 - Damm}
050.jpg,325453,3254bad0,\2015-10\30 - Damm\,{ELB04~2015-10~B60XB4DG~30 - Damm}
051.jpg,299415,79b96494,\2015-10\30 - Damm\,{ELB04~2015-10~B60XB4DG~30 - Damm}
052.jpg,378872,f21d817d,\2015-10\30 - Damm\,{ELB04~2015-10~B60XB4DG~30 - Damm}
053.jpg,389865,fe690584,\2015-10\30 - Damm\,{ELB04~2015-10~B60XB4DG~30 - Damm}
054.jpg,303210,ee47578c,\2015-10\30 - Damm\,{ELB04~2015-10~B60XB4DG~30 - Damm}
055.jpg,341401,5cfc9e4b,\2015-10\30 - Damm\,{ELB04~2015-10~B60XB4DG~30 - Damm}
056.jpg,279619,0dfe390a,\2015-10\30 - Damm\,{ELB04~2015-10~B60XB4DG~30 - Damm}
057.jpg,322469,2ffd585d,\2015-10\30 - Damm\,{ELB04~2015-10~B60XB4DG~30 - Damm}
058.jpg,281689,20494893,\2015-10\30 - Damm\,{ELB04~2015-10~B60XB4DG~30 - Damm}
059.jpg,326318,ddb8d1a1,\2015-10\30 - Damm\,{ELB04~2015-10~B60XB4DG~30 - Damm}
060.jpg,289059,f02a58ab,\2015-10\30 - Damm\,{ELB04~2015-10~B60XB4DG~30 - Damm}
061.jpg,303779,2502eaf7,\2015-10\30 - Damm\,{ELB04~2015-10~B60XB4DG~30 - Damm}
062.jpg,350995,514cc567,\2015-10\30 - Damm\,{ELB04~2015-10~B60XB4DG~30 - Damm}
063.jpg,318203,6fe13f1b,\2015-10\30 - Damm\,{ELB04~2015-10~B60XB4DG~30 - Damm}
064.jpg,315175,c5ec769a,\2015-10\30 - Damm\,{ELB04~2015-10~B60XB4DG~30 - Damm}
065.jpg,283160,fecc586b,\2015-10\30 - Damm\,{ELB04~2015-10~B60XB4DG~30 - Damm}
066.jpg,393417,8330141e,\2015-10\30 - Damm\,{ELB04~2015-10~B60XB4DG~30 - Damm}
067.jpg,369117,ecd484d7,\2015-10\30 - Damm\,{ELB04~2015-10~B60XB4DG~30 - Damm}
068.jpg,306634,41b5d486,\2015-10\30 - Damm\,{ELB04~2015-10~B60XB4DG~30 - Damm}
069.jpg,308396,e949be9e,\2015-10\30 - Damm\,{ELB04~2015-10~B60XB4DG~30 - Damm}
070.jpg,291426,0f1ecfcd,\2015-10\30 - Damm\,{ELB04~2015-10~B60XB4DG~30 - Damm}
071.jpg,322373,cfe71d91,\2015-10\30 - Damm\,{ELB04~2015-10~B60XB4DG~30 - Damm}
072.jpg,364507,0712aa45,\2015-10\30 - Damm\,{ELB04~2015-10~B60XB4DG~30 - Damm}
073.jpg,304140,845039a8,\2015-10\30 - Damm\,{ELB04~2015-10~B60XB4DG~30 - Damm}
074.jpg,326075,f62d9524,\2015-10\30 - Damm\,{ELB04~2015-10~B60XB4DG~30 - Damm}
075.jpg,329555,2bfbe5a7,\2015-10\30 - Damm\,{ELB04~2015-10~B60XB4DG~30 - Damm}
076.jpg,348685,171e8b06,\2015-10\30 - Damm\,{ELB04~2015-10~B60XB4DG~30 - Damm}
077.jpg,342640,bb5d873d,\2015-10\30 - Damm\,{ELB04~2015-10~B60XB4DG~30 - Damm}
078.jpg,284160,4509cb6c,\2015-10\30 - Damm\,{ELB04~2015-10~B60XB4DG~30 - Damm}
079.jpg,328455,e62350f3,\2015-10\30 - Damm\,{ELB04~2015-10~B60XB4DG~30 - Damm}
080.jpg,294996,781fabd5,\2015-10\30 - Damm\,{ELB04~2015-10~B60XB4DG~30 - Damm}
081.jpg,358750,7ec3d589,\2015-10\30 - Damm\,{ELB04~2015-10~B60XB4DG~30 - Damm}
082.jpg,375862,f72f95fc,\2015-10\30 - Damm\,{ELB04~2015-10~B60XB4DG~30 - Damm}
083.jpg,359330,b286062c,\2015-10\30 - Damm\,{ELB04~2015-10~B60XB4DG~30 - Damm}
084.jpg,304969,9d3d95f1,\2015-10\30 - Damm\,{ELB04~2015-10~B60XB4DG~30 - Damm}
085.jpg,284581,cc18c54e,\2015-10\30 - Damm\,{ELB04~2015-10~B60XB4DG~30 - Damm}
086.jpg,334723,11d9b9c5,\2015-10\30 - Damm\,{ELB04~2015-10~B60XB4DG~30 - Damm}
087.jpg,285103,2369f5bb,\2015-10\30 - Damm\,{ELB04~2015-10~B60XB4DG~30 - Damm}
088.jpg,278097,6320988e,\2015-10\30 - Damm\,{ELB04~2015-10~B60XB4DG~30 - Damm}
089.jpg,285650,43fea464,\2015-10\30 - Damm\,{ELB04~2015-10~B60XB4DG~30 - Damm}
001.jpg,283849,538ac01d,\2015-11\13 - Tenten\,{ELB04~2015-11~B60XEPCJ~13 - Tenten}
001.jpg,370132,25a83952,\2015-11\27 - Toei\,{ELB04~2015-11~B60XHP4Y~27 - Toei}
002.jpg,359136,7cbfd67c,\2015-11\27 - Toei\,{ELB04~2015-11~B60XHP4Y~27 - Toei}
003.jpg,365427,bf793635,\2015-11\27 - Toei\,{ELB04~2015-11~B60XHP4Y~27 - Toei}
004.jpg,358532,0f542ad9,\2015-11\27 - Toei\,{ELB04~2015-11~B60XHP4Y~27 - Toei}
005.jpg,310968,2c4b100d,\2015-11\27 - Toei\,{ELB04~2015-11~B60XHP4Y~27 - Toei}
006.jpg,348075,779bb40e,\2015-11\27 - Toei\,{ELB04~2015-11~B60XHP4Y~27 - Toei}
007.jpg,385474,1d07af0a,\2015-11\27 - Toei\,{ELB04~2015-11~B60XHP4Y~27 - Toei}
008.jpg,310897,8008ed0f,\2015-11\27 - Toei\,{ELB04~2015-11~B60XHP4Y~27 - Toei}
009.jpg,349543,d42e83ed,\2015-11\27 - Toei\,{ELB04~2015-11~B60XHP4Y~27 - Toei}
010.jpg,323282,a5307a3d,\2015-11\27 - Toei\,{ELB04~2015-11~B60XHP4Y~27 - Toei}
011.jpg,352775,f69c4e59,\2015-11\27 - Toei\,{ELB04~2015-11~B60XHP4Y~27 - Toei}
012.jpg,375077,3c0c598d,\2015-11\27 - Toei\,{ELB04~2015-11~B60XHP4Y~27 - Toei}
013.jpg,379142,f5a65be1,\2015-11\27 - Toei\,{ELB04~2015-11~B60XHP4Y~27 - Toei}
014.jpg,316358,29c3b056,\2015-11\27 - Toei\,{ELB04~2015-11~B60XHP4Y~27 - Toei}
015.jpg,357769,ca878b74,\2015-11\27 - Toei\,{ELB04~2015-11~B60XHP4Y~27 - Toei}
016.jpg,336911,c9a57969,\2015-11\27 - Toei\,{ELB04~2015-11~B60XHP4Y~27 - Toei}
017.jpg,357959,58a39cc0,\2015-11\27 - Toei\,{ELB04~2015-11~B60XHP4Y~27 - Toei}
018.jpg,387676,4b7da8b1,\2015-11\27 - Toei\,{ELB04~2015-11~B60XHP4Y~27 - Toei}
019.jpg,326798,0470aed7,\2015-11\27 - Toei\,{ELB04~2015-11~B60XHP4Y~27 - Toei}
020.jpg,357590,8223e0f7,\2015-11\27 - Toei\,{ELB04~2015-11~B60XHP4Y~27 - Toei}
021.jpg,321469,e61a3fe3,\2015-11\27 - Toei\,{ELB04~2015-11~B60XHP4Y~27 - Toei}
022.jpg,353949,7512cdde,\2015-11\27 - Toei\,{ELB04~2015-11~B60XHP4Y~27 - Toei}
023.jpg,323273,f2f1422d,\2015-11\27 - Toei\,{ELB04~2015-11~B60XHP4Y~27 - Toei}
024.jpg,358579,5a2c0cbb,\2015-11\27 - Toei\,{ELB04~2015-11~B60XHP4Y~27 - Toei}
025.jpg,330815,47784ec5,\2015-11\27 - Toei\,{ELB04~2015-11~B60XHP4Y~27 - Toei}
026.jpg,383764,ad0c69e9,\2015-11\27 - Toei\,{ELB04~2015-11~B60XHP4Y~27 - Toei}
027.jpg,381649,71b80714,\2015-11\27 - Toei\,{ELB04~2015-11~B60XHP4Y~27 - Toei}
028.jpg,376378,d7d269f3,\2015-11\27 - Toei\,{ELB04~2015-11~B60XHP4Y~27 - Toei}
029.jpg,348856,07267912,\2015-11\27 - Toei\,{ELB04~2015-11~B60XHP4Y~27 - Toei}
030.jpg,379118,85a63917,\2015-11\27 - Toei\,{ELB04~2015-11~B60XHP4Y~27 - Toei}
031.jpg,381991,2211ad88,\2015-11\27 - Toei\,{ELB04~2015-11~B60XHP4Y~27 - Toei}
032.jpg,317742,e925aaa2,\2015-11\27 - Toei\,{ELB04~2015-11~B60XHP4Y~27 - Toei}
033.jpg,347966,df47da6a,\2015-11\27 - Toei\,{ELB04~2015-11~B60XHP4Y~27 - Toei}
034.jpg,344482,f355e00f,\2015-11\27 - Toei\,{ELB04~2015-11~B60XHP4Y~27 - Toei}
035.jpg,354015,46c3ceec,\2015-11\27 - Toei\,{ELB04~2015-11~B60XHP4Y~27 - Toei}
036.jpg,398292,c419f5a3,\2015-11\27 - Toei\,{ELB04~2015-11~B60XHP4Y~27 - Toei}
037.jpg,343935,01ca6a21,\2015-11\27 - Toei\,{ELB04~2015-11~B60XHP4Y~27 - Toei}
038.jpg,369258,747cf21b,\2015-11\27 - Toei\,{ELB04~2015-11~B60XHP4Y~27 - Toei}
039.jpg,344460,4771a151,\2015-11\27 - Toei\,{ELB04~2015-11~B60XHP4Y~27 - Toei}
040.jpg,328531,9aa43709,\2015-11\27 - Toei\,{ELB04~2015-11~B60XHP4Y~27 - Toei}
041.jpg,353660,5282a789,\2015-11\27 - Toei\,{ELB04~2015-11~B60XHP4Y~27 - Toei}
042.jpg,350404,8901cf7f,\2015-11\27 - Toei\,{ELB04~2015-11~B60XHP4Y~27 - Toei}
043.jpg,370523,6d60bd6d,\2015-11\27 - Toei\,{ELB04~2015-11~B60XHP4Y~27 - Toei}
044.jpg,372505,6db252df,\2015-11\27 - Toei\,{ELB04~2015-11~B60XHP4Y~27 - Toei}
045.jpg,308503,4a4067b0,\2015-11\27 - Toei\,{ELB04~2015-11~B60XHP4Y~27 - Toei}
046.jpg,294735,fcb6c97a,\2015-11\27 - Toei\,{ELB04~2015-11~B60XHP4Y~27 - Toei}
047.jpg,348140,f02dbc0e,\2015-11\27 - Toei\,{ELB04~2015-11~B60XHP4Y~27 - Toei}
048.jpg,329305,469bd66e,\2015-11\27 - Toei\,{ELB04~2015-11~B60XHP4Y~27 - Toei}
049.jpg,315073,ebaded13,\2015-11\27 - Toei\,{ELB04~2015-11~B60XHP4Y~27 - Toei}
050.jpg,364083,cfceae77,\2015-11\27 - Toei\,{ELB04~2015-11~B60XHP4Y~27 - Toei}
051.jpg,319176,5a2aa38d,\2015-11\27 - Toei\,{ELB04~2015-11~B60XHP4Y~27 - Toei}
052.jpg,377377,55ab8d4c,\2015-11\27 - Toei\,{ELB04~2015-11~B60XHP4Y~27 - Toei}
053.jpg,342247,8d2d3560,\2015-11\27 - Toei\,{ELB04~2015-11~B60XHP4Y~27 - Toei}
054.jpg,397106,157e3caf,\2015-11\27 - Toei\,{ELB04~2015-11~B60XHP4Y~27 - Toei}
055.jpg,287922,278e7a3a,\2015-11\27 - Toei\,{ELB04~2015-11~B60XHP4Y~27 - Toei}
056.jpg,375796,36691868,\2015-11\27 - Toei\,{ELB04~2015-11~B60XHP4Y~27 - Toei}
057.jpg,398022,1e417347,\2015-11\27 - Toei\,{ELB04~2015-11~B60XHP4Y~27 - Toei}
058.jpg,320124,5c284fc9,\2015-11\27 - Toei\,{ELB04~2015-11~B60XHP4Y~27 - Toei}
059.jpg,364611,0449ae75,\2015-11\27 - Toei\,{ELB04~2015-11~B60XHP4Y~27 - Toei}
060.jpg,370586,a1a6f26a,\2015-11\27 - Toei\,{ELB04~2015-11~B60XHP4Y~27 - Toei}
061.jpg,353780,09cadd55,\2015-11\27 - Toei\,{ELB04~2015-11~B60XHP4Y~27 - Toei}
062.jpg,371428,f03db463,\2015-11\27 - Toei\,{ELB04~2015-11~B60XHP4Y~27 - Toei}
063.jpg,328735,6ad088f8,\2015-11\27 - Toei\,{ELB04~2015-11~B60XHP4Y~27 - Toei}
064.jpg,327715,59d2376b,\2015-11\27 - Toei\,{ELB04~2015-11~B60XHP4Y~27 - Toei}
065.jpg,334817,5404dced,\2015-11\27 - Toei\,{ELB04~2015-11~B60XHP4Y~27 - Toei}
066.jpg,387236,f9dfe664,\2015-11\27 - Toei\,{ELB04~2015-11~B60XHP4Y~27 - Toei}
067.jpg,360324,68722d39,\2015-11\27 - Toei\,{ELB04~2015-11~B60XHP4Y~27 - Toei}
068.jpg,368194,08a66373,\2015-11\27 - Toei\,{ELB04~2015-11~B60XHP4Y~27 - Toei}
069.jpg,354811,dfb288e6,\2015-11\27 - Toei\,{ELB04~2015-11~B60XHP4Y~27 - Toei}
070.jpg,306367,672f514c,\2015-11\27 - Toei\,{ELB04~2015-11~B60XHP4Y~27 - Toei}
071.jpg,313855,b0299a02,\2015-11\27 - Toei\,{ELB04~2015-11~B60XHP4Y~27 - Toei}
072.jpg,359496,2b59c0cc,\2015-11\27 - Toei\,{ELB04~2015-11~B60XHP4Y~27 - Toei}
073.jpg,345371,ebde4aa6,\2015-11\27 - Toei\,{ELB04~2015-11~B60XHP4Y~27 - Toei}
074.jpg,358971,febcfb6a,\2015-11\27 - Toei\,{ELB04~2015-11~B60XHP4Y~27 - Toei}
075.jpg,339993,2cf6fb6c,\2015-11\27 - Toei\,{ELB04~2015-11~B60XHP4Y~27 - Toei}
076.jpg,347682,73112de6,\2015-11\27 - Toei\,{ELB04~2015-11~B60XHP4Y~27 - Toei}
077.jpg,330287,5441167c,\2015-11\27 - Toei\,{ELB04~2015-11~B60XHP4Y~27 - Toei}
078.jpg,370997,b699ede0,\2015-11\27 - Toei\,{ELB04~2015-11~B60XHP4Y~27 - Toei}
079.jpg,311347,58fa5ba0,\2015-11\27 - Toei\,{ELB04~2015-11~B60XHP4Y~27 - Toei}
080.jpg,338388,c9e4770b,\2015-11\27 - Toei\,{ELB04~2015-11~B60XHP4Y~27 - Toei}
081.jpg,298733,1b535548,\2015-11\27 - Toei\,{ELB04~2015-11~B60XHP4Y~27 - Toei}
082.jpg,362355,dd6e260b,\2015-11\27 - Toei\,{ELB04~2015-11~B60XHP4Y~27 - Toei}
083.jpg,351272,7a2774dc,\2015-11\27 - Toei\,{ELB04~2015-11~B60XHP4Y~27 - Toei}
084.jpg,332056,d58a73a5,\2015-11\27 - Toei\,{ELB04~2015-11~B60XHP4Y~27 - Toei}
085.jpg,327128,331a7791,\2015-11\27 - Toei\,{ELB04~2015-11~B60XHP4Y~27 - Toei}
086.jpg,285433,5246ef00,\2015-11\27 - Toei\,{ELB04~2015-11~B60XHP4Y~27 - Toei}
087.jpg,391388,89bf1a1d,\2015-11\27 - Toei\,{ELB04~2015-11~B60XHP4Y~27 - Toei}
088.jpg,402020,92e41e1a,\2015-11\27 - Toei\,{ELB04~2015-11~B60XHP4Y~27 - Toei}
089.jpg,345745,f5daaa65,\2015-11\27 - Toei\,{ELB04~2015-11~B60XHP4Y~27 - Toei}
090.jpg,380628,2bfcc53e,\2015-11\27 - Toei\,{ELB04~2015-11~B60XHP4Y~27 - Toei}
091.jpg,305698,04f10698,\2015-11\27 - Toei\,{ELB04~2015-11~B60XHP4Y~27 - Toei}
092.jpg,367209,7bb28dcc,\2015-11\27 - Toei\,{ELB04~2015-11~B60XHP4Y~27 - Toei}
093.jpg,344996,e825ea11,\2015-11\27 - Toei\,{ELB04~2015-11~B60XHP4Y~27 - Toei}
094.jpg,343277,0c30a26b,\2015-11\27 - Toei\,{ELB04~2015-11~B60XHP4Y~27 - Toei}
095.jpg,349673,f8153bb3,\2015-11\27 - Toei\,{ELB04~2015-11~B60XHP4Y~27 - Toei}
096.jpg,336994,cd65033d,\2015-11\27 - Toei\,{ELB04~2015-11~B60XHP4Y~27 - Toei}
097.jpg,328467,535ef144,\2015-11\27 - Toei\,{ELB04~2015-11~B60XHP4Y~27 - Toei}
001.jpg,373986,65435bf8,\2015-12\11 - Grace\,{ELB04~2015-12~B60XPTVO~11 - Grace}
002.jpg,355434,f993caf8,\2015-12\11 - Grace\,{ELB04~2015-12~B60XPTVO~11 - Grace}
003.jpg,322891,7606bf1a,\2015-12\11 - Grace\,{ELB04~2015-12~B60XPTVO~11 - Grace}
004.jpg,290681,2a455257,\2015-12\11 - Grace\,{ELB04~2015-12~B60XPTVO~11 - Grace}
005.jpg,300275,afb049f0,\2015-12\11 - Grace\,{ELB04~2015-12~B60XPTVO~11 - Grace}
006.jpg,391248,88298afb,\2015-12\11 - Grace\,{ELB04~2015-12~B60XPTVO~11 - Grace}
007.jpg,342660,dabd31dc,\2015-12\11 - Grace\,{ELB04~2015-12~B60XPTVO~11 - Grace}
008.jpg,349264,e823c9aa,\2015-12\11 - Grace\,{ELB04~2015-12~B60XPTVO~11 - Grace}
009.jpg,306713,3a35d92a,\2015-12\11 - Grace\,{ELB04~2015-12~B60XPTVO~11 - Grace}
010.jpg,379812,13b34536,\2015-12\11 - Grace\,{ELB04~2015-12~B60XPTVO~11 - Grace}
011.jpg,306865,63fc5857,\2015-12\11 - Grace\,{ELB04~2015-12~B60XPTVO~11 - Grace}
012.jpg,382213,212019df,\2015-12\11 - Grace\,{ELB04~2015-12~B60XPTVO~11 - Grace}
013.jpg,307042,6e392108,\2015-12\11 - Grace\,{ELB04~2015-12~B60XPTVO~11 - Grace}
014.jpg,400500,a49d8102,\2015-12\11 - Grace\,{ELB04~2015-12~B60XPTVO~11 - Grace}
015.jpg,377558,36f21f62,\2015-12\11 - Grace\,{ELB04~2015-12~B60XPTVO~11 - Grace}
016.jpg,320202,264d4623,\2015-12\11 - Grace\,{ELB04~2015-12~B60XPTVO~11 - Grace}
017.jpg,394820,ad1f0d93,\2015-12\11 - Grace\,{ELB04~2015-12~B60XPTVO~11 - Grace}
018.jpg,367518,9d38d54b,\2015-12\11 - Grace\,{ELB04~2015-12~B60XPTVO~11 - Grace}
019.jpg,386366,58a1928d,\2015-12\11 - Grace\,{ELB04~2015-12~B60XPTVO~11 - Grace}
020.jpg,356259,d7dc718e,\2015-12\11 - Grace\,{ELB04~2015-12~B60XPTVO~11 - Grace}
021.jpg,336524,1b675014,\2015-12\11 - Grace\,{ELB04~2015-12~B60XPTVO~11 - Grace}
022.jpg,394414,5d698d1e,\2015-12\11 - Grace\,{ELB04~2015-12~B60XPTVO~11 - Grace}
023.jpg,292456,0d9189d4,\2015-12\11 - Grace\,{ELB04~2015-12~B60XPTVO~11 - Grace}
024.jpg,313032,e01e4c60,\2015-12\11 - Grace\,{ELB04~2015-12~B60XPTVO~11 - Grace}
025.jpg,358628,cbea624d,\2015-12\11 - Grace\,{ELB04~2015-12~B60XPTVO~11 - Grace}
026.jpg,330163,23319cbb,\2015-12\11 - Grace\,{ELB04~2015-12~B60XPTVO~11 - Grace}
027.jpg,393779,b3879cc2,\2015-12\11 - Grace\,{ELB04~2015-12~B60XPTVO~11 - Grace}
028.jpg,326939,7d8361df,\2015-12\11 - Grace\,{ELB04~2015-12~B60XPTVO~11 - Grace}
029.jpg,371230,ffc25460,\2015-12\11 - Grace\,{ELB04~2015-12~B60XPTVO~11 - Grace}
030.jpg,324567,242682b9,\2015-12\11 - Grace\,{ELB04~2015-12~B60XPTVO~11 - Grace}
031.jpg,384151,7446bebf,\2015-12\11 - Grace\,{ELB04~2015-12~B60XPTVO~11 - Grace}
032.jpg,370154,e836d911,\2015-12\11 - Grace\,{ELB04~2015-12~B60XPTVO~11 - Grace}
033.jpg,308499,cae4b148,\2015-12\11 - Grace\,{ELB04~2015-12~B60XPTVO~11 - Grace}
034.jpg,397279,366039e4,\2015-12\11 - Grace\,{ELB04~2015-12~B60XPTVO~11 - Grace}
035.jpg,304654,5d85f2a8,\2015-12\11 - Grace\,{ELB04~2015-12~B60XPTVO~11 - Grace}
036.jpg,313905,a3d68b4c,\2015-12\11 - Grace\,{ELB04~2015-12~B60XPTVO~11 - Grace}
037.jpg,297520,38d91de7,\2015-12\11 - Grace\,{ELB04~2015-12~B60XPTVO~11 - Grace}
038.jpg,381029,fa8da738,\2015-12\11 - Grace\,{ELB04~2015-12~B60XPTVO~11 - Grace}
039.jpg,369661,78bd8551,\2015-12\11 - Grace\,{ELB04~2015-12~B60XPTVO~11 - Grace}
040.jpg,393988,9a961b5c,\2015-12\11 - Grace\,{ELB04~2015-12~B60XPTVO~11 - Grace}
041.jpg,386771,7a6b491a,\2015-12\11 - Grace\,{ELB04~2015-12~B60XPTVO~11 - Grace}
042.jpg,392890,5b4a425e,\2015-12\11 - Grace\,{ELB04~2015-12~B60XPTVO~11 - Grace}
043.jpg,327954,9a500195,\2015-12\11 - Grace\,{ELB04~2015-12~B60XPTVO~11 - Grace}
044.jpg,306874,4e524e52,\2015-12\11 - Grace\,{ELB04~2015-12~B60XPTVO~11 - Grace}
045.jpg,324622,fe74446b,\2015-12\11 - Grace\,{ELB04~2015-12~B60XPTVO~11 - Grace}
046.jpg,301904,ff054cf8,\2015-12\11 - Grace\,{ELB04~2015-12~B60XPTVO~11 - Grace}
047.jpg,378458,a23e4cff,\2015-12\11 - Grace\,{ELB04~2015-12~B60XPTVO~11 - Grace}
048.jpg,387484,e123a456,\2015-12\11 - Grace\,{ELB04~2015-12~B60XPTVO~11 - Grace}
049.jpg,332842,a6e8a625,\2015-12\11 - Grace\,{ELB04~2015-12~B60XPTVO~11 - Grace}
050.jpg,332390,5eeb93a8,\2015-12\11 - Grace\,{ELB04~2015-12~B60XPTVO~11 - Grace}
051.jpg,348792,b36926c2,\2015-12\11 - Grace\,{ELB04~2015-12~B60XPTVO~11 - Grace}
052.jpg,302163,693eddf6,\2015-12\11 - Grace\,{ELB04~2015-12~B60XPTVO~11 - Grace}
053.jpg,305220,d473256e,\2015-12\11 - Grace\,{ELB04~2015-12~B60XPTVO~11 - Grace}
054.jpg,385644,6cb7b52c,\2015-12\11 - Grace\,{ELB04~2015-12~B60XPTVO~11 - Grace}
055.jpg,291631,69c74679,\2015-12\11 - Grace\,{ELB04~2015-12~B60XPTVO~11 - Grace}
056.jpg,330552,c7bf7ec4,\2015-12\11 - Grace\,{ELB04~2015-12~B60XPTVO~11 - Grace}
057.jpg,394264,574d4892,\2015-12\11 - Grace\,{ELB04~2015-12~B60XPTVO~11 - Grace}
058.jpg,307287,ad370a53,\2015-12\11 - Grace\,{ELB04~2015-12~B60XPTVO~11 - Grace}
059.jpg,328357,c468c224,\2015-12\11 - Grace\,{ELB04~2015-12~B60XPTVO~11 - Grace}
060.jpg,348242,15a35ead,\2015-12\11 - Grace\,{ELB04~2015-12~B60XPTVO~11 - Grace}
061.jpg,295346,af48d951,\2015-12\11 - Grace\,{ELB04~2015-12~B60XPTVO~11 - Grace}
062.jpg,336840,c640a8b4,\2015-12\11 - Grace\,{ELB04~2015-12~B60XPTVO~11 - Grace}
063.jpg,312176,a4fe1189,\2015-12\11 - Grace\,{ELB04~2015-12~B60XPTVO~11 - Grace}
064.jpg,338521,761ab3d5,\2015-12\11 - Grace\,{ELB04~2015-12~B60XPTVO~11 - Grace}
065.jpg,367958,55808f1d,\2015-12\11 - Grace\,{ELB04~2015-12~B60XPTVO~11 - Grace}
066.jpg,353407,1973205a,\2015-12\11 - Grace\,{ELB04~2015-12~B60XPTVO~11 - Grace}
067.jpg,314542,bf32bd83,\2015-12\11 - Grace\,{ELB04~2015-12~B60XPTVO~11 - Grace}
068.jpg,291108,d02ec71a,\2015-12\11 - Grace\,{ELB04~2015-12~B60XPTVO~11 - Grace}
069.jpg,339479,3dfa929a,\2015-12\11 - Grace\,{ELB04~2015-12~B60XPTVO~11 - Grace}
070.jpg,372470,61f0e2c9,\2015-12\11 - Grace\,{ELB04~2015-12~B60XPTVO~11 - Grace}
071.jpg,350720,3eda2e65,\2015-12\11 - Grace\,{ELB04~2015-12~B60XPTVO~11 - Grace}
072.jpg,357495,d2b07f11,\2015-12\11 - Grace\,{ELB04~2015-12~B60XPTVO~11 - Grace}
073.jpg,286324,6a5333bb,\2015-12\11 - Grace\,{ELB04~2015-12~B60XPTVO~11 - Grace}
074.jpg,348879,fdbaf808,\2015-12\11 - Grace\,{ELB04~2015-12~B60XPTVO~11 - Grace}
075.jpg,313783,01a43fef,\2015-12\11 - Grace\,{ELB04~2015-12~B60XPTVO~11 - Grace}
076.jpg,315329,306d7d2e,\2015-12\11 - Grace\,{ELB04~2015-12~B60XPTVO~11 - Grace}
077.jpg,363347,f9f2804f,\2015-12\11 - Grace\,{ELB04~2015-12~B60XPTVO~11 - Grace}
078.jpg,352166,e263f147,\2015-12\11 - Grace\,{ELB04~2015-12~B60XPTVO~11 - Grace}
079.jpg,310863,60d5bb31,\2015-12\11 - Grace\,{ELB04~2015-12~B60XPTVO~11 - Grace}
080.jpg,328414,1250c81d,\2015-12\11 - Grace\,{ELB04~2015-12~B60XPTVO~11 - Grace}
081.jpg,353130,7fee1a47,\2015-12\11 - Grace\,{ELB04~2015-12~B60XPTVO~11 - Grace}
082.jpg,333307,4a586070,\2015-12\11 - Grace\,{ELB04~2015-12~B60XPTVO~11 - Grace}
083.jpg,319226,67146ac8,\2015-12\11 - Grace\,{ELB04~2015-12~B60XPTVO~11 - Grace}
084.jpg,346906,3f217489,\2015-12\11 - Grace\,{ELB04~2015-12~B60XPTVO~11 - Grace}
085.jpg,358626,16956038,\2015-12\11 - Grace\,{ELB04~2015-12~B60XPTVO~11 - Grace}
086.jpg,317525,9eee8327,\2015-12\11 - Grace\,{ELB04~2015-12~B60XPTVO~11 - Grace}
087.jpg,385487,823b66d5,\2015-12\11 - Grace\,{ELB04~2015-12~B60XPTVO~11 - Grace}
088.jpg,337829,d6f8b868,\2015-12\11 - Grace\,{ELB04~2015-12~B60XPTVO~11 - Grace}
089.jpg,371959,9e1a0532,\2015-12\11 - Grace\,{ELB04~2015-12~B60XPTVO~11 - Grace}
090.jpg,346821,a8fbafa4,\2015-12\11 - Grace\,{ELB04~2015-12~B60XPTVO~11 - Grace}
091.jpg,343934,763de1ef,\2015-12\11 - Grace\,{ELB04~2015-12~B60XPTVO~11 - Grace}
092.jpg,315609,40ea87e6,\2015-12\11 - Grace\,{ELB04~2015-12~B60XPTVO~11 - Grace}
0001.jpg,346608,0041bdcd,\2016-01\08 - Mos\,{ELB04~2016-01~B60XWXL9~08 - Mos}
0002.jpg,290926,a12a8d24,\2016-01\08 - Mos\,{ELB04~2016-01~B60XWXL9~08 - Mos}
0003.jpg,283569,e36bf215,\2016-01\08 - Mos\,{ELB04~2016-01~B60XWXL9~08 - Mos}
0004.jpg,281640,0c294098,\2016-01\08 - Mos\,{ELB04~2016-01~B60XWXL9~08 - Mos}
0005.jpg,388392,39336bfd,\2016-01\08 - Mos\,{ELB04~2016-01~B60XWXL9~08 - Mos}
0006.jpg,385162,64c2d847,\2016-01\08 - Mos\,{ELB04~2016-01~B60XWXL9~08 - Mos}
0007.jpg,275173,ee5a89c5,\2016-01\08 - Mos\,{ELB04~2016-01~B60XWXL9~08 - Mos}
0008.jpg,282612,c7fa2aa1,\2016-01\08 - Mos\,{ELB04~2016-01~B60XWXL9~08 - Mos}
001.jpg,332310,2079ae04,\2016-01\08 - Mos\,{ELB04~2016-01~B60XWXL9~08 - Mos}
002.jpg,381521,983b22a9,\2016-01\08 - Mos\,{ELB04~2016-01~B60XWXL9~08 - Mos}
003.jpg,283715,8eca0d62,\2016-01\08 - Mos\,{ELB04~2016-01~B60XWXL9~08 - Mos}
004.jpg,295172,51c53038,\2016-01\08 - Mos\,{ELB04~2016-01~B60XWXL9~08 - Mos}
005.jpg,365636,fc0392de,\2016-01\08 - Mos\,{ELB04~2016-01~B60XWXL9~08 - Mos}
006.jpg,298609,fcaa1bc7,\2016-01\08 - Mos\,{ELB04~2016-01~B60XWXL9~08 - Mos}
007.jpg,344755,495df5ec,\2016-01\08 - Mos\,{ELB04~2016-01~B60XWXL9~08 - Mos}
008.jpg,315362,e76dcf04,\2016-01\08 - Mos\,{ELB04~2016-01~B60XWXL9~08 - Mos}
009.jpg,281689,fec9c6bf,\2016-01\08 - Mos\,{ELB04~2016-01~B60XWXL9~08 - Mos}
010.jpg,315961,eb22ec1d,\2016-01\08 - Mos\,{ELB04~2016-01~B60XWXL9~08 - Mos}
011.jpg,385236,02f1582c,\2016-01\08 - Mos\,{ELB04~2016-01~B60XWXL9~08 - Mos}
012.jpg,290069,583f1e66,\2016-01\08 - Mos\,{ELB04~2016-01~B60XWXL9~08 - Mos}
013.jpg,289227,ad1c484b,\2016-01\08 - Mos\,{ELB04~2016-01~B60XWXL9~08 - Mos}
014.jpg,392801,7bd3ef99,\2016-01\08 - Mos\,{ELB04~2016-01~B60XWXL9~08 - Mos}
015.jpg,302831,9216bd0d,\2016-01\08 - Mos\,{ELB04~2016-01~B60XWXL9~08 - Mos}
016.jpg,379812,760e9220,\2016-01\08 - Mos\,{ELB04~2016-01~B60XWXL9~08 - Mos}
017.jpg,318969,af008202,\2016-01\08 - Mos\,{ELB04~2016-01~B60XWXL9~08 - Mos}
018.jpg,277362,ddb64c84,\2016-01\08 - Mos\,{ELB04~2016-01~B60XWXL9~08 - Mos}
019.jpg,389503,47ad88fe,\2016-01\08 - Mos\,{ELB04~2016-01~B60XWXL9~08 - Mos}
020.jpg,396356,e5d7b4fd,\2016-01\08 - Mos\,{ELB04~2016-01~B60XWXL9~08 - Mos}
021.jpg,346973,cd91e225,\2016-01\08 - Mos\,{ELB04~2016-01~B60XWXL9~08 - Mos}
022.jpg,280864,2c016d52,\2016-01\08 - Mos\,{ELB04~2016-01~B60XWXL9~08 - Mos}
023.jpg,395894,04e88a17,\2016-01\08 - Mos\,{ELB04~2016-01~B60XWXL9~08 - Mos}
024.jpg,282456,01de9e83,\2016-01\08 - Mos\,{ELB04~2016-01~B60XWXL9~08 - Mos}
025.jpg,374025,ef9d6280,\2016-01\08 - Mos\,{ELB04~2016-01~B60XWXL9~08 - Mos}
026.jpg,308486,54923501,\2016-01\08 - Mos\,{ELB04~2016-01~B60XWXL9~08 - Mos}
027.jpg,398153,db4df37c,\2016-01\08 - Mos\,{ELB04~2016-01~B60XWXL9~08 - Mos}
028.jpg,403198,9644222a,\2016-01\08 - Mos\,{ELB04~2016-01~B60XWXL9~08 - Mos}
029.jpg,375685,13a23484,\2016-01\08 - Mos\,{ELB04~2016-01~B60XWXL9~08 - Mos}
001.jpg,214875,7d7de3be,\2016-01\19 - Bebe\,{ELB04~2016-01~B60Y03F5~19 - Bebe}
002.jpg,260856,a4eed19e,\2016-01\19 - Bebe\,{ELB04~2016-01~B60Y03F5~19 - Bebe}
003.jpg,235186,fa3f4d19,\2016-01\19 - Bebe\,{ELB04~2016-01~B60Y03F5~19 - Bebe}
004.jpg,274448,05777d5f,\2016-01\19 - Bebe\,{ELB04~2016-01~B60Y03F5~19 - Bebe}
005.jpg,238758,e723374b,\2016-01\19 - Bebe\,{ELB04~2016-01~B60Y03F5~19 - Bebe}
006.jpg,241235,55d8e13e,\2016-01\19 - Bebe\,{ELB04~2016-01~B60Y03F5~19 - Bebe}
007.jpg,295702,37ce3a7a,\2016-01\19 - Bebe\,{ELB04~2016-01~B60Y03F5~19 - Bebe}
008.jpg,304375,8f4f6714,\2016-01\19 - Bebe\,{ELB04~2016-01~B60Y03F5~19 - Bebe}
009.jpg,253217,cd7f8cae,\2016-01\19 - Bebe\,{ELB04~2016-01~B60Y03F5~19 - Bebe}
010.jpg,301402,aee48e4a,\2016-01\19 - Bebe\,{ELB04~2016-01~B60Y03F5~19 - Bebe}
011.jpg,276390,a0d5e9f0,\2016-01\19 - Bebe\,{ELB04~2016-01~B60Y03F5~19 - Bebe}
012.jpg,240783,300b93b2,\2016-01\19 - Bebe\,{ELB04~2016-01~B60Y03F5~19 - Bebe}
013.jpg,302835,1c0d7996,\2016-01\19 - Bebe\,{ELB04~2016-01~B60Y03F5~19 - Bebe}
014.jpg,353151,a2a759d0,\2016-01\19 - Bebe\,{ELB04~2016-01~B60Y03F5~19 - Bebe}
015.jpg,375513,09b9f108,\2016-01\19 - Bebe\,{ELB04~2016-01~B60Y03F5~19 - Bebe}
016.jpg,557219,92328d6f,\2016-01\19 - Bebe\,{ELB04~2016-01~B60Y03F5~19 - Bebe}
017.jpg,299343,67b57c22,\2016-01\19 - Bebe\,{ELB04~2016-01~B60Y03F5~19 - Bebe}
018.jpg,358909,3b419f42,\2016-01\19 - Bebe\,{ELB04~2016-01~B60Y03F5~19 - Bebe}
019.jpg,281172,bbc85339,\2016-01\19 - Bebe\,{ELB04~2016-01~B60Y03F5~19 - Bebe}
020.jpg,352423,39d2ee38,\2016-01\19 - Bebe\,{ELB04~2016-01~B60Y03F5~19 - Bebe}
021.jpg,301660,3f3cb83d,\2016-01\19 - Bebe\,{ELB04~2016-01~B60Y03F5~19 - Bebe}
022.jpg,304515,ad2cf811,\2016-01\19 - Bebe\,{ELB04~2016-01~B60Y03F5~19 - Bebe}
023.jpg,286562,7c2be282,\2016-01\19 - Bebe\,{ELB04~2016-01~B60Y03F5~19 - Bebe}
024.jpg,246952,a18465ac,\2016-01\19 - Bebe\,{ELB04~2016-01~B60Y03F5~19 - Bebe}
025.jpg,310479,dbaa6534,\2016-01\19 - Bebe\,{ELB04~2016-01~B60Y03F5~19 - Bebe}
026.jpg,293007,6bf865e7,\2016-01\19 - Bebe\,{ELB04~2016-01~B60Y03F5~19 - Bebe}
027.jpg,281225,1050eed3,\2016-01\19 - Bebe\,{ELB04~2016-01~B60Y03F5~19 - Bebe}
028.jpg,274066,2217009b,\2016-01\19 - Bebe\,{ELB04~2016-01~B60Y03F5~19 - Bebe}
029.jpg,310122,aff1a1ab,\2016-01\19 - Bebe\,{ELB04~2016-01~B60Y03F5~19 - Bebe}
030.jpg,314311,e752854a,\2016-01\19 - Bebe\,{ELB04~2016-01~B60Y03F5~19 - Bebe}
031.jpg,365501,8ce0ca9e,\2016-01\19 - Bebe\,{ELB04~2016-01~B60Y03F5~19 - Bebe}
032.jpg,298815,76a17309,\2016-01\19 - Bebe\,{ELB04~2016-01~B60Y03F5~19 - Bebe}
033.jpg,295590,62ef2bc9,\2016-01\19 - Bebe\,{ELB04~2016-01~B60Y03F5~19 - Bebe}
034.jpg,287476,cee37115,\2016-01\19 - Bebe\,{ELB04~2016-01~B60Y03F5~19 - Bebe}
035.jpg,236113,d993396e,\2016-01\19 - Bebe\,{ELB04~2016-01~B60Y03F5~19 - Bebe}
036.jpg,251172,2df265ff,\2016-01\19 - Bebe\,{ELB04~2016-01~B60Y03F5~19 - Bebe}
037.jpg,250573,759e07aa,\2016-01\19 - Bebe\,{ELB04~2016-01~B60Y03F5~19 - Bebe}
038.jpg,268508,98a0bd0d,\2016-01\19 - Bebe\,{ELB04~2016-01~B60Y03F5~19 - Bebe}
039.jpg,303158,9a2d7e44,\2016-01\19 - Bebe\,{ELB04~2016-01~B60Y03F5~19 - Bebe}
040.jpg,289115,581ff0df,\2016-01\19 - Bebe\,{ELB04~2016-01~B60Y03F5~19 - Bebe}
041.jpg,318499,66768e6c,\2016-01\19 - Bebe\,{ELB04~2016-01~B60Y03F5~19 - Bebe}
042.jpg,310789,ad133f78,\2016-01\19 - Bebe\,{ELB04~2016-01~B60Y03F5~19 - Bebe}
043.jpg,294570,ed80c5ae,\2016-01\19 - Bebe\,{ELB04~2016-01~B60Y03F5~19 - Bebe}
044.jpg,258584,3be8a896,\2016-01\19 - Bebe\,{ELB04~2016-01~B60Y03F5~19 - Bebe}
045.jpg,258757,6cf53e06,\2016-01\19 - Bebe\,{ELB04~2016-01~B60Y03F5~19 - Bebe}
046.jpg,225253,cc100a0b,\2016-01\19 - Bebe\,{ELB04~2016-01~B60Y03F5~19 - Bebe}
047.jpg,215789,94c5847f,\2016-01\19 - Bebe\,{ELB04~2016-01~B60Y03F5~19 - Bebe}
048.jpg,249946,ddb79e88,\2016-01\19 - Bebe\,{ELB04~2016-01~B60Y03F5~19 - Bebe}
049.jpg,229936,cd30534f,\2016-01\19 - Bebe\,{ELB04~2016-01~B60Y03F5~19 - Bebe}
050.jpg,268942,74d752f2,\2016-01\19 - Bebe\,{ELB04~2016-01~B60Y03F5~19 - Bebe}
051.jpg,240171,ca37f230,\2016-01\19 - Bebe\,{ELB04~2016-01~B60Y03F5~19 - Bebe}
052.jpg,172889,f5d9f402,\2016-01\19 - Bebe\,{ELB04~2016-01~B60Y03F5~19 - Bebe}
053.jpg,218111,e8817124,\2016-01\19 - Bebe\,{ELB04~2016-01~B60Y03F5~19 - Bebe}
054.jpg,237361,e930e07e,\2016-01\19 - Bebe\,{ELB04~2016-01~B60Y03F5~19 - Bebe}
055.jpg,244880,e2efd3f4,\2016-01\19 - Bebe\,{ELB04~2016-01~B60Y03F5~19 - Bebe}
056.jpg,241036,b595b193,\2016-01\19 - Bebe\,{ELB04~2016-01~B60Y03F5~19 - Bebe}
057.jpg,293449,2a6bff39,\2016-01\19 - Bebe\,{ELB04~2016-01~B60Y03F5~19 - Bebe}
001.jpg,440689,ad05e504,\2016-01\26 - Give\,{ELB04~2016-01~B60Y3KJO~26 - Give}
002.jpg,379592,295951c3,\2016-01\26 - Give\,{ELB04~2016-01~B60Y3KJO~26 - Give}
003.jpg,391364,4be698b6,\2016-01\26 - Give\,{ELB04~2016-01~B60Y3KJO~26 - Give}
004.jpg,356644,4fc25c8e,\2016-01\26 - Give\,{ELB04~2016-01~B60Y3KJO~26 - Give}
005.jpg,328929,c6261551,\2016-01\26 - Give\,{ELB04~2016-01~B60Y3KJO~26 - Give}
006.jpg,305093,31919b6d,\2016-01\26 - Give\,{ELB04~2016-01~B60Y3KJO~26 - Give}
007.jpg,384283,f0672e67,\2016-01\26 - Give\,{ELB04~2016-01~B60Y3KJO~26 - Give}
008.jpg,301094,60d5b5ec,\2016-01\26 - Give\,{ELB04~2016-01~B60Y3KJO~26 - Give}
009.jpg,306841,b00a23d6,\2016-01\26 - Give\,{ELB04~2016-01~B60Y3KJO~26 - Give}
010.jpg,323500,dcac3880,\2016-01\26 - Give\,{ELB04~2016-01~B60Y3KJO~26 - Give}
011.jpg,281814,17b2d62c,\2016-01\26 - Give\,{ELB04~2016-01~B60Y3KJO~26 - Give}
012.jpg,317334,10ef9af0,\2016-01\26 - Give\,{ELB04~2016-01~B60Y3KJO~26 - Give}
013.jpg,309353,d91eca0d,\2016-01\26 - Give\,{ELB04~2016-01~B60Y3KJO~26 - Give}
014.jpg,307022,27353b16,\2016-01\26 - Give\,{ELB04~2016-01~B60Y3KJO~26 - Give}
015.jpg,347158,8da8d823,\2016-01\26 - Give\,{ELB04~2016-01~B60Y3KJO~26 - Give}
016.jpg,320010,9d30ebc6,\2016-01\26 - Give\,{ELB04~2016-01~B60Y3KJO~26 - Give}
017.jpg,299114,0ffd4751,\2016-01\26 - Give\,{ELB04~2016-01~B60Y3KJO~26 - Give}
018.jpg,302994,6b42f0de,\2016-01\26 - Give\,{ELB04~2016-01~B60Y3KJO~26 - Give}
019.jpg,287766,9d0095c9,\2016-01\26 - Give\,{ELB04~2016-01~B60Y3KJO~26 - Give}
020.jpg,303454,b3abfc3d,\2016-01\26 - Give\,{ELB04~2016-01~B60Y3KJO~26 - Give}
021.jpg,282543,2547614e,\2016-01\26 - Give\,{ELB04~2016-01~B60Y3KJO~26 - Give}
022.jpg,215379,5d6b10b1,\2016-01\26 - Give\,{ELB04~2016-01~B60Y3KJO~26 - Give}
023.jpg,240018,4ee76a52,\2016-01\26 - Give\,{ELB04~2016-01~B60Y3KJO~26 - Give}
024.jpg,253098,9c1044e8,\2016-01\26 - Give\,{ELB04~2016-01~B60Y3KJO~26 - Give}
025.jpg,289044,1aaa137c,\2016-01\26 - Give\,{ELB04~2016-01~B60Y3KJO~26 - Give}
026.jpg,323382,50556a06,\2016-01\26 - Give\,{ELB04~2016-01~B60Y3KJO~26 - Give}
027.jpg,319727,e195180e,\2016-01\26 - Give\,{ELB04~2016-01~B60Y3KJO~26 - Give}
028.jpg,345526,12f4f2f0,\2016-01\26 - Give\,{ELB04~2016-01~B60Y3KJO~26 - Give}
029.jpg,309223,ddf2b873,\2016-01\26 - Give\,{ELB04~2016-01~B60Y3KJO~26 - Give}
030.jpg,286216,29d61153,\2016-01\26 - Give\,{ELB04~2016-01~B60Y3KJO~26 - Give}
031.jpg,317629,23b4eee1,\2016-01\26 - Give\,{ELB04~2016-01~B60Y3KJO~26 - Give}
032.jpg,244855,2a71cf4c,\2016-01\26 - Give\,{ELB04~2016-01~B60Y3KJO~26 - Give}
033.jpg,221537,0ce511fe,\2016-01\26 - Give\,{ELB04~2016-01~B60Y3KJO~26 - Give}
034.jpg,347838,e7d9b26c,\2016-01\26 - Give\,{ELB04~2016-01~B60Y3KJO~26 - Give}
035.jpg,289130,95406589,\2016-01\26 - Give\,{ELB04~2016-01~B60Y3KJO~26 - Give}
036.jpg,216976,f768f174,\2016-01\26 - Give\,{ELB04~2016-01~B60Y3KJO~26 - Give}
037.jpg,266073,0cd87d15,\2016-01\26 - Give\,{ELB04~2016-01~B60Y3KJO~26 - Give}
038.jpg,273907,d1e01f93,\2016-01\26 - Give\,{ELB04~2016-01~B60Y3KJO~26 - Give}
039.jpg,300245,10f09776,\2016-01\26 - Give\,{ELB04~2016-01~B60Y3KJO~26 - Give}
040.jpg,329372,660117e3,\2016-01\26 - Give\,{ELB04~2016-01~B60Y3KJO~26 - Give}
041.jpg,249134,d45241bd,\2016-01\26 - Give\,{ELB04~2016-01~B60Y3KJO~26 - Give}
042.jpg,231589,75457f9f,\2016-01\26 - Give\,{ELB04~2016-01~B60Y3KJO~26 - Give}
043.jpg,333002,b7922040,\2016-01\26 - Give\,{ELB04~2016-01~B60Y3KJO~26 - Give}
044.jpg,228209,1a3519c7,\2016-01\26 - Give\,{ELB04~2016-01~B60Y3KJO~26 - Give}
045.jpg,228984,d24faa82,\2016-01\26 - Give\,{ELB04~2016-01~B60Y3KJO~26 - Give}
046.jpg,263757,565894e9,\2016-01\26 - Give\,{ELB04~2016-01~B60Y3KJO~26 - Give}
047.jpg,248732,59757fa9,\2016-01\26 - Give\,{ELB04~2016-01~B60Y3KJO~26 - Give}
048.jpg,195149,f9bdb417,\2016-01\26 - Give\,{ELB04~2016-01~B60Y3KJO~26 - Give}
049.jpg,213364,3cdbc86e,\2016-01\26 - Give\,{ELB04~2016-01~B60Y3KJO~26 - Give}
050.jpg,220184,8d8b16ce,\2016-01\26 - Give\,{ELB04~2016-01~B60Y3KJO~26 - Give}
051.jpg,261820,e0df3429,\2016-01\26 - Give\,{ELB04~2016-01~B60Y3KJO~26 - Give}
052.jpg,284285,72fced53,\2016-01\26 - Give\,{ELB04~2016-01~B60Y3KJO~26 - Give}
053.jpg,324515,a5e79b9a,\2016-01\26 - Give\,{ELB04~2016-01~B60Y3KJO~26 - Give}
054.jpg,303042,a0d8938f,\2016-01\26 - Give\,{ELB04~2016-01~B60Y3KJO~26 - Give}
055.jpg,274511,cb9b367c,\2016-01\26 - Give\,{ELB04~2016-01~B60Y3KJO~26 - Give}
056.jpg,246968,ff7e473a,\2016-01\26 - Give\,{ELB04~2016-01~B60Y3KJO~26 - Give}
057.jpg,362275,0fdaa0f2,\2016-01\26 - Give\,{ELB04~2016-01~B60Y3KJO~26 - Give}
058.jpg,346511,5c752068,\2016-01\26 - Give\,{ELB04~2016-01~B60Y3KJO~26 - Give}
059.jpg,350682,1e382f98,\2016-01\26 - Give\,{ELB04~2016-01~B60Y3KJO~26 - Give}
060.jpg,230329,87994c2d,\2016-01\26 - Give\,{ELB04~2016-01~B60Y3KJO~26 - Give}
061.jpg,256280,2403ac95,\2016-01\26 - Give\,{ELB04~2016-01~B60Y3KJO~26 - Give}
062.jpg,244032,b8d6bce6,\2016-01\26 - Give\,{ELB04~2016-01~B60Y3KJO~26 - Give}
063.jpg,286518,569bd3df,\2016-01\26 - Give\,{ELB04~2016-01~B60Y3KJO~26 - Give}
064.jpg,249877,80986f98,\2016-01\26 - Give\,{ELB04~2016-01~B60Y3KJO~26 - Give}
065.jpg,263973,8c998d89,\2016-01\26 - Give\,{ELB04~2016-01~B60Y3KJO~26 - Give}
066.jpg,249698,13a70f07,\2016-01\26 - Give\,{ELB04~2016-01~B60Y3KJO~26 - Give}
067.jpg,237049,401175bf,\2016-01\26 - Give\,{ELB04~2016-01~B60Y3KJO~26 - Give}
068.jpg,293986,a55834b6,\2016-01\26 - Give\,{ELB04~2016-01~B60Y3KJO~26 - Give}
069.jpg,207302,2ad5938a,\2016-01\26 - Give\,{ELB04~2016-01~B60Y3KJO~26 - Give}
070.jpg,258007,f3451a35,\2016-01\26 - Give\,{ELB04~2016-01~B60Y3KJO~26 - Give}
071.jpg,276082,3205426b,\2016-01\26 - Give\,{ELB04~2016-01~B60Y3KJO~26 - Give}
072.jpg,260780,5e7ad217,\2016-01\26 - Give\,{ELB04~2016-01~B60Y3KJO~26 - Give}
073.jpg,267688,f0b1b1f3,\2016-01\26 - Give\,{ELB04~2016-01~B60Y3KJO~26 - Give}
074.jpg,309742,0724354a,\2016-01\26 - Give\,{ELB04~2016-01~B60Y3KJO~26 - Give}
075.jpg,276952,4ed23ed3,\2016-01\26 - Give\,{ELB04~2016-01~B60Y3KJO~26 - Give}
076.jpg,237288,2ce32b91,\2016-01\26 - Give\,{ELB04~2016-01~B60Y3KJO~26 - Give}
077.jpg,335025,02c80b7c,\2016-01\26 - Give\,{ELB04~2016-01~B60Y3KJO~26 - Give}
078.jpg,315862,f430824d,\2016-01\26 - Give\,{ELB04~2016-01~B60Y3KJO~26 - Give}
079.jpg,344530,9cd29abc,\2016-01\26 - Give\,{ELB04~2016-01~B60Y3KJO~26 - Give}
080.jpg,333171,87a81692,\2016-01\26 - Give\,{ELB04~2016-01~B60Y3KJO~26 - Give}
081.jpg,254289,831b8d1e,\2016-01\26 - Give\,{ELB04~2016-01~B60Y3KJO~26 - Give}
082.jpg,363292,d47b8244,\2016-01\26 - Give\,{ELB04~2016-01~B60Y3KJO~26 - Give}
083.jpg,337479,7d9911ba,\2016-01\26 - Give\,{ELB04~2016-01~B60Y3KJO~26 - Give}
084.jpg,326636,32ceed2e,\2016-01\26 - Give\,{ELB04~2016-01~B60Y3KJO~26 - Give}
085.jpg,272634,9d22dd25,\2016-01\26 - Give\,{ELB04~2016-01~B60Y3KJO~26 - Give}
086.jpg,247631,8deb0177,\2016-01\26 - Give\,{ELB04~2016-01~B60Y3KJO~26 - Give}
087.jpg,366793,e1c24320,\2016-01\26 - Give\,{ELB04~2016-01~B60Y3KJO~26 - Give}
088.jpg,284956,ade2d261,\2016-01\26 - Give\,{ELB04~2016-01~B60Y3KJO~26 - Give}
089.jpg,244511,ab4e68f2,\2016-01\26 - Give\,{ELB04~2016-01~B60Y3KJO~26 - Give}
090.jpg,255749,647518c2,\2016-01\26 - Give\,{ELB04~2016-01~B60Y3KJO~26 - Give}
091.jpg,255667,de8c6b9b,\2016-01\26 - Give\,{ELB04~2016-01~B60Y3KJO~26 - Give}
092.jpg,260505,b741346e,\2016-01\26 - Give\,{ELB04~2016-01~B60Y3KJO~26 - Give}
093.jpg,320814,db16d862,\2016-01\26 - Give\,{ELB04~2016-01~B60Y3KJO~26 - Give}
094.jpg,295801,b355d6f8,\2016-01\26 - Give\,{ELB04~2016-01~B60Y3KJO~26 - Give}
095.jpg,249863,5ee60884,\2016-01\26 - Give\,{ELB04~2016-01~B60Y3KJO~26 - Give}
096.jpg,212256,fd17acc3,\2016-01\26 - Give\,{ELB04~2016-01~B60Y3KJO~26 - Give}
001.jpg,352091,2fa8e780,\2016-02\02 - Leelee\,{ELB04~2016-02~B60YA3K5~02 - Leelee}
002.jpg,328569,8f5aefd0,\2016-02\02 - Leelee\,{ELB04~2016-02~B60YA3K5~02 - Leelee}
003.jpg,351499,24794730,\2016-02\02 - Leelee\,{ELB04~2016-02~B60YA3K5~02 - Leelee}
004.jpg,362752,c23711ca,\2016-02\02 - Leelee\,{ELB04~2016-02~B60YA3K5~02 - Leelee}
005.jpg,369751,6eac6764,\2016-02\02 - Leelee\,{ELB04~2016-02~B60YA3K5~02 - Leelee}
006.jpg,421179,19a7b9bf,\2016-02\02 - Leelee\,{ELB04~2016-02~B60YA3K5~02 - Leelee}
007.jpg,314739,5e37bb4a,\2016-02\02 - Leelee\,{ELB04~2016-02~B60YA3K5~02 - Leelee}
008.jpg,305789,3012fa23,\2016-02\02 - Leelee\,{ELB04~2016-02~B60YA3K5~02 - Leelee}
009.jpg,469078,2d56a622,\2016-02\02 - Leelee\,{ELB04~2016-02~B60YA3K5~02 - Leelee}
010.jpg,310345,d4061c6f,\2016-02\02 - Leelee\,{ELB04~2016-02~B60YA3K5~02 - Leelee}
011.jpg,361945,c6997aac,\2016-02\02 - Leelee\,{ELB04~2016-02~B60YA3K5~02 - Leelee}
012.jpg,463563,79edfaef,\2016-02\02 - Leelee\,{ELB04~2016-02~B60YA3K5~02 - Leelee}
013.jpg,439246,cb324ef3,\2016-02\02 - Leelee\,{ELB04~2016-02~B60YA3K5~02 - Leelee}
014.jpg,306146,edbe1e7d,\2016-02\02 - Leelee\,{ELB04~2016-02~B60YA3K5~02 - Leelee}
015.jpg,404204,8fc75761,\2016-02\02 - Leelee\,{ELB04~2016-02~B60YA3K5~02 - Leelee}
016.jpg,372339,64ba882d,\2016-02\02 - Leelee\,{ELB04~2016-02~B60YA3K5~02 - Leelee}
017.jpg,358799,09aa411d,\2016-02\02 - Leelee\,{ELB04~2016-02~B60YA3K5~02 - Leelee}
018.jpg,342968,e9c91004,\2016-02\02 - Leelee\,{ELB04~2016-02~B60YA3K5~02 - Leelee}
019.jpg,331280,864059ae,\2016-02\02 - Leelee\,{ELB04~2016-02~B60YA3K5~02 - Leelee}
020.jpg,349157,96e36ae6,\2016-02\02 - Leelee\,{ELB04~2016-02~B60YA3K5~02 - Leelee}
021.jpg,362856,01ba0846,\2016-02\02 - Leelee\,{ELB04~2016-02~B60YA3K5~02 - Leelee}
022.jpg,412593,a3bde8a2,\2016-02\02 - Leelee\,{ELB04~2016-02~B60YA3K5~02 - Leelee}
023.jpg,439606,9e5b9eb3,\2016-02\02 - Leelee\,{ELB04~2016-02~B60YA3K5~02 - Leelee}
024.jpg,377944,5b8c1751,\2016-02\02 - Leelee\,{ELB04~2016-02~B60YA3K5~02 - Leelee}
025.jpg,362905,dba48a5d,\2016-02\02 - Leelee\,{ELB04~2016-02~B60YA3K5~02 - Leelee}
026.jpg,352681,e1f61c49,\2016-02\02 - Leelee\,{ELB04~2016-02~B60YA3K5~02 - Leelee}
027.jpg,318258,64d5e42d,\2016-02\02 - Leelee\,{ELB04~2016-02~B60YA3K5~02 - Leelee}
028.jpg,366069,dd8ba1a6,\2016-02\02 - Leelee\,{ELB04~2016-02~B60YA3K5~02 - Leelee}
029.jpg,538088,31a83fc3,\2016-02\02 - Leelee\,{ELB04~2016-02~B60YA3K5~02 - Leelee}
030.jpg,341996,537b72da,\2016-02\02 - Leelee\,{ELB04~2016-02~B60YA3K5~02 - Leelee}
031.jpg,352500,5fd7abc4,\2016-02\02 - Leelee\,{ELB04~2016-02~B60YA3K5~02 - Leelee}
032.jpg,358182,19f1f2de,\2016-02\02 - Leelee\,{ELB04~2016-02~B60YA3K5~02 - Leelee}
033.jpg,325300,fac6249b,\2016-02\02 - Leelee\,{ELB04~2016-02~B60YA3K5~02 - Leelee}
034.jpg,387450,f5d49e33,\2016-02\02 - Leelee\,{ELB04~2016-02~B60YA3K5~02 - Leelee}
035.jpg,392086,fedfe3a9,\2016-02\02 - Leelee\,{ELB04~2016-02~B60YA3K5~02 - Leelee}
036.jpg,360140,35e74a96,\2016-02\02 - Leelee\,{ELB04~2016-02~B60YA3K5~02 - Leelee}
037.jpg,346644,493964bd,\2016-02\02 - Leelee\,{ELB04~2016-02~B60YA3K5~02 - Leelee}
038.jpg,277098,3a91a0f7,\2016-02\02 - Leelee\,{ELB04~2016-02~B60YA3K5~02 - Leelee}
039.jpg,351579,3572ba02,\2016-02\02 - Leelee\,{ELB04~2016-02~B60YA3K5~02 - Leelee}
040.jpg,416609,8ccb003c,\2016-02\02 - Leelee\,{ELB04~2016-02~B60YA3K5~02 - Leelee}
041.jpg,424702,10fe108a,\2016-02\02 - Leelee\,{ELB04~2016-02~B60YA3K5~02 - Leelee}
042.jpg,381571,673adc64,\2016-02\02 - Leelee\,{ELB04~2016-02~B60YA3K5~02 - Leelee}
043.jpg,373779,6b2e07ca,\2016-02\02 - Leelee\,{ELB04~2016-02~B60YA3K5~02 - Leelee}
044.jpg,333897,441e1302,\2016-02\02 - Leelee\,{ELB04~2016-02~B60YA3K5~02 - Leelee}
045.jpg,413534,118207b8,\2016-02\02 - Leelee\,{ELB04~2016-02~B60YA3K5~02 - Leelee}
046.jpg,311708,b4c4e960,\2016-02\02 - Leelee\,{ELB04~2016-02~B60YA3K5~02 - Leelee}
047.jpg,316968,ec4f01d4,\2016-02\02 - Leelee\,{ELB04~2016-02~B60YA3K5~02 - Leelee}
048.jpg,366558,66b31a24,\2016-02\02 - Leelee\,{ELB04~2016-02~B60YA3K5~02 - Leelee}
049.jpg,332638,19b7ccb4,\2016-02\02 - Leelee\,{ELB04~2016-02~B60YA3K5~02 - Leelee}
050.jpg,331293,460a3c14,\2016-02\02 - Leelee\,{ELB04~2016-02~B60YA3K5~02 - Leelee}
051.jpg,280147,8ac4202c,\2016-02\02 - Leelee\,{ELB04~2016-02~B60YA3K5~02 - Leelee}
052.jpg,367905,e2ab52bc,\2016-02\02 - Leelee\,{ELB04~2016-02~B60YA3K5~02 - Leelee}
053.jpg,361976,3303f765,\2016-02\02 - Leelee\,{ELB04~2016-02~B60YA3K5~02 - Leelee}
054.jpg,363523,1ca3452e,\2016-02\02 - Leelee\,{ELB04~2016-02~B60YA3K5~02 - Leelee}
055.jpg,361646,7b726b1b,\2016-02\02 - Leelee\,{ELB04~2016-02~B60YA3K5~02 - Leelee}
056.jpg,388503,73c0ec1c,\2016-02\02 - Leelee\,{ELB04~2016-02~B60YA3K5~02 - Leelee}
057.jpg,371544,4b288e50,\2016-02\02 - Leelee\,{ELB04~2016-02~B60YA3K5~02 - Leelee}
058.jpg,392717,0599f5a3,\2016-02\02 - Leelee\,{ELB04~2016-02~B60YA3K5~02 - Leelee}
059.jpg,389559,522d4c36,\2016-02\02 - Leelee\,{ELB04~2016-02~B60YA3K5~02 - Leelee}
060.jpg,346650,42c776e3,\2016-02\02 - Leelee\,{ELB04~2016-02~B60YA3K5~02 - Leelee}
061.jpg,409245,830c103c,\2016-02\02 - Leelee\,{ELB04~2016-02~B60YA3K5~02 - Leelee}
062.jpg,387335,5381be1e,\2016-02\02 - Leelee\,{ELB04~2016-02~B60YA3K5~02 - Leelee}
063.jpg,380948,9676e443,\2016-02\02 - Leelee\,{ELB04~2016-02~B60YA3K5~02 - Leelee}
064.jpg,363847,51407279,\2016-02\02 - Leelee\,{ELB04~2016-02~B60YA3K5~02 - Leelee}
065.jpg,351525,af5a780f,\2016-02\02 - Leelee\,{ELB04~2016-02~B60YA3K5~02 - Leelee}
066.jpg,347242,8806ebf0,\2016-02\02 - Leelee\,{ELB04~2016-02~B60YA3K5~02 - Leelee}
067.jpg,408770,b3f12d65,\2016-02\02 - Leelee\,{ELB04~2016-02~B60YA3K5~02 - Leelee}
068.jpg,506126,c2068914,\2016-02\02 - Leelee\,{ELB04~2016-02~B60YA3K5~02 - Leelee}
069.jpg,343914,f60470d5,\2016-02\02 - Leelee\,{ELB04~2016-02~B60YA3K5~02 - Leelee}
070.jpg,327060,14deb49b,\2016-02\02 - Leelee\,{ELB04~2016-02~B60YA3K5~02 - Leelee}
071.jpg,378146,0dd42cfe,\2016-02\02 - Leelee\,{ELB04~2016-02~B60YA3K5~02 - Leelee}
072.jpg,283242,d2d5e141,\2016-02\02 - Leelee\,{ELB04~2016-02~B60YA3K5~02 - Leelee}
073.jpg,297379,5aaf003e,\2016-02\02 - Leelee\,{ELB04~2016-02~B60YA3K5~02 - Leelee}
074.jpg,337096,4ec4fbe8,\2016-02\02 - Leelee\,{ELB04~2016-02~B60YA3K5~02 - Leelee}
075.jpg,219239,a5daeaeb,\2016-02\02 - Leelee\,{ELB04~2016-02~B60YA3K5~02 - Leelee}
001.jpg,761658,d8ed34cc,\2016-02\16 - Yon\,{ELB04~2016-02~B60YG1FD~16 - Yon}
002.jpg,703166,81412b52,\2016-02\16 - Yon\,{ELB04~2016-02~B60YG1FD~16 - Yon}
003.jpg,867619,89f29d60,\2016-02\16 - Yon\,{ELB04~2016-02~B60YG1FD~16 - Yon}
004.jpg,725094,0642b8a1,\2016-02\16 - Yon\,{ELB04~2016-02~B60YG1FD~16 - Yon}
005.jpg,631919,196710fe,\2016-02\16 - Yon\,{ELB04~2016-02~B60YG1FD~16 - Yon}
006.jpg,652061,dd82b8e6,\2016-02\16 - Yon\,{ELB04~2016-02~B60YG1FD~16 - Yon}
007.jpg,716204,98a5f7e7,\2016-02\16 - Yon\,{ELB04~2016-02~B60YG1FD~16 - Yon}
008.jpg,778635,d5b72b24,\2016-02\16 - Yon\,{ELB04~2016-02~B60YG1FD~16 - Yon}
009.jpg,866180,7ac2e533,\2016-02\16 - Yon\,{ELB04~2016-02~B60YG1FD~16 - Yon}
010.jpg,794068,b7d16080,\2016-02\16 - Yon\,{ELB04~2016-02~B60YG1FD~16 - Yon}
011.jpg,834253,894ca546,\2016-02\16 - Yon\,{ELB04~2016-02~B60YG1FD~16 - Yon}
012.jpg,762831,d933e44d,\2016-02\16 - Yon\,{ELB04~2016-02~B60YG1FD~16 - Yon}
013.jpg,927626,85acb5f5,\2016-02\16 - Yon\,{ELB04~2016-02~B60YG1FD~16 - Yon}
014.jpg,853253,0016fd87,\2016-02\16 - Yon\,{ELB04~2016-02~B60YG1FD~16 - Yon}
015.jpg,1265283,a746d260,\2016-02\16 - Yon\,{ELB04~2016-02~B60YG1FD~16 - Yon}
016.jpg,1075171,fb5c7881,\2016-02\16 - Yon\,{ELB04~2016-02~B60YG1FD~16 - Yon}
017.jpg,1165363,4a935d3e,\2016-02\16 - Yon\,{ELB04~2016-02~B60YG1FD~16 - Yon}
018.jpg,584894,82e0bb84,\2016-02\16 - Yon\,{ELB04~2016-02~B60YG1FD~16 - Yon}
019.jpg,908778,65f40b4a,\2016-02\16 - Yon\,{ELB04~2016-02~B60YG1FD~16 - Yon}
020.jpg,750635,5583da82,\2016-02\16 - Yon\,{ELB04~2016-02~B60YG1FD~16 - Yon}
021.jpg,879862,82161bc4,\2016-02\16 - Yon\,{ELB04~2016-02~B60YG1FD~16 - Yon}
022.jpg,856042,9047b6bc,\2016-02\16 - Yon\,{ELB04~2016-02~B60YG1FD~16 - Yon}
023.jpg,976916,ac41c206,\2016-02\16 - Yon\,{ELB04~2016-02~B60YG1FD~16 - Yon}
024.jpg,799365,da042206,\2016-02\16 - Yon\,{ELB04~2016-02~B60YG1FD~16 - Yon}
025.jpg,736355,8b8a560d,\2016-02\16 - Yon\,{ELB04~2016-02~B60YG1FD~16 - Yon}
026.jpg,879091,76b3970b,\2016-02\16 - Yon\,{ELB04~2016-02~B60YG1FD~16 - Yon}
027.jpg,948108,d00ce288,\2016-02\16 - Yon\,{ELB04~2016-02~B60YG1FD~16 - Yon}
028.jpg,539852,5035c6dc,\2016-02\16 - Yon\,{ELB04~2016-02~B60YG1FD~16 - Yon}
029.jpg,522877,f321729f,\2016-02\16 - Yon\,{ELB04~2016-02~B60YG1FD~16 - Yon}
030.jpg,572682,2d90f208,\2016-02\16 - Yon\,{ELB04~2016-02~B60YG1FD~16 - Yon}
031.jpg,495420,94de2bbb,\2016-02\16 - Yon\,{ELB04~2016-02~B60YG1FD~16 - Yon}
032.jpg,520058,3042f978,\2016-02\16 - Yon\,{ELB04~2016-02~B60YG1FD~16 - Yon}
033.jpg,542917,219a2d13,\2016-02\16 - Yon\,{ELB04~2016-02~B60YG1FD~16 - Yon}
034.jpg,566978,055a8063,\2016-02\16 - Yon\,{ELB04~2016-02~B60YG1FD~16 - Yon}
035.jpg,540951,3610a962,\2016-02\16 - Yon\,{ELB04~2016-02~B60YG1FD~16 - Yon}
036.jpg,599713,14405a0b,\2016-02\16 - Yon\,{ELB04~2016-02~B60YG1FD~16 - Yon}
037.jpg,580652,f94a27a6,\2016-02\16 - Yon\,{ELB04~2016-02~B60YG1FD~16 - Yon}
038.jpg,535097,e3798908,\2016-02\16 - Yon\,{ELB04~2016-02~B60YG1FD~16 - Yon}
039.jpg,503268,958c380d,\2016-02\16 - Yon\,{ELB04~2016-02~B60YG1FD~16 - Yon}
040.jpg,631676,aa5f94e0,\2016-02\16 - Yon\,{ELB04~2016-02~B60YG1FD~16 - Yon}
041.jpg,565097,e9b464f4,\2016-02\16 - Yon\,{ELB04~2016-02~B60YG1FD~16 - Yon}
042.jpg,481749,e5932590,\2016-02\16 - Yon\,{ELB04~2016-02~B60YG1FD~16 - Yon}
043.jpg,505503,6ccabf8c,\2016-02\16 - Yon\,{ELB04~2016-02~B60YG1FD~16 - Yon}
044.jpg,443426,a7a3aadc,\2016-02\16 - Yon\,{ELB04~2016-02~B60YG1FD~16 - Yon}
045.jpg,435222,710b52ad,\2016-02\16 - Yon\,{ELB04~2016-02~B60YG1FD~16 - Yon}
046.jpg,498613,552cc8d2,\2016-02\16 - Yon\,{ELB04~2016-02~B60YG1FD~16 - Yon}
047.jpg,456706,ee9837d4,\2016-02\16 - Yon\,{ELB04~2016-02~B60YG1FD~16 - Yon}
048.jpg,699350,ea5bab6e,\2016-02\16 - Yon\,{ELB04~2016-02~B60YG1FD~16 - Yon}
049.jpg,785634,6edebe0c,\2016-02\16 - Yon\,{ELB04~2016-02~B60YG1FD~16 - Yon}
050.jpg,773625,1f9cfe8a,\2016-02\16 - Yon\,{ELB04~2016-02~B60YG1FD~16 - Yon}
051.jpg,829613,205c942b,\2016-02\16 - Yon\,{ELB04~2016-02~B60YG1FD~16 - Yon}
052.jpg,543062,0bc73666,\2016-02\16 - Yon\,{ELB04~2016-02~B60YG1FD~16 - Yon}
053.jpg,735860,37d8827b,\2016-02\16 - Yon\,{ELB04~2016-02~B60YG1FD~16 - Yon}
054.jpg,719342,d6a8dbf1,\2016-02\16 - Yon\,{ELB04~2016-02~B60YG1FD~16 - Yon}
055.jpg,723416,b5334ef2,\2016-02\16 - Yon\,{ELB04~2016-02~B60YG1FD~16 - Yon}
056.jpg,706266,9158f659,\2016-02\16 - Yon\,{ELB04~2016-02~B60YG1FD~16 - Yon}
057.jpg,1088387,2e78028b,\2016-02\16 - Yon\,{ELB04~2016-02~B60YG1FD~16 - Yon}
058.jpg,1094430,33718df3,\2016-02\16 - Yon\,{ELB04~2016-02~B60YG1FD~16 - Yon}
059.jpg,1000868,b72c71d1,\2016-02\16 - Yon\,{ELB04~2016-02~B60YG1FD~16 - Yon}
060.jpg,745405,004554dc,\2016-02\16 - Yon\,{ELB04~2016-02~B60YG1FD~16 - Yon}
061.jpg,728256,a51d194a,\2016-02\16 - Yon\,{ELB04~2016-02~B60YG1FD~16 - Yon}
062.jpg,1112037,c4455f55,\2016-02\16 - Yon\,{ELB04~2016-02~B60YG1FD~16 - Yon}
063.jpg,1132184,530a5415,\2016-02\16 - Yon\,{ELB04~2016-02~B60YG1FD~16 - Yon}
064.jpg,916893,a8d1531d,\2016-02\16 - Yon\,{ELB04~2016-02~B60YG1FD~16 - Yon}
065.jpg,850357,a08c0e09,\2016-02\16 - Yon\,{ELB04~2016-02~B60YG1FD~16 - Yon}
066.jpg,1042272,e18ce9fc,\2016-02\16 - Yon\,{ELB04~2016-02~B60YG1FD~16 - Yon}
067.jpg,828375,beebcb90,\2016-02\16 - Yon\,{ELB04~2016-02~B60YG1FD~16 - Yon}
068.jpg,887475,de85f158,\2016-02\16 - Yon\,{ELB04~2016-02~B60YG1FD~16 - Yon}
069.jpg,989106,0916f079,\2016-02\16 - Yon\,{ELB04~2016-02~B60YG1FD~16 - Yon}
070.jpg,608649,3f472d67,\2016-02\16 - Yon\,{ELB04~2016-02~B60YG1FD~16 - Yon}
071.jpg,684162,195ad84c,\2016-02\16 - Yon\,{ELB04~2016-02~B60YG1FD~16 - Yon}
072.jpg,712864,2c653202,\2016-02\16 - Yon\,{ELB04~2016-02~B60YG1FD~16 - Yon}
073.jpg,829513,aba58632,\2016-02\16 - Yon\,{ELB04~2016-02~B60YG1FD~16 - Yon}
074.jpg,691804,8a297bbc,\2016-02\16 - Yon\,{ELB04~2016-02~B60YG1FD~16 - Yon}
075.jpg,921128,8ca0c2ca,\2016-02\16 - Yon\,{ELB04~2016-02~B60YG1FD~16 - Yon}
076.jpg,814280,45b5426d,\2016-02\16 - Yon\,{ELB04~2016-02~B60YG1FD~16 - Yon}
077.jpg,868076,c8dfbe24,\2016-02\16 - Yon\,{ELB04~2016-02~B60YG1FD~16 - Yon}
078.jpg,622120,d9a2ece2,\2016-02\16 - Yon\,{ELB04~2016-02~B60YG1FD~16 - Yon}
079.jpg,614466,6a671bf4,\2016-02\16 - Yon\,{ELB04~2016-02~B60YG1FD~16 - Yon}
080.jpg,553651,6f24d27a,\2016-02\16 - Yon\,{ELB04~2016-02~B60YG1FD~16 - Yon}
081.jpg,539583,f6f6d56b,\2016-02\16 - Yon\,{ELB04~2016-02~B60YG1FD~16 - Yon}
082.jpg,634707,cf7c046f,\2016-02\16 - Yon\,{ELB04~2016-02~B60YG1FD~16 - Yon}
083.jpg,610314,e8228d58,\2016-02\16 - Yon\,{ELB04~2016-02~B60YG1FD~16 - Yon}
084.jpg,661004,67408bfd,\2016-02\16 - Yon\,{ELB04~2016-02~B60YG1FD~16 - Yon}
085.jpg,636245,c35d0eb4,\2016-02\16 - Yon\,{ELB04~2016-02~B60YG1FD~16 - Yon}
086.jpg,617652,189896a1,\2016-02\16 - Yon\,{ELB04~2016-02~B60YG1FD~16 - Yon}
087.jpg,667180,23aa0fae,\2016-02\16 - Yon\,{ELB04~2016-02~B60YG1FD~16 - Yon}
088.jpg,640599,f35e2d12,\2016-02\16 - Yon\,{ELB04~2016-02~B60YG1FD~16 - Yon}
089.jpg,641135,2af792eb,\2016-02\16 - Yon\,{ELB04~2016-02~B60YG1FD~16 - Yon}
090.jpg,749590,1f785152,\2016-02\16 - Yon\,{ELB04~2016-02~B60YG1FD~16 - Yon}
091.jpg,688365,062f02de,\2016-02\16 - Yon\,{ELB04~2016-02~B60YG1FD~16 - Yon}
092.jpg,730935,3109ee17,\2016-02\16 - Yon\,{ELB04~2016-02~B60YG1FD~16 - Yon}
093.jpg,930386,6d2d656d,\2016-02\16 - Yon\,{ELB04~2016-02~B60YG1FD~16 - Yon}
094.jpg,839968,510a7da2,\2016-02\16 - Yon\,{ELB04~2016-02~B60YG1FD~16 - Yon}
095.jpg,891665,439b2e83,\2016-02\16 - Yon\,{ELB04~2016-02~B60YG1FD~16 - Yon}
096.jpg,848244,010418c7,\2016-02\16 - Yon\,{ELB04~2016-02~B60YG1FD~16 - Yon}
097.jpg,813258,99011bbc,\2016-02\16 - Yon\,{ELB04~2016-02~B60YG1FD~16 - Yon}
098.jpg,693591,57a9ed28,\2016-02\16 - Yon\,{ELB04~2016-02~B60YG1FD~16 - Yon}
099.jpg,641946,384ed299,\2016-02\16 - Yon\,{ELB04~2016-02~B60YG1FD~16 - Yon}
100.jpg,702886,1499ca0b,\2016-02\16 - Yon\,{ELB04~2016-02~B60YG1FD~16 - Yon}
101.jpg,745214,d84dde06,\2016-02\16 - Yon\,{ELB04~2016-02~B60YG1FD~16 - Yon}
102.jpg,473934,26280461,\2016-02\16 - Yon\,{ELB04~2016-02~B60YG1FD~16 - Yon}
103.jpg,593784,8f6a6532,\2016-02\16 - Yon\,{ELB04~2016-02~B60YG1FD~16 - Yon}
104.jpg,647591,f035a552,\2016-02\16 - Yon\,{ELB04~2016-02~B60YG1FD~16 - Yon}
105.jpg,572620,ba059943,\2016-02\16 - Yon\,{ELB04~2016-02~B60YG1FD~16 - Yon}
106.jpg,689680,743c8b3d,\2016-02\16 - Yon\,{ELB04~2016-02~B60YG1FD~16 - Yon}
107.jpg,659117,8ad951f8,\2016-02\16 - Yon\,{ELB04~2016-02~B60YG1FD~16 - Yon}
108.jpg,665027,55b37224,\2016-02\16 - Yon\,{ELB04~2016-02~B60YG1FD~16 - Yon}
001.jpg,420363,12649acf,\2016-03\01 - Belle\,{ELB04~2016-03~B60YKUPK~01 - Belle}
002.jpg,429839,144a69b5,\2016-03\01 - Belle\,{ELB04~2016-03~B60YKUPK~01 - Belle}
003.jpg,480761,314832a3,\2016-03\01 - Belle\,{ELB04~2016-03~B60YKUPK~01 - Belle}
004.jpg,500341,7bd4a94d,\2016-03\01 - Belle\,{ELB04~2016-03~B60YKUPK~01 - Belle}
005.jpg,510932,462013cc,\2016-03\01 - Belle\,{ELB04~2016-03~B60YKUPK~01 - Belle}
006.jpg,586791,d9b74339,\2016-03\01 - Belle\,{ELB04~2016-03~B60YKUPK~01 - Belle}
007.jpg,526954,e8b0301b,\2016-03\01 - Belle\,{ELB04~2016-03~B60YKUPK~01 - Belle}
008.jpg,460770,93c9e680,\2016-03\01 - Belle\,{ELB04~2016-03~B60YKUPK~01 - Belle}
009.jpg,634251,e6fbd1bb,\2016-03\01 - Belle\,{ELB04~2016-03~B60YKUPK~01 - Belle}
010.jpg,611875,3f1a1483,\2016-03\01 - Belle\,{ELB04~2016-03~B60YKUPK~01 - Belle}
011.jpg,511962,50079522,\2016-03\01 - Belle\,{ELB04~2016-03~B60YKUPK~01 - Belle}
012.jpg,512999,90366e49,\2016-03\01 - Belle\,{ELB04~2016-03~B60YKUPK~01 - Belle}
013.jpg,485782,10c98a1f,\2016-03\01 - Belle\,{ELB04~2016-03~B60YKUPK~01 - Belle}
014.jpg,563955,dbf80ab4,\2016-03\01 - Belle\,{ELB04~2016-03~B60YKUPK~01 - Belle}
015.jpg,520555,7caa5ce3,\2016-03\01 - Belle\,{ELB04~2016-03~B60YKUPK~01 - Belle}
016.jpg,508638,7f1ed5e1,\2016-03\01 - Belle\,{ELB04~2016-03~B60YKUPK~01 - Belle}
017.jpg,496297,96654385,\2016-03\01 - Belle\,{ELB04~2016-03~B60YKUPK~01 - Belle}
018.jpg,570733,c9499498,\2016-03\01 - Belle\,{ELB04~2016-03~B60YKUPK~01 - Belle}
019.jpg,551323,1932dc41,\2016-03\01 - Belle\,{ELB04~2016-03~B60YKUPK~01 - Belle}
020.jpg,594207,03020487,\2016-03\01 - Belle\,{ELB04~2016-03~B60YKUPK~01 - Belle}
021.jpg,650377,3045447e,\2016-03\01 - Belle\,{ELB04~2016-03~B60YKUPK~01 - Belle}
022.jpg,626924,d7830771,\2016-03\01 - Belle\,{ELB04~2016-03~B60YKUPK~01 - Belle}
023.jpg,736429,8ae0c2bd,\2016-03\01 - Belle\,{ELB04~2016-03~B60YKUPK~01 - Belle}
024.jpg,633690,3a4dfc9e,\2016-03\01 - Belle\,{ELB04~2016-03~B60YKUPK~01 - Belle}
025.jpg,554300,67b729f6,\2016-03\01 - Belle\,{ELB04~2016-03~B60YKUPK~01 - Belle}
026.jpg,707374,f9a34a13,\2016-03\01 - Belle\,{ELB04~2016-03~B60YKUPK~01 - Belle}
027.jpg,658952,0c882023,\2016-03\01 - Belle\,{ELB04~2016-03~B60YKUPK~01 - Belle}
028.jpg,608837,e9ff9ac4,\2016-03\01 - Belle\,{ELB04~2016-03~B60YKUPK~01 - Belle}
029.jpg,535017,62cc90bc,\2016-03\01 - Belle\,{ELB04~2016-03~B60YKUPK~01 - Belle}
030.jpg,598131,bd489bfe,\2016-03\01 - Belle\,{ELB04~2016-03~B60YKUPK~01 - Belle}
031.jpg,577876,c93b448d,\2016-03\01 - Belle\,{ELB04~2016-03~B60YKUPK~01 - Belle}
032.jpg,523464,b1c1115d,\2016-03\01 - Belle\,{ELB04~2016-03~B60YKUPK~01 - Belle}
033.jpg,518246,1059ba2c,\2016-03\01 - Belle\,{ELB04~2016-03~B60YKUPK~01 - Belle}
034.jpg,500186,8665e441,\2016-03\01 - Belle\,{ELB04~2016-03~B60YKUPK~01 - Belle}
035.jpg,477056,7fdc782e,\2016-03\01 - Belle\,{ELB04~2016-03~B60YKUPK~01 - Belle}
036.jpg,508404,7d0694f1,\2016-03\01 - Belle\,{ELB04~2016-03~B60YKUPK~01 - Belle}
037.jpg,529785,d0129b87,\2016-03\01 - Belle\,{ELB04~2016-03~B60YKUPK~01 - Belle}
038.jpg,530364,6b268613,\2016-03\01 - Belle\,{ELB04~2016-03~B60YKUPK~01 - Belle}
039.jpg,563123,81164c63,\2016-03\01 - Belle\,{ELB04~2016-03~B60YKUPK~01 - Belle}
040.jpg,504778,860d1457,\2016-03\01 - Belle\,{ELB04~2016-03~B60YKUPK~01 - Belle}
041.jpg,549414,2069d629,\2016-03\01 - Belle\,{ELB04~2016-03~B60YKUPK~01 - Belle}
042.jpg,437163,e137ec6a,\2016-03\01 - Belle\,{ELB04~2016-03~B60YKUPK~01 - Belle}
043.jpg,426776,a264f79a,\2016-03\01 - Belle\,{ELB04~2016-03~B60YKUPK~01 - Belle}
044.jpg,437967,a0ba8a65,\2016-03\01 - Belle\,{ELB04~2016-03~B60YKUPK~01 - Belle}
045.jpg,501611,2363085f,\2016-03\01 - Belle\,{ELB04~2016-03~B60YKUPK~01 - Belle}
046.jpg,469920,c6bd3c23,\2016-03\01 - Belle\,{ELB04~2016-03~B60YKUPK~01 - Belle}
047.jpg,485069,8faa6622,\2016-03\01 - Belle\,{ELB04~2016-03~B60YKUPK~01 - Belle}
048.jpg,528356,5d5c2221,\2016-03\01 - Belle\,{ELB04~2016-03~B60YKUPK~01 - Belle}
049.jpg,461305,2f68ceb7,\2016-03\01 - Belle\,{ELB04~2016-03~B60YKUPK~01 - Belle}
050.jpg,437009,8ee8d79c,\2016-03\01 - Belle\,{ELB04~2016-03~B60YKUPK~01 - Belle}
051.jpg,521846,4df394fc,\2016-03\01 - Belle\,{ELB04~2016-03~B60YKUPK~01 - Belle}
052.jpg,493945,fc0e3aeb,\2016-03\01 - Belle\,{ELB04~2016-03~B60YKUPK~01 - Belle}
053.jpg,487808,c282485a,\2016-03\01 - Belle\,{ELB04~2016-03~B60YKUPK~01 - Belle}
054.jpg,410076,76468433,\2016-03\01 - Belle\,{ELB04~2016-03~B60YKUPK~01 - Belle}
055.jpg,478113,eefd95da,\2016-03\01 - Belle\,{ELB04~2016-03~B60YKUPK~01 - Belle}
056.jpg,398777,22f2859d,\2016-03\01 - Belle\,{ELB04~2016-03~B60YKUPK~01 - Belle}
057.jpg,424214,4a24e5b4,\2016-03\01 - Belle\,{ELB04~2016-03~B60YKUPK~01 - Belle}
001.jpg,714984,53c8b414,\2016-03\08 - Minnilee\,{ELB04~2016-03~B60YV9LZ~08 - Minnilee}
002.jpg,656325,012d8113,\2016-03\08 - Minnilee\,{ELB04~2016-03~B60YV9LZ~08 - Minnilee}
003.jpg,610314,844d5103,\2016-03\08 - Minnilee\,{ELB04~2016-03~B60YV9LZ~08 - Minnilee}
004.jpg,666104,882ee44f,\2016-03\08 - Minnilee\,{ELB04~2016-03~B60YV9LZ~08 - Minnilee}
005.jpg,763309,9ec401db,\2016-03\08 - Minnilee\,{ELB04~2016-03~B60YV9LZ~08 - Minnilee}
006.jpg,809352,3615041c,\2016-03\08 - Minnilee\,{ELB04~2016-03~B60YV9LZ~08 - Minnilee}
007.jpg,701232,2d038bf2,\2016-03\08 - Minnilee\,{ELB04~2016-03~B60YV9LZ~08 - Minnilee}
008.jpg,772818,1bf8d2c1,\2016-03\08 - Minnilee\,{ELB04~2016-03~B60YV9LZ~08 - Minnilee}
009.jpg,636823,2afb7f5a,\2016-03\08 - Minnilee\,{ELB04~2016-03~B60YV9LZ~08 - Minnilee}
010.jpg,652276,6d6f19d5,\2016-03\08 - Minnilee\,{ELB04~2016-03~B60YV9LZ~08 - Minnilee}
011.jpg,670221,81ff2d32,\2016-03\08 - Minnilee\,{ELB04~2016-03~B60YV9LZ~08 - Minnilee}
012.jpg,530698,88aa01ba,\2016-03\08 - Minnilee\,{ELB04~2016-03~B60YV9LZ~08 - Minnilee}
013.jpg,464326,8317ca61,\2016-03\08 - Minnilee\,{ELB04~2016-03~B60YV9LZ~08 - Minnilee}
014.jpg,447536,8b66efdb,\2016-03\08 - Minnilee\,{ELB04~2016-03~B60YV9LZ~08 - Minnilee}
015.jpg,607156,d2f2ca59,\2016-03\08 - Minnilee\,{ELB04~2016-03~B60YV9LZ~08 - Minnilee}
016.jpg,531889,1011f452,\2016-03\08 - Minnilee\,{ELB04~2016-03~B60YV9LZ~08 - Minnilee}
017.jpg,383097,d6bfbb22,\2016-03\08 - Minnilee\,{ELB04~2016-03~B60YV9LZ~08 - Minnilee}
018.jpg,424807,7b5680c8,\2016-03\08 - Minnilee\,{ELB04~2016-03~B60YV9LZ~08 - Minnilee}
019.jpg,447574,ab2c1b04,\2016-03\08 - Minnilee\,{ELB04~2016-03~B60YV9LZ~08 - Minnilee}
020.jpg,701762,bbcb02ee,\2016-03\08 - Minnilee\,{ELB04~2016-03~B60YV9LZ~08 - Minnilee}
021.jpg,750284,3fa4dfab,\2016-03\08 - Minnilee\,{ELB04~2016-03~B60YV9LZ~08 - Minnilee}
022.jpg,488167,db32b40c,\2016-03\08 - Minnilee\,{ELB04~2016-03~B60YV9LZ~08 - Minnilee}
023.jpg,563250,4f482d94,\2016-03\08 - Minnilee\,{ELB04~2016-03~B60YV9LZ~08 - Minnilee}
024.jpg,498597,5cc50a5a,\2016-03\08 - Minnilee\,{ELB04~2016-03~B60YV9LZ~08 - Minnilee}
025.jpg,607381,b3e4c9dc,\2016-03\08 - Minnilee\,{ELB04~2016-03~B60YV9LZ~08 - Minnilee}
026.jpg,514317,7ded7dc5,\2016-03\08 - Minnilee\,{ELB04~2016-03~B60YV9LZ~08 - Minnilee}
027.jpg,785963,f479d81c,\2016-03\08 - Minnilee\,{ELB04~2016-03~B60YV9LZ~08 - Minnilee}
028.jpg,577246,fce686ee,\2016-03\08 - Minnilee\,{ELB04~2016-03~B60YV9LZ~08 - Minnilee}
029.jpg,554273,399817df,\2016-03\08 - Minnilee\,{ELB04~2016-03~B60YV9LZ~08 - Minnilee}
030.jpg,552386,f6b2a07b,\2016-03\08 - Minnilee\,{ELB04~2016-03~B60YV9LZ~08 - Minnilee}
031.jpg,685540,a195daaf,\2016-03\08 - Minnilee\,{ELB04~2016-03~B60YV9LZ~08 - Minnilee}
032.jpg,794354,780e4b18,\2016-03\08 - Minnilee\,{ELB04~2016-03~B60YV9LZ~08 - Minnilee}
033.jpg,540601,3907123f,\2016-03\08 - Minnilee\,{ELB04~2016-03~B60YV9LZ~08 - Minnilee}
034.jpg,337157,7a5d4095,\2016-03\08 - Minnilee\,{ELB04~2016-03~B60YV9LZ~08 - Minnilee}
035.jpg,471336,091e41d9,\2016-03\08 - Minnilee\,{ELB04~2016-03~B60YV9LZ~08 - Minnilee}
036.jpg,433824,ed6053e7,\2016-03\08 - Minnilee\,{ELB04~2016-03~B60YV9LZ~08 - Minnilee}
037.jpg,465988,340b7cf2,\2016-03\08 - Minnilee\,{ELB04~2016-03~B60YV9LZ~08 - Minnilee}
038.jpg,598523,7d610220,\2016-03\08 - Minnilee\,{ELB04~2016-03~B60YV9LZ~08 - Minnilee}
039.jpg,626654,cef0726e,\2016-03\08 - Minnilee\,{ELB04~2016-03~B60YV9LZ~08 - Minnilee}
040.jpg,566181,05377420,\2016-03\08 - Minnilee\,{ELB04~2016-03~B60YV9LZ~08 - Minnilee}
041.jpg,536597,46807d43,\2016-03\08 - Minnilee\,{ELB04~2016-03~B60YV9LZ~08 - Minnilee}
042.jpg,504917,d38953f9,\2016-03\08 - Minnilee\,{ELB04~2016-03~B60YV9LZ~08 - Minnilee}
043.jpg,498709,b5c479ba,\2016-03\08 - Minnilee\,{ELB04~2016-03~B60YV9LZ~08 - Minnilee}
044.jpg,527035,5f16534d,\2016-03\08 - Minnilee\,{ELB04~2016-03~B60YV9LZ~08 - Minnilee}
045.jpg,547184,9e4761a8,\2016-03\08 - Minnilee\,{ELB04~2016-03~B60YV9LZ~08 - Minnilee}
046.jpg,484887,0de38cfb,\2016-03\08 - Minnilee\,{ELB04~2016-03~B60YV9LZ~08 - Minnilee}
047.jpg,595127,867129a5,\2016-03\08 - Minnilee\,{ELB04~2016-03~B60YV9LZ~08 - Minnilee}
048.jpg,641776,9619fe83,\2016-03\08 - Minnilee\,{ELB04~2016-03~B60YV9LZ~08 - Minnilee}
049.jpg,534334,921dcf88,\2016-03\08 - Minnilee\,{ELB04~2016-03~B60YV9LZ~08 - Minnilee}
050.jpg,798025,20a199d5,\2016-03\08 - Minnilee\,{ELB04~2016-03~B60YV9LZ~08 - Minnilee}
051.jpg,669571,97620d4b,\2016-03\08 - Minnilee\,{ELB04~2016-03~B60YV9LZ~08 - Minnilee}
052.jpg,763782,b67f96d6,\2016-03\08 - Minnilee\,{ELB04~2016-03~B60YV9LZ~08 - Minnilee}
001.jpg,222614,786439c6,\2016-03\15 - Emma & Shadow\,{ELB04~2016-03~B60YZ3KJ~15 - Emma & Shadow}
002.jpg,276619,cf694fed,\2016-03\15 - Emma & Shadow\,{ELB04~2016-03~B60YZ3KJ~15 - Emma & Shadow}
003.jpg,238635,1c2e1964,\2016-03\15 - Emma & Shadow\,{ELB04~2016-03~B60YZ3KJ~15 - Emma & Shadow}
004.jpg,268270,06cb1189,\2016-03\15 - Emma & Shadow\,{ELB04~2016-03~B60YZ3KJ~15 - Emma & Shadow}
005.jpg,210514,7e80de93,\2016-03\15 - Emma & Shadow\,{ELB04~2016-03~B60YZ3KJ~15 - Emma & Shadow}
006.jpg,248530,ad810b6e,\2016-03\15 - Emma & Shadow\,{ELB04~2016-03~B60YZ3KJ~15 - Emma & Shadow}
007.jpg,194315,854c07e1,\2016-03\15 - Emma & Shadow\,{ELB04~2016-03~B60YZ3KJ~15 - Emma & Shadow}
008.jpg,207698,1ca60d31,\2016-03\15 - Emma & Shadow\,{ELB04~2016-03~B60YZ3KJ~15 - Emma & Shadow}
009.jpg,254559,2f62e6d0,\2016-03\15 - Emma & Shadow\,{ELB04~2016-03~B60YZ3KJ~15 - Emma & Shadow}
010.jpg,259122,05fc6771,\2016-03\15 - Emma & Shadow\,{ELB04~2016-03~B60YZ3KJ~15 - Emma & Shadow}
011.jpg,265292,7f4ead2b,\2016-03\15 - Emma & Shadow\,{ELB04~2016-03~B60YZ3KJ~15 - Emma & Shadow}
012.jpg,288135,f7f6ae17,\2016-03\15 - Emma & Shadow\,{ELB04~2016-03~B60YZ3KJ~15 - Emma & Shadow}
013.jpg,276147,f99614bf,\2016-03\15 - Emma & Shadow\,{ELB04~2016-03~B60YZ3KJ~15 - Emma & Shadow}
014.jpg,306207,d47bce72,\2016-03\15 - Emma & Shadow\,{ELB04~2016-03~B60YZ3KJ~15 - Emma & Shadow}
015.jpg,283407,32f70530,\2016-03\15 - Emma & Shadow\,{ELB04~2016-03~B60YZ3KJ~15 - Emma & Shadow}
016.jpg,213161,7643bd4d,\2016-03\15 - Emma & Shadow\,{ELB04~2016-03~B60YZ3KJ~15 - Emma & Shadow}
017.jpg,241516,27daee22,\2016-03\15 - Emma & Shadow\,{ELB04~2016-03~B60YZ3KJ~15 - Emma & Shadow}
018.jpg,255631,04c7cfac,\2016-03\15 - Emma & Shadow\,{ELB04~2016-03~B60YZ3KJ~15 - Emma & Shadow}
019.jpg,252484,319f2b4f,\2016-03\15 - Emma & Shadow\,{ELB04~2016-03~B60YZ3KJ~15 - Emma & Shadow}
020.jpg,258489,483d0989,\2016-03\15 - Emma & Shadow\,{ELB04~2016-03~B60YZ3KJ~15 - Emma & Shadow}
021.jpg,257542,6b159c14,\2016-03\15 - Emma & Shadow\,{ELB04~2016-03~B60YZ3KJ~15 - Emma & Shadow}
022.jpg,265258,389e8929,\2016-03\15 - Emma & Shadow\,{ELB04~2016-03~B60YZ3KJ~15 - Emma & Shadow}
023.jpg,256540,1e3f4ba6,\2016-03\15 - Emma & Shadow\,{ELB04~2016-03~B60YZ3KJ~15 - Emma & Shadow}
024.jpg,243255,8ff578d1,\2016-03\15 - Emma & Shadow\,{ELB04~2016-03~B60YZ3KJ~15 - Emma & Shadow}
025.jpg,248881,dca045c9,\2016-03\15 - Emma & Shadow\,{ELB04~2016-03~B60YZ3KJ~15 - Emma & Shadow}
026.jpg,238303,8f2f2e12,\2016-03\15 - Emma & Shadow\,{ELB04~2016-03~B60YZ3KJ~15 - Emma & Shadow}
027.jpg,246165,42f27d64,\2016-03\15 - Emma & Shadow\,{ELB04~2016-03~B60YZ3KJ~15 - Emma & Shadow}
028.jpg,188323,b40874b7,\2016-03\15 - Emma & Shadow\,{ELB04~2016-03~B60YZ3KJ~15 - Emma & Shadow}
029.jpg,186614,02ccce48,\2016-03\15 - Emma & Shadow\,{ELB04~2016-03~B60YZ3KJ~15 - Emma & Shadow}
030.jpg,232933,b9c5208a,\2016-03\15 - Emma & Shadow\,{ELB04~2016-03~B60YZ3KJ~15 - Emma & Shadow}
031.jpg,216437,db4fc77c,\2016-03\15 - Emma & Shadow\,{ELB04~2016-03~B60YZ3KJ~15 - Emma & Shadow}
032.jpg,194495,a90d16ac,\2016-03\15 - Emma & Shadow\,{ELB04~2016-03~B60YZ3KJ~15 - Emma & Shadow}