kd01g01.jpg,45655,7240413a,\Galleries\001\,{KD1~G~001~001}
kd01g02.jpg,40804,f6f569e0,\Galleries\001\,{KD1~G~001~001}
kd01g03.jpg,45260,a2e87e1d,\Galleries\001\,{KD1~G~001~001}
kd01g04.jpg,54782,5a8291c0,\Galleries\001\,{KD1~G~001~001}
kd01g05.jpg,55003,0e1dde4a,\Galleries\001\,{KD1~G~001~001}
kd01g06.jpg,41383,9ff444e7,\Galleries\001\,{KD1~G~001~001}
kd01g07.jpg,44249,5a97581d,\Galleries\001\,{KD1~G~001~001}
kd01g08.jpg,69692,70a57cc6,\Galleries\001\,{KD1~G~001~001}
kd01g09.jpg,43566,f56a3352,\Galleries\001\,{KD1~G~001~001}
kd01g10.jpg,46998,561bdd7a,\Galleries\001\,{KD1~G~001~001}
kd01g11.jpg,42940,fc12a0eb,\Galleries\001\,{KD1~G~001~001}
kd01g12.jpg,39712,0ad5a819,\Galleries\001\,{KD1~G~001~001}
kd01g13.jpg,46722,544f2520,\Galleries\001\,{KD1~G~001~001}
kd01g14.jpg,47315,2fc042af,\Galleries\001\,{KD1~G~001~001}
kd01g15.jpg,42276,5b426c68,\Galleries\001\,{KD1~G~001~001}
kd01g16.jpg,51367,68aa3449,\Galleries\001\,{KD1~G~001~001}
kd01g17.jpg,50197,e210049c,\Galleries\001\,{KD1~G~001~001}
kd01g18.jpg,49420,ddf1a2d7,\Galleries\001\,{KD1~G~001~001}
kd01g19.jpg,44935,1562fc52,\Galleries\001\,{KD1~G~001~001}
kd01g20.jpg,65670,5de44317,\Galleries\001\,{KD1~G~001~001}
kd01g21.jpg,54292,c34cb192,\Galleries\001\,{KD1~G~001~001}
kd01g22.jpg,38150,f7dffaa3,\Galleries\001\,{KD1~G~001~001}
kd01g23.jpg,46647,c4b65455,\Galleries\001\,{KD1~G~001~001}
kd01g24.jpg,55393,d2b328de,\Galleries\001\,{KD1~G~001~001}
kd01g25.jpg,61635,220b82d1,\Galleries\001\,{KD1~G~001~001}
kd01g26.jpg,54665,f46efe30,\Galleries\001\,{KD1~G~001~001}
kd01g27.jpg,55047,491fd93a,\Galleries\001\,{KD1~G~001~001}
kd01g28.jpg,50586,1e68cff3,\Galleries\001\,{KD1~G~001~001}
kd01g29.jpg,43240,2c3ae6d7,\Galleries\001\,{KD1~G~001~001}
kd01g30.jpg,41036,33a02b44,\Galleries\001\,{KD1~G~001~001}
kd01g31.jpg,47273,277de3fb,\Galleries\001\,{KD1~G~001~001}
kd01g32.jpg,47916,26d6123e,\Galleries\001\,{KD1~G~001~001}
kd02g01.jpg,54638,a89a6274,\Galleries\002\,{KD1~G~002~002}
kd02g02.jpg,61608,e79c5fc4,\Galleries\002\,{KD1~G~002~002}
kd02g03.jpg,57517,18f65f36,\Galleries\002\,{KD1~G~002~002}
kd02g04.jpg,60158,ddb4678f,\Galleries\002\,{KD1~G~002~002}
kd02g05.jpg,41741,56685ab3,\Galleries\002\,{KD1~G~002~002}
kd02g06.jpg,49918,c6f0bd8a,\Galleries\002\,{KD1~G~002~002}
kd02g07.jpg,50268,0cb8a12c,\Galleries\002\,{KD1~G~002~002}
kd02g08.jpg,50974,23f18ce1,\Galleries\002\,{KD1~G~002~002}
kd02g09.jpg,61062,ad9a5cc8,\Galleries\002\,{KD1~G~002~002}
kd02g10.jpg,60895,6d831246,\Galleries\002\,{KD1~G~002~002}
kd02g11.jpg,58579,78774aeb,\Galleries\002\,{KD1~G~002~002}
kd02g12.jpg,60650,5d932f6a,\Galleries\002\,{KD1~G~002~002}
kd02g13.jpg,63068,9e973e9d,\Galleries\002\,{KD1~G~002~002}
kd02g14.jpg,62790,52ed9ab4,\Galleries\002\,{KD1~G~002~002}
kd02g15.jpg,61175,cb5d5abe,\Galleries\002\,{KD1~G~002~002}
kd02g16.jpg,57179,c2c34db3,\Galleries\002\,{KD1~G~002~002}
kd02g17.jpg,50464,263c33f8,\Galleries\002\,{KD1~G~002~002}
kd02g18.jpg,52418,9283fb64,\Galleries\002\,{KD1~G~002~002}
kd02g19.jpg,55035,019e1037,\Galleries\002\,{KD1~G~002~002}
kd02g20.jpg,62184,ad6c24db,\Galleries\002\,{KD1~G~002~002}
kd02g21.jpg,55240,237a3f13,\Galleries\002\,{KD1~G~002~002}
kd02g22.jpg,59325,007c38b6,\Galleries\002\,{KD1~G~002~002}
kd02g23.jpg,54676,7314cd72,\Galleries\002\,{KD1~G~002~002}
kd02g24.jpg,61250,89600c76,\Galleries\002\,{KD1~G~002~002}
kd02g25.jpg,51766,f8d347bc,\Galleries\002\,{KD1~G~002~002}
kd02g26.jpg,58380,7074de96,\Galleries\002\,{KD1~G~002~002}
kd02g27.jpg,49502,2739c015,\Galleries\002\,{KD1~G~002~002}
kd02g28.jpg,55126,1ec9afb3,\Galleries\002\,{KD1~G~002~002}
kd02g29.jpg,54448,b3ced5e0,\Galleries\002\,{KD1~G~002~002}
kd02g30.jpg,38890,6871394d,\Galleries\002\,{KD1~G~002~002}
kd02g31.jpg,42819,a4787a55,\Galleries\002\,{KD1~G~002~002}
kd02g32.jpg,46385,f9e37de7,\Galleries\002\,{KD1~G~002~002}
kd02g33.jpg,50917,1cbfd623,\Galleries\002\,{KD1~G~002~002}
kd02g34.jpg,49456,29cfc854,\Galleries\002\,{KD1~G~002~002}
kd03g01.jpg,57181,da8c47d3,\Galleries\003\,{KD1~G~003~003}
kd03g02.jpg,55675,0ec40fa1,\Galleries\003\,{KD1~G~003~003}
kd03g03.jpg,60857,79998858,\Galleries\003\,{KD1~G~003~003}
kd03g04.jpg,81252,57c78973,\Galleries\003\,{KD1~G~003~003}
kd03g05.jpg,66297,da036ed4,\Galleries\003\,{KD1~G~003~003}
kd03g06.jpg,87348,7c15504a,\Galleries\003\,{KD1~G~003~003}
kd03g07.jpg,71413,d03df997,\Galleries\003\,{KD1~G~003~003}
kd03g08.jpg,72724,4418f307,\Galleries\003\,{KD1~G~003~003}
kd03g09.jpg,72023,745e3df1,\Galleries\003\,{KD1~G~003~003}
kd03g10.jpg,71689,644797d1,\Galleries\003\,{KD1~G~003~003}
kd03g11.jpg,74102,628747ff,\Galleries\003\,{KD1~G~003~003}
kd03g12.jpg,74919,d58cd9ee,\Galleries\003\,{KD1~G~003~003}
kd03g13.jpg,74893,53251b88,\Galleries\003\,{KD1~G~003~003}
kd03g14.jpg,59177,87c455cf,\Galleries\003\,{KD1~G~003~003}
kd03g15.jpg,68660,546fdd06,\Galleries\003\,{KD1~G~003~003}
kd03g16.jpg,57884,a63f3a34,\Galleries\003\,{KD1~G~003~003}
kd03g17.jpg,59112,7a710471,\Galleries\003\,{KD1~G~003~003}
kd03g18.jpg,56426,dd0b6bac,\Galleries\003\,{KD1~G~003~003}
kd03g19.jpg,55510,704cb167,\Galleries\003\,{KD1~G~003~003}
kd03g20.jpg,74137,d0233158,\Galleries\003\,{KD1~G~003~003}
kd03g21.jpg,60110,2992f81a,\Galleries\003\,{KD1~G~003~003}
kd03g22.jpg,57063,684b4b6f,\Galleries\003\,{KD1~G~003~003}
kd03g23.jpg,58679,1d79b1ea,\Galleries\003\,{KD1~G~003~003}
kd03g24.jpg,68564,c8fd48e0,\Galleries\003\,{KD1~G~003~003}
kd03g25.jpg,67597,24299356,\Galleries\003\,{KD1~G~003~003}
kd03g26.jpg,43580,a008463c,\Galleries\003\,{KD1~G~003~003}
kd03g27.jpg,49448,9312a816,\Galleries\003\,{KD1~G~003~003}
kd04g01.jpg,55228,1eef0d32,\Galleries\004\,{KD1~G~004~004}
kd04g02.jpg,55927,3df6653f,\Galleries\004\,{KD1~G~004~004}
kd04g03.jpg,55872,c7643979,\Galleries\004\,{KD1~G~004~004}
kd04g04.jpg,50022,c4336022,\Galleries\004\,{KD1~G~004~004}
kd04g05.jpg,47635,01c295ca,\Galleries\004\,{KD1~G~004~004}
kd04g06.jpg,47547,e43570ab,\Galleries\004\,{KD1~G~004~004}
kd04g07.jpg,46257,784ad1fc,\Galleries\004\,{KD1~G~004~004}
kd04g08.jpg,50657,46a4d19f,\Galleries\004\,{KD1~G~004~004}
kd04g09.jpg,49407,f312cbe9,\Galleries\004\,{KD1~G~004~004}
kd04g10.jpg,56427,5f99a04e,\Galleries\004\,{KD1~G~004~004}
kd04g11.jpg,52062,b2917c81,\Galleries\004\,{KD1~G~004~004}
kd04g12.jpg,47085,5c16b496,\Galleries\004\,{KD1~G~004~004}
kd04g13.jpg,53385,47fc90c5,\Galleries\004\,{KD1~G~004~004}
kd04g14.jpg,59161,6fb5cd39,\Galleries\004\,{KD1~G~004~004}
kd04g15.jpg,40497,9987b479,\Galleries\004\,{KD1~G~004~004}
kd04g16.jpg,55868,1e5b5cf8,\Galleries\004\,{KD1~G~004~004}
kd04g17.jpg,53180,8b768686,\Galleries\004\,{KD1~G~004~004}
kd04g18.jpg,69010,4c15b144,\Galleries\004\,{KD1~G~004~004}
kd04g19.jpg,57853,013727ec,\Galleries\004\,{KD1~G~004~004}
kd04g20.jpg,56559,ae418d71,\Galleries\004\,{KD1~G~004~004}
kd04g21.jpg,55380,60b573ac,\Galleries\004\,{KD1~G~004~004}
kd04g22.jpg,53305,7fe114a2,\Galleries\004\,{KD1~G~004~004}
kd04g23.jpg,47771,3e406498,\Galleries\004\,{KD1~G~004~004}
kd04g24.jpg,45050,1befa9c3,\Galleries\004\,{KD1~G~004~004}
kd04g25.jpg,60921,3d4a3ce0,\Galleries\004\,{KD1~G~004~004}
kd04g26.jpg,56093,8be5ce43,\Galleries\004\,{KD1~G~004~004}
kd04g27.jpg,46442,b970cdaa,\Galleries\004\,{KD1~G~004~004}
kd04g28.jpg,48123,3b739ea7,\Galleries\004\,{KD1~G~004~004}
kd04g29.jpg,43087,6bce9abc,\Galleries\004\,{KD1~G~004~004}
kd04g30.jpg,50041,79ee7b5c,\Galleries\004\,{KD1~G~004~004}
kd04g31.jpg,54359,6796c66f,\Galleries\004\,{KD1~G~004~004}
kd04g32.jpg,48404,f7c2be24,\Galleries\004\,{KD1~G~004~004}
kd04g33.jpg,42900,fb272bb0,\Galleries\004\,{KD1~G~004~004}
kd05g01.jpg,40606,5e938a3a,\Galleries\005\,{KD1~G~005~005}
kd05g02.jpg,44315,f02c1e1e,\Galleries\005\,{KD1~G~005~005}
kd05g03.jpg,39507,0556d36d,\Galleries\005\,{KD1~G~005~005}
kd05g04.jpg,46692,92e42f8d,\Galleries\005\,{KD1~G~005~005}
kd05g05.jpg,30871,bfa51c2d,\Galleries\005\,{KD1~G~005~005}
kd05g06.jpg,38739,bbfc3b31,\Galleries\005\,{KD1~G~005~005}
kd05g07.jpg,45802,45f9f898,\Galleries\005\,{KD1~G~005~005}
kd05g08.jpg,45409,f8a23101,\Galleries\005\,{KD1~G~005~005}
kd05g09.jpg,37439,3f64739d,\Galleries\005\,{KD1~G~005~005}
kd05g10.jpg,34143,3a8c1c17,\Galleries\005\,{KD1~G~005~005}
kd05g11.jpg,35576,d8563ad2,\Galleries\005\,{KD1~G~005~005}
kd05g12.jpg,42699,ba25441b,\Galleries\005\,{KD1~G~005~005}
kd05g13.jpg,47026,26e42029,\Galleries\005\,{KD1~G~005~005}
kd05g14.jpg,46533,172d6799,\Galleries\005\,{KD1~G~005~005}
kd05g15.jpg,46864,af41af66,\Galleries\005\,{KD1~G~005~005}
kd05g16.jpg,42416,67ec2134,\Galleries\005\,{KD1~G~005~005}
kd05g17.jpg,41234,2734a1cf,\Galleries\005\,{KD1~G~005~005}
kd05g18.jpg,47897,3a85bbac,\Galleries\005\,{KD1~G~005~005}
kd05g19.jpg,55937,f4835956,\Galleries\005\,{KD1~G~005~005}
kd05g20.jpg,53296,eae7d273,\Galleries\005\,{KD1~G~005~005}
kd05g21.jpg,54502,00d9c515,\Galleries\005\,{KD1~G~005~005}
kd05g22.jpg,53886,6c7f9f0e,\Galleries\005\,{KD1~G~005~005}
kd05g23.jpg,54865,61e8deb7,\Galleries\005\,{KD1~G~005~005}
kd05g24.jpg,55027,b800af6b,\Galleries\005\,{KD1~G~005~005}
kd05g25.jpg,54190,c185f799,\Galleries\005\,{KD1~G~005~005}
kd05g26.jpg,52323,a652faeb,\Galleries\005\,{KD1~G~005~005}
kd05g27.jpg,52003,31e32c6c,\Galleries\005\,{KD1~G~005~005}
kd05g28.jpg,49221,c3daa927,\Galleries\005\,{KD1~G~005~005}
kd05g29.jpg,47769,fde3c44b,\Galleries\005\,{KD1~G~005~005}
kd05g30.jpg,40777,f3d1cb98,\Galleries\005\,{KD1~G~005~005}
kd05g31.jpg,42277,bc976ead,\Galleries\005\,{KD1~G~005~005}
kd05g32.jpg,43378,bed1bdca,\Galleries\005\,{KD1~G~005~005}
kd05g33.jpg,44572,20f3067d,\Galleries\005\,{KD1~G~005~005}
kd05g34.jpg,45844,46142f57,\Galleries\005\,{KD1~G~005~005}
kd05g35.jpg,46399,0b3e121f,\Galleries\005\,{KD1~G~005~005}
kd05g36.jpg,48433,23efe988,\Galleries\005\,{KD1~G~005~005}
kd05g37.jpg,42898,eb369ac0,\Galleries\005\,{KD1~G~005~005}
kd05g38.jpg,44471,cbf0c9a3,\Galleries\005\,{KD1~G~005~005}
kd05g39.jpg,43993,0a9385d4,\Galleries\005\,{KD1~G~005~005}
kd05g40.jpg,38565,fac920f4,\Galleries\005\,{KD1~G~005~005}
kd05g41.jpg,39777,3c387f8b,\Galleries\005\,{KD1~G~005~005}
kd06g01.jpg,52272,b087b0c1,\Galleries\006\,{KD1~G~006~006}
kd06g02.jpg,53192,53167658,\Galleries\006\,{KD1~G~006~006}
kd06g03.jpg,49997,69567826,\Galleries\006\,{KD1~G~006~006}
kd06g04.jpg,67535,2adc8a52,\Galleries\006\,{KD1~G~006~006}
kd06g05.jpg,55541,94635305,\Galleries\006\,{KD1~G~006~006}
kd06g06.jpg,64879,283b8526,\Galleries\006\,{KD1~G~006~006}
kd06g07.jpg,43490,45a808d1,\Galleries\006\,{KD1~G~006~006}
kd06g08.jpg,57116,b0997239,\Galleries\006\,{KD1~G~006~006}
kd06g09.jpg,37449,52d5b47c,\Galleries\006\,{KD1~G~006~006}
kd06g10.jpg,49029,95803a7d,\Galleries\006\,{KD1~G~006~006}
kd06g11.jpg,46917,ebcb7e6d,\Galleries\006\,{KD1~G~006~006}
kd06g12.jpg,55508,d3d55b6f,\Galleries\006\,{KD1~G~006~006}
kd06g13.jpg,58887,15bec41e,\Galleries\006\,{KD1~G~006~006}
kd06g14.jpg,56185,6eec0e35,\Galleries\006\,{KD1~G~006~006}
kd06g15.jpg,58902,e3eb88c4,\Galleries\006\,{KD1~G~006~006}
kd06g16.jpg,52354,10921c72,\Galleries\006\,{KD1~G~006~006}
kd06g17.jpg,56006,91030248,\Galleries\006\,{KD1~G~006~006}
kd06g18.jpg,58112,ccb50bec,\Galleries\006\,{KD1~G~006~006}
kd06g19.jpg,55085,779ddbaf,\Galleries\006\,{KD1~G~006~006}
kd06g20.jpg,62697,fba4c34e,\Galleries\006\,{KD1~G~006~006}
kd06g21.jpg,53334,b8e85626,\Galleries\006\,{KD1~G~006~006}
kd06g22.jpg,65581,c7dd2b39,\Galleries\006\,{KD1~G~006~006}
kd06g23.jpg,69463,4a3b770f,\Galleries\006\,{KD1~G~006~006}
kd06g24.jpg,51243,1f8108fc,\Galleries\006\,{KD1~G~006~006}
kd06g25.jpg,61086,d4c8486e,\Galleries\006\,{KD1~G~006~006}
kd06g26.jpg,48269,83c46f40,\Galleries\006\,{KD1~G~006~006}
kd06g27.jpg,41144,cacb6259,\Galleries\006\,{KD1~G~006~006}
kd06g28.jpg,43612,01bd5ba4,\Galleries\006\,{KD1~G~006~006}
kd06g29.jpg,39515,61db7bf9,\Galleries\006\,{KD1~G~006~006}
kd06g30.jpg,45793,912029c1,\Galleries\006\,{KD1~G~006~006}
kd06g31.jpg,45965,125038ee,\Galleries\006\,{KD1~G~006~006}
kd06g32.jpg,37400,39d3bbf1,\Galleries\006\,{KD1~G~006~006}
kd06g33.jpg,40768,21deae5d,\Galleries\006\,{KD1~G~006~006}
kd06g34.jpg,42451,50516c22,\Galleries\006\,{KD1~G~006~006}
kd06g35.jpg,50218,dfa6620a,\Galleries\006\,{KD1~G~006~006}
kd06g36.jpg,40733,5bc7fd8b,\Galleries\006\,{KD1~G~006~006}
kd06g37.jpg,46616,9b2b819d,\Galleries\006\,{KD1~G~006~006}
kd06g38.jpg,47601,b3821e50,\Galleries\006\,{KD1~G~006~006}
kd06g39.jpg,48378,9319a01a,\Galleries\006\,{KD1~G~006~006}
kd07g01.jpg,84947,78d7be31,\Galleries\007\,{KD1~G~007~007}
kd07g03.jpg,96105,c1322fa7,\Galleries\007\,{KD1~G~007~007}
kd07g04.jpg,135731,fca4861a,\Galleries\007\,{KD1~G~007~007}
kd07g05.jpg,79035,f1b4d545,\Galleries\007\,{KD1~G~007~007}
kd07g06.jpg,121086,72245b0d,\Galleries\007\,{KD1~G~007~007}
kd07g07.jpg,116136,a79fbabf,\Galleries\007\,{KD1~G~007~007}
kd07g08.jpg,102337,4f0e928f,\Galleries\007\,{KD1~G~007~007}
kd07g09.jpg,82366,a4f12e96,\Galleries\007\,{KD1~G~007~007}
kd07g10.jpg,67828,a8540f81,\Galleries\007\,{KD1~G~007~007}
kd07g11.jpg,54015,216d5a5f,\Galleries\007\,{KD1~G~007~007}
kd07g12.jpg,47842,1d60d436,\Galleries\007\,{KD1~G~007~007}
kd07g13.jpg,81401,c7e8ab9a,\Galleries\007\,{KD1~G~007~007}
kd07g14.jpg,67919,d8ad0a0a,\Galleries\007\,{KD1~G~007~007}
kd07g15.jpg,56465,deb5d664,\Galleries\007\,{KD1~G~007~007}
kd07g16.jpg,66847,b69373e9,\Galleries\007\,{KD1~G~007~007}
kd07g17.jpg,77158,ac946511,\Galleries\007\,{KD1~G~007~007}
kd07g18.jpg,48390,d5c185c5,\Galleries\007\,{KD1~G~007~007}
kd07g19.jpg,58728,851e5bce,\Galleries\007\,{KD1~G~007~007}
kd07g20.jpg,44390,f2decbde,\Galleries\007\,{KD1~G~007~007}
kd07g21.jpg,64180,9ee9138a,\Galleries\007\,{KD1~G~007~007}
kd07g22.jpg,52376,ce18b6e0,\Galleries\007\,{KD1~G~007~007}
kd07g23.jpg,73934,084ab59b,\Galleries\007\,{KD1~G~007~007}
kd07g24.jpg,58274,f40b2ea2,\Galleries\007\,{KD1~G~007~007}
kd07g25.jpg,49068,688bb25f,\Galleries\007\,{KD1~G~007~007}
kd07g26.jpg,58542,0caffa15,\Galleries\007\,{KD1~G~007~007}
kd07g27.jpg,55928,7e6503c1,\Galleries\007\,{KD1~G~007~007}
kd07g28.jpg,52369,95d4787c,\Galleries\007\,{KD1~G~007~007}
kd07g29.jpg,88073,206206f4,\Galleries\007\,{KD1~G~007~007}
kd07g30.jpg,75487,40c656cd,\Galleries\007\,{KD1~G~007~007}
kd07g31.jpg,59512,8a3b8638,\Galleries\007\,{KD1~G~007~007}
kd07g32.jpg,64826,ab1db39e,\Galleries\007\,{KD1~G~007~007}
kd07g33.jpg,55252,c5014afe,\Galleries\007\,{KD1~G~007~007}
kd07g34.jpg,52736,4e5f92f3,\Galleries\007\,{KD1~G~007~007}
kd07g35.jpg,52590,589dd70c,\Galleries\007\,{KD1~G~007~007}
kd07g36.jpg,80274,5438fa7b,\Galleries\007\,{KD1~G~007~007}
kd07g37.jpg,74715,e63b2590,\Galleries\007\,{KD1~G~007~007}
kd07g38.jpg,55843,39d64893,\Galleries\007\,{KD1~G~007~007}
kd08g01.jpg,69790,fb143402,\Galleries\008\,{KD1~G~008~008}
kd08g02.jpg,64940,8a87b33d,\Galleries\008\,{KD1~G~008~008}
kd08g03.jpg,55521,33c9f3cb,\Galleries\008\,{KD1~G~008~008}
kd08g04.jpg,64992,d3b58b03,\Galleries\008\,{KD1~G~008~008}
kd08g05.jpg,49473,a995ef39,\Galleries\008\,{KD1~G~008~008}
kd08g06.jpg,67334,554cbecc,\Galleries\008\,{KD1~G~008~008}
kd08g07.jpg,66441,b0e2e7ae,\Galleries\008\,{KD1~G~008~008}
kd08g08.jpg,88781,855ad42a,\Galleries\008\,{KD1~G~008~008}
kd08g09.jpg,79293,c780fe34,\Galleries\008\,{KD1~G~008~008}
kd08g10.jpg,61298,d1eb26d8,\Galleries\008\,{KD1~G~008~008}
kd08g11.jpg,56055,6d80aea4,\Galleries\008\,{KD1~G~008~008}
kd08g12.jpg,74741,d8905364,\Galleries\008\,{KD1~G~008~008}
kd08g13.jpg,64024,2a8afc82,\Galleries\008\,{KD1~G~008~008}
kd08g14.jpg,85307,06166bf6,\Galleries\008\,{KD1~G~008~008}
kd08g15.jpg,49510,8950acca,\Galleries\008\,{KD1~G~008~008}
kd08g16.jpg,62223,669def6f,\Galleries\008\,{KD1~G~008~008}
kd08g17.jpg,60394,332246d5,\Galleries\008\,{KD1~G~008~008}
kd08g18.jpg,79519,60671ca0,\Galleries\008\,{KD1~G~008~008}
kd08g19.jpg,55290,492e98c7,\Galleries\008\,{KD1~G~008~008}
kd08g20.jpg,50970,a8848c4a,\Galleries\008\,{KD1~G~008~008}
kd08g21.jpg,62511,fb08eb89,\Galleries\008\,{KD1~G~008~008}
kd08g22.jpg,51332,ce4819ca,\Galleries\008\,{KD1~G~008~008}
kd08g23.jpg,62367,f4e8d8cd,\Galleries\008\,{KD1~G~008~008}
kd08g24.jpg,61416,ff19e426,\Galleries\008\,{KD1~G~008~008}
kd08g25.jpg,72382,0d86e737,\Galleries\008\,{KD1~G~008~008}
kd08g26.jpg,66774,5f46d7d3,\Galleries\008\,{KD1~G~008~008}
kd08g27.jpg,70773,f5e24367,\Galleries\008\,{KD1~G~008~008}
kd08g28.jpg,43844,4cc15703,\Galleries\008\,{KD1~G~008~008}
kd08g29.jpg,48784,f844a601,\Galleries\008\,{KD1~G~008~008}
kd08g30.jpg,52887,364eee3f,\Galleries\008\,{KD1~G~008~008}
kd08g31.jpg,48896,e71b85fe,\Galleries\008\,{KD1~G~008~008}
kd08g32.jpg,50142,4d0f44d7,\Galleries\008\,{KD1~G~008~008}
kd08g33.jpg,42969,dcbbdd2b,\Galleries\008\,{KD1~G~008~008}
