000000.jpg,5845347,61b10873,\2017-10\2017-10-08 - Red Hot\,{KM04~2017-10~5C6E7122~08 - Red Hot}
000001.jpg,6153018,adb46719,\2017-10\2017-10-08 - Red Hot\,{KM04~2017-10~5C6E7122~08 - Red Hot}
000002.jpg,6166102,f85e9993,\2017-10\2017-10-08 - Red Hot\,{KM04~2017-10~5C6E7122~08 - Red Hot}
000003.jpg,6551434,9aa3169d,\2017-10\2017-10-08 - Red Hot\,{KM04~2017-10~5C6E7122~08 - Red Hot}
000004.jpg,6656140,5c4713a5,\2017-10\2017-10-08 - Red Hot\,{KM04~2017-10~5C6E7122~08 - Red Hot}
000005.jpg,6811238,f28717a8,\2017-10\2017-10-08 - Red Hot\,{KM04~2017-10~5C6E7122~08 - Red Hot}
000006.jpg,6589484,ffb8c5fa,\2017-10\2017-10-08 - Red Hot\,{KM04~2017-10~5C6E7122~08 - Red Hot}
000007.jpg,6721512,20c29b96,\2017-10\2017-10-08 - Red Hot\,{KM04~2017-10~5C6E7122~08 - Red Hot}
000008.jpg,6829993,a222a185,\2017-10\2017-10-08 - Red Hot\,{KM04~2017-10~5C6E7122~08 - Red Hot}
000009.jpg,6792143,dfda48d3,\2017-10\2017-10-08 - Red Hot\,{KM04~2017-10~5C6E7122~08 - Red Hot}
000010.jpg,6000375,71c32122,\2017-10\2017-10-08 - Red Hot\,{KM04~2017-10~5C6E7122~08 - Red Hot}
000011.jpg,7171834,4061f493,\2017-10\2017-10-08 - Red Hot\,{KM04~2017-10~5C6E7122~08 - Red Hot}
000012.jpg,7016296,9aae9e77,\2017-10\2017-10-08 - Red Hot\,{KM04~2017-10~5C6E7122~08 - Red Hot}
000013.jpg,7222307,e28fd96c,\2017-10\2017-10-08 - Red Hot\,{KM04~2017-10~5C6E7122~08 - Red Hot}
000014.jpg,3184689,bf889252,\2017-10\2017-10-08 - Red Hot\,{KM04~2017-10~5C6E7122~08 - Red Hot}
000015.jpg,7401504,196e3ca8,\2017-10\2017-10-08 - Red Hot\,{KM04~2017-10~5C6E7122~08 - Red Hot}
000016.jpg,7735099,df28db29,\2017-10\2017-10-08 - Red Hot\,{KM04~2017-10~5C6E7122~08 - Red Hot}
000017.jpg,7521289,63bd99b1,\2017-10\2017-10-08 - Red Hot\,{KM04~2017-10~5C6E7122~08 - Red Hot}
000018.jpg,6375990,fb95008a,\2017-10\2017-10-08 - Red Hot\,{KM04~2017-10~5C6E7122~08 - Red Hot}
000019.jpg,6755947,97ae52bf,\2017-10\2017-10-08 - Red Hot\,{KM04~2017-10~5C6E7122~08 - Red Hot}
000020.jpg,6692845,4c21e78d,\2017-10\2017-10-08 - Red Hot\,{KM04~2017-10~5C6E7122~08 - Red Hot}
000021.jpg,7411456,ce86090e,\2017-10\2017-10-08 - Red Hot\,{KM04~2017-10~5C6E7122~08 - Red Hot}
000022.jpg,7046172,a2e746ee,\2017-10\2017-10-08 - Red Hot\,{KM04~2017-10~5C6E7122~08 - Red Hot}
000023.jpg,7910692,74ac2973,\2017-10\2017-10-08 - Red Hot\,{KM04~2017-10~5C6E7122~08 - Red Hot}
000024.jpg,7557525,538222c0,\2017-10\2017-10-08 - Red Hot\,{KM04~2017-10~5C6E7122~08 - Red Hot}
000025.jpg,6600271,7efa0dbd,\2017-10\2017-10-08 - Red Hot\,{KM04~2017-10~5C6E7122~08 - Red Hot}
000026.jpg,7406219,f97cca6a,\2017-10\2017-10-08 - Red Hot\,{KM04~2017-10~5C6E7122~08 - Red Hot}
000027.jpg,5983523,a9aa5007,\2017-10\2017-10-08 - Red Hot\,{KM04~2017-10~5C6E7122~08 - Red Hot}
000028.jpg,6857014,b5e3cb23,\2017-10\2017-10-08 - Red Hot\,{KM04~2017-10~5C6E7122~08 - Red Hot}
000029.jpg,7578558,4f9a7c1d,\2017-10\2017-10-08 - Red Hot\,{KM04~2017-10~5C6E7122~08 - Red Hot}
000030.jpg,8087126,58449923,\2017-10\2017-10-08 - Red Hot\,{KM04~2017-10~5C6E7122~08 - Red Hot}
000031.jpg,9274964,caba240c,\2017-10\2017-10-08 - Red Hot\,{KM04~2017-10~5C6E7122~08 - Red Hot}
000032.jpg,8293594,c8bd4623,\2017-10\2017-10-08 - Red Hot\,{KM04~2017-10~5C6E7122~08 - Red Hot}
000033.jpg,6529455,52bd7895,\2017-10\2017-10-08 - Red Hot\,{KM04~2017-10~5C6E7122~08 - Red Hot}
000034.jpg,7374050,f66a3b0a,\2017-10\2017-10-08 - Red Hot\,{KM04~2017-10~5C6E7122~08 - Red Hot}
000035.jpg,7053311,b6b7ac88,\2017-10\2017-10-08 - Red Hot\,{KM04~2017-10~5C6E7122~08 - Red Hot}
000036.jpg,8133767,8e3010ce,\2017-10\2017-10-08 - Red Hot\,{KM04~2017-10~5C6E7122~08 - Red Hot}
000037.jpg,7569989,b27c41e4,\2017-10\2017-10-08 - Red Hot\,{KM04~2017-10~5C6E7122~08 - Red Hot}
000038.jpg,6954679,6828a2a5,\2017-10\2017-10-08 - Red Hot\,{KM04~2017-10~5C6E7122~08 - Red Hot}
000039.jpg,7019932,7f6cee25,\2017-10\2017-10-08 - Red Hot\,{KM04~2017-10~5C6E7122~08 - Red Hot}
000040.jpg,8162929,57f9402e,\2017-10\2017-10-08 - Red Hot\,{KM04~2017-10~5C6E7122~08 - Red Hot}
000041.jpg,9309374,f87a692f,\2017-10\2017-10-08 - Red Hot\,{KM04~2017-10~5C6E7122~08 - Red Hot}
000042.jpg,7698759,ba10e7f3,\2017-10\2017-10-08 - Red Hot\,{KM04~2017-10~5C6E7122~08 - Red Hot}
000043.jpg,7481770,53f5bf38,\2017-10\2017-10-08 - Red Hot\,{KM04~2017-10~5C6E7122~08 - Red Hot}
000044.jpg,7738837,a422549e,\2017-10\2017-10-08 - Red Hot\,{KM04~2017-10~5C6E7122~08 - Red Hot}
000045.jpg,8480014,b7bfe1fe,\2017-10\2017-10-08 - Red Hot\,{KM04~2017-10~5C6E7122~08 - Red Hot}
000046.jpg,7322052,70d1688e,\2017-10\2017-10-08 - Red Hot\,{KM04~2017-10~5C6E7122~08 - Red Hot}
000047.jpg,6685316,37515143,\2017-10\2017-10-08 - Red Hot\,{KM04~2017-10~5C6E7122~08 - Red Hot}
000048.jpg,1365296,be897dd6,\2017-10\2017-10-08 - Red Hot\,{KM04~2017-10~5C6E7122~08 - Red Hot}
000049.jpg,7503986,923d6a12,\2017-10\2017-10-08 - Red Hot\,{KM04~2017-10~5C6E7122~08 - Red Hot}
000050.jpg,6882683,a1b2bf6f,\2017-10\2017-10-08 - Red Hot\,{KM04~2017-10~5C6E7122~08 - Red Hot}
000051.jpg,7677613,dab74852,\2017-10\2017-10-08 - Red Hot\,{KM04~2017-10~5C6E7122~08 - Red Hot}
000052.jpg,7078883,5207fbd8,\2017-10\2017-10-08 - Red Hot\,{KM04~2017-10~5C6E7122~08 - Red Hot}
000053.jpg,8187080,0e86a22d,\2017-10\2017-10-08 - Red Hot\,{KM04~2017-10~5C6E7122~08 - Red Hot}
000054.jpg,7341598,508b37f0,\2017-10\2017-10-08 - Red Hot\,{KM04~2017-10~5C6E7122~08 - Red Hot}
000055.jpg,6633143,5a9f64a3,\2017-10\2017-10-08 - Red Hot\,{KM04~2017-10~5C6E7122~08 - Red Hot}
000056.jpg,6423876,5841238d,\2017-10\2017-10-08 - Red Hot\,{KM04~2017-10~5C6E7122~08 - Red Hot}
000057.jpg,6897029,c8a56b30,\2017-10\2017-10-08 - Red Hot\,{KM04~2017-10~5C6E7122~08 - Red Hot}
000058.jpg,7279980,96e3ac72,\2017-10\2017-10-08 - Red Hot\,{KM04~2017-10~5C6E7122~08 - Red Hot}
000059.jpg,6566541,ada6ebf0,\2017-10\2017-10-08 - Red Hot\,{KM04~2017-10~5C6E7122~08 - Red Hot}
000060.jpg,6550131,e179dcd6,\2017-10\2017-10-08 - Red Hot\,{KM04~2017-10~5C6E7122~08 - Red Hot}
000061.jpg,6510419,ef4baace,\2017-10\2017-10-08 - Red Hot\,{KM04~2017-10~5C6E7122~08 - Red Hot}
000062.jpg,7761471,5d5d9d17,\2017-10\2017-10-08 - Red Hot\,{KM04~2017-10~5C6E7122~08 - Red Hot}
000063.jpg,6122357,5a78b8ba,\2017-10\2017-10-08 - Red Hot\,{KM04~2017-10~5C6E7122~08 - Red Hot}
000064.jpg,6410478,de068806,\2017-10\2017-10-08 - Red Hot\,{KM04~2017-10~5C6E7122~08 - Red Hot}
000065.jpg,8269120,77653002,\2017-10\2017-10-08 - Red Hot\,{KM04~2017-10~5C6E7122~08 - Red Hot}
000066.jpg,1548218,c6706aff,\2017-10\2017-10-08 - Red Hot\,{KM04~2017-10~5C6E7122~08 - Red Hot}
000067.jpg,8939250,863b0e8c,\2017-10\2017-10-08 - Red Hot\,{KM04~2017-10~5C6E7122~08 - Red Hot}
000068.jpg,7689028,05e73e04,\2017-10\2017-10-08 - Red Hot\,{KM04~2017-10~5C6E7122~08 - Red Hot}
000069.jpg,7641950,f55438ec,\2017-10\2017-10-08 - Red Hot\,{KM04~2017-10~5C6E7122~08 - Red Hot}
000070.jpg,8152620,4866a372,\2017-10\2017-10-08 - Red Hot\,{KM04~2017-10~5C6E7122~08 - Red Hot}
000071.jpg,6717295,8d9e12af,\2017-10\2017-10-08 - Red Hot\,{KM04~2017-10~5C6E7122~08 - Red Hot}
000072.jpg,7269672,d3268767,\2017-10\2017-10-08 - Red Hot\,{KM04~2017-10~5C6E7122~08 - Red Hot}
000073.jpg,7337166,742108e7,\2017-10\2017-10-08 - Red Hot\,{KM04~2017-10~5C6E7122~08 - Red Hot}
000074.jpg,6730393,25d7a25b,\2017-10\2017-10-08 - Red Hot\,{KM04~2017-10~5C6E7122~08 - Red Hot}
000075.jpg,6432047,99f24a2a,\2017-10\2017-10-08 - Red Hot\,{KM04~2017-10~5C6E7122~08 - Red Hot}
000076.jpg,6942159,ad2ea874,\2017-10\2017-10-08 - Red Hot\,{KM04~2017-10~5C6E7122~08 - Red Hot}
000077.jpg,1467197,a5663d33,\2017-10\2017-10-08 - Red Hot\,{KM04~2017-10~5C6E7122~08 - Red Hot}
000078.jpg,7107987,29828ee2,\2017-10\2017-10-08 - Red Hot\,{KM04~2017-10~5C6E7122~08 - Red Hot}
000079.jpg,7452229,1e9f2f31,\2017-10\2017-10-08 - Red Hot\,{KM04~2017-10~5C6E7122~08 - Red Hot}
000080.jpg,8426441,1369d873,\2017-10\2017-10-08 - Red Hot\,{KM04~2017-10~5C6E7122~08 - Red Hot}
000081.jpg,7486458,4fb1b023,\2017-10\2017-10-08 - Red Hot\,{KM04~2017-10~5C6E7122~08 - Red Hot}
000082.jpg,166933,ca945377,\2017-10\2017-10-08 - Red Hot\,{KM04~2017-10~5C6E7122~08 - Red Hot}
000000.jpg,2883145,4526facd,\2017-10\2017-10-21 - 2hot2handle\,{KM04~2017-10~EB3027F2~21 - 2hot2handle}
000001.jpg,6310526,1c791bab,\2017-10\2017-10-21 - 2hot2handle\,{KM04~2017-10~EB3027F2~21 - 2hot2handle}
000002.jpg,6613672,5d5c6940,\2017-10\2017-10-21 - 2hot2handle\,{KM04~2017-10~EB3027F2~21 - 2hot2handle}
000003.jpg,6851494,4f2e2e1f,\2017-10\2017-10-21 - 2hot2handle\,{KM04~2017-10~EB3027F2~21 - 2hot2handle}
000004.jpg,6474348,43ab86f6,\2017-10\2017-10-21 - 2hot2handle\,{KM04~2017-10~EB3027F2~21 - 2hot2handle}
000005.jpg,6564365,a4adda4e,\2017-10\2017-10-21 - 2hot2handle\,{KM04~2017-10~EB3027F2~21 - 2hot2handle}
000006.jpg,6186237,162291da,\2017-10\2017-10-21 - 2hot2handle\,{KM04~2017-10~EB3027F2~21 - 2hot2handle}
000007.jpg,6210024,60efea0e,\2017-10\2017-10-21 - 2hot2handle\,{KM04~2017-10~EB3027F2~21 - 2hot2handle}
000008.jpg,6224968,707a2e4f,\2017-10\2017-10-21 - 2hot2handle\,{KM04~2017-10~EB3027F2~21 - 2hot2handle}
000009.jpg,6210547,7039ed2e,\2017-10\2017-10-21 - 2hot2handle\,{KM04~2017-10~EB3027F2~21 - 2hot2handle}
000010.jpg,6364562,11fcb3a3,\2017-10\2017-10-21 - 2hot2handle\,{KM04~2017-10~EB3027F2~21 - 2hot2handle}
000011.jpg,6336208,d8c9a75f,\2017-10\2017-10-21 - 2hot2handle\,{KM04~2017-10~EB3027F2~21 - 2hot2handle}
000012.jpg,6151278,1b71ee8a,\2017-10\2017-10-21 - 2hot2handle\,{KM04~2017-10~EB3027F2~21 - 2hot2handle}
000013.jpg,6305945,4951b79d,\2017-10\2017-10-21 - 2hot2handle\,{KM04~2017-10~EB3027F2~21 - 2hot2handle}
000014.jpg,5953526,8732025e,\2017-10\2017-10-21 - 2hot2handle\,{KM04~2017-10~EB3027F2~21 - 2hot2handle}
000015.jpg,5879962,0ca3ae6b,\2017-10\2017-10-21 - 2hot2handle\,{KM04~2017-10~EB3027F2~21 - 2hot2handle}
000016.jpg,6484381,8588a6fb,\2017-10\2017-10-21 - 2hot2handle\,{KM04~2017-10~EB3027F2~21 - 2hot2handle}
000017.jpg,6310938,e1d592f3,\2017-10\2017-10-21 - 2hot2handle\,{KM04~2017-10~EB3027F2~21 - 2hot2handle}
000018.jpg,5680539,2e0149b6,\2017-10\2017-10-21 - 2hot2handle\,{KM04~2017-10~EB3027F2~21 - 2hot2handle}
000019.jpg,6147737,d044ea10,\2017-10\2017-10-21 - 2hot2handle\,{KM04~2017-10~EB3027F2~21 - 2hot2handle}
000020.jpg,5769922,d3809748,\2017-10\2017-10-21 - 2hot2handle\,{KM04~2017-10~EB3027F2~21 - 2hot2handle}
000021.jpg,5852092,abef966c,\2017-10\2017-10-21 - 2hot2handle\,{KM04~2017-10~EB3027F2~21 - 2hot2handle}
000022.jpg,5609651,9e12ee9f,\2017-10\2017-10-21 - 2hot2handle\,{KM04~2017-10~EB3027F2~21 - 2hot2handle}
000023.jpg,5870877,6ef65e64,\2017-10\2017-10-21 - 2hot2handle\,{KM04~2017-10~EB3027F2~21 - 2hot2handle}
000024.jpg,5583756,509b906f,\2017-10\2017-10-21 - 2hot2handle\,{KM04~2017-10~EB3027F2~21 - 2hot2handle}
000025.jpg,5895666,daf5e32c,\2017-10\2017-10-21 - 2hot2handle\,{KM04~2017-10~EB3027F2~21 - 2hot2handle}
000026.jpg,5796240,48552caa,\2017-10\2017-10-21 - 2hot2handle\,{KM04~2017-10~EB3027F2~21 - 2hot2handle}
000027.jpg,5572490,51494083,\2017-10\2017-10-21 - 2hot2handle\,{KM04~2017-10~EB3027F2~21 - 2hot2handle}
000028.jpg,2638311,01feb9ce,\2017-10\2017-10-21 - 2hot2handle\,{KM04~2017-10~EB3027F2~21 - 2hot2handle}
000029.jpg,2063483,366a07d5,\2017-10\2017-10-21 - 2hot2handle\,{KM04~2017-10~EB3027F2~21 - 2hot2handle}
000030.jpg,6322843,5a330643,\2017-10\2017-10-21 - 2hot2handle\,{KM04~2017-10~EB3027F2~21 - 2hot2handle}
000031.jpg,5620194,c2399f6d,\2017-10\2017-10-21 - 2hot2handle\,{KM04~2017-10~EB3027F2~21 - 2hot2handle}
000032.jpg,5878254,6485f43c,\2017-10\2017-10-21 - 2hot2handle\,{KM04~2017-10~EB3027F2~21 - 2hot2handle}
000033.jpg,5697386,277f3f64,\2017-10\2017-10-21 - 2hot2handle\,{KM04~2017-10~EB3027F2~21 - 2hot2handle}
000034.jpg,5645153,c66c2b66,\2017-10\2017-10-21 - 2hot2handle\,{KM04~2017-10~EB3027F2~21 - 2hot2handle}
000035.jpg,6237253,ac3b74a9,\2017-10\2017-10-21 - 2hot2handle\,{KM04~2017-10~EB3027F2~21 - 2hot2handle}
000036.jpg,6196157,5f424a1e,\2017-10\2017-10-21 - 2hot2handle\,{KM04~2017-10~EB3027F2~21 - 2hot2handle}
000037.jpg,6367814,a8381d44,\2017-10\2017-10-21 - 2hot2handle\,{KM04~2017-10~EB3027F2~21 - 2hot2handle}
000038.jpg,6077725,961eebbf,\2017-10\2017-10-21 - 2hot2handle\,{KM04~2017-10~EB3027F2~21 - 2hot2handle}
000039.jpg,6126605,6aef68ba,\2017-10\2017-10-21 - 2hot2handle\,{KM04~2017-10~EB3027F2~21 - 2hot2handle}
000040.jpg,713148,a2f93b40,\2017-10\2017-10-21 - 2hot2handle\,{KM04~2017-10~EB3027F2~21 - 2hot2handle}
000041.jpg,6067910,521a778a,\2017-10\2017-10-21 - 2hot2handle\,{KM04~2017-10~EB3027F2~21 - 2hot2handle}
000042.jpg,5982027,923b8415,\2017-10\2017-10-21 - 2hot2handle\,{KM04~2017-10~EB3027F2~21 - 2hot2handle}
000043.jpg,6233214,2d944ff3,\2017-10\2017-10-21 - 2hot2handle\,{KM04~2017-10~EB3027F2~21 - 2hot2handle}
000044.jpg,5972850,4a24dae8,\2017-10\2017-10-21 - 2hot2handle\,{KM04~2017-10~EB3027F2~21 - 2hot2handle}
000045.jpg,6059237,f8147abd,\2017-10\2017-10-21 - 2hot2handle\,{KM04~2017-10~EB3027F2~21 - 2hot2handle}
000046.jpg,2295046,bbd8fc36,\2017-10\2017-10-21 - 2hot2handle\,{KM04~2017-10~EB3027F2~21 - 2hot2handle}
000047.jpg,2171826,f131ab59,\2017-10\2017-10-21 - 2hot2handle\,{KM04~2017-10~EB3027F2~21 - 2hot2handle}
000048.jpg,6544253,4156e7e3,\2017-10\2017-10-21 - 2hot2handle\,{KM04~2017-10~EB3027F2~21 - 2hot2handle}
000049.jpg,6422717,da177b48,\2017-10\2017-10-21 - 2hot2handle\,{KM04~2017-10~EB3027F2~21 - 2hot2handle}
000050.jpg,6330889,456de735,\2017-10\2017-10-21 - 2hot2handle\,{KM04~2017-10~EB3027F2~21 - 2hot2handle}
000051.jpg,4432012,b2cb1fde,\2017-10\2017-10-21 - 2hot2handle\,{KM04~2017-10~EB3027F2~21 - 2hot2handle}
000052.jpg,6516638,4b5fa847,\2017-10\2017-10-21 - 2hot2handle\,{KM04~2017-10~EB3027F2~21 - 2hot2handle}
000053.jpg,7253377,9ffdb276,\2017-10\2017-10-21 - 2hot2handle\,{KM04~2017-10~EB3027F2~21 - 2hot2handle}
000054.jpg,6484957,ae1e6b2e,\2017-10\2017-10-21 - 2hot2handle\,{KM04~2017-10~EB3027F2~21 - 2hot2handle}
000055.jpg,2200799,fd208978,\2017-10\2017-10-21 - 2hot2handle\,{KM04~2017-10~EB3027F2~21 - 2hot2handle}
000056.jpg,3480191,c6e22f81,\2017-10\2017-10-21 - 2hot2handle\,{KM04~2017-10~EB3027F2~21 - 2hot2handle}
000057.jpg,2849927,2e832185,\2017-10\2017-10-21 - 2hot2handle\,{KM04~2017-10~EB3027F2~21 - 2hot2handle}
000058.jpg,4450998,af07e5ce,\2017-10\2017-10-21 - 2hot2handle\,{KM04~2017-10~EB3027F2~21 - 2hot2handle}
000059.jpg,4121090,394e6773,\2017-10\2017-10-21 - 2hot2handle\,{KM04~2017-10~EB3027F2~21 - 2hot2handle}
000060.jpg,6295817,ec107bf8,\2017-10\2017-10-21 - 2hot2handle\,{KM04~2017-10~EB3027F2~21 - 2hot2handle}
000061.jpg,6045184,a5489f41,\2017-10\2017-10-21 - 2hot2handle\,{KM04~2017-10~EB3027F2~21 - 2hot2handle}
000062.jpg,6258217,e52cb6c4,\2017-10\2017-10-21 - 2hot2handle\,{KM04~2017-10~EB3027F2~21 - 2hot2handle}
000063.jpg,6180681,b956302e,\2017-10\2017-10-21 - 2hot2handle\,{KM04~2017-10~EB3027F2~21 - 2hot2handle}
000064.jpg,2036741,6701deae,\2017-10\2017-10-21 - 2hot2handle\,{KM04~2017-10~EB3027F2~21 - 2hot2handle}
000065.jpg,2253322,67596600,\2017-10\2017-10-21 - 2hot2handle\,{KM04~2017-10~EB3027F2~21 - 2hot2handle}
000066.jpg,2093591,9e6d470a,\2017-10\2017-10-21 - 2hot2handle\,{KM04~2017-10~EB3027F2~21 - 2hot2handle}
000067.jpg,2366908,cce82ba0,\2017-10\2017-10-21 - 2hot2handle\,{KM04~2017-10~EB3027F2~21 - 2hot2handle}
000068.jpg,2115361,6148be72,\2017-10\2017-10-21 - 2hot2handle\,{KM04~2017-10~EB3027F2~21 - 2hot2handle}
000069.jpg,5795650,60db4b68,\2017-10\2017-10-21 - 2hot2handle\,{KM04~2017-10~EB3027F2~21 - 2hot2handle}
000070.jpg,1167628,8949d844,\2017-10\2017-10-21 - 2hot2handle\,{KM04~2017-10~EB3027F2~21 - 2hot2handle}
000071.jpg,1131740,3675a6ed,\2017-10\2017-10-21 - 2hot2handle\,{KM04~2017-10~EB3027F2~21 - 2hot2handle}
000072.jpg,5375813,0454020f,\2017-10\2017-10-21 - 2hot2handle\,{KM04~2017-10~EB3027F2~21 - 2hot2handle}
000073.jpg,803791,5e7dd6f0,\2017-10\2017-10-21 - 2hot2handle\,{KM04~2017-10~EB3027F2~21 - 2hot2handle}
000074.jpg,2180787,a8d36e97,\2017-10\2017-10-21 - 2hot2handle\,{KM04~2017-10~EB3027F2~21 - 2hot2handle}
000075.jpg,2181261,8190c11e,\2017-10\2017-10-21 - 2hot2handle\,{KM04~2017-10~EB3027F2~21 - 2hot2handle}
000076.jpg,2164575,5ab9e0dc,\2017-10\2017-10-21 - 2hot2handle\,{KM04~2017-10~EB3027F2~21 - 2hot2handle}
000077.jpg,6053982,09c95a81,\2017-10\2017-10-21 - 2hot2handle\,{KM04~2017-10~EB3027F2~21 - 2hot2handle}
000078.jpg,2095811,af0d8d53,\2017-10\2017-10-21 - 2hot2handle\,{KM04~2017-10~EB3027F2~21 - 2hot2handle}
000079.jpg,6591566,54abbb49,\2017-10\2017-10-21 - 2hot2handle\,{KM04~2017-10~EB3027F2~21 - 2hot2handle}
000080.jpg,2080020,db9c367e,\2017-10\2017-10-21 - 2hot2handle\,{KM04~2017-10~EB3027F2~21 - 2hot2handle}
000081.jpg,6164509,f8c0bb0a,\2017-10\2017-10-21 - 2hot2handle\,{KM04~2017-10~EB3027F2~21 - 2hot2handle}
000082.jpg,4172298,c66c2ef8,\2017-10\2017-10-21 - 2hot2handle\,{KM04~2017-10~EB3027F2~21 - 2hot2handle}
000083.jpg,1950137,4ca74883,\2017-10\2017-10-21 - 2hot2handle\,{KM04~2017-10~EB3027F2~21 - 2hot2handle}
000084.jpg,4185475,8837bf64,\2017-10\2017-10-21 - 2hot2handle\,{KM04~2017-10~EB3027F2~21 - 2hot2handle}
000085.jpg,5938820,1f575015,\2017-10\2017-10-21 - 2hot2handle\,{KM04~2017-10~EB3027F2~21 - 2hot2handle}
000086.jpg,6034466,1bb89035,\2017-10\2017-10-21 - 2hot2handle\,{KM04~2017-10~EB3027F2~21 - 2hot2handle}
000087.jpg,2062180,153af5b1,\2017-10\2017-10-21 - 2hot2handle\,{KM04~2017-10~EB3027F2~21 - 2hot2handle}
000088.jpg,5678177,06fa32ff,\2017-10\2017-10-21 - 2hot2handle\,{KM04~2017-10~EB3027F2~21 - 2hot2handle}
000089.jpg,2048966,7777abbb,\2017-10\2017-10-21 - 2hot2handle\,{KM04~2017-10~EB3027F2~21 - 2hot2handle}
000090.jpg,6104634,db6a4210,\2017-10\2017-10-21 - 2hot2handle\,{KM04~2017-10~EB3027F2~21 - 2hot2handle}
000091.jpg,1884625,607f74b7,\2017-10\2017-10-21 - 2hot2handle\,{KM04~2017-10~EB3027F2~21 - 2hot2handle}
000092.jpg,4203795,4502b23f,\2017-10\2017-10-21 - 2hot2handle\,{KM04~2017-10~EB3027F2~21 - 2hot2handle}
000093.jpg,5519326,45e9bba0,\2017-10\2017-10-21 - 2hot2handle\,{KM04~2017-10~EB3027F2~21 - 2hot2handle}
000094.jpg,5326438,be70428f,\2017-10\2017-10-21 - 2hot2handle\,{KM04~2017-10~EB3027F2~21 - 2hot2handle}
000095.jpg,3910390,8b4d12ee,\2017-10\2017-10-21 - 2hot2handle\,{KM04~2017-10~EB3027F2~21 - 2hot2handle}
000096.jpg,4091152,1f1a6f1d,\2017-10\2017-10-21 - 2hot2handle\,{KM04~2017-10~EB3027F2~21 - 2hot2handle}
000097.jpg,5983366,26ded526,\2017-10\2017-10-21 - 2hot2handle\,{KM04~2017-10~EB3027F2~21 - 2hot2handle}
000098.jpg,5793378,b81650ee,\2017-10\2017-10-21 - 2hot2handle\,{KM04~2017-10~EB3027F2~21 - 2hot2handle}
000099.jpg,5783002,f1d53717,\2017-10\2017-10-21 - 2hot2handle\,{KM04~2017-10~EB3027F2~21 - 2hot2handle}
000100.jpg,4139894,d169b942,\2017-10\2017-10-21 - 2hot2handle\,{KM04~2017-10~EB3027F2~21 - 2hot2handle}
000101.jpg,5634204,12095d22,\2017-10\2017-10-21 - 2hot2handle\,{KM04~2017-10~EB3027F2~21 - 2hot2handle}
000102.jpg,5881845,0b549a2c,\2017-10\2017-10-21 - 2hot2handle\,{KM04~2017-10~EB3027F2~21 - 2hot2handle}
000103.jpg,1221663,f898d9bd,\2017-10\2017-10-21 - 2hot2handle\,{KM04~2017-10~EB3027F2~21 - 2hot2handle}
000104.jpg,1220926,ce1530bb,\2017-10\2017-10-21 - 2hot2handle\,{KM04~2017-10~EB3027F2~21 - 2hot2handle}
000105.jpg,5528862,625fe51e,\2017-10\2017-10-21 - 2hot2handle\,{KM04~2017-10~EB3027F2~21 - 2hot2handle}
000106.jpg,4941440,8a9478bd,\2017-10\2017-10-21 - 2hot2handle\,{KM04~2017-10~EB3027F2~21 - 2hot2handle}
000107.jpg,5572621,7985f5cb,\2017-10\2017-10-21 - 2hot2handle\,{KM04~2017-10~EB3027F2~21 - 2hot2handle}
000108.jpg,2578336,1a176b5c,\2017-10\2017-10-21 - 2hot2handle\,{KM04~2017-10~EB3027F2~21 - 2hot2handle}
000109.jpg,5472542,8b582210,\2017-10\2017-10-21 - 2hot2handle\,{KM04~2017-10~EB3027F2~21 - 2hot2handle}
000110.jpg,5124974,2736efa3,\2017-10\2017-10-21 - 2hot2handle\,{KM04~2017-10~EB3027F2~21 - 2hot2handle}
000111.jpg,7815034,904169ba,\2017-10\2017-10-21 - 2hot2handle\,{KM04~2017-10~EB3027F2~21 - 2hot2handle}
000112.jpg,4620978,82ffc31a,\2017-10\2017-10-21 - 2hot2handle\,{KM04~2017-10~EB3027F2~21 - 2hot2handle}
000113.jpg,7951859,892d864c,\2017-10\2017-10-21 - 2hot2handle\,{KM04~2017-10~EB3027F2~21 - 2hot2handle}
000114.jpg,2209657,97db5c70,\2017-10\2017-10-21 - 2hot2handle\,{KM04~2017-10~EB3027F2~21 - 2hot2handle}
000115.jpg,2772857,55b15209,\2017-10\2017-10-21 - 2hot2handle\,{KM04~2017-10~EB3027F2~21 - 2hot2handle}
000116.jpg,6643431,c565ab31,\2017-10\2017-10-21 - 2hot2handle\,{KM04~2017-10~EB3027F2~21 - 2hot2handle}
000117.jpg,950556,9483db96,\2017-10\2017-10-21 - 2hot2handle\,{KM04~2017-10~EB3027F2~21 - 2hot2handle}
000118.jpg,2138686,6b6ae752,\2017-10\2017-10-21 - 2hot2handle\,{KM04~2017-10~EB3027F2~21 - 2hot2handle}
000119.jpg,2003311,0bb03093,\2017-10\2017-10-21 - 2hot2handle\,{KM04~2017-10~EB3027F2~21 - 2hot2handle}
000120.jpg,2005804,5d557a2a,\2017-10\2017-10-21 - 2hot2handle\,{KM04~2017-10~EB3027F2~21 - 2hot2handle}
000121.jpg,2438132,3aad2db1,\2017-10\2017-10-21 - 2hot2handle\,{KM04~2017-10~EB3027F2~21 - 2hot2handle}
000122.jpg,1147331,b0919826,\2017-10\2017-10-21 - 2hot2handle\,{KM04~2017-10~EB3027F2~21 - 2hot2handle}
000123.jpg,1985039,35c14c9a,\2017-10\2017-10-21 - 2hot2handle\,{KM04~2017-10~EB3027F2~21 - 2hot2handle}
000124.jpg,2590665,e7ce7c83,\2017-10\2017-10-21 - 2hot2handle\,{KM04~2017-10~EB3027F2~21 - 2hot2handle}
000125.jpg,1166498,032e3744,\2017-10\2017-10-21 - 2hot2handle\,{KM04~2017-10~EB3027F2~21 - 2hot2handle}
000126.jpg,4016259,dcee011a,\2017-10\2017-10-21 - 2hot2handle\,{KM04~2017-10~EB3027F2~21 - 2hot2handle}
000127.jpg,2331364,01ed6373,\2017-10\2017-10-21 - 2hot2handle\,{KM04~2017-10~EB3027F2~21 - 2hot2handle}
000128.jpg,3770849,5f791920,\2017-10\2017-10-21 - 2hot2handle\,{KM04~2017-10~EB3027F2~21 - 2hot2handle}
000129.jpg,3145632,2bb07a04,\2017-10\2017-10-21 - 2hot2handle\,{KM04~2017-10~EB3027F2~21 - 2hot2handle}
000130.jpg,4081649,98e2cdd6,\2017-10\2017-10-21 - 2hot2handle\,{KM04~2017-10~EB3027F2~21 - 2hot2handle}
000131.jpg,4063633,85d37d77,\2017-10\2017-10-21 - 2hot2handle\,{KM04~2017-10~EB3027F2~21 - 2hot2handle}
000132.jpg,6854440,1747988b,\2017-10\2017-10-21 - 2hot2handle\,{KM04~2017-10~EB3027F2~21 - 2hot2handle}
000133.jpg,3996444,bd555a21,\2017-10\2017-10-21 - 2hot2handle\,{KM04~2017-10~EB3027F2~21 - 2hot2handle}
000134.jpg,2276775,58906911,\2017-10\2017-10-21 - 2hot2handle\,{KM04~2017-10~EB3027F2~21 - 2hot2handle}
000135.jpg,2200842,bc49c555,\2017-10\2017-10-21 - 2hot2handle\,{KM04~2017-10~EB3027F2~21 - 2hot2handle}
000136.jpg,3635898,60d05b67,\2017-10\2017-10-21 - 2hot2handle\,{KM04~2017-10~EB3027F2~21 - 2hot2handle}
000137.jpg,2189714,076c61b3,\2017-10\2017-10-21 - 2hot2handle\,{KM04~2017-10~EB3027F2~21 - 2hot2handle}
000138.jpg,2389580,d5618da5,\2017-10\2017-10-21 - 2hot2handle\,{KM04~2017-10~EB3027F2~21 - 2hot2handle}
000139.jpg,2356419,ef0576e5,\2017-10\2017-10-21 - 2hot2handle\,{KM04~2017-10~EB3027F2~21 - 2hot2handle}
000140.jpg,6849072,220949f8,\2017-10\2017-10-21 - 2hot2handle\,{KM04~2017-10~EB3027F2~21 - 2hot2handle}
000141.jpg,6839495,50a0bc7f,\2017-10\2017-10-21 - 2hot2handle\,{KM04~2017-10~EB3027F2~21 - 2hot2handle}
000142.jpg,6790155,e9838859,\2017-10\2017-10-21 - 2hot2handle\,{KM04~2017-10~EB3027F2~21 - 2hot2handle}
000143.jpg,6691534,265268ce,\2017-10\2017-10-21 - 2hot2handle\,{KM04~2017-10~EB3027F2~21 - 2hot2handle}
000144.jpg,3880047,a79ab762,\2017-10\2017-10-21 - 2hot2handle\,{KM04~2017-10~EB3027F2~21 - 2hot2handle}
000145.jpg,2422378,cff9cabc,\2017-10\2017-10-21 - 2hot2handle\,{KM04~2017-10~EB3027F2~21 - 2hot2handle}
000146.jpg,6809581,66b3c62b,\2017-10\2017-10-21 - 2hot2handle\,{KM04~2017-10~EB3027F2~21 - 2hot2handle}
000147.jpg,2366876,f4df0496,\2017-10\2017-10-21 - 2hot2handle\,{KM04~2017-10~EB3027F2~21 - 2hot2handle}
000148.jpg,6915412,a29c5205,\2017-10\2017-10-21 - 2hot2handle\,{KM04~2017-10~EB3027F2~21 - 2hot2handle}
000149.jpg,2711567,dff67fa8,\2017-10\2017-10-21 - 2hot2handle\,{KM04~2017-10~EB3027F2~21 - 2hot2handle}
000150.jpg,2516180,b6415055,\2017-10\2017-10-21 - 2hot2handle\,{KM04~2017-10~EB3027F2~21 - 2hot2handle}
000151.jpg,6975754,018faf22,\2017-10\2017-10-21 - 2hot2handle\,{KM04~2017-10~EB3027F2~21 - 2hot2handle}
000152.jpg,5749150,ff94690f,\2017-10\2017-10-21 - 2hot2handle\,{KM04~2017-10~EB3027F2~21 - 2hot2handle}
000153.jpg,7425924,68f16889,\2017-10\2017-10-21 - 2hot2handle\,{KM04~2017-10~EB3027F2~21 - 2hot2handle}
000154.jpg,6610848,a31f0dac,\2017-10\2017-10-21 - 2hot2handle\,{KM04~2017-10~EB3027F2~21 - 2hot2handle}
000155.jpg,7364399,3b9ea9d3,\2017-10\2017-10-21 - 2hot2handle\,{KM04~2017-10~EB3027F2~21 - 2hot2handle}
000156.jpg,2384832,0d2c8c17,\2017-10\2017-10-21 - 2hot2handle\,{KM04~2017-10~EB3027F2~21 - 2hot2handle}
000157.jpg,3912618,b7931cf6,\2017-10\2017-10-21 - 2hot2handle\,{KM04~2017-10~EB3027F2~21 - 2hot2handle}
000158.jpg,6516749,9e3b2397,\2017-10\2017-10-21 - 2hot2handle\,{KM04~2017-10~EB3027F2~21 - 2hot2handle}
000159.jpg,6190335,9d72b4ba,\2017-10\2017-10-21 - 2hot2handle\,{KM04~2017-10~EB3027F2~21 - 2hot2handle}
000000.jpg,7201156,9a747c23,\2017-11\2017-11-04 - Kylie Loves Bubblebaths\,{KM04~2017-11~8BDE4A97~04 - Kylie loves bubblebaths}
000001.jpg,7446420,d79003a8,\2017-11\2017-11-04 - Kylie Loves Bubblebaths\,{KM04~2017-11~8BDE4A97~04 - Kylie loves bubblebaths}
000002.jpg,7819997,be8420a8,\2017-11\2017-11-04 - Kylie Loves Bubblebaths\,{KM04~2017-11~8BDE4A97~04 - Kylie loves bubblebaths}
000003.jpg,7958764,dc591e40,\2017-11\2017-11-04 - Kylie Loves Bubblebaths\,{KM04~2017-11~8BDE4A97~04 - Kylie loves bubblebaths}
000004.jpg,7897547,26a0aaa8,\2017-11\2017-11-04 - Kylie Loves Bubblebaths\,{KM04~2017-11~8BDE4A97~04 - Kylie loves bubblebaths}
000005.jpg,7833092,aef0db1c,\2017-11\2017-11-04 - Kylie Loves Bubblebaths\,{KM04~2017-11~8BDE4A97~04 - Kylie loves bubblebaths}
000006.jpg,7900227,7ec22847,\2017-11\2017-11-04 - Kylie Loves Bubblebaths\,{KM04~2017-11~8BDE4A97~04 - Kylie loves bubblebaths}
000007.jpg,7297872,69925b82,\2017-11\2017-11-04 - Kylie Loves Bubblebaths\,{KM04~2017-11~8BDE4A97~04 - Kylie loves bubblebaths}
000008.jpg,5964450,fe07b8fa,\2017-11\2017-11-04 - Kylie Loves Bubblebaths\,{KM04~2017-11~8BDE4A97~04 - Kylie loves bubblebaths}
000009.jpg,8278617,2c6e10ab,\2017-11\2017-11-04 - Kylie Loves Bubblebaths\,{KM04~2017-11~8BDE4A97~04 - Kylie loves bubblebaths}
000010.jpg,7744147,491327d1,\2017-11\2017-11-04 - Kylie Loves Bubblebaths\,{KM04~2017-11~8BDE4A97~04 - Kylie loves bubblebaths}
000011.jpg,7924104,0f651e12,\2017-11\2017-11-04 - Kylie Loves Bubblebaths\,{KM04~2017-11~8BDE4A97~04 - Kylie loves bubblebaths}
000012.jpg,6199837,1ac1e745,\2017-11\2017-11-04 - Kylie Loves Bubblebaths\,{KM04~2017-11~8BDE4A97~04 - Kylie loves bubblebaths}
000013.jpg,8129596,59f6f66d,\2017-11\2017-11-04 - Kylie Loves Bubblebaths\,{KM04~2017-11~8BDE4A97~04 - Kylie loves bubblebaths}
000014.jpg,7430681,7cbc3f1a,\2017-11\2017-11-04 - Kylie Loves Bubblebaths\,{KM04~2017-11~8BDE4A97~04 - Kylie loves bubblebaths}
000015.jpg,8421433,ae6270d2,\2017-11\2017-11-04 - Kylie Loves Bubblebaths\,{KM04~2017-11~8BDE4A97~04 - Kylie loves bubblebaths}
000016.jpg,7684120,7597326d,\2017-11\2017-11-04 - Kylie Loves Bubblebaths\,{KM04~2017-11~8BDE4A97~04 - Kylie loves bubblebaths}
000017.jpg,8013483,9e3accd9,\2017-11\2017-11-04 - Kylie Loves Bubblebaths\,{KM04~2017-11~8BDE4A97~04 - Kylie loves bubblebaths}
000018.jpg,8734568,e3c69fd1,\2017-11\2017-11-04 - Kylie Loves Bubblebaths\,{KM04~2017-11~8BDE4A97~04 - Kylie loves bubblebaths}
000019.jpg,8412033,6eef3e9e,\2017-11\2017-11-04 - Kylie Loves Bubblebaths\,{KM04~2017-11~8BDE4A97~04 - Kylie loves bubblebaths}
000020.jpg,8332774,09605c0f,\2017-11\2017-11-04 - Kylie Loves Bubblebaths\,{KM04~2017-11~8BDE4A97~04 - Kylie loves bubblebaths}
000021.jpg,8374027,2b7473c2,\2017-11\2017-11-04 - Kylie Loves Bubblebaths\,{KM04~2017-11~8BDE4A97~04 - Kylie loves bubblebaths}
000022.jpg,8267358,e20a9a02,\2017-11\2017-11-04 - Kylie Loves Bubblebaths\,{KM04~2017-11~8BDE4A97~04 - Kylie loves bubblebaths}
000023.jpg,7243807,2116b41c,\2017-11\2017-11-04 - Kylie Loves Bubblebaths\,{KM04~2017-11~8BDE4A97~04 - Kylie loves bubblebaths}
000024.jpg,7363401,3e999490,\2017-11\2017-11-04 - Kylie Loves Bubblebaths\,{KM04~2017-11~8BDE4A97~04 - Kylie loves bubblebaths}
000025.jpg,7596251,fd066b21,\2017-11\2017-11-04 - Kylie Loves Bubblebaths\,{KM04~2017-11~8BDE4A97~04 - Kylie loves bubblebaths}
000026.jpg,8782681,65e89993,\2017-11\2017-11-04 - Kylie Loves Bubblebaths\,{KM04~2017-11~8BDE4A97~04 - Kylie loves bubblebaths}
000027.jpg,7786139,d3bf4ee6,\2017-11\2017-11-04 - Kylie Loves Bubblebaths\,{KM04~2017-11~8BDE4A97~04 - Kylie loves bubblebaths}
000028.jpg,8808846,ac9247a1,\2017-11\2017-11-04 - Kylie Loves Bubblebaths\,{KM04~2017-11~8BDE4A97~04 - Kylie loves bubblebaths}
000029.jpg,8452613,b504c45a,\2017-11\2017-11-04 - Kylie Loves Bubblebaths\,{KM04~2017-11~8BDE4A97~04 - Kylie loves bubblebaths}
000030.jpg,8435782,c3036c54,\2017-11\2017-11-04 - Kylie Loves Bubblebaths\,{KM04~2017-11~8BDE4A97~04 - Kylie loves bubblebaths}
000031.jpg,8610957,63a601ca,\2017-11\2017-11-04 - Kylie Loves Bubblebaths\,{KM04~2017-11~8BDE4A97~04 - Kylie loves bubblebaths}
000032.jpg,8513016,3b298103,\2017-11\2017-11-04 - Kylie Loves Bubblebaths\,{KM04~2017-11~8BDE4A97~04 - Kylie loves bubblebaths}
000033.jpg,8884925,176632e1,\2017-11\2017-11-04 - Kylie Loves Bubblebaths\,{KM04~2017-11~8BDE4A97~04 - Kylie loves bubblebaths}
000034.jpg,8657323,6010574d,\2017-11\2017-11-04 - Kylie Loves Bubblebaths\,{KM04~2017-11~8BDE4A97~04 - Kylie loves bubblebaths}
000035.jpg,8681840,b66a8ea2,\2017-11\2017-11-04 - Kylie Loves Bubblebaths\,{KM04~2017-11~8BDE4A97~04 - Kylie loves bubblebaths}
000036.jpg,8775529,925badda,\2017-11\2017-11-04 - Kylie Loves Bubblebaths\,{KM04~2017-11~8BDE4A97~04 - Kylie loves bubblebaths}
000037.jpg,7387859,5cd8bbd0,\2017-11\2017-11-04 - Kylie Loves Bubblebaths\,{KM04~2017-11~8BDE4A97~04 - Kylie loves bubblebaths}
000038.jpg,8921722,81468d8e,\2017-11\2017-11-04 - Kylie Loves Bubblebaths\,{KM04~2017-11~8BDE4A97~04 - Kylie loves bubblebaths}
000039.jpg,9098988,0b92b40a,\2017-11\2017-11-04 - Kylie Loves Bubblebaths\,{KM04~2017-11~8BDE4A97~04 - Kylie loves bubblebaths}
000040.jpg,9306936,f870828b,\2017-11\2017-11-04 - Kylie Loves Bubblebaths\,{KM04~2017-11~8BDE4A97~04 - Kylie loves bubblebaths}
000041.jpg,9901174,db5ebf6c,\2017-11\2017-11-04 - Kylie Loves Bubblebaths\,{KM04~2017-11~8BDE4A97~04 - Kylie loves bubblebaths}
000042.jpg,9703293,16fac4e7,\2017-11\2017-11-04 - Kylie Loves Bubblebaths\,{KM04~2017-11~8BDE4A97~04 - Kylie loves bubblebaths}
000043.jpg,9443510,bc37e92c,\2017-11\2017-11-04 - Kylie Loves Bubblebaths\,{KM04~2017-11~8BDE4A97~04 - Kylie loves bubblebaths}
000044.jpg,1546081,59f80467,\2017-11\2017-11-04 - Kylie Loves Bubblebaths\,{KM04~2017-11~8BDE4A97~04 - Kylie loves bubblebaths}
000045.jpg,3952811,012b6392,\2017-11\2017-11-04 - Kylie Loves Bubblebaths\,{KM04~2017-11~8BDE4A97~04 - Kylie loves bubblebaths}
000046.jpg,9312554,b1d959b0,\2017-11\2017-11-04 - Kylie Loves Bubblebaths\,{KM04~2017-11~8BDE4A97~04 - Kylie loves bubblebaths}
000047.jpg,10752061,c4acb879,\2017-11\2017-11-04 - Kylie Loves Bubblebaths\,{KM04~2017-11~8BDE4A97~04 - Kylie loves bubblebaths}
000048.jpg,9578832,2bbc178e,\2017-11\2017-11-04 - Kylie Loves Bubblebaths\,{KM04~2017-11~8BDE4A97~04 - Kylie loves bubblebaths}
000049.jpg,6863187,88b0f989,\2017-11\2017-11-04 - Kylie Loves Bubblebaths\,{KM04~2017-11~8BDE4A97~04 - Kylie loves bubblebaths}
000050.jpg,8921328,505f9a39,\2017-11\2017-11-04 - Kylie Loves Bubblebaths\,{KM04~2017-11~8BDE4A97~04 - Kylie loves bubblebaths}
000051.jpg,9066268,05dec868,\2017-11\2017-11-04 - Kylie Loves Bubblebaths\,{KM04~2017-11~8BDE4A97~04 - Kylie loves bubblebaths}
000052.jpg,3401262,e6c9cba7,\2017-11\2017-11-04 - Kylie Loves Bubblebaths\,{KM04~2017-11~8BDE4A97~04 - Kylie loves bubblebaths}
000053.jpg,3368792,3277c3cf,\2017-11\2017-11-04 - Kylie Loves Bubblebaths\,{KM04~2017-11~8BDE4A97~04 - Kylie loves bubblebaths}
000054.jpg,7956387,0dff46b1,\2017-11\2017-11-04 - Kylie Loves Bubblebaths\,{KM04~2017-11~8BDE4A97~04 - Kylie loves bubblebaths}
000055.jpg,9712363,2957c096,\2017-11\2017-11-04 - Kylie Loves Bubblebaths\,{KM04~2017-11~8BDE4A97~04 - Kylie loves bubblebaths}
000056.jpg,8448023,7d63d183,\2017-11\2017-11-04 - Kylie Loves Bubblebaths\,{KM04~2017-11~8BDE4A97~04 - Kylie loves bubblebaths}
000057.jpg,8231151,09f41495,\2017-11\2017-11-04 - Kylie Loves Bubblebaths\,{KM04~2017-11~8BDE4A97~04 - Kylie loves bubblebaths}
000058.jpg,9971654,1d1e8ac0,\2017-11\2017-11-04 - Kylie Loves Bubblebaths\,{KM04~2017-11~8BDE4A97~04 - Kylie loves bubblebaths}
000059.jpg,8787374,b835aba8,\2017-11\2017-11-04 - Kylie Loves Bubblebaths\,{KM04~2017-11~8BDE4A97~04 - Kylie loves bubblebaths}
000060.jpg,8523303,826df68d,\2017-11\2017-11-04 - Kylie Loves Bubblebaths\,{KM04~2017-11~8BDE4A97~04 - Kylie loves bubblebaths}
000061.jpg,8335475,778fc68e,\2017-11\2017-11-04 - Kylie Loves Bubblebaths\,{KM04~2017-11~8BDE4A97~04 - Kylie loves bubblebaths}
000062.jpg,9455208,c306c9de,\2017-11\2017-11-04 - Kylie Loves Bubblebaths\,{KM04~2017-11~8BDE4A97~04 - Kylie loves bubblebaths}
000063.jpg,10738366,ef414692,\2017-11\2017-11-04 - Kylie Loves Bubblebaths\,{KM04~2017-11~8BDE4A97~04 - Kylie loves bubblebaths}
000064.jpg,8459395,1fae980c,\2017-11\2017-11-04 - Kylie Loves Bubblebaths\,{KM04~2017-11~8BDE4A97~04 - Kylie loves bubblebaths}
000065.jpg,11409029,c7725533,\2017-11\2017-11-04 - Kylie Loves Bubblebaths\,{KM04~2017-11~8BDE4A97~04 - Kylie loves bubblebaths}
000066.jpg,9931645,b16a3269,\2017-11\2017-11-04 - Kylie Loves Bubblebaths\,{KM04~2017-11~8BDE4A97~04 - Kylie loves bubblebaths}
000067.jpg,11387616,e875af49,\2017-11\2017-11-04 - Kylie Loves Bubblebaths\,{KM04~2017-11~8BDE4A97~04 - Kylie loves bubblebaths}
000068.jpg,9124739,f016dfa4,\2017-11\2017-11-04 - Kylie Loves Bubblebaths\,{KM04~2017-11~8BDE4A97~04 - Kylie loves bubblebaths}
000069.jpg,9353118,827e5af7,\2017-11\2017-11-04 - Kylie Loves Bubblebaths\,{KM04~2017-11~8BDE4A97~04 - Kylie loves bubblebaths}
000070.jpg,10514451,d675bfce,\2017-11\2017-11-04 - Kylie Loves Bubblebaths\,{KM04~2017-11~8BDE4A97~04 - Kylie loves bubblebaths}
000071.jpg,10255698,c1d411ea,\2017-11\2017-11-04 - Kylie Loves Bubblebaths\,{KM04~2017-11~8BDE4A97~04 - Kylie loves bubblebaths}
000072.jpg,11886334,e536bf7e,\2017-11\2017-11-04 - Kylie Loves Bubblebaths\,{KM04~2017-11~8BDE4A97~04 - Kylie loves bubblebaths}
000073.jpg,3437644,c8bd45bf,\2017-11\2017-11-04 - Kylie Loves Bubblebaths\,{KM04~2017-11~8BDE4A97~04 - Kylie loves bubblebaths}
000074.jpg,8688793,000f6ff6,\2017-11\2017-11-04 - Kylie Loves Bubblebaths\,{KM04~2017-11~8BDE4A97~04 - Kylie loves bubblebaths}
000075.jpg,7763084,70273d40,\2017-11\2017-11-04 - Kylie Loves Bubblebaths\,{KM04~2017-11~8BDE4A97~04 - Kylie loves bubblebaths}
000076.jpg,9064522,13d0b7bc,\2017-11\2017-11-04 - Kylie Loves Bubblebaths\,{KM04~2017-11~8BDE4A97~04 - Kylie loves bubblebaths}
000077.jpg,9102921,b39ba93c,\2017-11\2017-11-04 - Kylie Loves Bubblebaths\,{KM04~2017-11~8BDE4A97~04 - Kylie loves bubblebaths}
000078.jpg,2820888,ea031d50,\2017-11\2017-11-04 - Kylie Loves Bubblebaths\,{KM04~2017-11~8BDE4A97~04 - Kylie loves bubblebaths}
000079.jpg,6806063,44e619f0,\2017-11\2017-11-04 - Kylie Loves Bubblebaths\,{KM04~2017-11~8BDE4A97~04 - Kylie loves bubblebaths}
000080.jpg,2186493,940f8ba0,\2017-11\2017-11-04 - Kylie Loves Bubblebaths\,{KM04~2017-11~8BDE4A97~04 - Kylie loves bubblebaths}
000081.jpg,7761057,b8567d4f,\2017-11\2017-11-04 - Kylie Loves Bubblebaths\,{KM04~2017-11~8BDE4A97~04 - Kylie loves bubblebaths}
000082.jpg,5611821,18b7db38,\2017-11\2017-11-04 - Kylie Loves Bubblebaths\,{KM04~2017-11~8BDE4A97~04 - Kylie loves bubblebaths}
000083.jpg,7059063,fb36fb92,\2017-11\2017-11-04 - Kylie Loves Bubblebaths\,{KM04~2017-11~8BDE4A97~04 - Kylie loves bubblebaths}
000084.jpg,8293373,7d167455,\2017-11\2017-11-04 - Kylie Loves Bubblebaths\,{KM04~2017-11~8BDE4A97~04 - Kylie loves bubblebaths}
000085.jpg,2996334,f36d39f3,\2017-11\2017-11-04 - Kylie Loves Bubblebaths\,{KM04~2017-11~8BDE4A97~04 - Kylie loves bubblebaths}
000086.jpg,8107190,dd4003b2,\2017-11\2017-11-04 - Kylie Loves Bubblebaths\,{KM04~2017-11~8BDE4A97~04 - Kylie loves bubblebaths}
000087.jpg,6994925,111c97d0,\2017-11\2017-11-04 - Kylie Loves Bubblebaths\,{KM04~2017-11~8BDE4A97~04 - Kylie loves bubblebaths}
000088.jpg,7951624,3eac4a41,\2017-11\2017-11-04 - Kylie Loves Bubblebaths\,{KM04~2017-11~8BDE4A97~04 - Kylie loves bubblebaths}
000089.jpg,7273205,3e5cea09,\2017-11\2017-11-04 - Kylie Loves Bubblebaths\,{KM04~2017-11~8BDE4A97~04 - Kylie loves bubblebaths}
000090.jpg,8036586,8318f7b5,\2017-11\2017-11-04 - Kylie Loves Bubblebaths\,{KM04~2017-11~8BDE4A97~04 - Kylie loves bubblebaths}
000091.jpg,6177501,dc794195,\2017-11\2017-11-04 - Kylie Loves Bubblebaths\,{KM04~2017-11~8BDE4A97~04 - Kylie loves bubblebaths}
000092.jpg,8710601,a5f8ebc8,\2017-11\2017-11-04 - Kylie Loves Bubblebaths\,{KM04~2017-11~8BDE4A97~04 - Kylie loves bubblebaths}
000093.jpg,5519665,6dbfb027,\2017-11\2017-11-04 - Kylie Loves Bubblebaths\,{KM04~2017-11~8BDE4A97~04 - Kylie loves bubblebaths}
000094.jpg,5858570,5b118124,\2017-11\2017-11-04 - Kylie Loves Bubblebaths\,{KM04~2017-11~8BDE4A97~04 - Kylie loves bubblebaths}
000095.jpg,7412465,a906ab48,\2017-11\2017-11-04 - Kylie Loves Bubblebaths\,{KM04~2017-11~8BDE4A97~04 - Kylie loves bubblebaths}
000096.jpg,5863148,6ee2b613,\2017-11\2017-11-04 - Kylie Loves Bubblebaths\,{KM04~2017-11~8BDE4A97~04 - Kylie loves bubblebaths}
000097.jpg,8185465,79066fa7,\2017-11\2017-11-04 - Kylie Loves Bubblebaths\,{KM04~2017-11~8BDE4A97~04 - Kylie loves bubblebaths}
000098.jpg,5861748,fc08de30,\2017-11\2017-11-04 - Kylie Loves Bubblebaths\,{KM04~2017-11~8BDE4A97~04 - Kylie loves bubblebaths}
000099.jpg,6218619,504736a6,\2017-11\2017-11-04 - Kylie Loves Bubblebaths\,{KM04~2017-11~8BDE4A97~04 - Kylie loves bubblebaths}
000100.jpg,6270064,f5c4276e,\2017-11\2017-11-04 - Kylie Loves Bubblebaths\,{KM04~2017-11~8BDE4A97~04 - Kylie loves bubblebaths}
000101.jpg,6304533,bb6a98e2,\2017-11\2017-11-04 - Kylie Loves Bubblebaths\,{KM04~2017-11~8BDE4A97~04 - Kylie loves bubblebaths}
000102.jpg,6258063,3b732531,\2017-11\2017-11-04 - Kylie Loves Bubblebaths\,{KM04~2017-11~8BDE4A97~04 - Kylie loves bubblebaths}
000103.jpg,7006869,312da9ed,\2017-11\2017-11-04 - Kylie Loves Bubblebaths\,{KM04~2017-11~8BDE4A97~04 - Kylie loves bubblebaths}
000104.jpg,6342723,c12121f3,\2017-11\2017-11-04 - Kylie Loves Bubblebaths\,{KM04~2017-11~8BDE4A97~04 - Kylie loves bubblebaths}
000105.jpg,6823102,5fb2d773,\2017-11\2017-11-04 - Kylie Loves Bubblebaths\,{KM04~2017-11~8BDE4A97~04 - Kylie loves bubblebaths}
000106.jpg,6613291,ebf82114,\2017-11\2017-11-04 - Kylie Loves Bubblebaths\,{KM04~2017-11~8BDE4A97~04 - Kylie loves bubblebaths}
000107.jpg,6588973,ebb555e4,\2017-11\2017-11-04 - Kylie Loves Bubblebaths\,{KM04~2017-11~8BDE4A97~04 - Kylie loves bubblebaths}
000108.jpg,6065906,fe76493b,\2017-11\2017-11-04 - Kylie Loves Bubblebaths\,{KM04~2017-11~8BDE4A97~04 - Kylie loves bubblebaths}
000109.jpg,7023647,b5fd2a6c,\2017-11\2017-11-04 - Kylie Loves Bubblebaths\,{KM04~2017-11~8BDE4A97~04 - Kylie loves bubblebaths}
000110.jpg,6669005,98f917da,\2017-11\2017-11-04 - Kylie Loves Bubblebaths\,{KM04~2017-11~8BDE4A97~04 - Kylie loves bubblebaths}
000111.jpg,7302858,cd5262af,\2017-11\2017-11-04 - Kylie Loves Bubblebaths\,{KM04~2017-11~8BDE4A97~04 - Kylie loves bubblebaths}
000112.jpg,6540824,c65793d5,\2017-11\2017-11-04 - Kylie Loves Bubblebaths\,{KM04~2017-11~8BDE4A97~04 - Kylie loves bubblebaths}
000113.jpg,5779410,d96b98ba,\2017-11\2017-11-04 - Kylie Loves Bubblebaths\,{KM04~2017-11~8BDE4A97~04 - Kylie loves bubblebaths}
000114.jpg,6515447,a107da50,\2017-11\2017-11-04 - Kylie Loves Bubblebaths\,{KM04~2017-11~8BDE4A97~04 - Kylie loves bubblebaths}
000115.jpg,6252590,3ff348b2,\2017-11\2017-11-04 - Kylie Loves Bubblebaths\,{KM04~2017-11~8BDE4A97~04 - Kylie loves bubblebaths}
000116.jpg,6528372,2f236e67,\2017-11\2017-11-04 - Kylie Loves Bubblebaths\,{KM04~2017-11~8BDE4A97~04 - Kylie loves bubblebaths}
000117.jpg,6478395,971b00bd,\2017-11\2017-11-04 - Kylie Loves Bubblebaths\,{KM04~2017-11~8BDE4A97~04 - Kylie loves bubblebaths}
000118.jpg,6042434,1cfbeba1,\2017-11\2017-11-04 - Kylie Loves Bubblebaths\,{KM04~2017-11~8BDE4A97~04 - Kylie loves bubblebaths}
000119.jpg,6057155,1e354447,\2017-11\2017-11-04 - Kylie Loves Bubblebaths\,{KM04~2017-11~8BDE4A97~04 - Kylie loves bubblebaths}
000120.jpg,6237065,e61f0f1b,\2017-11\2017-11-04 - Kylie Loves Bubblebaths\,{KM04~2017-11~8BDE4A97~04 - Kylie loves bubblebaths}
000121.jpg,6696037,d4ab8b27,\2017-11\2017-11-04 - Kylie Loves Bubblebaths\,{KM04~2017-11~8BDE4A97~04 - Kylie loves bubblebaths}
000122.jpg,6575132,73fdbcfd,\2017-11\2017-11-04 - Kylie Loves Bubblebaths\,{KM04~2017-11~8BDE4A97~04 - Kylie loves bubblebaths}
000123.jpg,6732867,03997c1d,\2017-11\2017-11-04 - Kylie Loves Bubblebaths\,{KM04~2017-11~8BDE4A97~04 - Kylie loves bubblebaths}
000124.jpg,6580715,3b0da307,\2017-11\2017-11-04 - Kylie Loves Bubblebaths\,{KM04~2017-11~8BDE4A97~04 - Kylie loves bubblebaths}
000125.jpg,6793901,666cae3d,\2017-11\2017-11-04 - Kylie Loves Bubblebaths\,{KM04~2017-11~8BDE4A97~04 - Kylie loves bubblebaths}
000126.jpg,7373999,165220bc,\2017-11\2017-11-04 - Kylie Loves Bubblebaths\,{KM04~2017-11~8BDE4A97~04 - Kylie loves bubblebaths}
000127.jpg,7407592,f83d05b8,\2017-11\2017-11-04 - Kylie Loves Bubblebaths\,{KM04~2017-11~8BDE4A97~04 - Kylie loves bubblebaths}
000128.jpg,6699284,9551671a,\2017-11\2017-11-04 - Kylie Loves Bubblebaths\,{KM04~2017-11~8BDE4A97~04 - Kylie loves bubblebaths}
000129.jpg,7292770,33c52773,\2017-11\2017-11-04 - Kylie Loves Bubblebaths\,{KM04~2017-11~8BDE4A97~04 - Kylie loves bubblebaths}
000130.jpg,7387075,564bc269,\2017-11\2017-11-04 - Kylie Loves Bubblebaths\,{KM04~2017-11~8BDE4A97~04 - Kylie loves bubblebaths}
000131.jpg,7461964,46ea7c46,\2017-11\2017-11-04 - Kylie Loves Bubblebaths\,{KM04~2017-11~8BDE4A97~04 - Kylie loves bubblebaths}
000132.jpg,6533843,d88e635d,\2017-11\2017-11-04 - Kylie Loves Bubblebaths\,{KM04~2017-11~8BDE4A97~04 - Kylie loves bubblebaths}
000133.jpg,6689900,09ce28a1,\2017-11\2017-11-04 - Kylie Loves Bubblebaths\,{KM04~2017-11~8BDE4A97~04 - Kylie loves bubblebaths}
000134.jpg,8262466,7febd1bd,\2017-11\2017-11-04 - Kylie Loves Bubblebaths\,{KM04~2017-11~8BDE4A97~04 - Kylie loves bubblebaths}
000135.jpg,8135192,269f9f5c,\2017-11\2017-11-04 - Kylie Loves Bubblebaths\,{KM04~2017-11~8BDE4A97~04 - Kylie loves bubblebaths}
000136.jpg,6555208,d401133c,\2017-11\2017-11-04 - Kylie Loves Bubblebaths\,{KM04~2017-11~8BDE4A97~04 - Kylie loves bubblebaths}
000137.jpg,8083592,02b3fb81,\2017-11\2017-11-04 - Kylie Loves Bubblebaths\,{KM04~2017-11~8BDE4A97~04 - Kylie loves bubblebaths}
000138.jpg,8083592,02b3fb81,\2017-11\2017-11-04 - Kylie Loves Bubblebaths\,{KM04~2017-11~8BDE4A97~04 - Kylie loves bubblebaths}
000139.jpg,7311501,25d690ff,\2017-11\2017-11-04 - Kylie Loves Bubblebaths\,{KM04~2017-11~8BDE4A97~04 - Kylie loves bubblebaths}
000140.jpg,6555208,d401133c,\2017-11\2017-11-04 - Kylie Loves Bubblebaths\,{KM04~2017-11~8BDE4A97~04 - Kylie loves bubblebaths}
000141.jpg,8262466,7febd1bd,\2017-11\2017-11-04 - Kylie Loves Bubblebaths\,{KM04~2017-11~8BDE4A97~04 - Kylie loves bubblebaths}
000142.jpg,6689900,09ce28a1,\2017-11\2017-11-04 - Kylie Loves Bubblebaths\,{KM04~2017-11~8BDE4A97~04 - Kylie loves bubblebaths}
000143.jpg,8135192,269f9f5c,\2017-11\2017-11-04 - Kylie Loves Bubblebaths\,{KM04~2017-11~8BDE4A97~04 - Kylie loves bubblebaths}
000144.jpg,4952178,a1e333d5,\2017-11\2017-11-04 - Kylie Loves Bubblebaths\,{KM04~2017-11~8BDE4A97~04 - Kylie loves bubblebaths}
000145.jpg,2588213,7ea40fa8,\2017-11\2017-11-04 - Kylie Loves Bubblebaths\,{KM04~2017-11~8BDE4A97~04 - Kylie loves bubblebaths}
000146.jpg,7081386,399c7418,\2017-11\2017-11-04 - Kylie Loves Bubblebaths\,{KM04~2017-11~8BDE4A97~04 - Kylie loves bubblebaths}
000147.jpg,7401307,d5abb4d4,\2017-11\2017-11-04 - Kylie Loves Bubblebaths\,{KM04~2017-11~8BDE4A97~04 - Kylie loves bubblebaths}
000148.jpg,7346291,9f821337,\2017-11\2017-11-04 - Kylie Loves Bubblebaths\,{KM04~2017-11~8BDE4A97~04 - Kylie loves bubblebaths}
000149.jpg,4282715,96fcfcf9,\2017-11\2017-11-04 - Kylie Loves Bubblebaths\,{KM04~2017-11~8BDE4A97~04 - Kylie loves bubblebaths}
000150.jpg,1395990,36a53462,\2017-11\2017-11-04 - Kylie Loves Bubblebaths\,{KM04~2017-11~8BDE4A97~04 - Kylie loves bubblebaths}
000151.jpg,5360578,79d9adfc,\2017-11\2017-11-04 - Kylie Loves Bubblebaths\,{KM04~2017-11~8BDE4A97~04 - Kylie loves bubblebaths}
000152.jpg,1085047,0189904c,\2017-11\2017-11-04 - Kylie Loves Bubblebaths\,{KM04~2017-11~8BDE4A97~04 - Kylie loves bubblebaths}
000153.jpg,5705111,8bad7d93,\2017-11\2017-11-04 - Kylie Loves Bubblebaths\,{KM04~2017-11~8BDE4A97~04 - Kylie loves bubblebaths}
000154.jpg,5325592,32d43365,\2017-11\2017-11-04 - Kylie Loves Bubblebaths\,{KM04~2017-11~8BDE4A97~04 - Kylie loves bubblebaths}
000155.jpg,2014675,a421812e,\2017-11\2017-11-04 - Kylie Loves Bubblebaths\,{KM04~2017-11~8BDE4A97~04 - Kylie loves bubblebaths}
000156.jpg,2093800,4c0ca858,\2017-11\2017-11-04 - Kylie Loves Bubblebaths\,{KM04~2017-11~8BDE4A97~04 - Kylie loves bubblebaths}
000157.jpg,2133584,6ee347c1,\2017-11\2017-11-04 - Kylie Loves Bubblebaths\,{KM04~2017-11~8BDE4A97~04 - Kylie loves bubblebaths}
000158.jpg,2111435,6579ca8f,\2017-11\2017-11-04 - Kylie Loves Bubblebaths\,{KM04~2017-11~8BDE4A97~04 - Kylie loves bubblebaths}
000159.jpg,6642722,930c18fb,\2017-11\2017-11-04 - Kylie Loves Bubblebaths\,{KM04~2017-11~8BDE4A97~04 - Kylie loves bubblebaths}
000160.jpg,7545976,f6cc1282,\2017-11\2017-11-04 - Kylie Loves Bubblebaths\,{KM04~2017-11~8BDE4A97~04 - Kylie loves bubblebaths}
000161.jpg,6595568,754cd719,\2017-11\2017-11-04 - Kylie Loves Bubblebaths\,{KM04~2017-11~8BDE4A97~04 - Kylie loves bubblebaths}
000162.jpg,7410285,438f1867,\2017-11\2017-11-04 - Kylie Loves Bubblebaths\,{KM04~2017-11~8BDE4A97~04 - Kylie loves bubblebaths}
000163.jpg,7392593,caa69ca5,\2017-11\2017-11-04 - Kylie Loves Bubblebaths\,{KM04~2017-11~8BDE4A97~04 - Kylie loves bubblebaths}
000164.jpg,6931892,0e870ea1,\2017-11\2017-11-04 - Kylie Loves Bubblebaths\,{KM04~2017-11~8BDE4A97~04 - Kylie loves bubblebaths}
000165.jpg,6688865,38005351,\2017-11\2017-11-04 - Kylie Loves Bubblebaths\,{KM04~2017-11~8BDE4A97~04 - Kylie loves bubblebaths}
000000.jpg,7583795,521d6900,\2017-09\2017-09-16 - Nurse Kylie Has Got The Cure\,{KM04~2017-09~4BD68D35~16 - Nurse Kylie has got the cure}
000001.jpg,4695725,7220c4d6,\2017-09\2017-09-16 - Nurse Kylie Has Got The Cure\,{KM04~2017-09~4BD68D35~16 - Nurse Kylie has got the cure}
000002.jpg,8092818,307940d1,\2017-09\2017-09-16 - Nurse Kylie Has Got The Cure\,{KM04~2017-09~4BD68D35~16 - Nurse Kylie has got the cure}
000003.jpg,7647267,304b455f,\2017-09\2017-09-16 - Nurse Kylie Has Got The Cure\,{KM04~2017-09~4BD68D35~16 - Nurse Kylie has got the cure}
000004.jpg,4694944,f16d63ff,\2017-09\2017-09-16 - Nurse Kylie Has Got The Cure\,{KM04~2017-09~4BD68D35~16 - Nurse Kylie has got the cure}
000005.jpg,5459134,140ce99d,\2017-09\2017-09-16 - Nurse Kylie Has Got The Cure\,{KM04~2017-09~4BD68D35~16 - Nurse Kylie has got the cure}
000006.jpg,7577032,9d1b7623,\2017-09\2017-09-16 - Nurse Kylie Has Got The Cure\,{KM04~2017-09~4BD68D35~16 - Nurse Kylie has got the cure}
000007.jpg,4786609,179f36cb,\2017-09\2017-09-16 - Nurse Kylie Has Got The Cure\,{KM04~2017-09~4BD68D35~16 - Nurse Kylie has got the cure}
000008.jpg,8301197,3c80d853,\2017-09\2017-09-16 - Nurse Kylie Has Got The Cure\,{KM04~2017-09~4BD68D35~16 - Nurse Kylie has got the cure}
000009.jpg,4596755,36997662,\2017-09\2017-09-16 - Nurse Kylie Has Got The Cure\,{KM04~2017-09~4BD68D35~16 - Nurse Kylie has got the cure}
000010.jpg,7092533,c126aed5,\2017-09\2017-09-16 - Nurse Kylie Has Got The Cure\,{KM04~2017-09~4BD68D35~16 - Nurse Kylie has got the cure}
000011.jpg,6838076,d84d7dcd,\2017-09\2017-09-16 - Nurse Kylie Has Got The Cure\,{KM04~2017-09~4BD68D35~16 - Nurse Kylie has got the cure}
000012.jpg,7664098,5307f38b,\2017-09\2017-09-16 - Nurse Kylie Has Got The Cure\,{KM04~2017-09~4BD68D35~16 - Nurse Kylie has got the cure}
000013.jpg,4830312,93c1da02,\2017-09\2017-09-16 - Nurse Kylie Has Got The Cure\,{KM04~2017-09~4BD68D35~16 - Nurse Kylie has got the cure}
000014.jpg,6645271,ec50ba9b,\2017-09\2017-09-16 - Nurse Kylie Has Got The Cure\,{KM04~2017-09~4BD68D35~16 - Nurse Kylie has got the cure}
000015.jpg,6857927,e5e64843,\2017-09\2017-09-16 - Nurse Kylie Has Got The Cure\,{KM04~2017-09~4BD68D35~16 - Nurse Kylie has got the cure}
000016.jpg,5259246,b93fdd70,\2017-09\2017-09-16 - Nurse Kylie Has Got The Cure\,{KM04~2017-09~4BD68D35~16 - Nurse Kylie has got the cure}
000017.jpg,3561724,1acec4ea,\2017-09\2017-09-16 - Nurse Kylie Has Got The Cure\,{KM04~2017-09~4BD68D35~16 - Nurse Kylie has got the cure}
000018.jpg,5385056,80f2dbe7,\2017-09\2017-09-16 - Nurse Kylie Has Got The Cure\,{KM04~2017-09~4BD68D35~16 - Nurse Kylie has got the cure}
000019.jpg,5366002,43660570,\2017-09\2017-09-16 - Nurse Kylie Has Got The Cure\,{KM04~2017-09~4BD68D35~16 - Nurse Kylie has got the cure}
000020.jpg,5317815,4b315cdd,\2017-09\2017-09-16 - Nurse Kylie Has Got The Cure\,{KM04~2017-09~4BD68D35~16 - Nurse Kylie has got the cure}
000021.jpg,9205618,eeac42f6,\2017-09\2017-09-16 - Nurse Kylie Has Got The Cure\,{KM04~2017-09~4BD68D35~16 - Nurse Kylie has got the cure}
000022.jpg,6822034,fb72cfac,\2017-09\2017-09-16 - Nurse Kylie Has Got The Cure\,{KM04~2017-09~4BD68D35~16 - Nurse Kylie has got the cure}
000023.jpg,3499044,4eb257e8,\2017-09\2017-09-16 - Nurse Kylie Has Got The Cure\,{KM04~2017-09~4BD68D35~16 - Nurse Kylie has got the cure}
000024.jpg,10288687,5c535488,\2017-09\2017-09-16 - Nurse Kylie Has Got The Cure\,{KM04~2017-09~4BD68D35~16 - Nurse Kylie has got the cure}
000025.jpg,3047518,dceb533e,\2017-09\2017-09-16 - Nurse Kylie Has Got The Cure\,{KM04~2017-09~4BD68D35~16 - Nurse Kylie has got the cure}
000026.jpg,10502862,dbd52e0d,\2017-09\2017-09-16 - Nurse Kylie Has Got The Cure\,{KM04~2017-09~4BD68D35~16 - Nurse Kylie has got the cure}
000027.jpg,1632755,39789ad5,\2017-09\2017-09-16 - Nurse Kylie Has Got The Cure\,{KM04~2017-09~4BD68D35~16 - Nurse Kylie has got the cure}
000028.jpg,7394368,3274cd0f,\2017-09\2017-09-16 - Nurse Kylie Has Got The Cure\,{KM04~2017-09~4BD68D35~16 - Nurse Kylie has got the cure}
000029.jpg,8780046,02e9f92a,\2017-09\2017-09-16 - Nurse Kylie Has Got The Cure\,{KM04~2017-09~4BD68D35~16 - Nurse Kylie has got the cure}
000030.jpg,3668085,1d365ed6,\2017-09\2017-09-16 - Nurse Kylie Has Got The Cure\,{KM04~2017-09~4BD68D35~16 - Nurse Kylie has got the cure}
000031.jpg,6331202,455a5a2c,\2017-09\2017-09-16 - Nurse Kylie Has Got The Cure\,{KM04~2017-09~4BD68D35~16 - Nurse Kylie has got the cure}
000032.jpg,4152280,6828556e,\2017-09\2017-09-16 - Nurse Kylie Has Got The Cure\,{KM04~2017-09~4BD68D35~16 - Nurse Kylie has got the cure}
000033.jpg,7412575,f6e92660,\2017-09\2017-09-16 - Nurse Kylie Has Got The Cure\,{KM04~2017-09~4BD68D35~16 - Nurse Kylie has got the cure}
000034.jpg,8148697,91741141,\2017-09\2017-09-16 - Nurse Kylie Has Got The Cure\,{KM04~2017-09~4BD68D35~16 - Nurse Kylie has got the cure}
000035.jpg,5771278,8306d031,\2017-09\2017-09-16 - Nurse Kylie Has Got The Cure\,{KM04~2017-09~4BD68D35~16 - Nurse Kylie has got the cure}
000036.jpg,10017504,378e3e2c,\2017-09\2017-09-16 - Nurse Kylie Has Got The Cure\,{KM04~2017-09~4BD68D35~16 - Nurse Kylie has got the cure}
000037.jpg,10118533,af130244,\2017-09\2017-09-16 - Nurse Kylie Has Got The Cure\,{KM04~2017-09~4BD68D35~16 - Nurse Kylie has got the cure}
000038.jpg,9950044,03bb5923,\2017-09\2017-09-16 - Nurse Kylie Has Got The Cure\,{KM04~2017-09~4BD68D35~16 - Nurse Kylie has got the cure}
000039.jpg,8059812,5e37e5a1,\2017-09\2017-09-16 - Nurse Kylie Has Got The Cure\,{KM04~2017-09~4BD68D35~16 - Nurse Kylie has got the cure}
000040.jpg,9865736,d29c709c,\2017-09\2017-09-16 - Nurse Kylie Has Got The Cure\,{KM04~2017-09~4BD68D35~16 - Nurse Kylie has got the cure}
000041.jpg,9501759,c333b12c,\2017-09\2017-09-16 - Nurse Kylie Has Got The Cure\,{KM04~2017-09~4BD68D35~16 - Nurse Kylie has got the cure}
000042.jpg,9188707,51309dfe,\2017-09\2017-09-16 - Nurse Kylie Has Got The Cure\,{KM04~2017-09~4BD68D35~16 - Nurse Kylie has got the cure}
000043.jpg,8693489,3f81a3e1,\2017-09\2017-09-16 - Nurse Kylie Has Got The Cure\,{KM04~2017-09~4BD68D35~16 - Nurse Kylie has got the cure}
000044.jpg,9714279,16d08688,\2017-09\2017-09-16 - Nurse Kylie Has Got The Cure\,{KM04~2017-09~4BD68D35~16 - Nurse Kylie has got the cure}
000045.jpg,7381619,0ee8f855,\2017-09\2017-09-16 - Nurse Kylie Has Got The Cure\,{KM04~2017-09~4BD68D35~16 - Nurse Kylie has got the cure}
000046.jpg,5103153,f8ae5fc4,\2017-09\2017-09-16 - Nurse Kylie Has Got The Cure\,{KM04~2017-09~4BD68D35~16 - Nurse Kylie has got the cure}
000047.jpg,3542056,f452840b,\2017-09\2017-09-16 - Nurse Kylie Has Got The Cure\,{KM04~2017-09~4BD68D35~16 - Nurse Kylie has got the cure}
000048.jpg,9472311,6b443787,\2017-09\2017-09-16 - Nurse Kylie Has Got The Cure\,{KM04~2017-09~4BD68D35~16 - Nurse Kylie has got the cure}
000049.jpg,4535350,87b1144b,\2017-09\2017-09-16 - Nurse Kylie Has Got The Cure\,{KM04~2017-09~4BD68D35~16 - Nurse Kylie has got the cure}
000050.jpg,7451201,8795798c,\2017-09\2017-09-16 - Nurse Kylie Has Got The Cure\,{KM04~2017-09~4BD68D35~16 - Nurse Kylie has got the cure}
000051.jpg,10376783,812c0382,\2017-09\2017-09-16 - Nurse Kylie Has Got The Cure\,{KM04~2017-09~4BD68D35~16 - Nurse Kylie has got the cure}
000052.jpg,3551424,21b2c691,\2017-09\2017-09-16 - Nurse Kylie Has Got The Cure\,{KM04~2017-09~4BD68D35~16 - Nurse Kylie has got the cure}
000053.jpg,8274540,94422e6b,\2017-09\2017-09-16 - Nurse Kylie Has Got The Cure\,{KM04~2017-09~4BD68D35~16 - Nurse Kylie has got the cure}
000054.jpg,3438138,c0e19718,\2017-09\2017-09-16 - Nurse Kylie Has Got The Cure\,{KM04~2017-09~4BD68D35~16 - Nurse Kylie has got the cure}
000055.jpg,8061576,2d0ea75b,\2017-09\2017-09-16 - Nurse Kylie Has Got The Cure\,{KM04~2017-09~4BD68D35~16 - Nurse Kylie has got the cure}
000056.jpg,8231235,19e34ae4,\2017-09\2017-09-16 - Nurse Kylie Has Got The Cure\,{KM04~2017-09~4BD68D35~16 - Nurse Kylie has got the cure}
000057.jpg,8192565,eb99a1fd,\2017-09\2017-09-16 - Nurse Kylie Has Got The Cure\,{KM04~2017-09~4BD68D35~16 - Nurse Kylie has got the cure}
000058.jpg,9342235,1ce7b9a5,\2017-09\2017-09-16 - Nurse Kylie Has Got The Cure\,{KM04~2017-09~4BD68D35~16 - Nurse Kylie has got the cure}
000059.jpg,9322047,b08889a9,\2017-09\2017-09-16 - Nurse Kylie Has Got The Cure\,{KM04~2017-09~4BD68D35~16 - Nurse Kylie has got the cure}
000060.jpg,10306264,187598e8,\2017-09\2017-09-16 - Nurse Kylie Has Got The Cure\,{KM04~2017-09~4BD68D35~16 - Nurse Kylie has got the cure}
000061.jpg,9265335,b5aa0831,\2017-09\2017-09-16 - Nurse Kylie Has Got The Cure\,{KM04~2017-09~4BD68D35~16 - Nurse Kylie has got the cure}
000062.jpg,9234141,3acf49cc,\2017-09\2017-09-16 - Nurse Kylie Has Got The Cure\,{KM04~2017-09~4BD68D35~16 - Nurse Kylie has got the cure}
000063.jpg,10145666,5a780749,\2017-09\2017-09-16 - Nurse Kylie Has Got The Cure\,{KM04~2017-09~4BD68D35~16 - Nurse Kylie has got the cure}
000064.jpg,4084461,c771c49d,\2017-09\2017-09-16 - Nurse Kylie Has Got The Cure\,{KM04~2017-09~4BD68D35~16 - Nurse Kylie has got the cure}
000065.jpg,8348046,906da90c,\2017-09\2017-09-16 - Nurse Kylie Has Got The Cure\,{KM04~2017-09~4BD68D35~16 - Nurse Kylie has got the cure}
000066.jpg,9980394,8031cb9b,\2017-09\2017-09-16 - Nurse Kylie Has Got The Cure\,{KM04~2017-09~4BD68D35~16 - Nurse Kylie has got the cure}
000067.jpg,10986141,70776db0,\2017-09\2017-09-16 - Nurse Kylie Has Got The Cure\,{KM04~2017-09~4BD68D35~16 - Nurse Kylie has got the cure}
000068.jpg,10829209,149a1b8c,\2017-09\2017-09-16 - Nurse Kylie Has Got The Cure\,{KM04~2017-09~4BD68D35~16 - Nurse Kylie has got the cure}
000069.jpg,3706419,c2389283,\2017-09\2017-09-16 - Nurse Kylie Has Got The Cure\,{KM04~2017-09~4BD68D35~16 - Nurse Kylie has got the cure}
000070.jpg,3895484,812f6a19,\2017-09\2017-09-16 - Nurse Kylie Has Got The Cure\,{KM04~2017-09~4BD68D35~16 - Nurse Kylie has got the cure}
000071.jpg,3848304,ce0a227b,\2017-09\2017-09-16 - Nurse Kylie Has Got The Cure\,{KM04~2017-09~4BD68D35~16 - Nurse Kylie has got the cure}
000072.jpg,3488667,e8a6e7cc,\2017-09\2017-09-16 - Nurse Kylie Has Got The Cure\,{KM04~2017-09~4BD68D35~16 - Nurse Kylie has got the cure}
000073.jpg,6727293,d56c3d44,\2017-09\2017-09-16 - Nurse Kylie Has Got The Cure\,{KM04~2017-09~4BD68D35~16 - Nurse Kylie has got the cure}
000074.jpg,8677318,1ce4f06d,\2017-09\2017-09-16 - Nurse Kylie Has Got The Cure\,{KM04~2017-09~4BD68D35~16 - Nurse Kylie has got the cure}
000075.jpg,1937651,2c56a6d3,\2017-09\2017-09-16 - Nurse Kylie Has Got The Cure\,{KM04~2017-09~4BD68D35~16 - Nurse Kylie has got the cure}
000076.jpg,2435418,124ae59f,\2017-09\2017-09-16 - Nurse Kylie Has Got The Cure\,{KM04~2017-09~4BD68D35~16 - Nurse Kylie has got the cure}
000077.jpg,6618602,a650f9a6,\2017-09\2017-09-16 - Nurse Kylie Has Got The Cure\,{KM04~2017-09~4BD68D35~16 - Nurse Kylie has got the cure}
000078.jpg,6467822,c7615878,\2017-09\2017-09-16 - Nurse Kylie Has Got The Cure\,{KM04~2017-09~4BD68D35~16 - Nurse Kylie has got the cure}
000079.jpg,2502929,439e1dd8,\2017-09\2017-09-16 - Nurse Kylie Has Got The Cure\,{KM04~2017-09~4BD68D35~16 - Nurse Kylie has got the cure}
000080.jpg,3116004,725d05eb,\2017-09\2017-09-16 - Nurse Kylie Has Got The Cure\,{KM04~2017-09~4BD68D35~16 - Nurse Kylie has got the cure}
000081.jpg,3389075,5477b13e,\2017-09\2017-09-16 - Nurse Kylie Has Got The Cure\,{KM04~2017-09~4BD68D35~16 - Nurse Kylie has got the cure}
000082.jpg,7316635,609e4754,\2017-09\2017-09-16 - Nurse Kylie Has Got The Cure\,{KM04~2017-09~4BD68D35~16 - Nurse Kylie has got the cure}
000083.jpg,8323241,7486ecd1,\2017-09\2017-09-16 - Nurse Kylie Has Got The Cure\,{KM04~2017-09~4BD68D35~16 - Nurse Kylie has got the cure}
000084.jpg,8639463,5182d63c,\2017-09\2017-09-16 - Nurse Kylie Has Got The Cure\,{KM04~2017-09~4BD68D35~16 - Nurse Kylie has got the cure}
000085.jpg,8690943,a95fed9b,\2017-09\2017-09-16 - Nurse Kylie Has Got The Cure\,{KM04~2017-09~4BD68D35~16 - Nurse Kylie has got the cure}
000086.jpg,9502339,7d6c3cc8,\2017-09\2017-09-16 - Nurse Kylie Has Got The Cure\,{KM04~2017-09~4BD68D35~16 - Nurse Kylie has got the cure}
000087.jpg,7724119,e569cc08,\2017-09\2017-09-16 - Nurse Kylie Has Got The Cure\,{KM04~2017-09~4BD68D35~16 - Nurse Kylie has got the cure}
000088.jpg,7560138,cfbc32a3,\2017-09\2017-09-16 - Nurse Kylie Has Got The Cure\,{KM04~2017-09~4BD68D35~16 - Nurse Kylie has got the cure}
000089.jpg,2807752,c6540e03,\2017-09\2017-09-16 - Nurse Kylie Has Got The Cure\,{KM04~2017-09~4BD68D35~16 - Nurse Kylie has got the cure}
000090.jpg,10540113,67f436c6,\2017-09\2017-09-16 - Nurse Kylie Has Got The Cure\,{KM04~2017-09~4BD68D35~16 - Nurse Kylie has got the cure}
000000.jpg,5220890,1db06082,\2017-09\2017-09-26 - Kylie Maria The Maid\,{KM04~2017-09~39A9BF06~26 - Kylie Maria the Maid}
000001.jpg,5858914,4bcda171,\2017-09\2017-09-26 - Kylie Maria The Maid\,{KM04~2017-09~39A9BF06~26 - Kylie Maria the Maid}
000002.jpg,5434050,01715f29,\2017-09\2017-09-26 - Kylie Maria The Maid\,{KM04~2017-09~39A9BF06~26 - Kylie Maria the Maid}
000003.jpg,5058134,061904c0,\2017-09\2017-09-26 - Kylie Maria The Maid\,{KM04~2017-09~39A9BF06~26 - Kylie Maria the Maid}
000004.jpg,6192324,e2987f6e,\2017-09\2017-09-26 - Kylie Maria The Maid\,{KM04~2017-09~39A9BF06~26 - Kylie Maria the Maid}
000005.jpg,5599541,b2d33d17,\2017-09\2017-09-26 - Kylie Maria The Maid\,{KM04~2017-09~39A9BF06~26 - Kylie Maria the Maid}
000006.jpg,6321127,ae8dbc89,\2017-09\2017-09-26 - Kylie Maria The Maid\,{KM04~2017-09~39A9BF06~26 - Kylie Maria the Maid}
000007.jpg,4046753,5b950c94,\2017-09\2017-09-26 - Kylie Maria The Maid\,{KM04~2017-09~39A9BF06~26 - Kylie Maria the Maid}
000008.jpg,5867898,517b35ab,\2017-09\2017-09-26 - Kylie Maria The Maid\,{KM04~2017-09~39A9BF06~26 - Kylie Maria the Maid}
000009.jpg,6321875,68ef7d3f,\2017-09\2017-09-26 - Kylie Maria The Maid\,{KM04~2017-09~39A9BF06~26 - Kylie Maria the Maid}
000010.jpg,2361799,9d0be4f9,\2017-09\2017-09-26 - Kylie Maria The Maid\,{KM04~2017-09~39A9BF06~26 - Kylie Maria the Maid}
000011.jpg,3330168,b339aa7a,\2017-09\2017-09-26 - Kylie Maria The Maid\,{KM04~2017-09~39A9BF06~26 - Kylie Maria the Maid}
000012.jpg,6216909,2dab8c52,\2017-09\2017-09-26 - Kylie Maria The Maid\,{KM04~2017-09~39A9BF06~26 - Kylie Maria the Maid}
000013.jpg,5627818,4c4d2647,\2017-09\2017-09-26 - Kylie Maria The Maid\,{KM04~2017-09~39A9BF06~26 - Kylie Maria the Maid}
000014.jpg,6003505,a21e675c,\2017-09\2017-09-26 - Kylie Maria The Maid\,{KM04~2017-09~39A9BF06~26 - Kylie Maria the Maid}
000015.jpg,6885037,1d9ce428,\2017-09\2017-09-26 - Kylie Maria The Maid\,{KM04~2017-09~39A9BF06~26 - Kylie Maria the Maid}
000016.jpg,5851662,df49585a,\2017-09\2017-09-26 - Kylie Maria The Maid\,{KM04~2017-09~39A9BF06~26 - Kylie Maria the Maid}
000017.jpg,2411640,59a03604,\2017-09\2017-09-26 - Kylie Maria The Maid\,{KM04~2017-09~39A9BF06~26 - Kylie Maria the Maid}
000018.jpg,3789284,283db08b,\2017-09\2017-09-26 - Kylie Maria The Maid\,{KM04~2017-09~39A9BF06~26 - Kylie Maria the Maid}
000019.jpg,2332467,70b78c17,\2017-09\2017-09-26 - Kylie Maria The Maid\,{KM04~2017-09~39A9BF06~26 - Kylie Maria the Maid}
000020.jpg,5169113,f1fdda6b,\2017-09\2017-09-26 - Kylie Maria The Maid\,{KM04~2017-09~39A9BF06~26 - Kylie Maria the Maid}
000021.jpg,5964221,92b49085,\2017-09\2017-09-26 - Kylie Maria The Maid\,{KM04~2017-09~39A9BF06~26 - Kylie Maria the Maid}
000022.jpg,4985022,cf877935,\2017-09\2017-09-26 - Kylie Maria The Maid\,{KM04~2017-09~39A9BF06~26 - Kylie Maria the Maid}
000023.jpg,5297830,13f4b644,\2017-09\2017-09-26 - Kylie Maria The Maid\,{KM04~2017-09~39A9BF06~26 - Kylie Maria the Maid}
000024.jpg,3809592,6a3b9737,\2017-09\2017-09-26 - Kylie Maria The Maid\,{KM04~2017-09~39A9BF06~26 - Kylie Maria the Maid}
000025.jpg,4616097,db946f68,\2017-09\2017-09-26 - Kylie Maria The Maid\,{KM04~2017-09~39A9BF06~26 - Kylie Maria the Maid}
000026.jpg,7807512,1a49b275,\2017-09\2017-09-26 - Kylie Maria The Maid\,{KM04~2017-09~39A9BF06~26 - Kylie Maria the Maid}
000027.jpg,6884312,fb1686e8,\2017-09\2017-09-26 - Kylie Maria The Maid\,{KM04~2017-09~39A9BF06~26 - Kylie Maria the Maid}
000028.jpg,1407647,570c38c5,\2017-09\2017-09-26 - Kylie Maria The Maid\,{KM04~2017-09~39A9BF06~26 - Kylie Maria the Maid}
000029.jpg,2283794,5c333103,\2017-09\2017-09-26 - Kylie Maria The Maid\,{KM04~2017-09~39A9BF06~26 - Kylie Maria the Maid}
000030.jpg,5011313,0e2d22e1,\2017-09\2017-09-26 - Kylie Maria The Maid\,{KM04~2017-09~39A9BF06~26 - Kylie Maria the Maid}
000031.jpg,2218529,34d59d90,\2017-09\2017-09-26 - Kylie Maria The Maid\,{KM04~2017-09~39A9BF06~26 - Kylie Maria the Maid}
000032.jpg,5064227,fb9ca8d8,\2017-09\2017-09-26 - Kylie Maria The Maid\,{KM04~2017-09~39A9BF06~26 - Kylie Maria the Maid}
000033.jpg,5858044,7a0aa7b4,\2017-09\2017-09-26 - Kylie Maria The Maid\,{KM04~2017-09~39A9BF06~26 - Kylie Maria the Maid}
000034.jpg,6912670,2acff2a7,\2017-09\2017-09-26 - Kylie Maria The Maid\,{KM04~2017-09~39A9BF06~26 - Kylie Maria the Maid}
000035.jpg,5101307,fc06c040,\2017-09\2017-09-26 - Kylie Maria The Maid\,{KM04~2017-09~39A9BF06~26 - Kylie Maria the Maid}
000036.jpg,4940605,c524121b,\2017-09\2017-09-26 - Kylie Maria The Maid\,{KM04~2017-09~39A9BF06~26 - Kylie Maria the Maid}
000037.jpg,2463808,1fc49e44,\2017-09\2017-09-26 - Kylie Maria The Maid\,{KM04~2017-09~39A9BF06~26 - Kylie Maria the Maid}
000038.jpg,6475834,d19cb0b7,\2017-09\2017-09-26 - Kylie Maria The Maid\,{KM04~2017-09~39A9BF06~26 - Kylie Maria the Maid}
000039.jpg,5632880,385f7b07,\2017-09\2017-09-26 - Kylie Maria The Maid\,{KM04~2017-09~39A9BF06~26 - Kylie Maria the Maid}
000040.jpg,2366185,7bc950eb,\2017-09\2017-09-26 - Kylie Maria The Maid\,{KM04~2017-09~39A9BF06~26 - Kylie Maria the Maid}
000041.jpg,2575008,9f8fa283,\2017-09\2017-09-26 - Kylie Maria The Maid\,{KM04~2017-09~39A9BF06~26 - Kylie Maria the Maid}
000042.jpg,6046589,e1fac595,\2017-09\2017-09-26 - Kylie Maria The Maid\,{KM04~2017-09~39A9BF06~26 - Kylie Maria the Maid}
000043.jpg,4327622,70895bbd,\2017-09\2017-09-26 - Kylie Maria The Maid\,{KM04~2017-09~39A9BF06~26 - Kylie Maria the Maid}
000044.jpg,5933427,0cc9059a,\2017-09\2017-09-26 - Kylie Maria The Maid\,{KM04~2017-09~39A9BF06~26 - Kylie Maria the Maid}
000045.jpg,5578498,811d9d31,\2017-09\2017-09-26 - Kylie Maria The Maid\,{KM04~2017-09~39A9BF06~26 - Kylie Maria the Maid}
000046.jpg,2674211,e821ff1d,\2017-09\2017-09-26 - Kylie Maria The Maid\,{KM04~2017-09~39A9BF06~26 - Kylie Maria the Maid}
000047.jpg,2315687,a7383d6b,\2017-09\2017-09-26 - Kylie Maria The Maid\,{KM04~2017-09~39A9BF06~26 - Kylie Maria the Maid}
000048.jpg,4675040,303af1cf,\2017-09\2017-09-26 - Kylie Maria The Maid\,{KM04~2017-09~39A9BF06~26 - Kylie Maria the Maid}
000049.jpg,2191364,482f4c25,\2017-09\2017-09-26 - Kylie Maria The Maid\,{KM04~2017-09~39A9BF06~26 - Kylie Maria the Maid}
000050.jpg,4614087,20f4e474,\2017-09\2017-09-26 - Kylie Maria The Maid\,{KM04~2017-09~39A9BF06~26 - Kylie Maria the Maid}
000051.jpg,5554822,071fcfe1,\2017-09\2017-09-26 - Kylie Maria The Maid\,{KM04~2017-09~39A9BF06~26 - Kylie Maria the Maid}
000052.jpg,6365208,df8d1bdf,\2017-09\2017-09-26 - Kylie Maria The Maid\,{KM04~2017-09~39A9BF06~26 - Kylie Maria the Maid}
000053.jpg,4808968,340187ae,\2017-09\2017-09-26 - Kylie Maria The Maid\,{KM04~2017-09~39A9BF06~26 - Kylie Maria the Maid}
000054.jpg,6021190,4b31225f,\2017-09\2017-09-26 - Kylie Maria The Maid\,{KM04~2017-09~39A9BF06~26 - Kylie Maria the Maid}
000055.jpg,5016398,6431bf9d,\2017-09\2017-09-26 - Kylie Maria The Maid\,{KM04~2017-09~39A9BF06~26 - Kylie Maria the Maid}
000056.jpg,6460924,120ef5ff,\2017-09\2017-09-26 - Kylie Maria The Maid\,{KM04~2017-09~39A9BF06~26 - Kylie Maria the Maid}
000057.jpg,6596268,695ae901,\2017-09\2017-09-26 - Kylie Maria The Maid\,{KM04~2017-09~39A9BF06~26 - Kylie Maria the Maid}
000058.jpg,7388865,932a1882,\2017-09\2017-09-26 - Kylie Maria The Maid\,{KM04~2017-09~39A9BF06~26 - Kylie Maria the Maid}
000059.jpg,5263382,1e9efcd2,\2017-09\2017-09-26 - Kylie Maria The Maid\,{KM04~2017-09~39A9BF06~26 - Kylie Maria the Maid}
000060.jpg,7186046,667d75fa,\2017-09\2017-09-26 - Kylie Maria The Maid\,{KM04~2017-09~39A9BF06~26 - Kylie Maria the Maid}
000061.jpg,5638606,98a50e2b,\2017-09\2017-09-26 - Kylie Maria The Maid\,{KM04~2017-09~39A9BF06~26 - Kylie Maria the Maid}
000062.jpg,7327611,e024b2aa,\2017-09\2017-09-26 - Kylie Maria The Maid\,{KM04~2017-09~39A9BF06~26 - Kylie Maria the Maid}
000063.jpg,4868757,26cd9c33,\2017-09\2017-09-26 - Kylie Maria The Maid\,{KM04~2017-09~39A9BF06~26 - Kylie Maria the Maid}
000064.jpg,5498692,5d087669,\2017-09\2017-09-26 - Kylie Maria The Maid\,{KM04~2017-09~39A9BF06~26 - Kylie Maria the Maid}
000065.jpg,3873507,f6ab7141,\2017-09\2017-09-26 - Kylie Maria The Maid\,{KM04~2017-09~39A9BF06~26 - Kylie Maria the Maid}
000066.jpg,3832108,076502c5,\2017-09\2017-09-26 - Kylie Maria The Maid\,{KM04~2017-09~39A9BF06~26 - Kylie Maria the Maid}
000067.jpg,5571702,13e6468a,\2017-09\2017-09-26 - Kylie Maria The Maid\,{KM04~2017-09~39A9BF06~26 - Kylie Maria the Maid}
000068.jpg,5797252,e527f40b,\2017-09\2017-09-26 - Kylie Maria The Maid\,{KM04~2017-09~39A9BF06~26 - Kylie Maria the Maid}
000069.jpg,5483927,6eb417a9,\2017-09\2017-09-26 - Kylie Maria The Maid\,{KM04~2017-09~39A9BF06~26 - Kylie Maria the Maid}
000070.jpg,7234334,a0ac0483,\2017-09\2017-09-26 - Kylie Maria The Maid\,{KM04~2017-09~39A9BF06~26 - Kylie Maria the Maid}
000071.jpg,5506226,5cc52091,\2017-09\2017-09-26 - Kylie Maria The Maid\,{KM04~2017-09~39A9BF06~26 - Kylie Maria the Maid}
000072.jpg,2547619,618d0482,\2017-09\2017-09-26 - Kylie Maria The Maid\,{KM04~2017-09~39A9BF06~26 - Kylie Maria the Maid}
000073.jpg,6743017,4bdbc779,\2017-09\2017-09-26 - Kylie Maria The Maid\,{KM04~2017-09~39A9BF06~26 - Kylie Maria the Maid}
000074.jpg,6399166,4eb65a3d,\2017-09\2017-09-26 - Kylie Maria The Maid\,{KM04~2017-09~39A9BF06~26 - Kylie Maria the Maid}
000075.jpg,11124921,d219841b,\2017-09\2017-09-26 - Kylie Maria The Maid\,{KM04~2017-09~39A9BF06~26 - Kylie Maria the Maid}
000076.jpg,1743733,ee2c6697,\2017-09\2017-09-26 - Kylie Maria The Maid\,{KM04~2017-09~39A9BF06~26 - Kylie Maria the Maid}
000077.jpg,4155504,e961effe,\2017-09\2017-09-26 - Kylie Maria The Maid\,{KM04~2017-09~39A9BF06~26 - Kylie Maria the Maid}