004.jpg,523701,032904b3,\Pop\Rampant Rim Rammer!\,{LBM1~Pop~BD0TSM5M~Rampant Rim Rammer!}
005.jpg,491089,eb838802,\Pop\Rampant Rim Rammer!\,{LBM1~Pop~BD0TSM5M~Rampant Rim Rammer!}
006.jpg,490005,e039bedc,\Pop\Rampant Rim Rammer!\,{LBM1~Pop~BD0TSM5M~Rampant Rim Rammer!}
007.jpg,522785,ca14c445,\Pop\Rampant Rim Rammer!\,{LBM1~Pop~BD0TSM5M~Rampant Rim Rammer!}
008.jpg,512929,7d8206f0,\Pop\Rampant Rim Rammer!\,{LBM1~Pop~BD0TSM5M~Rampant Rim Rammer!}
009.jpg,524101,dbe12975,\Pop\Rampant Rim Rammer!\,{LBM1~Pop~BD0TSM5M~Rampant Rim Rammer!}
010.jpg,569458,de5ccec4,\Pop\Rampant Rim Rammer!\,{LBM1~Pop~BD0TSM5M~Rampant Rim Rammer!}
011.jpg,541584,2e31f294,\Pop\Rampant Rim Rammer!\,{LBM1~Pop~BD0TSM5M~Rampant Rim Rammer!}
012.jpg,478855,0b35d972,\Pop\Rampant Rim Rammer!\,{LBM1~Pop~BD0TSM5M~Rampant Rim Rammer!}
013.jpg,526465,81d6725e,\Pop\Rampant Rim Rammer!\,{LBM1~Pop~BD0TSM5M~Rampant Rim Rammer!}
014.jpg,505651,8b8f855f,\Pop\Rampant Rim Rammer!\,{LBM1~Pop~BD0TSM5M~Rampant Rim Rammer!}
015.jpg,458373,fbaf0b51,\Pop\Rampant Rim Rammer!\,{LBM1~Pop~BD0TSM5M~Rampant Rim Rammer!}
016.jpg,351386,54230930,\Pop\Rampant Rim Rammer!\,{LBM1~Pop~BD0TSM5M~Rampant Rim Rammer!}
017.jpg,320442,8e826b81,\Pop\Rampant Rim Rammer!\,{LBM1~Pop~BD0TSM5M~Rampant Rim Rammer!}
018.jpg,388810,b6b626ab,\Pop\Rampant Rim Rammer!\,{LBM1~Pop~BD0TSM5M~Rampant Rim Rammer!}
019.jpg,430337,a32592c0,\Pop\Rampant Rim Rammer!\,{LBM1~Pop~BD0TSM5M~Rampant Rim Rammer!}
020.jpg,523913,30cd180d,\Pop\Rampant Rim Rammer!\,{LBM1~Pop~BD0TSM5M~Rampant Rim Rammer!}
021.jpg,522710,f8f9651a,\Pop\Rampant Rim Rammer!\,{LBM1~Pop~BD0TSM5M~Rampant Rim Rammer!}
022.jpg,422774,d45e5756,\Pop\Rampant Rim Rammer!\,{LBM1~Pop~BD0TSM5M~Rampant Rim Rammer!}
023.jpg,422351,8910a598,\Pop\Rampant Rim Rammer!\,{LBM1~Pop~BD0TSM5M~Rampant Rim Rammer!}
024.jpg,413942,4437802f,\Pop\Rampant Rim Rammer!\,{LBM1~Pop~BD0TSM5M~Rampant Rim Rammer!}
025.jpg,510830,cfcac7f1,\Pop\Rampant Rim Rammer!\,{LBM1~Pop~BD0TSM5M~Rampant Rim Rammer!}
026.jpg,483461,1b013ad4,\Pop\Rampant Rim Rammer!\,{LBM1~Pop~BD0TSM5M~Rampant Rim Rammer!}
027.jpg,395680,db99ae5e,\Pop\Rampant Rim Rammer!\,{LBM1~Pop~BD0TSM5M~Rampant Rim Rammer!}
028.jpg,470855,49a3364d,\Pop\Rampant Rim Rammer!\,{LBM1~Pop~BD0TSM5M~Rampant Rim Rammer!}
031.jpg,460563,174e4056,\Pop\Rampant Rim Rammer!\,{LBM1~Pop~BD0TSM5M~Rampant Rim Rammer!}
032.jpg,479008,b3f0b6f0,\Pop\Rampant Rim Rammer!\,{LBM1~Pop~BD0TSM5M~Rampant Rim Rammer!}
033.jpg,435848,7d94c29e,\Pop\Rampant Rim Rammer!\,{LBM1~Pop~BD0TSM5M~Rampant Rim Rammer!}
034.jpg,455258,60e8c280,\Pop\Rampant Rim Rammer!\,{LBM1~Pop~BD0TSM5M~Rampant Rim Rammer!}
035.jpg,523780,8e6aff80,\Pop\Rampant Rim Rammer!\,{LBM1~Pop~BD0TSM5M~Rampant Rim Rammer!}
036.jpg,497646,93047b7d,\Pop\Rampant Rim Rammer!\,{LBM1~Pop~BD0TSM5M~Rampant Rim Rammer!}
037.jpg,568261,dce7f5b9,\Pop\Rampant Rim Rammer!\,{LBM1~Pop~BD0TSM5M~Rampant Rim Rammer!}
038.jpg,514916,3177bfaa,\Pop\Rampant Rim Rammer!\,{LBM1~Pop~BD0TSM5M~Rampant Rim Rammer!}
039.jpg,426964,c3db1b96,\Pop\Rampant Rim Rammer!\,{LBM1~Pop~BD0TSM5M~Rampant Rim Rammer!}
040.jpg,420295,7a6d4aa1,\Pop\Rampant Rim Rammer!\,{LBM1~Pop~BD0TSM5M~Rampant Rim Rammer!}
041.jpg,434047,df0fa62a,\Pop\Rampant Rim Rammer!\,{LBM1~Pop~BD0TSM5M~Rampant Rim Rammer!}
042.jpg,544725,04029ce8,\Pop\Rampant Rim Rammer!\,{LBM1~Pop~BD0TSM5M~Rampant Rim Rammer!}
043.jpg,418045,aa06253f,\Pop\Rampant Rim Rammer!\,{LBM1~Pop~BD0TSM5M~Rampant Rim Rammer!}
044.jpg,442807,93e815fd,\Pop\Rampant Rim Rammer!\,{LBM1~Pop~BD0TSM5M~Rampant Rim Rammer!}
045.jpg,451578,fb457fa9,\Pop\Rampant Rim Rammer!\,{LBM1~Pop~BD0TSM5M~Rampant Rim Rammer!}
046.jpg,459194,abd49b1a,\Pop\Rampant Rim Rammer!\,{LBM1~Pop~BD0TSM5M~Rampant Rim Rammer!}
047.jpg,449728,0e8564ab,\Pop\Rampant Rim Rammer!\,{LBM1~Pop~BD0TSM5M~Rampant Rim Rammer!}
049.jpg,516302,18040f1c,\Pop\Rampant Rim Rammer!\,{LBM1~Pop~BD0TSM5M~Rampant Rim Rammer!}
050.jpg,562302,a9e8687c,\Pop\Rampant Rim Rammer!\,{LBM1~Pop~BD0TSM5M~Rampant Rim Rammer!}
051.jpg,559611,74855632,\Pop\Rampant Rim Rammer!\,{LBM1~Pop~BD0TSM5M~Rampant Rim Rammer!}
052.jpg,511618,d03d1af8,\Pop\Rampant Rim Rammer!\,{LBM1~Pop~BD0TSM5M~Rampant Rim Rammer!}
053.jpg,453199,cabdafbe,\Pop\Rampant Rim Rammer!\,{LBM1~Pop~BD0TSM5M~Rampant Rim Rammer!}
054.jpg,536776,c492e6d8,\Pop\Rampant Rim Rammer!\,{LBM1~Pop~BD0TSM5M~Rampant Rim Rammer!}
055.jpg,471532,0a5de3e1,\Pop\Rampant Rim Rammer!\,{LBM1~Pop~BD0TSM5M~Rampant Rim Rammer!}
056.jpg,474646,a9e55bd4,\Pop\Rampant Rim Rammer!\,{LBM1~Pop~BD0TSM5M~Rampant Rim Rammer!}
057.jpg,497390,b64588f9,\Pop\Rampant Rim Rammer!\,{LBM1~Pop~BD0TSM5M~Rampant Rim Rammer!}
058.jpg,473539,332eeaaa,\Pop\Rampant Rim Rammer!\,{LBM1~Pop~BD0TSM5M~Rampant Rim Rammer!}
059.jpg,470853,155ba385,\Pop\Rampant Rim Rammer!\,{LBM1~Pop~BD0TSM5M~Rampant Rim Rammer!}
060.jpg,488962,02100cb9,\Pop\Rampant Rim Rammer!\,{LBM1~Pop~BD0TSM5M~Rampant Rim Rammer!}
061.jpg,457441,9d1073bb,\Pop\Rampant Rim Rammer!\,{LBM1~Pop~BD0TSM5M~Rampant Rim Rammer!}
064.jpg,511037,c99c4f92,\Pop\Rampant Rim Rammer!\,{LBM1~Pop~BD0TSM5M~Rampant Rim Rammer!}
065.jpg,403512,43ed831f,\Pop\Rampant Rim Rammer!\,{LBM1~Pop~BD0TSM5M~Rampant Rim Rammer!}
066.jpg,450430,3203ec01,\Pop\Rampant Rim Rammer!\,{LBM1~Pop~BD0TSM5M~Rampant Rim Rammer!}
067.jpg,446872,b8887e57,\Pop\Rampant Rim Rammer!\,{LBM1~Pop~BD0TSM5M~Rampant Rim Rammer!}
068.jpg,454987,f544b77f,\Pop\Rampant Rim Rammer!\,{LBM1~Pop~BD0TSM5M~Rampant Rim Rammer!}
069.jpg,491796,65be5cc9,\Pop\Rampant Rim Rammer!\,{LBM1~Pop~BD0TSM5M~Rampant Rim Rammer!}
070.jpg,471815,b4b2493a,\Pop\Rampant Rim Rammer!\,{LBM1~Pop~BD0TSM5M~Rampant Rim Rammer!}
071.jpg,564014,0c9c8339,\Pop\Rampant Rim Rammer!\,{LBM1~Pop~BD0TSM5M~Rampant Rim Rammer!}
072.jpg,514178,57cebf22,\Pop\Rampant Rim Rammer!\,{LBM1~Pop~BD0TSM5M~Rampant Rim Rammer!}
073.jpg,492674,d26abda9,\Pop\Rampant Rim Rammer!\,{LBM1~Pop~BD0TSM5M~Rampant Rim Rammer!}
074.jpg,461139,569bc20c,\Pop\Rampant Rim Rammer!\,{LBM1~Pop~BD0TSM5M~Rampant Rim Rammer!}
075.jpg,470037,de4cef34,\Pop\Rampant Rim Rammer!\,{LBM1~Pop~BD0TSM5M~Rampant Rim Rammer!}
076.jpg,366344,44b14fe0,\Pop\Rampant Rim Rammer!\,{LBM1~Pop~BD0TSM5M~Rampant Rim Rammer!}
077.jpg,466687,63681da4,\Pop\Rampant Rim Rammer!\,{LBM1~Pop~BD0TSM5M~Rampant Rim Rammer!}
078.jpg,388916,1d68babe,\Pop\Rampant Rim Rammer!\,{LBM1~Pop~BD0TSM5M~Rampant Rim Rammer!}
079.jpg,384419,0abad13c,\Pop\Rampant Rim Rammer!\,{LBM1~Pop~BD0TSM5M~Rampant Rim Rammer!}
081.jpg,371362,69f4e1d8,\Pop\Rampant Rim Rammer!\,{LBM1~Pop~BD0TSM5M~Rampant Rim Rammer!}
082.jpg,388658,0750be50,\Pop\Rampant Rim Rammer!\,{LBM1~Pop~BD0TSM5M~Rampant Rim Rammer!}
083.jpg,427013,e9597f33,\Pop\Rampant Rim Rammer!\,{LBM1~Pop~BD0TSM5M~Rampant Rim Rammer!}
084.jpg,425590,02f6f469,\Pop\Rampant Rim Rammer!\,{LBM1~Pop~BD0TSM5M~Rampant Rim Rammer!}
085.jpg,471378,4b92f664,\Pop\Rampant Rim Rammer!\,{LBM1~Pop~BD0TSM5M~Rampant Rim Rammer!}
086.jpg,510902,afb820e4,\Pop\Rampant Rim Rammer!\,{LBM1~Pop~BD0TSM5M~Rampant Rim Rammer!}
087.jpg,442290,35e07e0e,\Pop\Rampant Rim Rammer!\,{LBM1~Pop~BD0TSM5M~Rampant Rim Rammer!}
088.jpg,442187,2489a32a,\Pop\Rampant Rim Rammer!\,{LBM1~Pop~BD0TSM5M~Rampant Rim Rammer!}
089.jpg,469765,9ceff9dc,\Pop\Rampant Rim Rammer!\,{LBM1~Pop~BD0TSM5M~Rampant Rim Rammer!}
090.jpg,442983,7972b122,\Pop\Rampant Rim Rammer!\,{LBM1~Pop~BD0TSM5M~Rampant Rim Rammer!}
091.jpg,462541,0aa29dfb,\Pop\Rampant Rim Rammer!\,{LBM1~Pop~BD0TSM5M~Rampant Rim Rammer!}
092.jpg,377243,2ac3449f,\Pop\Rampant Rim Rammer!\,{LBM1~Pop~BD0TSM5M~Rampant Rim Rammer!}
093.jpg,367999,4f430a5f,\Pop\Rampant Rim Rammer!\,{LBM1~Pop~BD0TSM5M~Rampant Rim Rammer!}
094.jpg,421442,c99d287f,\Pop\Rampant Rim Rammer!\,{LBM1~Pop~BD0TSM5M~Rampant Rim Rammer!}
095.jpg,421781,056adeae,\Pop\Rampant Rim Rammer!\,{LBM1~Pop~BD0TSM5M~Rampant Rim Rammer!}
096.jpg,466821,7fe82a5c,\Pop\Rampant Rim Rammer!\,{LBM1~Pop~BD0TSM5M~Rampant Rim Rammer!}
097.jpg,464706,d16af449,\Pop\Rampant Rim Rammer!\,{LBM1~Pop~BD0TSM5M~Rampant Rim Rammer!}
098.jpg,481078,cb3726f3,\Pop\Rampant Rim Rammer!\,{LBM1~Pop~BD0TSM5M~Rampant Rim Rammer!}
099.jpg,360884,9ad559e8,\Pop\Rampant Rim Rammer!\,{LBM1~Pop~BD0TSM5M~Rampant Rim Rammer!}
100.jpg,491418,436c9bdb,\Pop\Rampant Rim Rammer!\,{LBM1~Pop~BD0TSM5M~Rampant Rim Rammer!}
101.jpg,462415,fc15de49,\Pop\Rampant Rim Rammer!\,{LBM1~Pop~BD0TSM5M~Rampant Rim Rammer!}
102.jpg,471209,3bcab231,\Pop\Rampant Rim Rammer!\,{LBM1~Pop~BD0TSM5M~Rampant Rim Rammer!}
103.jpg,508045,dec03fde,\Pop\Rampant Rim Rammer!\,{LBM1~Pop~BD0TSM5M~Rampant Rim Rammer!}
104.jpg,441221,3fb5ee5b,\Pop\Rampant Rim Rammer!\,{LBM1~Pop~BD0TSM5M~Rampant Rim Rammer!}
105.jpg,463622,e12eaf2f,\Pop\Rampant Rim Rammer!\,{LBM1~Pop~BD0TSM5M~Rampant Rim Rammer!}
106.jpg,405060,d7bcd9ae,\Pop\Rampant Rim Rammer!\,{LBM1~Pop~BD0TSM5M~Rampant Rim Rammer!}
107.jpg,370367,7a9ad312,\Pop\Rampant Rim Rammer!\,{LBM1~Pop~BD0TSM5M~Rampant Rim Rammer!}
108.jpg,440863,490e2ae6,\Pop\Rampant Rim Rammer!\,{LBM1~Pop~BD0TSM5M~Rampant Rim Rammer!}
109.jpg,419136,2a787343,\Pop\Rampant Rim Rammer!\,{LBM1~Pop~BD0TSM5M~Rampant Rim Rammer!}
110.jpg,424798,4b0097d2,\Pop\Rampant Rim Rammer!\,{LBM1~Pop~BD0TSM5M~Rampant Rim Rammer!}
111.jpg,433039,db07157d,\Pop\Rampant Rim Rammer!\,{LBM1~Pop~BD0TSM5M~Rampant Rim Rammer!}
112.jpg,577649,11507dd9,\Pop\Rampant Rim Rammer!\,{LBM1~Pop~BD0TSM5M~Rampant Rim Rammer!}
113.jpg,419930,c84f1d3f,\Pop\Rampant Rim Rammer!\,{LBM1~Pop~BD0TSM5M~Rampant Rim Rammer!}
114.jpg,442165,afb6b89e,\Pop\Rampant Rim Rammer!\,{LBM1~Pop~BD0TSM5M~Rampant Rim Rammer!}
115.jpg,424609,5fcac098,\Pop\Rampant Rim Rammer!\,{LBM1~Pop~BD0TSM5M~Rampant Rim Rammer!}
116.jpg,479124,eedeff59,\Pop\Rampant Rim Rammer!\,{LBM1~Pop~BD0TSM5M~Rampant Rim Rammer!}
117.jpg,482049,730319bc,\Pop\Rampant Rim Rammer!\,{LBM1~Pop~BD0TSM5M~Rampant Rim Rammer!}
118.jpg,365905,94dcdb3b,\Pop\Rampant Rim Rammer!\,{LBM1~Pop~BD0TSM5M~Rampant Rim Rammer!}
119.jpg,542024,65f629a4,\Pop\Rampant Rim Rammer!\,{LBM1~Pop~BD0TSM5M~Rampant Rim Rammer!}
123.jpg,438112,218c365e,\Pop\Rampant Rim Rammer!\,{LBM1~Pop~BD0TSM5M~Rampant Rim Rammer!}
124.jpg,418785,a52d5285,\Pop\Rampant Rim Rammer!\,{LBM1~Pop~BD0TSM5M~Rampant Rim Rammer!}
125.jpg,506658,f0ba0013,\Pop\Rampant Rim Rammer!\,{LBM1~Pop~BD0TSM5M~Rampant Rim Rammer!}
126.jpg,400870,d2f1cf62,\Pop\Rampant Rim Rammer!\,{LBM1~Pop~BD0TSM5M~Rampant Rim Rammer!}
127.jpg,510292,fd3ad8c4,\Pop\Rampant Rim Rammer!\,{LBM1~Pop~BD0TSM5M~Rampant Rim Rammer!}
128.jpg,467472,cadc0b4c,\Pop\Rampant Rim Rammer!\,{LBM1~Pop~BD0TSM5M~Rampant Rim Rammer!}
129.jpg,515343,286c7c0d,\Pop\Rampant Rim Rammer!\,{LBM1~Pop~BD0TSM5M~Rampant Rim Rammer!}
130.jpg,486832,83f2292c,\Pop\Rampant Rim Rammer!\,{LBM1~Pop~BD0TSM5M~Rampant Rim Rammer!}
131.jpg,470872,855f7cda,\Pop\Rampant Rim Rammer!\,{LBM1~Pop~BD0TSM5M~Rampant Rim Rammer!}
132.jpg,588950,caddb9fa,\Pop\Rampant Rim Rammer!\,{LBM1~Pop~BD0TSM5M~Rampant Rim Rammer!}
133.jpg,540556,af3b4219,\Pop\Rampant Rim Rammer!\,{LBM1~Pop~BD0TSM5M~Rampant Rim Rammer!}
134.jpg,532596,41cf21fe,\Pop\Rampant Rim Rammer!\,{LBM1~Pop~BD0TSM5M~Rampant Rim Rammer!}
135.jpg,450023,687bbd94,\Pop\Rampant Rim Rammer!\,{LBM1~Pop~BD0TSM5M~Rampant Rim Rammer!}
136.jpg,495594,933a255e,\Pop\Rampant Rim Rammer!\,{LBM1~Pop~BD0TSM5M~Rampant Rim Rammer!}
137.jpg,475631,1b30705f,\Pop\Rampant Rim Rammer!\,{LBM1~Pop~BD0TSM5M~Rampant Rim Rammer!}
138.jpg,474859,89c85be5,\Pop\Rampant Rim Rammer!\,{LBM1~Pop~BD0TSM5M~Rampant Rim Rammer!}
139.jpg,460614,793649ed,\Pop\Rampant Rim Rammer!\,{LBM1~Pop~BD0TSM5M~Rampant Rim Rammer!}
140.jpg,389680,bd4bf59c,\Pop\Rampant Rim Rammer!\,{LBM1~Pop~BD0TSM5M~Rampant Rim Rammer!}
141.jpg,463433,d79a7cdb,\Pop\Rampant Rim Rammer!\,{LBM1~Pop~BD0TSM5M~Rampant Rim Rammer!}
142.jpg,434054,c0b72ad0,\Pop\Rampant Rim Rammer!\,{LBM1~Pop~BD0TSM5M~Rampant Rim Rammer!}
143.jpg,483814,af95394e,\Pop\Rampant Rim Rammer!\,{LBM1~Pop~BD0TSM5M~Rampant Rim Rammer!}
144.jpg,433724,506fd99e,\Pop\Rampant Rim Rammer!\,{LBM1~Pop~BD0TSM5M~Rampant Rim Rammer!}
145.jpg,433851,c7c85889,\Pop\Rampant Rim Rammer!\,{LBM1~Pop~BD0TSM5M~Rampant Rim Rammer!}
146.jpg,424078,b7f9ce25,\Pop\Rampant Rim Rammer!\,{LBM1~Pop~BD0TSM5M~Rampant Rim Rammer!}
147.jpg,425666,add87cf8,\Pop\Rampant Rim Rammer!\,{LBM1~Pop~BD0TSM5M~Rampant Rim Rammer!}
148.jpg,292133,d639a4ac,\Pop\Rampant Rim Rammer!\,{LBM1~Pop~BD0TSM5M~Rampant Rim Rammer!}
149.jpg,430092,26ec208e,\Pop\Rampant Rim Rammer!\,{LBM1~Pop~BD0TSM5M~Rampant Rim Rammer!}
150.jpg,516319,168beaec,\Pop\Rampant Rim Rammer!\,{LBM1~Pop~BD0TSM5M~Rampant Rim Rammer!}
151.jpg,395427,ba7b75e6,\Pop\Rampant Rim Rammer!\,{LBM1~Pop~BD0TSM5M~Rampant Rim Rammer!}
001.jpg,457962,76447003,\Nina\Boxed Bum Bulldozer\,{LBM1~Nina~BD0TWUIG~Boxed Bum Bulldozer}
007.jpg,495588,f2f6be97,\Nina\Boxed Bum Bulldozer\,{LBM1~Nina~BD0TWUIG~Boxed Bum Bulldozer}
008.jpg,447692,daebce4a,\Nina\Boxed Bum Bulldozer\,{LBM1~Nina~BD0TWUIG~Boxed Bum Bulldozer}
009.jpg,431132,600ed5f2,\Nina\Boxed Bum Bulldozer\,{LBM1~Nina~BD0TWUIG~Boxed Bum Bulldozer}
010.jpg,440585,87823bfd,\Nina\Boxed Bum Bulldozer\,{LBM1~Nina~BD0TWUIG~Boxed Bum Bulldozer}
018.jpg,423901,53ae815d,\Nina\Boxed Bum Bulldozer\,{LBM1~Nina~BD0TWUIG~Boxed Bum Bulldozer}
019.jpg,464563,4518550d,\Nina\Boxed Bum Bulldozer\,{LBM1~Nina~BD0TWUIG~Boxed Bum Bulldozer}
020.jpg,485896,de45c2a1,\Nina\Boxed Bum Bulldozer\,{LBM1~Nina~BD0TWUIG~Boxed Bum Bulldozer}
021.jpg,530442,496ad8ab,\Nina\Boxed Bum Bulldozer\,{LBM1~Nina~BD0TWUIG~Boxed Bum Bulldozer}
022.jpg,540373,c9128667,\Nina\Boxed Bum Bulldozer\,{LBM1~Nina~BD0TWUIG~Boxed Bum Bulldozer}
024.jpg,580348,80f2d7c0,\Nina\Boxed Bum Bulldozer\,{LBM1~Nina~BD0TWUIG~Boxed Bum Bulldozer}
026.jpg,598141,f65f625c,\Nina\Boxed Bum Bulldozer\,{LBM1~Nina~BD0TWUIG~Boxed Bum Bulldozer}
027.jpg,495065,a4ce2553,\Nina\Boxed Bum Bulldozer\,{LBM1~Nina~BD0TWUIG~Boxed Bum Bulldozer}
028.jpg,553272,38bc2d5a,\Nina\Boxed Bum Bulldozer\,{LBM1~Nina~BD0TWUIG~Boxed Bum Bulldozer}
030.jpg,492587,6dc44714,\Nina\Boxed Bum Bulldozer\,{LBM1~Nina~BD0TWUIG~Boxed Bum Bulldozer}
031.jpg,573839,ef1354bf,\Nina\Boxed Bum Bulldozer\,{LBM1~Nina~BD0TWUIG~Boxed Bum Bulldozer}
033.jpg,452033,84c2e1ad,\Nina\Boxed Bum Bulldozer\,{LBM1~Nina~BD0TWUIG~Boxed Bum Bulldozer}
034.jpg,484544,d6e7d57c,\Nina\Boxed Bum Bulldozer\,{LBM1~Nina~BD0TWUIG~Boxed Bum Bulldozer}
035.jpg,487531,f0f42c89,\Nina\Boxed Bum Bulldozer\,{LBM1~Nina~BD0TWUIG~Boxed Bum Bulldozer}
036.jpg,449454,38d86c24,\Nina\Boxed Bum Bulldozer\,{LBM1~Nina~BD0TWUIG~Boxed Bum Bulldozer}
041.jpg,566854,bb9f2ea0,\Nina\Boxed Bum Bulldozer\,{LBM1~Nina~BD0TWUIG~Boxed Bum Bulldozer}
042.jpg,533314,3d4b514a,\Nina\Boxed Bum Bulldozer\,{LBM1~Nina~BD0TWUIG~Boxed Bum Bulldozer}
043.jpg,508513,194bce5f,\Nina\Boxed Bum Bulldozer\,{LBM1~Nina~BD0TWUIG~Boxed Bum Bulldozer}
044.jpg,515767,9f3abe1e,\Nina\Boxed Bum Bulldozer\,{LBM1~Nina~BD0TWUIG~Boxed Bum Bulldozer}
046.jpg,544630,7c1fb74b,\Nina\Boxed Bum Bulldozer\,{LBM1~Nina~BD0TWUIG~Boxed Bum Bulldozer}
047.jpg,497841,0761d82c,\Nina\Boxed Bum Bulldozer\,{LBM1~Nina~BD0TWUIG~Boxed Bum Bulldozer}
048.jpg,497462,0a9d2d85,\Nina\Boxed Bum Bulldozer\,{LBM1~Nina~BD0TWUIG~Boxed Bum Bulldozer}
049.jpg,461605,7a50d521,\Nina\Boxed Bum Bulldozer\,{LBM1~Nina~BD0TWUIG~Boxed Bum Bulldozer}
050.jpg,476391,81fecda4,\Nina\Boxed Bum Bulldozer\,{LBM1~Nina~BD0TWUIG~Boxed Bum Bulldozer}
052.jpg,524870,bbe6940b,\Nina\Boxed Bum Bulldozer\,{LBM1~Nina~BD0TWUIG~Boxed Bum Bulldozer}
055.jpg,608573,02375bf8,\Nina\Boxed Bum Bulldozer\,{LBM1~Nina~BD0TWUIG~Boxed Bum Bulldozer}
056.jpg,491765,546b8bea,\Nina\Boxed Bum Bulldozer\,{LBM1~Nina~BD0TWUIG~Boxed Bum Bulldozer}
057.jpg,485889,7c9bf0e8,\Nina\Boxed Bum Bulldozer\,{LBM1~Nina~BD0TWUIG~Boxed Bum Bulldozer}
061.jpg,352126,664388ee,\Nina\Boxed Bum Bulldozer\,{LBM1~Nina~BD0TWUIG~Boxed Bum Bulldozer}
062.jpg,564213,b53d6368,\Nina\Boxed Bum Bulldozer\,{LBM1~Nina~BD0TWUIG~Boxed Bum Bulldozer}
065.jpg,525271,5ad667e5,\Nina\Boxed Bum Bulldozer\,{LBM1~Nina~BD0TWUIG~Boxed Bum Bulldozer}
066.jpg,467303,0fc7ff04,\Nina\Boxed Bum Bulldozer\,{LBM1~Nina~BD0TWUIG~Boxed Bum Bulldozer}
067.jpg,507468,f96a6cbf,\Nina\Boxed Bum Bulldozer\,{LBM1~Nina~BD0TWUIG~Boxed Bum Bulldozer}
069.jpg,547427,09cd4ec6,\Nina\Boxed Bum Bulldozer\,{LBM1~Nina~BD0TWUIG~Boxed Bum Bulldozer}
070.jpg,478765,516d26ef,\Nina\Boxed Bum Bulldozer\,{LBM1~Nina~BD0TWUIG~Boxed Bum Bulldozer}
071.jpg,537077,514ce20c,\Nina\Boxed Bum Bulldozer\,{LBM1~Nina~BD0TWUIG~Boxed Bum Bulldozer}
072.jpg,670851,afc92ec0,\Nina\Boxed Bum Bulldozer\,{LBM1~Nina~BD0TWUIG~Boxed Bum Bulldozer}
073.jpg,476419,26144210,\Nina\Boxed Bum Bulldozer\,{LBM1~Nina~BD0TWUIG~Boxed Bum Bulldozer}
074.jpg,482678,4957d709,\Nina\Boxed Bum Bulldozer\,{LBM1~Nina~BD0TWUIG~Boxed Bum Bulldozer}
075.jpg,495295,e076b953,\Nina\Boxed Bum Bulldozer\,{LBM1~Nina~BD0TWUIG~Boxed Bum Bulldozer}
077.jpg,526300,4619efd4,\Nina\Boxed Bum Bulldozer\,{LBM1~Nina~BD0TWUIG~Boxed Bum Bulldozer}
078.jpg,503090,04d1b220,\Nina\Boxed Bum Bulldozer\,{LBM1~Nina~BD0TWUIG~Boxed Bum Bulldozer}
080.jpg,521187,2ead0412,\Nina\Boxed Bum Bulldozer\,{LBM1~Nina~BD0TWUIG~Boxed Bum Bulldozer}
081.jpg,524597,61a93305,\Nina\Boxed Bum Bulldozer\,{LBM1~Nina~BD0TWUIG~Boxed Bum Bulldozer}
082.jpg,554388,fdf7d94f,\Nina\Boxed Bum Bulldozer\,{LBM1~Nina~BD0TWUIG~Boxed Bum Bulldozer}
083.jpg,597243,96026965,\Nina\Boxed Bum Bulldozer\,{LBM1~Nina~BD0TWUIG~Boxed Bum Bulldozer}
084.jpg,551090,c0cd5de0,\Nina\Boxed Bum Bulldozer\,{LBM1~Nina~BD0TWUIG~Boxed Bum Bulldozer}
085.jpg,512962,35e41f9f,\Nina\Boxed Bum Bulldozer\,{LBM1~Nina~BD0TWUIG~Boxed Bum Bulldozer}
087.jpg,497424,80e70d3c,\Nina\Boxed Bum Bulldozer\,{LBM1~Nina~BD0TWUIG~Boxed Bum Bulldozer}
088.jpg,520616,dac71328,\Nina\Boxed Bum Bulldozer\,{LBM1~Nina~BD0TWUIG~Boxed Bum Bulldozer}
089.jpg,514454,c97be1f5,\Nina\Boxed Bum Bulldozer\,{LBM1~Nina~BD0TWUIG~Boxed Bum Bulldozer}
090.jpg,510035,5f89058c,\Nina\Boxed Bum Bulldozer\,{LBM1~Nina~BD0TWUIG~Boxed Bum Bulldozer}
091.jpg,480724,11df585e,\Nina\Boxed Bum Bulldozer\,{LBM1~Nina~BD0TWUIG~Boxed Bum Bulldozer}
092.jpg,541000,541793e9,\Nina\Boxed Bum Bulldozer\,{LBM1~Nina~BD0TWUIG~Boxed Bum Bulldozer}
093.jpg,500972,f1571a6f,\Nina\Boxed Bum Bulldozer\,{LBM1~Nina~BD0TWUIG~Boxed Bum Bulldozer}
094.jpg,520565,a248622f,\Nina\Boxed Bum Bulldozer\,{LBM1~Nina~BD0TWUIG~Boxed Bum Bulldozer}
095.jpg,536824,735bd892,\Nina\Boxed Bum Bulldozer\,{LBM1~Nina~BD0TWUIG~Boxed Bum Bulldozer}
098.jpg,558430,5ac11927,\Nina\Boxed Bum Bulldozer\,{LBM1~Nina~BD0TWUIG~Boxed Bum Bulldozer}
120.jpg,498053,b10cfa17,\Nina\Boxed Bum Bulldozer\,{LBM1~Nina~BD0TWUIG~Boxed Bum Bulldozer}
121.jpg,520780,9c519df6,\Nina\Boxed Bum Bulldozer\,{LBM1~Nina~BD0TWUIG~Boxed Bum Bulldozer}
126.jpg,666396,a1af16e2,\Nina\Boxed Bum Bulldozer\,{LBM1~Nina~BD0TWUIG~Boxed Bum Bulldozer}
127.jpg,540263,2d605d32,\Nina\Boxed Bum Bulldozer\,{LBM1~Nina~BD0TWUIG~Boxed Bum Bulldozer}
128.jpg,556235,1ebe8f3a,\Nina\Boxed Bum Bulldozer\,{LBM1~Nina~BD0TWUIG~Boxed Bum Bulldozer}
129.jpg,652039,fbeb21f7,\Nina\Boxed Bum Bulldozer\,{LBM1~Nina~BD0TWUIG~Boxed Bum Bulldozer}
130.jpg,483262,4d4938f4,\Nina\Boxed Bum Bulldozer\,{LBM1~Nina~BD0TWUIG~Boxed Bum Bulldozer}
131.jpg,589170,a22126a1,\Nina\Boxed Bum Bulldozer\,{LBM1~Nina~BD0TWUIG~Boxed Bum Bulldozer}
007.jpg,347788,ad913a1b,\Yoyo\Purple Pussy Pounder\,{LBM1~Yoyo~BD0U0IDI~Purple Pussy Pounder}
009.jpg,377509,42d08c01,\Yoyo\Purple Pussy Pounder\,{LBM1~Yoyo~BD0U0IDI~Purple Pussy Pounder}
011.jpg,419433,fe0db13b,\Yoyo\Purple Pussy Pounder\,{LBM1~Yoyo~BD0U0IDI~Purple Pussy Pounder}
012.jpg,362229,d26cae16,\Yoyo\Purple Pussy Pounder\,{LBM1~Yoyo~BD0U0IDI~Purple Pussy Pounder}
015.jpg,483293,49ade6d9,\Yoyo\Purple Pussy Pounder\,{LBM1~Yoyo~BD0U0IDI~Purple Pussy Pounder}
016.jpg,429968,e23a6755,\Yoyo\Purple Pussy Pounder\,{LBM1~Yoyo~BD0U0IDI~Purple Pussy Pounder}
029.jpg,476188,103bc852,\Yoyo\Purple Pussy Pounder\,{LBM1~Yoyo~BD0U0IDI~Purple Pussy Pounder}
030.jpg,582263,e5a32427,\Yoyo\Purple Pussy Pounder\,{LBM1~Yoyo~BD0U0IDI~Purple Pussy Pounder}
031.jpg,569170,e5a1d833,\Yoyo\Purple Pussy Pounder\,{LBM1~Yoyo~BD0U0IDI~Purple Pussy Pounder}
032.jpg,497027,5a2854d2,\Yoyo\Purple Pussy Pounder\,{LBM1~Yoyo~BD0U0IDI~Purple Pussy Pounder}
033.jpg,514659,c3fcf586,\Yoyo\Purple Pussy Pounder\,{LBM1~Yoyo~BD0U0IDI~Purple Pussy Pounder}
034.jpg,516490,7f5fd0c8,\Yoyo\Purple Pussy Pounder\,{LBM1~Yoyo~BD0U0IDI~Purple Pussy Pounder}
035.jpg,523381,dddef695,\Yoyo\Purple Pussy Pounder\,{LBM1~Yoyo~BD0U0IDI~Purple Pussy Pounder}
036.jpg,515787,1dc077c1,\Yoyo\Purple Pussy Pounder\,{LBM1~Yoyo~BD0U0IDI~Purple Pussy Pounder}
037.jpg,511412,2421120e,\Yoyo\Purple Pussy Pounder\,{LBM1~Yoyo~BD0U0IDI~Purple Pussy Pounder}
038.jpg,476464,27b46d5c,\Yoyo\Purple Pussy Pounder\,{LBM1~Yoyo~BD0U0IDI~Purple Pussy Pounder}
039.jpg,449084,1b462148,\Yoyo\Purple Pussy Pounder\,{LBM1~Yoyo~BD0U0IDI~Purple Pussy Pounder}
040.jpg,529693,2d7cade3,\Yoyo\Purple Pussy Pounder\,{LBM1~Yoyo~BD0U0IDI~Purple Pussy Pounder}
041.jpg,552639,e719ae7f,\Yoyo\Purple Pussy Pounder\,{LBM1~Yoyo~BD0U0IDI~Purple Pussy Pounder}
042.jpg,550625,a67ee198,\Yoyo\Purple Pussy Pounder\,{LBM1~Yoyo~BD0U0IDI~Purple Pussy Pounder}
043.jpg,466328,05ec210f,\Yoyo\Purple Pussy Pounder\,{LBM1~Yoyo~BD0U0IDI~Purple Pussy Pounder}
044.jpg,505457,680afd86,\Yoyo\Purple Pussy Pounder\,{LBM1~Yoyo~BD0U0IDI~Purple Pussy Pounder}
045.jpg,480817,6e67626c,\Yoyo\Purple Pussy Pounder\,{LBM1~Yoyo~BD0U0IDI~Purple Pussy Pounder}
051.jpg,533994,7df90a6b,\Yoyo\Purple Pussy Pounder\,{LBM1~Yoyo~BD0U0IDI~Purple Pussy Pounder}
053.jpg,416321,f91d6730,\Yoyo\Purple Pussy Pounder\,{LBM1~Yoyo~BD0U0IDI~Purple Pussy Pounder}
055.jpg,501715,af5bf6bf,\Yoyo\Purple Pussy Pounder\,{LBM1~Yoyo~BD0U0IDI~Purple Pussy Pounder}
056.jpg,486538,03094126,\Yoyo\Purple Pussy Pounder\,{LBM1~Yoyo~BD0U0IDI~Purple Pussy Pounder}
057.jpg,500642,99069d5a,\Yoyo\Purple Pussy Pounder\,{LBM1~Yoyo~BD0U0IDI~Purple Pussy Pounder}
058.jpg,542150,cb2c43e3,\Yoyo\Purple Pussy Pounder\,{LBM1~Yoyo~BD0U0IDI~Purple Pussy Pounder}
059.jpg,549868,6d86e83a,\Yoyo\Purple Pussy Pounder\,{LBM1~Yoyo~BD0U0IDI~Purple Pussy Pounder}
060.jpg,467469,689357fb,\Yoyo\Purple Pussy Pounder\,{LBM1~Yoyo~BD0U0IDI~Purple Pussy Pounder}
061.jpg,450007,7ff1f928,\Yoyo\Purple Pussy Pounder\,{LBM1~Yoyo~BD0U0IDI~Purple Pussy Pounder}
062.jpg,474505,f5d4ad2e,\Yoyo\Purple Pussy Pounder\,{LBM1~Yoyo~BD0U0IDI~Purple Pussy Pounder}
063.jpg,473922,f34b997c,\Yoyo\Purple Pussy Pounder\,{LBM1~Yoyo~BD0U0IDI~Purple Pussy Pounder}
064.jpg,457206,19f58c0a,\Yoyo\Purple Pussy Pounder\,{LBM1~Yoyo~BD0U0IDI~Purple Pussy Pounder}
065.jpg,448753,d4cdc66b,\Yoyo\Purple Pussy Pounder\,{LBM1~Yoyo~BD0U0IDI~Purple Pussy Pounder}
066.jpg,451889,c7d051e9,\Yoyo\Purple Pussy Pounder\,{LBM1~Yoyo~BD0U0IDI~Purple Pussy Pounder}
067.jpg,444155,80791ce1,\Yoyo\Purple Pussy Pounder\,{LBM1~Yoyo~BD0U0IDI~Purple Pussy Pounder}
068.jpg,442385,87be1cd9,\Yoyo\Purple Pussy Pounder\,{LBM1~Yoyo~BD0U0IDI~Purple Pussy Pounder}
069.jpg,461017,457a7494,\Yoyo\Purple Pussy Pounder\,{LBM1~Yoyo~BD0U0IDI~Purple Pussy Pounder}
070.jpg,503905,906b7cbc,\Yoyo\Purple Pussy Pounder\,{LBM1~Yoyo~BD0U0IDI~Purple Pussy Pounder}
071.jpg,491339,bcd186c9,\Yoyo\Purple Pussy Pounder\,{LBM1~Yoyo~BD0U0IDI~Purple Pussy Pounder}
072.jpg,521536,441613ff,\Yoyo\Purple Pussy Pounder\,{LBM1~Yoyo~BD0U0IDI~Purple Pussy Pounder}
074.jpg,496055,9a9e94d3,\Yoyo\Purple Pussy Pounder\,{LBM1~Yoyo~BD0U0IDI~Purple Pussy Pounder}
076.jpg,461690,8243471b,\Yoyo\Purple Pussy Pounder\,{LBM1~Yoyo~BD0U0IDI~Purple Pussy Pounder}
077.jpg,396154,ad6824e1,\Yoyo\Purple Pussy Pounder\,{LBM1~Yoyo~BD0U0IDI~Purple Pussy Pounder}
078.jpg,489590,32ad6b29,\Yoyo\Purple Pussy Pounder\,{LBM1~Yoyo~BD0U0IDI~Purple Pussy Pounder}
079.jpg,372744,183e6ac0,\Yoyo\Purple Pussy Pounder\,{LBM1~Yoyo~BD0U0IDI~Purple Pussy Pounder}
080.jpg,405529,8d391156,\Yoyo\Purple Pussy Pounder\,{LBM1~Yoyo~BD0U0IDI~Purple Pussy Pounder}
081.jpg,428711,c9638fda,\Yoyo\Purple Pussy Pounder\,{LBM1~Yoyo~BD0U0IDI~Purple Pussy Pounder}
082.jpg,469421,f6fde67f,\Yoyo\Purple Pussy Pounder\,{LBM1~Yoyo~BD0U0IDI~Purple Pussy Pounder}
083.jpg,460368,2e75ad6f,\Yoyo\Purple Pussy Pounder\,{LBM1~Yoyo~BD0U0IDI~Purple Pussy Pounder}
084.jpg,516833,a9e146ff,\Yoyo\Purple Pussy Pounder\,{LBM1~Yoyo~BD0U0IDI~Purple Pussy Pounder}
085.jpg,637282,148b40dd,\Yoyo\Purple Pussy Pounder\,{LBM1~Yoyo~BD0U0IDI~Purple Pussy Pounder}
086.jpg,501132,00b1c568,\Yoyo\Purple Pussy Pounder\,{LBM1~Yoyo~BD0U0IDI~Purple Pussy Pounder}
097.jpg,529054,afd741fa,\Yoyo\Purple Pussy Pounder\,{LBM1~Yoyo~BD0U0IDI~Purple Pussy Pounder}
098.jpg,613017,7bd37da5,\Yoyo\Purple Pussy Pounder\,{LBM1~Yoyo~BD0U0IDI~Purple Pussy Pounder}
099.jpg,457435,74ad4dd1,\Yoyo\Purple Pussy Pounder\,{LBM1~Yoyo~BD0U0IDI~Purple Pussy Pounder}
100.jpg,528544,bf7d58cd,\Yoyo\Purple Pussy Pounder\,{LBM1~Yoyo~BD0U0IDI~Purple Pussy Pounder}
108.jpg,548134,5a6d1d7e,\Yoyo\Purple Pussy Pounder\,{LBM1~Yoyo~BD0U0IDI~Purple Pussy Pounder}
109.jpg,520376,350b3f84,\Yoyo\Purple Pussy Pounder\,{LBM1~Yoyo~BD0U0IDI~Purple Pussy Pounder}
110.jpg,559125,16a59965,\Yoyo\Purple Pussy Pounder\,{LBM1~Yoyo~BD0U0IDI~Purple Pussy Pounder}
111.jpg,426668,37ac9e8f,\Yoyo\Purple Pussy Pounder\,{LBM1~Yoyo~BD0U0IDI~Purple Pussy Pounder}
112.jpg,418023,053a5b76,\Yoyo\Purple Pussy Pounder\,{LBM1~Yoyo~BD0U0IDI~Purple Pussy Pounder}
113.jpg,506671,2a9b1d2d,\Yoyo\Purple Pussy Pounder\,{LBM1~Yoyo~BD0U0IDI~Purple Pussy Pounder}
114.jpg,399322,abb99f44,\Yoyo\Purple Pussy Pounder\,{LBM1~Yoyo~BD0U0IDI~Purple Pussy Pounder}
115.jpg,437659,97745a62,\Yoyo\Purple Pussy Pounder\,{LBM1~Yoyo~BD0U0IDI~Purple Pussy Pounder}
116.jpg,563797,bd6e1a76,\Yoyo\Purple Pussy Pounder\,{LBM1~Yoyo~BD0U0IDI~Purple Pussy Pounder}
118.jpg,677365,8ed73e84,\Yoyo\Purple Pussy Pounder\,{LBM1~Yoyo~BD0U0IDI~Purple Pussy Pounder}
119.jpg,574161,26e29c41,\Yoyo\Purple Pussy Pounder\,{LBM1~Yoyo~BD0U0IDI~Purple Pussy Pounder}
122.jpg,530158,be3f4afe,\Yoyo\Purple Pussy Pounder\,{LBM1~Yoyo~BD0U0IDI~Purple Pussy Pounder}
123.jpg,500655,4e1480a6,\Yoyo\Purple Pussy Pounder\,{LBM1~Yoyo~BD0U0IDI~Purple Pussy Pounder}
124.jpg,466939,55788b52,\Yoyo\Purple Pussy Pounder\,{LBM1~Yoyo~BD0U0IDI~Purple Pussy Pounder}
125.jpg,470823,b43fcbc3,\Yoyo\Purple Pussy Pounder\,{LBM1~Yoyo~BD0U0IDI~Purple Pussy Pounder}
126.jpg,504432,86d71b09,\Yoyo\Purple Pussy Pounder\,{LBM1~Yoyo~BD0U0IDI~Purple Pussy Pounder}
128.jpg,456778,1f2a3fa1,\Yoyo\Purple Pussy Pounder\,{LBM1~Yoyo~BD0U0IDI~Purple Pussy Pounder}
129.jpg,591779,1a0bf782,\Yoyo\Purple Pussy Pounder\,{LBM1~Yoyo~BD0U0IDI~Purple Pussy Pounder}
003.jpg,472151,988a1331,\Baloon\Rampant Rim Rammer\,{LBM1~Baloon~BD0U4R31~Rampant Rim Rammer}
004.jpg,439602,8a8dacfe,\Baloon\Rampant Rim Rammer\,{LBM1~Baloon~BD0U4R31~Rampant Rim Rammer}
005.jpg,449658,25738333,\Baloon\Rampant Rim Rammer\,{LBM1~Baloon~BD0U4R31~Rampant Rim Rammer}
007.jpg,439957,b27d3a08,\Baloon\Rampant Rim Rammer\,{LBM1~Baloon~BD0U4R31~Rampant Rim Rammer}
008.jpg,481349,12985819,\Baloon\Rampant Rim Rammer\,{LBM1~Baloon~BD0U4R31~Rampant Rim Rammer}
009.jpg,500420,12d4246e,\Baloon\Rampant Rim Rammer\,{LBM1~Baloon~BD0U4R31~Rampant Rim Rammer}
010.jpg,510280,6f725989,\Baloon\Rampant Rim Rammer\,{LBM1~Baloon~BD0U4R31~Rampant Rim Rammer}
011.jpg,455345,95d5ca2d,\Baloon\Rampant Rim Rammer\,{LBM1~Baloon~BD0U4R31~Rampant Rim Rammer}
012.jpg,456579,62ea1785,\Baloon\Rampant Rim Rammer\,{LBM1~Baloon~BD0U4R31~Rampant Rim Rammer}
013.jpg,495447,7a269342,\Baloon\Rampant Rim Rammer\,{LBM1~Baloon~BD0U4R31~Rampant Rim Rammer}
014.jpg,558817,563e40b3,\Baloon\Rampant Rim Rammer\,{LBM1~Baloon~BD0U4R31~Rampant Rim Rammer}
015.jpg,464002,ee72434c,\Baloon\Rampant Rim Rammer\,{LBM1~Baloon~BD0U4R31~Rampant Rim Rammer}
016.jpg,532443,b3ec8166,\Baloon\Rampant Rim Rammer\,{LBM1~Baloon~BD0U4R31~Rampant Rim Rammer}
017.jpg,466102,df8a9307,\Baloon\Rampant Rim Rammer\,{LBM1~Baloon~BD0U4R31~Rampant Rim Rammer}
018.jpg,477462,c71c4104,\Baloon\Rampant Rim Rammer\,{LBM1~Baloon~BD0U4R31~Rampant Rim Rammer}
019.jpg,518792,4dc2ccf3,\Baloon\Rampant Rim Rammer\,{LBM1~Baloon~BD0U4R31~Rampant Rim Rammer}
020.jpg,544235,09da5a9c,\Baloon\Rampant Rim Rammer\,{LBM1~Baloon~BD0U4R31~Rampant Rim Rammer}
021.jpg,462463,75e8f6a6,\Baloon\Rampant Rim Rammer\,{LBM1~Baloon~BD0U4R31~Rampant Rim Rammer}
022.jpg,518377,645bf1fe,\Baloon\Rampant Rim Rammer\,{LBM1~Baloon~BD0U4R31~Rampant Rim Rammer}
023.jpg,484250,5bfb177c,\Baloon\Rampant Rim Rammer\,{LBM1~Baloon~BD0U4R31~Rampant Rim Rammer}
024.jpg,515451,60dc944c,\Baloon\Rampant Rim Rammer\,{LBM1~Baloon~BD0U4R31~Rampant Rim Rammer}
025.jpg,497221,52885315,\Baloon\Rampant Rim Rammer\,{LBM1~Baloon~BD0U4R31~Rampant Rim Rammer}
026.jpg,515268,81fc7326,\Baloon\Rampant Rim Rammer\,{LBM1~Baloon~BD0U4R31~Rampant Rim Rammer}
027.jpg,510987,d90941c4,\Baloon\Rampant Rim Rammer\,{LBM1~Baloon~BD0U4R31~Rampant Rim Rammer}
028.jpg,465209,1fb99f37,\Baloon\Rampant Rim Rammer\,{LBM1~Baloon~BD0U4R31~Rampant Rim Rammer}
029.jpg,412751,7d85d03e,\Baloon\Rampant Rim Rammer\,{LBM1~Baloon~BD0U4R31~Rampant Rim Rammer}
030.jpg,443309,e28f8923,\Baloon\Rampant Rim Rammer\,{LBM1~Baloon~BD0U4R31~Rampant Rim Rammer}
031.jpg,449428,87106a3f,\Baloon\Rampant Rim Rammer\,{LBM1~Baloon~BD0U4R31~Rampant Rim Rammer}
032.jpg,501606,113ad316,\Baloon\Rampant Rim Rammer\,{LBM1~Baloon~BD0U4R31~Rampant Rim Rammer}
033.jpg,481793,63fe7284,\Baloon\Rampant Rim Rammer\,{LBM1~Baloon~BD0U4R31~Rampant Rim Rammer}
034.jpg,413844,9ee04d87,\Baloon\Rampant Rim Rammer\,{LBM1~Baloon~BD0U4R31~Rampant Rim Rammer}
035.jpg,498212,04c19e9d,\Baloon\Rampant Rim Rammer\,{LBM1~Baloon~BD0U4R31~Rampant Rim Rammer}
036.jpg,508330,785a4141,\Baloon\Rampant Rim Rammer\,{LBM1~Baloon~BD0U4R31~Rampant Rim Rammer}
037.jpg,469291,8661eb3c,\Baloon\Rampant Rim Rammer\,{LBM1~Baloon~BD0U4R31~Rampant Rim Rammer}
038.jpg,477750,b78654b9,\Baloon\Rampant Rim Rammer\,{LBM1~Baloon~BD0U4R31~Rampant Rim Rammer}
039.jpg,450258,ce11bc1e,\Baloon\Rampant Rim Rammer\,{LBM1~Baloon~BD0U4R31~Rampant Rim Rammer}
040.jpg,492997,3cb3596b,\Baloon\Rampant Rim Rammer\,{LBM1~Baloon~BD0U4R31~Rampant Rim Rammer}
041.jpg,424380,d7f89df7,\Baloon\Rampant Rim Rammer\,{LBM1~Baloon~BD0U4R31~Rampant Rim Rammer}
042.jpg,522243,ef0e37fd,\Baloon\Rampant Rim Rammer\,{LBM1~Baloon~BD0U4R31~Rampant Rim Rammer}
043.jpg,459285,7b03488b,\Baloon\Rampant Rim Rammer\,{LBM1~Baloon~BD0U4R31~Rampant Rim Rammer}
044.jpg,501639,c9bdfafa,\Baloon\Rampant Rim Rammer\,{LBM1~Baloon~BD0U4R31~Rampant Rim Rammer}
045.jpg,520941,dddd6453,\Baloon\Rampant Rim Rammer\,{LBM1~Baloon~BD0U4R31~Rampant Rim Rammer}
046.jpg,571083,97ebf0d5,\Baloon\Rampant Rim Rammer\,{LBM1~Baloon~BD0U4R31~Rampant Rim Rammer}
047.jpg,448400,26cc41c7,\Baloon\Rampant Rim Rammer\,{LBM1~Baloon~BD0U4R31~Rampant Rim Rammer}
048.jpg,491910,de74c12a,\Baloon\Rampant Rim Rammer\,{LBM1~Baloon~BD0U4R31~Rampant Rim Rammer}
049.jpg,519458,288f06bd,\Baloon\Rampant Rim Rammer\,{LBM1~Baloon~BD0U4R31~Rampant Rim Rammer}
050.jpg,452364,926069b3,\Baloon\Rampant Rim Rammer\,{LBM1~Baloon~BD0U4R31~Rampant Rim Rammer}
051.jpg,484663,e6986a8b,\Baloon\Rampant Rim Rammer\,{LBM1~Baloon~BD0U4R31~Rampant Rim Rammer}
052.jpg,479776,a0268953,\Baloon\Rampant Rim Rammer\,{LBM1~Baloon~BD0U4R31~Rampant Rim Rammer}
053.jpg,443173,b938ef2a,\Baloon\Rampant Rim Rammer\,{LBM1~Baloon~BD0U4R31~Rampant Rim Rammer}
054.jpg,460101,7c6dae0a,\Baloon\Rampant Rim Rammer\,{LBM1~Baloon~BD0U4R31~Rampant Rim Rammer}
055.jpg,434833,3119ff6a,\Baloon\Rampant Rim Rammer\,{LBM1~Baloon~BD0U4R31~Rampant Rim Rammer}
056.jpg,451033,e1740621,\Baloon\Rampant Rim Rammer\,{LBM1~Baloon~BD0U4R31~Rampant Rim Rammer}
057.jpg,479174,9df76810,\Baloon\Rampant Rim Rammer\,{LBM1~Baloon~BD0U4R31~Rampant Rim Rammer}
058.jpg,436110,9037c2d8,\Baloon\Rampant Rim Rammer\,{LBM1~Baloon~BD0U4R31~Rampant Rim Rammer}
059.jpg,390039,074ed3e4,\Baloon\Rampant Rim Rammer\,{LBM1~Baloon~BD0U4R31~Rampant Rim Rammer}
061.jpg,495949,b5f10b96,\Baloon\Rampant Rim Rammer\,{LBM1~Baloon~BD0U4R31~Rampant Rim Rammer}
062.jpg,528793,5dfef76e,\Baloon\Rampant Rim Rammer\,{LBM1~Baloon~BD0U4R31~Rampant Rim Rammer}
063.jpg,577755,6dbac2f4,\Baloon\Rampant Rim Rammer\,{LBM1~Baloon~BD0U4R31~Rampant Rim Rammer}
064.jpg,417964,da8280e6,\Baloon\Rampant Rim Rammer\,{LBM1~Baloon~BD0U4R31~Rampant Rim Rammer}
065.jpg,478363,49eee083,\Baloon\Rampant Rim Rammer\,{LBM1~Baloon~BD0U4R31~Rampant Rim Rammer}
066.jpg,473920,9dcac95b,\Baloon\Rampant Rim Rammer\,{LBM1~Baloon~BD0U4R31~Rampant Rim Rammer}
067.jpg,413435,c496709d,\Baloon\Rampant Rim Rammer\,{LBM1~Baloon~BD0U4R31~Rampant Rim Rammer}
068.jpg,443909,d0b3e85b,\Baloon\Rampant Rim Rammer\,{LBM1~Baloon~BD0U4R31~Rampant Rim Rammer}
069.jpg,420824,d35059a6,\Baloon\Rampant Rim Rammer\,{LBM1~Baloon~BD0U4R31~Rampant Rim Rammer}
070.jpg,394359,116c6860,\Baloon\Rampant Rim Rammer\,{LBM1~Baloon~BD0U4R31~Rampant Rim Rammer}
071.jpg,408805,c4f9778b,\Baloon\Rampant Rim Rammer\,{LBM1~Baloon~BD0U4R31~Rampant Rim Rammer}
072.jpg,436256,0518e2cd,\Baloon\Rampant Rim Rammer\,{LBM1~Baloon~BD0U4R31~Rampant Rim Rammer}
073.jpg,473586,f1afc35f,\Baloon\Rampant Rim Rammer\,{LBM1~Baloon~BD0U4R31~Rampant Rim Rammer}
074.jpg,517597,114df999,\Baloon\Rampant Rim Rammer\,{LBM1~Baloon~BD0U4R31~Rampant Rim Rammer}
075.jpg,443189,d9a275e7,\Baloon\Rampant Rim Rammer\,{LBM1~Baloon~BD0U4R31~Rampant Rim Rammer}
076.jpg,468074,4b3425ca,\Baloon\Rampant Rim Rammer\,{LBM1~Baloon~BD0U4R31~Rampant Rim Rammer}
077.jpg,488886,d04aeb6c,\Baloon\Rampant Rim Rammer\,{LBM1~Baloon~BD0U4R31~Rampant Rim Rammer}
078.jpg,364873,d823aa31,\Baloon\Rampant Rim Rammer\,{LBM1~Baloon~BD0U4R31~Rampant Rim Rammer}
079.jpg,530388,d589c6ff,\Baloon\Rampant Rim Rammer\,{LBM1~Baloon~BD0U4R31~Rampant Rim Rammer}
080.jpg,456826,b563d983,\Baloon\Rampant Rim Rammer\,{LBM1~Baloon~BD0U4R31~Rampant Rim Rammer}
081.jpg,464809,1b96efd8,\Baloon\Rampant Rim Rammer\,{LBM1~Baloon~BD0U4R31~Rampant Rim Rammer}
082.jpg,438093,8ede7c7a,\Baloon\Rampant Rim Rammer\,{LBM1~Baloon~BD0U4R31~Rampant Rim Rammer}
083.jpg,451401,09ee32a5,\Baloon\Rampant Rim Rammer\,{LBM1~Baloon~BD0U4R31~Rampant Rim Rammer}
084.jpg,406592,cd298399,\Baloon\Rampant Rim Rammer\,{LBM1~Baloon~BD0U4R31~Rampant Rim Rammer}
085.jpg,497642,c58dd4fe,\Baloon\Rampant Rim Rammer\,{LBM1~Baloon~BD0U4R31~Rampant Rim Rammer}
086.jpg,489352,195937f9,\Baloon\Rampant Rim Rammer\,{LBM1~Baloon~BD0U4R31~Rampant Rim Rammer}
087.jpg,469494,bb3e1de0,\Baloon\Rampant Rim Rammer\,{LBM1~Baloon~BD0U4R31~Rampant Rim Rammer}
089.jpg,523901,740bceb4,\Baloon\Rampant Rim Rammer\,{LBM1~Baloon~BD0U4R31~Rampant Rim Rammer}
090.jpg,553809,d5090c09,\Baloon\Rampant Rim Rammer\,{LBM1~Baloon~BD0U4R31~Rampant Rim Rammer}
091.jpg,476000,5deec5ce,\Baloon\Rampant Rim Rammer\,{LBM1~Baloon~BD0U4R31~Rampant Rim Rammer}
092.jpg,500990,c476d0e7,\Baloon\Rampant Rim Rammer\,{LBM1~Baloon~BD0U4R31~Rampant Rim Rammer}
093.jpg,522297,47daa9b0,\Baloon\Rampant Rim Rammer\,{LBM1~Baloon~BD0U4R31~Rampant Rim Rammer}
094.jpg,507003,f18511d8,\Baloon\Rampant Rim Rammer\,{LBM1~Baloon~BD0U4R31~Rampant Rim Rammer}
095.jpg,497560,adae632a,\Baloon\Rampant Rim Rammer\,{LBM1~Baloon~BD0U4R31~Rampant Rim Rammer}
096.jpg,453661,5509e5e4,\Baloon\Rampant Rim Rammer\,{LBM1~Baloon~BD0U4R31~Rampant Rim Rammer}
097.jpg,502978,54782968,\Baloon\Rampant Rim Rammer\,{LBM1~Baloon~BD0U4R31~Rampant Rim Rammer}
098.jpg,511987,5b0f5001,\Baloon\Rampant Rim Rammer\,{LBM1~Baloon~BD0U4R31~Rampant Rim Rammer}
099.jpg,485079,bbe52af4,\Baloon\Rampant Rim Rammer\,{LBM1~Baloon~BD0U4R31~Rampant Rim Rammer}
100.jpg,466622,ce9cd768,\Baloon\Rampant Rim Rammer\,{LBM1~Baloon~BD0U4R31~Rampant Rim Rammer}
102.jpg,420209,d8354a40,\Baloon\Rampant Rim Rammer\,{LBM1~Baloon~BD0U4R31~Rampant Rim Rammer}
103.jpg,470206,f1448503,\Baloon\Rampant Rim Rammer\,{LBM1~Baloon~BD0U4R31~Rampant Rim Rammer}
104.jpg,391786,3e3766f1,\Baloon\Rampant Rim Rammer\,{LBM1~Baloon~BD0U4R31~Rampant Rim Rammer}
105.jpg,343353,bb14d670,\Baloon\Rampant Rim Rammer\,{LBM1~Baloon~BD0U4R31~Rampant Rim Rammer}
106.jpg,524777,bc893126,\Baloon\Rampant Rim Rammer\,{LBM1~Baloon~BD0U4R31~Rampant Rim Rammer}
107.jpg,495649,b4c5f839,\Baloon\Rampant Rim Rammer\,{LBM1~Baloon~BD0U4R31~Rampant Rim Rammer}
108.jpg,493618,1cad9be2,\Baloon\Rampant Rim Rammer\,{LBM1~Baloon~BD0U4R31~Rampant Rim Rammer}
112.jpg,419008,0cf50eb2,\Baloon\Rampant Rim Rammer\,{LBM1~Baloon~BD0U4R31~Rampant Rim Rammer}
114.jpg,411301,41dc5b13,\Baloon\Rampant Rim Rammer\,{LBM1~Baloon~BD0U4R31~Rampant Rim Rammer}
115.jpg,369888,7ac1c76c,\Baloon\Rampant Rim Rammer\,{LBM1~Baloon~BD0U4R31~Rampant Rim Rammer}
116.jpg,395012,2dad7955,\Baloon\Rampant Rim Rammer\,{LBM1~Baloon~BD0U4R31~Rampant Rim Rammer}
118.jpg,472735,76b6990e,\Baloon\Rampant Rim Rammer\,{LBM1~Baloon~BD0U4R31~Rampant Rim Rammer}
156.jpg,426523,a9d4fd3b,\Leo\Rampant Rim Rammer\,{LBM1~Leo~BD0U8W2C~Rampant Rim Rammer}
157.jpg,516416,229a772a,\Leo\Rampant Rim Rammer\,{LBM1~Leo~BD0U8W2C~Rampant Rim Rammer}
158.jpg,482774,0b2b1a1a,\Leo\Rampant Rim Rammer\,{LBM1~Leo~BD0U8W2C~Rampant Rim Rammer}
159.jpg,438893,036b8f80,\Leo\Rampant Rim Rammer\,{LBM1~Leo~BD0U8W2C~Rampant Rim Rammer}
160.jpg,448400,b8a999d5,\Leo\Rampant Rim Rammer\,{LBM1~Leo~BD0U8W2C~Rampant Rim Rammer}
161.jpg,525060,5838801a,\Leo\Rampant Rim Rammer\,{LBM1~Leo~BD0U8W2C~Rampant Rim Rammer}
162.jpg,430697,1577d8a3,\Leo\Rampant Rim Rammer\,{LBM1~Leo~BD0U8W2C~Rampant Rim Rammer}
163.jpg,338662,3262e492,\Leo\Rampant Rim Rammer\,{LBM1~Leo~BD0U8W2C~Rampant Rim Rammer}
164.jpg,405834,321409d3,\Leo\Rampant Rim Rammer\,{LBM1~Leo~BD0U8W2C~Rampant Rim Rammer}
165.jpg,408829,27446b3f,\Leo\Rampant Rim Rammer\,{LBM1~Leo~BD0U8W2C~Rampant Rim Rammer}
166.jpg,507059,dec0b63a,\Leo\Rampant Rim Rammer\,{LBM1~Leo~BD0U8W2C~Rampant Rim Rammer}
167.jpg,398509,39bc88de,\Leo\Rampant Rim Rammer\,{LBM1~Leo~BD0U8W2C~Rampant Rim Rammer}
168.jpg,385104,40a85312,\Leo\Rampant Rim Rammer\,{LBM1~Leo~BD0U8W2C~Rampant Rim Rammer}
169.jpg,399214,94910b89,\Leo\Rampant Rim Rammer\,{LBM1~Leo~BD0U8W2C~Rampant Rim Rammer}
170.jpg,449378,1c240617,\Leo\Rampant Rim Rammer\,{LBM1~Leo~BD0U8W2C~Rampant Rim Rammer}
171.jpg,420980,d998f574,\Leo\Rampant Rim Rammer\,{LBM1~Leo~BD0U8W2C~Rampant Rim Rammer}
172.jpg,405015,b309f20d,\Leo\Rampant Rim Rammer\,{LBM1~Leo~BD0U8W2C~Rampant Rim Rammer}
173.jpg,400677,30b60abb,\Leo\Rampant Rim Rammer\,{LBM1~Leo~BD0U8W2C~Rampant Rim Rammer}
174.jpg,390155,3d815bf9,\Leo\Rampant Rim Rammer\,{LBM1~Leo~BD0U8W2C~Rampant Rim Rammer}
175.jpg,380061,98f3605b,\Leo\Rampant Rim Rammer\,{LBM1~Leo~BD0U8W2C~Rampant Rim Rammer}
176.jpg,384794,ad1a5782,\Leo\Rampant Rim Rammer\,{LBM1~Leo~BD0U8W2C~Rampant Rim Rammer}
177.jpg,383418,1e96b6f7,\Leo\Rampant Rim Rammer\,{LBM1~Leo~BD0U8W2C~Rampant Rim Rammer}
178.jpg,393418,dda3a0ab,\Leo\Rampant Rim Rammer\,{LBM1~Leo~BD0U8W2C~Rampant Rim Rammer}
179.jpg,425645,ed721d68,\Leo\Rampant Rim Rammer\,{LBM1~Leo~BD0U8W2C~Rampant Rim Rammer}
180.jpg,431004,0867a0c3,\Leo\Rampant Rim Rammer\,{LBM1~Leo~BD0U8W2C~Rampant Rim Rammer}
181.jpg,432002,e13b0857,\Leo\Rampant Rim Rammer\,{LBM1~Leo~BD0U8W2C~Rampant Rim Rammer}
182.jpg,450052,b6baa9f5,\Leo\Rampant Rim Rammer\,{LBM1~Leo~BD0U8W2C~Rampant Rim Rammer}
183.jpg,412829,79cfd4d8,\Leo\Rampant Rim Rammer\,{LBM1~Leo~BD0U8W2C~Rampant Rim Rammer}
136.jpg,540548,43712d71,\Tiny & Yoyo\Purple Pussy Pounder\,{LBM1~Tiny & Yoyo~BD0UBQA8~Purple Pussy Pounder}
137.jpg,551122,b6ca54d0,\Tiny & Yoyo\Purple Pussy Pounder\,{LBM1~Tiny & Yoyo~BD0UBQA8~Purple Pussy Pounder}
141.jpg,511181,f0b989dd,\Tiny & Yoyo\Purple Pussy Pounder\,{LBM1~Tiny & Yoyo~BD0UBQA8~Purple Pussy Pounder}
142.jpg,478821,2ae931ac,\Tiny & Yoyo\Purple Pussy Pounder\,{LBM1~Tiny & Yoyo~BD0UBQA8~Purple Pussy Pounder}
143.jpg,536028,eceb7efd,\Tiny & Yoyo\Purple Pussy Pounder\,{LBM1~Tiny & Yoyo~BD0UBQA8~Purple Pussy Pounder}
144.jpg,646398,ab0ed62d,\Tiny & Yoyo\Purple Pussy Pounder\,{LBM1~Tiny & Yoyo~BD0UBQA8~Purple Pussy Pounder}
145.jpg,667396,51663cfb,\Tiny & Yoyo\Purple Pussy Pounder\,{LBM1~Tiny & Yoyo~BD0UBQA8~Purple Pussy Pounder}
146.jpg,517955,05b95659,\Tiny & Yoyo\Purple Pussy Pounder\,{LBM1~Tiny & Yoyo~BD0UBQA8~Purple Pussy Pounder}
147.jpg,660928,ce269c44,\Tiny & Yoyo\Purple Pussy Pounder\,{LBM1~Tiny & Yoyo~BD0UBQA8~Purple Pussy Pounder}
148.jpg,720704,6389863d,\Tiny & Yoyo\Purple Pussy Pounder\,{LBM1~Tiny & Yoyo~BD0UBQA8~Purple Pussy Pounder}
149.jpg,702844,44888fdd,\Tiny & Yoyo\Purple Pussy Pounder\,{LBM1~Tiny & Yoyo~BD0UBQA8~Purple Pussy Pounder}
150.jpg,704634,d60f0d0d,\Tiny & Yoyo\Purple Pussy Pounder\,{LBM1~Tiny & Yoyo~BD0UBQA8~Purple Pussy Pounder}
151.jpg,667035,3617eebb,\Tiny & Yoyo\Purple Pussy Pounder\,{LBM1~Tiny & Yoyo~BD0UBQA8~Purple Pussy Pounder}
152.jpg,647859,9ee5a1a4,\Tiny & Yoyo\Purple Pussy Pounder\,{LBM1~Tiny & Yoyo~BD0UBQA8~Purple Pussy Pounder}
153.jpg,484394,edac9466,\Tiny & Yoyo\Purple Pussy Pounder\,{LBM1~Tiny & Yoyo~BD0UBQA8~Purple Pussy Pounder}
154.jpg,623425,82cc0b78,\Tiny & Yoyo\Purple Pussy Pounder\,{LBM1~Tiny & Yoyo~BD0UBQA8~Purple Pussy Pounder}
155.jpg,630762,936ef1bd,\Tiny & Yoyo\Purple Pussy Pounder\,{LBM1~Tiny & Yoyo~BD0UBQA8~Purple Pussy Pounder}
156.jpg,541806,f75902dd,\Tiny & Yoyo\Purple Pussy Pounder\,{LBM1~Tiny & Yoyo~BD0UBQA8~Purple Pussy Pounder}
157.jpg,586090,865b14b9,\Tiny & Yoyo\Purple Pussy Pounder\,{LBM1~Tiny & Yoyo~BD0UBQA8~Purple Pussy Pounder}
158.jpg,684062,99edc406,\Tiny & Yoyo\Purple Pussy Pounder\,{LBM1~Tiny & Yoyo~BD0UBQA8~Purple Pussy Pounder}
159.jpg,642182,ca8c6ea3,\Tiny & Yoyo\Purple Pussy Pounder\,{LBM1~Tiny & Yoyo~BD0UBQA8~Purple Pussy Pounder}
160.jpg,755917,3b0da207,\Tiny & Yoyo\Purple Pussy Pounder\,{LBM1~Tiny & Yoyo~BD0UBQA8~Purple Pussy Pounder}
161.jpg,785116,ae3e52fe,\Tiny & Yoyo\Purple Pussy Pounder\,{LBM1~Tiny & Yoyo~BD0UBQA8~Purple Pussy Pounder}
162.jpg,760982,b162d451,\Tiny & Yoyo\Purple Pussy Pounder\,{LBM1~Tiny & Yoyo~BD0UBQA8~Purple Pussy Pounder}
163.jpg,706057,c46cce3f,\Tiny & Yoyo\Purple Pussy Pounder\,{LBM1~Tiny & Yoyo~BD0UBQA8~Purple Pussy Pounder}
167.jpg,610666,9976c004,\Tiny & Yoyo\Purple Pussy Pounder\,{LBM1~Tiny & Yoyo~BD0UBQA8~Purple Pussy Pounder}
168.jpg,520570,5a9b9bc9,\Tiny & Yoyo\Purple Pussy Pounder\,{LBM1~Tiny & Yoyo~BD0UBQA8~Purple Pussy Pounder}
169.jpg,695457,07fb9f8c,\Tiny & Yoyo\Purple Pussy Pounder\,{LBM1~Tiny & Yoyo~BD0UBQA8~Purple Pussy Pounder}
170.jpg,681555,2279ba8e,\Tiny & Yoyo\Purple Pussy Pounder\,{LBM1~Tiny & Yoyo~BD0UBQA8~Purple Pussy Pounder}
171.jpg,742187,6b72a202,\Tiny & Yoyo\Purple Pussy Pounder\,{LBM1~Tiny & Yoyo~BD0UBQA8~Purple Pussy Pounder}
172.jpg,568220,29545f62,\Tiny & Yoyo\Purple Pussy Pounder\,{LBM1~Tiny & Yoyo~BD0UBQA8~Purple Pussy Pounder}
173.jpg,692552,3b0aa612,\Tiny & Yoyo\Purple Pussy Pounder\,{LBM1~Tiny & Yoyo~BD0UBQA8~Purple Pussy Pounder}
174.jpg,511959,57efae09,\Tiny & Yoyo\Purple Pussy Pounder\,{LBM1~Tiny & Yoyo~BD0UBQA8~Purple Pussy Pounder}
175.jpg,694779,83301ba0,\Tiny & Yoyo\Purple Pussy Pounder\,{LBM1~Tiny & Yoyo~BD0UBQA8~Purple Pussy Pounder}
176.jpg,653876,e8d3d819,\Tiny & Yoyo\Purple Pussy Pounder\,{LBM1~Tiny & Yoyo~BD0UBQA8~Purple Pussy Pounder}
181.jpg,792401,db760731,\Tiny & Yoyo\Purple Pussy Pounder\,{LBM1~Tiny & Yoyo~BD0UBQA8~Purple Pussy Pounder}
182.jpg,749314,82171777,\Tiny & Yoyo\Purple Pussy Pounder\,{LBM1~Tiny & Yoyo~BD0UBQA8~Purple Pussy Pounder}
183.jpg,836686,cac88bd4,\Tiny & Yoyo\Purple Pussy Pounder\,{LBM1~Tiny & Yoyo~BD0UBQA8~Purple Pussy Pounder}
184.jpg,848255,20a34f14,\Tiny & Yoyo\Purple Pussy Pounder\,{LBM1~Tiny & Yoyo~BD0UBQA8~Purple Pussy Pounder}
185.jpg,646063,228e5a50,\Tiny & Yoyo\Purple Pussy Pounder\,{LBM1~Tiny & Yoyo~BD0UBQA8~Purple Pussy Pounder}
186.jpg,559707,ac2aadd8,\Tiny & Yoyo\Purple Pussy Pounder\,{LBM1~Tiny & Yoyo~BD0UBQA8~Purple Pussy Pounder}
187.jpg,541883,a7a2a31b,\Tiny & Yoyo\Purple Pussy Pounder\,{LBM1~Tiny & Yoyo~BD0UBQA8~Purple Pussy Pounder}
188.jpg,547035,d5b0df9b,\Tiny & Yoyo\Purple Pussy Pounder\,{LBM1~Tiny & Yoyo~BD0UBQA8~Purple Pussy Pounder}
189.jpg,605328,633b90a4,\Tiny & Yoyo\Purple Pussy Pounder\,{LBM1~Tiny & Yoyo~BD0UBQA8~Purple Pussy Pounder}
192.jpg,524839,a10b845c,\Tiny & Yoyo\Purple Pussy Pounder\,{LBM1~Tiny & Yoyo~BD0UBQA8~Purple Pussy Pounder}
005.jpg,657800,24782b03,\Toey\Boxed Bum Bulldozer\,{LBM1~Toey~BD0UFBXO~Boxed Bum Bulldozer}
006.jpg,669873,f3c3ca03,\Toey\Boxed Bum Bulldozer\,{LBM1~Toey~BD0UFBXO~Boxed Bum Bulldozer}
007.jpg,630602,ef67d13f,\Toey\Boxed Bum Bulldozer\,{LBM1~Toey~BD0UFBXO~Boxed Bum Bulldozer}
008.jpg,608932,2f39c8cb,\Toey\Boxed Bum Bulldozer\,{LBM1~Toey~BD0UFBXO~Boxed Bum Bulldozer}
009.jpg,661893,d332963b,\Toey\Boxed Bum Bulldozer\,{LBM1~Toey~BD0UFBXO~Boxed Bum Bulldozer}
010.jpg,759933,d2d86677,\Toey\Boxed Bum Bulldozer\,{LBM1~Toey~BD0UFBXO~Boxed Bum Bulldozer}
011.jpg,702185,61405e2b,\Toey\Boxed Bum Bulldozer\,{LBM1~Toey~BD0UFBXO~Boxed Bum Bulldozer}
012.jpg,707803,b375c16e,\Toey\Boxed Bum Bulldozer\,{LBM1~Toey~BD0UFBXO~Boxed Bum Bulldozer}
013.jpg,642563,ff0039ec,\Toey\Boxed Bum Bulldozer\,{LBM1~Toey~BD0UFBXO~Boxed Bum Bulldozer}
014.jpg,674689,15c2fc17,\Toey\Boxed Bum Bulldozer\,{LBM1~Toey~BD0UFBXO~Boxed Bum Bulldozer}
015.jpg,642270,014d9a77,\Toey\Boxed Bum Bulldozer\,{LBM1~Toey~BD0UFBXO~Boxed Bum Bulldozer}
016.jpg,675925,4f1d1db6,\Toey\Boxed Bum Bulldozer\,{LBM1~Toey~BD0UFBXO~Boxed Bum Bulldozer}
019.jpg,740809,77a7b593,\Toey\Boxed Bum Bulldozer\,{LBM1~Toey~BD0UFBXO~Boxed Bum Bulldozer}
021.jpg,580473,9db69203,\Toey\Boxed Bum Bulldozer\,{LBM1~Toey~BD0UFBXO~Boxed Bum Bulldozer}
022.jpg,714029,6323b309,\Toey\Boxed Bum Bulldozer\,{LBM1~Toey~BD0UFBXO~Boxed Bum Bulldozer}
023.jpg,631464,08f4fdac,\Toey\Boxed Bum Bulldozer\,{LBM1~Toey~BD0UFBXO~Boxed Bum Bulldozer}
024.jpg,690090,0e8be515,\Toey\Boxed Bum Bulldozer\,{LBM1~Toey~BD0UFBXO~Boxed Bum Bulldozer}
025.jpg,615478,8ed5aca8,\Toey\Boxed Bum Bulldozer\,{LBM1~Toey~BD0UFBXO~Boxed Bum Bulldozer}
029.jpg,681533,e7fa307f,\Toey\Boxed Bum Bulldozer\,{LBM1~Toey~BD0UFBXO~Boxed Bum Bulldozer}
030.jpg,682908,8f374451,\Toey\Boxed Bum Bulldozer\,{LBM1~Toey~BD0UFBXO~Boxed Bum Bulldozer}
031.jpg,704832,1ed1b71e,\Toey\Boxed Bum Bulldozer\,{LBM1~Toey~BD0UFBXO~Boxed Bum Bulldozer}
032.jpg,709212,dc598b7e,\Toey\Boxed Bum Bulldozer\,{LBM1~Toey~BD0UFBXO~Boxed Bum Bulldozer}
033.jpg,700824,4956d7d0,\Toey\Boxed Bum Bulldozer\,{LBM1~Toey~BD0UFBXO~Boxed Bum Bulldozer}
035.jpg,595400,18998f3c,\Toey\Boxed Bum Bulldozer\,{LBM1~Toey~BD0UFBXO~Boxed Bum Bulldozer}
036.jpg,623303,1580ca40,\Toey\Boxed Bum Bulldozer\,{LBM1~Toey~BD0UFBXO~Boxed Bum Bulldozer}
038.jpg,669197,d6169f93,\Toey\Boxed Bum Bulldozer\,{LBM1~Toey~BD0UFBXO~Boxed Bum Bulldozer}
041.jpg,598984,2385c57e,\Toey\Boxed Bum Bulldozer\,{LBM1~Toey~BD0UFBXO~Boxed Bum Bulldozer}
042.jpg,548905,a66bfa5e,\Toey\Boxed Bum Bulldozer\,{LBM1~Toey~BD0UFBXO~Boxed Bum Bulldozer}
043.jpg,665329,bee9be81,\Toey\Boxed Bum Bulldozer\,{LBM1~Toey~BD0UFBXO~Boxed Bum Bulldozer}
044.jpg,631210,30482414,\Toey\Boxed Bum Bulldozer\,{LBM1~Toey~BD0UFBXO~Boxed Bum Bulldozer}
046.jpg,640876,bf426b1d,\Toey\Boxed Bum Bulldozer\,{LBM1~Toey~BD0UFBXO~Boxed Bum Bulldozer}
047.jpg,629492,7a749b74,\Toey\Boxed Bum Bulldozer\,{LBM1~Toey~BD0UFBXO~Boxed Bum Bulldozer}
049.jpg,626659,24f6a18b,\Toey\Boxed Bum Bulldozer\,{LBM1~Toey~BD0UFBXO~Boxed Bum Bulldozer}
050.jpg,637663,64c020b1,\Toey\Boxed Bum Bulldozer\,{LBM1~Toey~BD0UFBXO~Boxed Bum Bulldozer}
051.jpg,664892,de25fe12,\Toey\Boxed Bum Bulldozer\,{LBM1~Toey~BD0UFBXO~Boxed Bum Bulldozer}
052.jpg,680961,9e546a91,\Toey\Boxed Bum Bulldozer\,{LBM1~Toey~BD0UFBXO~Boxed Bum Bulldozer}
053.jpg,550487,40133ae1,\Toey\Boxed Bum Bulldozer\,{LBM1~Toey~BD0UFBXO~Boxed Bum Bulldozer}
054.jpg,790889,f069c036,\Toey\Boxed Bum Bulldozer\,{LBM1~Toey~BD0UFBXO~Boxed Bum Bulldozer}
055.jpg,623701,f288a268,\Toey\Boxed Bum Bulldozer\,{LBM1~Toey~BD0UFBXO~Boxed Bum Bulldozer}
057.jpg,660621,13428105,\Toey\Boxed Bum Bulldozer\,{LBM1~Toey~BD0UFBXO~Boxed Bum Bulldozer}
058.jpg,609329,bccd87c1,\Toey\Boxed Bum Bulldozer\,{LBM1~Toey~BD0UFBXO~Boxed Bum Bulldozer}
059.jpg,576702,66f4b79f,\Toey\Boxed Bum Bulldozer\,{LBM1~Toey~BD0UFBXO~Boxed Bum Bulldozer}
060.jpg,637239,229cc1a8,\Toey\Boxed Bum Bulldozer\,{LBM1~Toey~BD0UFBXO~Boxed Bum Bulldozer}
061.jpg,647138,aee94a49,\Toey\Boxed Bum Bulldozer\,{LBM1~Toey~BD0UFBXO~Boxed Bum Bulldozer}
063.jpg,630435,4729ccc2,\Toey\Boxed Bum Bulldozer\,{LBM1~Toey~BD0UFBXO~Boxed Bum Bulldozer}
064.jpg,538170,9b5a455f,\Toey\Boxed Bum Bulldozer\,{LBM1~Toey~BD0UFBXO~Boxed Bum Bulldozer}
066.jpg,447966,557bcc37,\Toey\Boxed Bum Bulldozer\,{LBM1~Toey~BD0UFBXO~Boxed Bum Bulldozer}
067.jpg,702334,5ac518db,\Toey\Boxed Bum Bulldozer\,{LBM1~Toey~BD0UFBXO~Boxed Bum Bulldozer}
070.jpg,613525,ab264238,\Toey\Boxed Bum Bulldozer\,{LBM1~Toey~BD0UFBXO~Boxed Bum Bulldozer}
071.jpg,539419,94f9774e,\Toey\Boxed Bum Bulldozer\,{LBM1~Toey~BD0UFBXO~Boxed Bum Bulldozer}
072.jpg,461181,f7a44636,\Toey\Boxed Bum Bulldozer\,{LBM1~Toey~BD0UFBXO~Boxed Bum Bulldozer}
073.jpg,378315,9c5d0ad4,\Toey\Boxed Bum Bulldozer\,{LBM1~Toey~BD0UFBXO~Boxed Bum Bulldozer}
074.jpg,378039,4fbf0b8c,\Toey\Boxed Bum Bulldozer\,{LBM1~Toey~BD0UFBXO~Boxed Bum Bulldozer}
075.jpg,519802,2cbecec1,\Toey\Boxed Bum Bulldozer\,{LBM1~Toey~BD0UFBXO~Boxed Bum Bulldozer}
076.jpg,784475,8e5ecbab,\Toey\Boxed Bum Bulldozer\,{LBM1~Toey~BD0UFBXO~Boxed Bum Bulldozer}
078.jpg,535081,9a21ff23,\Toey\Boxed Bum Bulldozer\,{LBM1~Toey~BD0UFBXO~Boxed Bum Bulldozer}
079.jpg,589014,c54b0cff,\Toey\Boxed Bum Bulldozer\,{LBM1~Toey~BD0UFBXO~Boxed Bum Bulldozer}
080.jpg,597085,2b81b9ab,\Toey\Boxed Bum Bulldozer\,{LBM1~Toey~BD0UFBXO~Boxed Bum Bulldozer}
083.jpg,616113,05764938,\Toey\Boxed Bum Bulldozer\,{LBM1~Toey~BD0UFBXO~Boxed Bum Bulldozer}
084.jpg,630437,a7ad6aa7,\Toey\Boxed Bum Bulldozer\,{LBM1~Toey~BD0UFBXO~Boxed Bum Bulldozer}
085.jpg,730329,4c2b9744,\Toey\Boxed Bum Bulldozer\,{LBM1~Toey~BD0UFBXO~Boxed Bum Bulldozer}
086.jpg,637564,0fe2cbcd,\Toey\Boxed Bum Bulldozer\,{LBM1~Toey~BD0UFBXO~Boxed Bum Bulldozer}
088.jpg,732156,e9344863,\Toey\Boxed Bum Bulldozer\,{LBM1~Toey~BD0UFBXO~Boxed Bum Bulldozer}
005.jpg,630959,d0b65977,\White\Boxed Bum Bulldozer\,{LBM1~White~BD0UJA0X~Boxed Bum Bulldozer}
006.jpg,701931,45b2ce5b,\White\Boxed Bum Bulldozer\,{LBM1~White~BD0UJA0X~Boxed Bum Bulldozer}
007.jpg,709440,b1723aba,\White\Boxed Bum Bulldozer\,{LBM1~White~BD0UJA0X~Boxed Bum Bulldozer}
008.jpg,593160,a7c025c9,\White\Boxed Bum Bulldozer\,{LBM1~White~BD0UJA0X~Boxed Bum Bulldozer}
009.jpg,615621,3772809e,\White\Boxed Bum Bulldozer\,{LBM1~White~BD0UJA0X~Boxed Bum Bulldozer}
010.jpg,630861,df440889,\White\Boxed Bum Bulldozer\,{LBM1~White~BD0UJA0X~Boxed Bum Bulldozer}
011.jpg,628290,a1c19ab9,\White\Boxed Bum Bulldozer\,{LBM1~White~BD0UJA0X~Boxed Bum Bulldozer}
012.jpg,575170,aa0472fe,\White\Boxed Bum Bulldozer\,{LBM1~White~BD0UJA0X~Boxed Bum Bulldozer}
013.jpg,597403,1762938e,\White\Boxed Bum Bulldozer\,{LBM1~White~BD0UJA0X~Boxed Bum Bulldozer}
014.jpg,568920,61cf3aa1,\White\Boxed Bum Bulldozer\,{LBM1~White~BD0UJA0X~Boxed Bum Bulldozer}
015.jpg,514970,8c67de87,\White\Boxed Bum Bulldozer\,{LBM1~White~BD0UJA0X~Boxed Bum Bulldozer}
016.jpg,479718,779f84bc,\White\Boxed Bum Bulldozer\,{LBM1~White~BD0UJA0X~Boxed Bum Bulldozer}
017.jpg,492886,99a960a3,\White\Boxed Bum Bulldozer\,{LBM1~White~BD0UJA0X~Boxed Bum Bulldozer}
018.jpg,533056,9b7bf0cf,\White\Boxed Bum Bulldozer\,{LBM1~White~BD0UJA0X~Boxed Bum Bulldozer}
019.jpg,517323,2e9c83eb,\White\Boxed Bum Bulldozer\,{LBM1~White~BD0UJA0X~Boxed Bum Bulldozer}
023.jpg,558360,00730df2,\White\Boxed Bum Bulldozer\,{LBM1~White~BD0UJA0X~Boxed Bum Bulldozer}
024.jpg,651448,8c9e0ade,\White\Boxed Bum Bulldozer\,{LBM1~White~BD0UJA0X~Boxed Bum Bulldozer}
025.jpg,709783,ccc16c2d,\White\Boxed Bum Bulldozer\,{LBM1~White~BD0UJA0X~Boxed Bum Bulldozer}
026.jpg,641145,e72707ab,\White\Boxed Bum Bulldozer\,{LBM1~White~BD0UJA0X~Boxed Bum Bulldozer}
027.jpg,472046,88d589c0,\White\Boxed Bum Bulldozer\,{LBM1~White~BD0UJA0X~Boxed Bum Bulldozer}
031.jpg,508063,4f76261e,\White\Boxed Bum Bulldozer\,{LBM1~White~BD0UJA0X~Boxed Bum Bulldozer}
032.jpg,419131,e42d25b6,\White\Boxed Bum Bulldozer\,{LBM1~White~BD0UJA0X~Boxed Bum Bulldozer}
036.jpg,460588,dbb1a595,\White\Boxed Bum Bulldozer\,{LBM1~White~BD0UJA0X~Boxed Bum Bulldozer}
040.jpg,534136,c81ed327,\White\Boxed Bum Bulldozer\,{LBM1~White~BD0UJA0X~Boxed Bum Bulldozer}
041.jpg,562365,9d06a2fc,\White\Boxed Bum Bulldozer\,{LBM1~White~BD0UJA0X~Boxed Bum Bulldozer}
042.jpg,623165,ed4bf6e0,\White\Boxed Bum Bulldozer\,{LBM1~White~BD0UJA0X~Boxed Bum Bulldozer}
043.jpg,679612,f8890d43,\White\Boxed Bum Bulldozer\,{LBM1~White~BD0UJA0X~Boxed Bum Bulldozer}
044.jpg,525070,cc5abfc3,\White\Boxed Bum Bulldozer\,{LBM1~White~BD0UJA0X~Boxed Bum Bulldozer}
045.jpg,533152,09890ec7,\White\Boxed Bum Bulldozer\,{LBM1~White~BD0UJA0X~Boxed Bum Bulldozer}
048.jpg,552143,858356f3,\White\Boxed Bum Bulldozer\,{LBM1~White~BD0UJA0X~Boxed Bum Bulldozer}
050.jpg,523965,477ae84f,\White\Boxed Bum Bulldozer\,{LBM1~White~BD0UJA0X~Boxed Bum Bulldozer}
054.jpg,438855,c2ffdf35,\White\Boxed Bum Bulldozer\,{LBM1~White~BD0UJA0X~Boxed Bum Bulldozer}
055.jpg,560229,162f5878,\White\Boxed Bum Bulldozer\,{LBM1~White~BD0UJA0X~Boxed Bum Bulldozer}
056.jpg,438711,61d9cff7,\White\Boxed Bum Bulldozer\,{LBM1~White~BD0UJA0X~Boxed Bum Bulldozer}
057.jpg,537313,efa0f551,\White\Boxed Bum Bulldozer\,{LBM1~White~BD0UJA0X~Boxed Bum Bulldozer}
058.jpg,579505,cba1f3c4,\White\Boxed Bum Bulldozer\,{LBM1~White~BD0UJA0X~Boxed Bum Bulldozer}
059.jpg,590697,3802a8d5,\White\Boxed Bum Bulldozer\,{LBM1~White~BD0UJA0X~Boxed Bum Bulldozer}
060.jpg,588532,c8b3015b,\White\Boxed Bum Bulldozer\,{LBM1~White~BD0UJA0X~Boxed Bum Bulldozer}
062.jpg,582781,f0cca22b,\White\Boxed Bum Bulldozer\,{LBM1~White~BD0UJA0X~Boxed Bum Bulldozer}
063.jpg,502007,c27288f6,\White\Boxed Bum Bulldozer\,{LBM1~White~BD0UJA0X~Boxed Bum Bulldozer}
064.jpg,482496,b6caa4c5,\White\Boxed Bum Bulldozer\,{LBM1~White~BD0UJA0X~Boxed Bum Bulldozer}
065.jpg,513490,140e6d45,\White\Boxed Bum Bulldozer\,{LBM1~White~BD0UJA0X~Boxed Bum Bulldozer}
066.jpg,673130,42fef411,\White\Boxed Bum Bulldozer\,{LBM1~White~BD0UJA0X~Boxed Bum Bulldozer}
067.jpg,649021,82fdcc40,\White\Boxed Bum Bulldozer\,{LBM1~White~BD0UJA0X~Boxed Bum Bulldozer}
068.jpg,630088,905737a7,\White\Boxed Bum Bulldozer\,{LBM1~White~BD0UJA0X~Boxed Bum Bulldozer}
069.jpg,654715,acf086de,\White\Boxed Bum Bulldozer\,{LBM1~White~BD0UJA0X~Boxed Bum Bulldozer}
070.jpg,583186,f4ff8c1a,\White\Boxed Bum Bulldozer\,{LBM1~White~BD0UJA0X~Boxed Bum Bulldozer}
071.jpg,603200,a1409a58,\White\Boxed Bum Bulldozer\,{LBM1~White~BD0UJA0X~Boxed Bum Bulldozer}
072.jpg,637266,9f30000d,\White\Boxed Bum Bulldozer\,{LBM1~White~BD0UJA0X~Boxed Bum Bulldozer}
073.jpg,643574,bd09e885,\White\Boxed Bum Bulldozer\,{LBM1~White~BD0UJA0X~Boxed Bum Bulldozer}
074.jpg,447760,f0c4cad5,\White\Boxed Bum Bulldozer\,{LBM1~White~BD0UJA0X~Boxed Bum Bulldozer}
075.jpg,613950,102e7c7f,\White\Boxed Bum Bulldozer\,{LBM1~White~BD0UJA0X~Boxed Bum Bulldozer}
076.jpg,647823,3f46c95d,\White\Boxed Bum Bulldozer\,{LBM1~White~BD0UJA0X~Boxed Bum Bulldozer}
077.jpg,577348,2227ca46,\White\Boxed Bum Bulldozer\,{LBM1~White~BD0UJA0X~Boxed Bum Bulldozer}
079.jpg,535612,38e82093,\White\Boxed Bum Bulldozer\,{LBM1~White~BD0UJA0X~Boxed Bum Bulldozer}
081.jpg,628227,1f78511e,\White\Boxed Bum Bulldozer\,{LBM1~White~BD0UJA0X~Boxed Bum Bulldozer}
085.jpg,596384,03906b0b,\White\Boxed Bum Bulldozer\,{LBM1~White~BD0UJA0X~Boxed Bum Bulldozer}
087.jpg,605680,d8c50599,\White\Boxed Bum Bulldozer\,{LBM1~White~BD0UJA0X~Boxed Bum Bulldozer}
088.jpg,669756,9c126be1,\White\Boxed Bum Bulldozer\,{LBM1~White~BD0UJA0X~Boxed Bum Bulldozer}
089.jpg,670753,b68493c7,\White\Boxed Bum Bulldozer\,{LBM1~White~BD0UJA0X~Boxed Bum Bulldozer}
090.jpg,564265,4d02dcba,\White\Boxed Bum Bulldozer\,{LBM1~White~BD0UJA0X~Boxed Bum Bulldozer}
091.jpg,593216,6ce487fb,\White\Boxed Bum Bulldozer\,{LBM1~White~BD0UJA0X~Boxed Bum Bulldozer}
092.jpg,641073,36b06cb0,\White\Boxed Bum Bulldozer\,{LBM1~White~BD0UJA0X~Boxed Bum Bulldozer}
093.jpg,656598,a42d479b,\White\Boxed Bum Bulldozer\,{LBM1~White~BD0UJA0X~Boxed Bum Bulldozer}
094.jpg,620210,e60d990b,\White\Boxed Bum Bulldozer\,{LBM1~White~BD0UJA0X~Boxed Bum Bulldozer}
095.jpg,613697,03870cce,\White\Boxed Bum Bulldozer\,{LBM1~White~BD0UJA0X~Boxed Bum Bulldozer}
097.jpg,617775,b8bd9adc,\White\Boxed Bum Bulldozer\,{LBM1~White~BD0UJA0X~Boxed Bum Bulldozer}
098.jpg,647174,2b9da1d6,\White\Boxed Bum Bulldozer\,{LBM1~White~BD0UJA0X~Boxed Bum Bulldozer}
099.jpg,658925,a58afcdd,\White\Boxed Bum Bulldozer\,{LBM1~White~BD0UJA0X~Boxed Bum Bulldozer}
100.jpg,617515,aee1a5fd,\White\Boxed Bum Bulldozer\,{LBM1~White~BD0UJA0X~Boxed Bum Bulldozer}
101.jpg,588442,30521699,\White\Boxed Bum Bulldozer\,{LBM1~White~BD0UJA0X~Boxed Bum Bulldozer}
006.jpg,409477,a082d566,\Eye & Pita\Sir Spin-A-Lot\,{LBM1~Eye~BD0UNGD7~Sir Spin-A-Lot}
007.jpg,415553,be27a5be,\Eye & Pita\Sir Spin-A-Lot\,{LBM1~Eye~BD0UNGD7~Sir Spin-A-Lot}
008.jpg,402959,4ee30365,\Eye & Pita\Sir Spin-A-Lot\,{LBM1~Eye~BD0UNGD7~Sir Spin-A-Lot}
009.jpg,437098,094bb1dd,\Eye & Pita\Sir Spin-A-Lot\,{LBM1~Eye~BD0UNGD7~Sir Spin-A-Lot}
010.jpg,489523,3fe8d9fe,\Eye & Pita\Sir Spin-A-Lot\,{LBM1~Eye~BD0UNGD7~Sir Spin-A-Lot}
012.jpg,422418,1ecf683e,\Eye & Pita\Sir Spin-A-Lot\,{LBM1~Eye~BD0UNGD7~Sir Spin-A-Lot}
013.jpg,422807,ce28ffbf,\Eye & Pita\Sir Spin-A-Lot\,{LBM1~Eye~BD0UNGD7~Sir Spin-A-Lot}
014.jpg,424226,5c878459,\Eye & Pita\Sir Spin-A-Lot\,{LBM1~Eye~BD0UNGD7~Sir Spin-A-Lot}
016.jpg,453554,32fa7482,\Eye & Pita\Sir Spin-A-Lot\,{LBM1~Eye~BD0UNGD7~Sir Spin-A-Lot}
017.jpg,496033,933ea224,\Eye & Pita\Sir Spin-A-Lot\,{LBM1~Eye~BD0UNGD7~Sir Spin-A-Lot}
018.jpg,488462,cc4868c4,\Eye & Pita\Sir Spin-A-Lot\,{LBM1~Eye~BD0UNGD7~Sir Spin-A-Lot}
019.jpg,441951,950e9a6f,\Eye & Pita\Sir Spin-A-Lot\,{LBM1~Eye~BD0UNGD7~Sir Spin-A-Lot}
020.jpg,449202,f8788c19,\Eye & Pita\Sir Spin-A-Lot\,{LBM1~Eye~BD0UNGD7~Sir Spin-A-Lot}
021.jpg,421105,cb53782a,\Eye & Pita\Sir Spin-A-Lot\,{LBM1~Eye~BD0UNGD7~Sir Spin-A-Lot}
022.jpg,438331,7cab0645,\Eye & Pita\Sir Spin-A-Lot\,{LBM1~Eye~BD0UNGD7~Sir Spin-A-Lot}
023.jpg,442402,4cc02ee6,\Eye & Pita\Sir Spin-A-Lot\,{LBM1~Eye~BD0UNGD7~Sir Spin-A-Lot}
024.jpg,437300,dae4d7c4,\Eye & Pita\Sir Spin-A-Lot\,{LBM1~Eye~BD0UNGD7~Sir Spin-A-Lot}
025.jpg,492606,653f35f9,\Eye & Pita\Sir Spin-A-Lot\,{LBM1~Eye~BD0UNGD7~Sir Spin-A-Lot}
026.jpg,408289,ad8f7950,\Eye & Pita\Sir Spin-A-Lot\,{LBM1~Eye~BD0UNGD7~Sir Spin-A-Lot}
027.jpg,403044,fefba65d,\Eye & Pita\Sir Spin-A-Lot\,{LBM1~Eye~BD0UNGD7~Sir Spin-A-Lot}
028.jpg,476884,2f3f0c96,\Eye & Pita\Sir Spin-A-Lot\,{LBM1~Eye~BD0UNGD7~Sir Spin-A-Lot}
029.jpg,505303,e1314b1c,\Eye & Pita\Sir Spin-A-Lot\,{LBM1~Eye~BD0UNGD7~Sir Spin-A-Lot}
030.jpg,461869,85b7e118,\Eye & Pita\Sir Spin-A-Lot\,{LBM1~Eye~BD0UNGD7~Sir Spin-A-Lot}
031.jpg,421415,2db0fdc2,\Eye & Pita\Sir Spin-A-Lot\,{LBM1~Eye~BD0UNGD7~Sir Spin-A-Lot}
032.jpg,464361,b161cf31,\Eye & Pita\Sir Spin-A-Lot\,{LBM1~Eye~BD0UNGD7~Sir Spin-A-Lot}
033.jpg,436821,d13b0cba,\Eye & Pita\Sir Spin-A-Lot\,{LBM1~Eye~BD0UNGD7~Sir Spin-A-Lot}
034.jpg,448062,3c480378,\Eye & Pita\Sir Spin-A-Lot\,{LBM1~Eye~BD0UNGD7~Sir Spin-A-Lot}
035.jpg,462421,a799669d,\Eye & Pita\Sir Spin-A-Lot\,{LBM1~Eye~BD0UNGD7~Sir Spin-A-Lot}
036.jpg,436389,4ed105a5,\Eye & Pita\Sir Spin-A-Lot\,{LBM1~Eye~BD0UNGD7~Sir Spin-A-Lot}
037.jpg,451696,6ca84fa9,\Eye & Pita\Sir Spin-A-Lot\,{LBM1~Eye~BD0UNGD7~Sir Spin-A-Lot}
038.jpg,469586,4d615ede,\Eye & Pita\Sir Spin-A-Lot\,{LBM1~Eye~BD0UNGD7~Sir Spin-A-Lot}
039.jpg,464879,21a5f795,\Eye & Pita\Sir Spin-A-Lot\,{LBM1~Eye~BD0UNGD7~Sir Spin-A-Lot}
040.jpg,475210,4d2e0dc0,\Eye & Pita\Sir Spin-A-Lot\,{LBM1~Eye~BD0UNGD7~Sir Spin-A-Lot}
041.jpg,435530,62dc7599,\Eye & Pita\Sir Spin-A-Lot\,{LBM1~Eye~BD0UNGD7~Sir Spin-A-Lot}
048.jpg,406861,03e00740,\Eye & Pita\Sir Spin-A-Lot\,{LBM1~Eye~BD0UNGD7~Sir Spin-A-Lot}
049.jpg,475194,3f6d3d98,\Eye & Pita\Sir Spin-A-Lot\,{LBM1~Eye~BD0UNGD7~Sir Spin-A-Lot}
050.jpg,478442,c4139e2e,\Eye & Pita\Sir Spin-A-Lot\,{LBM1~Eye~BD0UNGD7~Sir Spin-A-Lot}
051.jpg,492457,5c343a79,\Eye & Pita\Sir Spin-A-Lot\,{LBM1~Eye~BD0UNGD7~Sir Spin-A-Lot}
052.jpg,456399,052965af,\Eye & Pita\Sir Spin-A-Lot\,{LBM1~Eye~BD0UNGD7~Sir Spin-A-Lot}
053.jpg,472106,c96f477d,\Eye & Pita\Sir Spin-A-Lot\,{LBM1~Eye~BD0UNGD7~Sir Spin-A-Lot}
055.jpg,454899,80223176,\Eye & Pita\Sir Spin-A-Lot\,{LBM1~Eye~BD0UNGD7~Sir Spin-A-Lot}
056.jpg,418996,cebd9e0c,\Eye & Pita\Sir Spin-A-Lot\,{LBM1~Eye~BD0UNGD7~Sir Spin-A-Lot}
057.jpg,481335,6a0a34cb,\Eye & Pita\Sir Spin-A-Lot\,{LBM1~Eye~BD0UNGD7~Sir Spin-A-Lot}
058.jpg,457902,d43949a2,\Eye & Pita\Sir Spin-A-Lot\,{LBM1~Eye~BD0UNGD7~Sir Spin-A-Lot}
059.jpg,446260,75a667a3,\Eye & Pita\Sir Spin-A-Lot\,{LBM1~Eye~BD0UNGD7~Sir Spin-A-Lot}
060.jpg,464957,1e494e36,\Eye & Pita\Sir Spin-A-Lot\,{LBM1~Eye~BD0UNGD7~Sir Spin-A-Lot}
062.jpg,424858,02a44e1e,\Eye & Pita\Sir Spin-A-Lot\,{LBM1~Eye~BD0UNGD7~Sir Spin-A-Lot}
063.jpg,449412,abf3781e,\Eye & Pita\Sir Spin-A-Lot\,{LBM1~Eye~BD0UNGD7~Sir Spin-A-Lot}
064.jpg,446904,f5b3c69b,\Eye & Pita\Sir Spin-A-Lot\,{LBM1~Eye~BD0UNGD7~Sir Spin-A-Lot}
065.jpg,463828,8d7e76fc,\Eye & Pita\Sir Spin-A-Lot\,{LBM1~Eye~BD0UNGD7~Sir Spin-A-Lot}
110.jpg,539010,aaade936,\Eye & Pita\Sir Spin-A-Lot\,{LBM1~Eye~BD0UNGD7~Sir Spin-A-Lot}
111.jpg,469659,a3ac63c9,\Eye & Pita\Sir Spin-A-Lot\,{LBM1~Eye~BD0UNGD7~Sir Spin-A-Lot}
112.jpg,469639,6a3b2105,\Eye & Pita\Sir Spin-A-Lot\,{LBM1~Eye~BD0UNGD7~Sir Spin-A-Lot}
113.jpg,315861,cebed760,\Eye & Pita\Sir Spin-A-Lot\,{LBM1~Eye~BD0UNGD7~Sir Spin-A-Lot}
114.jpg,418629,625f4acc,\Eye & Pita\Sir Spin-A-Lot\,{LBM1~Eye~BD0UNGD7~Sir Spin-A-Lot}
115.jpg,406877,74bdf93a,\Eye & Pita\Sir Spin-A-Lot\,{LBM1~Eye~BD0UNGD7~Sir Spin-A-Lot}
116.jpg,409309,96b319e9,\Eye & Pita\Sir Spin-A-Lot\,{LBM1~Eye~BD0UNGD7~Sir Spin-A-Lot}
117.jpg,405802,5ca23958,\Eye & Pita\Sir Spin-A-Lot\,{LBM1~Eye~BD0UNGD7~Sir Spin-A-Lot}
118.jpg,488419,224c3693,\Eye & Pita\Sir Spin-A-Lot\,{LBM1~Eye~BD0UNGD7~Sir Spin-A-Lot}
119.jpg,491299,d5ad58d6,\Eye & Pita\Sir Spin-A-Lot\,{LBM1~Eye~BD0UNGD7~Sir Spin-A-Lot}
120.jpg,577000,5ee00fc1,\Eye & Pita\Sir Spin-A-Lot\,{LBM1~Eye~BD0UNGD7~Sir Spin-A-Lot}
122.jpg,528638,1e18eb38,\Eye & Pita\Sir Spin-A-Lot\,{LBM1~Eye~BD0UNGD7~Sir Spin-A-Lot}
123.jpg,624296,15cf7958,\Eye & Pita\Sir Spin-A-Lot\,{LBM1~Eye~BD0UNGD7~Sir Spin-A-Lot}
124.jpg,619905,48d77a76,\Eye & Pita\Sir Spin-A-Lot\,{LBM1~Eye~BD0UNGD7~Sir Spin-A-Lot}
125.jpg,636099,fa3a15ae,\Eye & Pita\Sir Spin-A-Lot\,{LBM1~Eye~BD0UNGD7~Sir Spin-A-Lot}
126.jpg,500464,fb10398c,\Eye & Pita\Sir Spin-A-Lot\,{LBM1~Eye~BD0UNGD7~Sir Spin-A-Lot}
127.jpg,466210,6b36c280,\Eye & Pita\Sir Spin-A-Lot\,{LBM1~Eye~BD0UNGD7~Sir Spin-A-Lot}
128.jpg,496432,f468e096,\Eye & Pita\Sir Spin-A-Lot\,{LBM1~Eye~BD0UNGD7~Sir Spin-A-Lot}
129.jpg,429432,83af853d,\Eye & Pita\Sir Spin-A-Lot\,{LBM1~Eye~BD0UNGD7~Sir Spin-A-Lot}
130.jpg,523055,9d38a278,\Eye & Pita\Sir Spin-A-Lot\,{LBM1~Eye~BD0UNGD7~Sir Spin-A-Lot}
131.jpg,757064,780ce186,\Eye & Pita\Sir Spin-A-Lot\,{LBM1~Eye~BD0UNGD7~Sir Spin-A-Lot}
137.jpg,528148,1a3b2270,\Eye & Pita\Sir Spin-A-Lot\,{LBM1~Eye~BD0UNGD7~Sir Spin-A-Lot}
138.jpg,757911,a04974b3,\Eye & Pita\Sir Spin-A-Lot\,{LBM1~Eye~BD0UNGD7~Sir Spin-A-Lot}
139.jpg,690796,71bea2f5,\Eye & Pita\Sir Spin-A-Lot\,{LBM1~Eye~BD0UNGD7~Sir Spin-A-Lot}
140.jpg,694252,6a15d160,\Eye & Pita\Sir Spin-A-Lot\,{LBM1~Eye~BD0UNGD7~Sir Spin-A-Lot}
145.jpg,789088,522a7591,\Eye & Pita\Sir Spin-A-Lot\,{LBM1~Eye~BD0UNGD7~Sir Spin-A-Lot}
146.jpg,720206,e1b98f33,\Eye & Pita\Sir Spin-A-Lot\,{LBM1~Eye~BD0UNGD7~Sir Spin-A-Lot}
147.jpg,775718,7584a217,\Eye & Pita\Sir Spin-A-Lot\,{LBM1~Eye~BD0UNGD7~Sir Spin-A-Lot}
148.jpg,595738,53466338,\Eye & Pita\Sir Spin-A-Lot\,{LBM1~Eye~BD0UNGD7~Sir Spin-A-Lot}
149.jpg,495613,91814a12,\Eye & Pita\Sir Spin-A-Lot\,{LBM1~Eye~BD0UNGD7~Sir Spin-A-Lot}
150.jpg,792793,f7a83ef4,\Eye & Pita\Sir Spin-A-Lot\,{LBM1~Eye~BD0UNGD7~Sir Spin-A-Lot}
151.jpg,794548,b926379e,\Eye & Pita\Sir Spin-A-Lot\,{LBM1~Eye~BD0UNGD7~Sir Spin-A-Lot}
152.jpg,733239,e27ae581,\Eye & Pita\Sir Spin-A-Lot\,{LBM1~Eye~BD0UNGD7~Sir Spin-A-Lot}
153.jpg,535482,813e19a1,\Eye & Pita\Sir Spin-A-Lot\,{LBM1~Eye~BD0UNGD7~Sir Spin-A-Lot}
154.jpg,656523,032a9505,\Eye & Pita\Sir Spin-A-Lot\,{LBM1~Eye~BD0UNGD7~Sir Spin-A-Lot}
155.jpg,632355,6a73a984,\Eye & Pita\Sir Spin-A-Lot\,{LBM1~Eye~BD0UNGD7~Sir Spin-A-Lot}
156.jpg,665584,700506ed,\Eye & Pita\Sir Spin-A-Lot\,{LBM1~Eye~BD0UNGD7~Sir Spin-A-Lot}
157.jpg,625379,ed79050f,\Eye & Pita\Sir Spin-A-Lot\,{LBM1~Eye~BD0UNGD7~Sir Spin-A-Lot}
158.jpg,621406,b4c6db89,\Eye & Pita\Sir Spin-A-Lot\,{LBM1~Eye~BD0UNGD7~Sir Spin-A-Lot}
159.jpg,599268,9bbbeda0,\Eye & Pita\Sir Spin-A-Lot\,{LBM1~Eye~BD0UNGD7~Sir Spin-A-Lot}
160.jpg,596595,35aa21f4,\Eye & Pita\Sir Spin-A-Lot\,{LBM1~Eye~BD0UNGD7~Sir Spin-A-Lot}
161.jpg,638104,c1895079,\Eye & Pita\Sir Spin-A-Lot\,{LBM1~Eye~BD0UNGD7~Sir Spin-A-Lot}
162.jpg,673157,442829ba,\Eye & Pita\Sir Spin-A-Lot\,{LBM1~Eye~BD0UNGD7~Sir Spin-A-Lot}
163.jpg,590278,f794b23e,\Eye & Pita\Sir Spin-A-Lot\,{LBM1~Eye~BD0UNGD7~Sir Spin-A-Lot}
164.jpg,600063,9935a4f4,\Eye & Pita\Sir Spin-A-Lot\,{LBM1~Eye~BD0UNGD7~Sir Spin-A-Lot}
165.jpg,692026,89f03388,\Eye & Pita\Sir Spin-A-Lot\,{LBM1~Eye~BD0UNGD7~Sir Spin-A-Lot}
166.jpg,697450,84bf86ed,\Eye & Pita\Sir Spin-A-Lot\,{LBM1~Eye~BD0UNGD7~Sir Spin-A-Lot}
167.jpg,653899,00babb1b,\Eye & Pita\Sir Spin-A-Lot\,{LBM1~Eye~BD0UNGD7~Sir Spin-A-Lot}
168.jpg,645102,eb022d92,\Eye & Pita\Sir Spin-A-Lot\,{LBM1~Eye~BD0UNGD7~Sir Spin-A-Lot}
169.jpg,764468,397f3376,\Eye & Pita\Sir Spin-A-Lot\,{LBM1~Eye~BD0UNGD7~Sir Spin-A-Lot}
170.jpg,742323,dcf83edc,\Eye & Pita\Sir Spin-A-Lot\,{LBM1~Eye~BD0UNGD7~Sir Spin-A-Lot}
171.jpg,466160,c89a6670,\Eye & Pita\Sir Spin-A-Lot\,{LBM1~Eye~BD0UNGD7~Sir Spin-A-Lot}
172.jpg,489442,fbfdb802,\Eye & Pita\Sir Spin-A-Lot\,{LBM1~Eye~BD0UNGD7~Sir Spin-A-Lot}
173.jpg,594690,8cf15964,\Eye & Pita\Sir Spin-A-Lot\,{LBM1~Eye~BD0UNGD7~Sir Spin-A-Lot}
174.jpg,603423,38660c31,\Eye & Pita\Sir Spin-A-Lot\,{LBM1~Eye~BD0UNGD7~Sir Spin-A-Lot}
175.jpg,806653,07dcaee7,\Eye & Pita\Sir Spin-A-Lot\,{LBM1~Eye~BD0UNGD7~Sir Spin-A-Lot}
176.jpg,819040,b633705f,\Eye & Pita\Sir Spin-A-Lot\,{LBM1~Eye~BD0UNGD7~Sir Spin-A-Lot}
177.jpg,708261,675c8a95,\Eye & Pita\Sir Spin-A-Lot\,{LBM1~Eye~BD0UNGD7~Sir Spin-A-Lot}
178.jpg,668223,284fbc46,\Eye & Pita\Sir Spin-A-Lot\,{LBM1~Eye~BD0UNGD7~Sir Spin-A-Lot}
182.jpg,739702,0193480a,\Eye & Pita\Sir Spin-A-Lot\,{LBM1~Eye~BD0UNGD7~Sir Spin-A-Lot}
183.jpg,682731,4459e4ef,\Eye & Pita\Sir Spin-A-Lot\,{LBM1~Eye~BD0UNGD7~Sir Spin-A-Lot}
184.jpg,703538,ca4685a4,\Eye & Pita\Sir Spin-A-Lot\,{LBM1~Eye~BD0UNGD7~Sir Spin-A-Lot}
185.jpg,705065,4ea55f25,\Eye & Pita\Sir Spin-A-Lot\,{LBM1~Eye~BD0UNGD7~Sir Spin-A-Lot}
186.jpg,698726,755aa5e6,\Eye & Pita\Sir Spin-A-Lot\,{LBM1~Eye~BD0UNGD7~Sir Spin-A-Lot}
187.jpg,616827,dfc7c9d5,\Eye & Pita\Sir Spin-A-Lot\,{LBM1~Eye~BD0UNGD7~Sir Spin-A-Lot}
188.jpg,637527,8451cc53,\Eye & Pita\Sir Spin-A-Lot\,{LBM1~Eye~BD0UNGD7~Sir Spin-A-Lot}
189.jpg,680193,af776479,\Eye & Pita\Sir Spin-A-Lot\,{LBM1~Eye~BD0UNGD7~Sir Spin-A-Lot}
190.jpg,710422,2a1c5c50,\Eye & Pita\Sir Spin-A-Lot\,{LBM1~Eye~BD0UNGD7~Sir Spin-A-Lot}
191.jpg,621842,2124cd74,\Eye & Pita\Sir Spin-A-Lot\,{LBM1~Eye~BD0UNGD7~Sir Spin-A-Lot}
192.jpg,573492,5ce7ad01,\Eye & Pita\Sir Spin-A-Lot\,{LBM1~Eye~BD0UNGD7~Sir Spin-A-Lot}
193.jpg,699119,c4a39cec,\Eye & Pita\Sir Spin-A-Lot\,{LBM1~Eye~BD0UNGD7~Sir Spin-A-Lot}
194.jpg,686974,850a031f,\Eye & Pita\Sir Spin-A-Lot\,{LBM1~Eye~BD0UNGD7~Sir Spin-A-Lot}
195.jpg,839569,a983dd36,\Eye & Pita\Sir Spin-A-Lot\,{LBM1~Eye~BD0UNGD7~Sir Spin-A-Lot}
196.jpg,832116,1c5a1caa,\Eye & Pita\Sir Spin-A-Lot\,{LBM1~Eye~BD0UNGD7~Sir Spin-A-Lot}
197.jpg,598210,836507cc,\Eye & Pita\Sir Spin-A-Lot\,{LBM1~Eye~BD0UNGD7~Sir Spin-A-Lot}
198.jpg,849182,5e8a3b7c,\Eye & Pita\Sir Spin-A-Lot\,{LBM1~Eye~BD0UNGD7~Sir Spin-A-Lot}
199.jpg,584594,8fcd0568,\Eye & Pita\Sir Spin-A-Lot\,{LBM1~Eye~BD0UNGD7~Sir Spin-A-Lot}
200.jpg,669480,7c6fa596,\Eye & Pita\Sir Spin-A-Lot\,{LBM1~Eye~BD0UNGD7~Sir Spin-A-Lot}
201.jpg,744289,1ec563d1,\Eye & Pita\Sir Spin-A-Lot\,{LBM1~Eye~BD0UNGD7~Sir Spin-A-Lot}
066.jpg,586780,6f67340f,\Pita\Industrial Hole Hammerer\,{LBM1~Pita~BD0UUWGJ~Industrial Hole Hammerer}
067.jpg,589850,2446fe7d,\Pita\Industrial Hole Hammerer\,{LBM1~Pita~BD0UUWGJ~Industrial Hole Hammerer}
068.jpg,555826,a7c04cca,\Pita\Industrial Hole Hammerer\,{LBM1~Pita~BD0UUWGJ~Industrial Hole Hammerer}
069.jpg,582615,ce324411,\Pita\Industrial Hole Hammerer\,{LBM1~Pita~BD0UUWGJ~Industrial Hole Hammerer}
070.jpg,593935,c5e908ea,\Pita\Industrial Hole Hammerer\,{LBM1~Pita~BD0UUWGJ~Industrial Hole Hammerer}
071.jpg,668472,4e63886c,\Pita\Industrial Hole Hammerer\,{LBM1~Pita~BD0UUWGJ~Industrial Hole Hammerer}
072.jpg,627959,76b217d3,\Pita\Industrial Hole Hammerer\,{LBM1~Pita~BD0UUWGJ~Industrial Hole Hammerer}
073.jpg,564862,b7104e1d,\Pita\Industrial Hole Hammerer\,{LBM1~Pita~BD0UUWGJ~Industrial Hole Hammerer}
074.jpg,591222,c026dbdc,\Pita\Industrial Hole Hammerer\,{LBM1~Pita~BD0UUWGJ~Industrial Hole Hammerer}
075.jpg,551227,870ae50b,\Pita\Industrial Hole Hammerer\,{LBM1~Pita~BD0UUWGJ~Industrial Hole Hammerer}
076.jpg,603957,d9a0d5a1,\Pita\Industrial Hole Hammerer\,{LBM1~Pita~BD0UUWGJ~Industrial Hole Hammerer}
077.jpg,595672,25e9fe36,\Pita\Industrial Hole Hammerer\,{LBM1~Pita~BD0UUWGJ~Industrial Hole Hammerer}
078.jpg,495079,5c1fdde9,\Pita\Industrial Hole Hammerer\,{LBM1~Pita~BD0UUWGJ~Industrial Hole Hammerer}
079.jpg,571826,237adc2e,\Pita\Industrial Hole Hammerer\,{LBM1~Pita~BD0UUWGJ~Industrial Hole Hammerer}
080.jpg,517297,58d28bb9,\Pita\Industrial Hole Hammerer\,{LBM1~Pita~BD0UUWGJ~Industrial Hole Hammerer}
081.jpg,616934,b5cbe00a,\Pita\Industrial Hole Hammerer\,{LBM1~Pita~BD0UUWGJ~Industrial Hole Hammerer}
082.jpg,673628,d14ce16f,\Pita\Industrial Hole Hammerer\,{LBM1~Pita~BD0UUWGJ~Industrial Hole Hammerer}
083.jpg,600892,9f557740,\Pita\Industrial Hole Hammerer\,{LBM1~Pita~BD0UUWGJ~Industrial Hole Hammerer}
084.jpg,651778,00294bb7,\Pita\Industrial Hole Hammerer\,{LBM1~Pita~BD0UUWGJ~Industrial Hole Hammerer}
085.jpg,666610,37b89c90,\Pita\Industrial Hole Hammerer\,{LBM1~Pita~BD0UUWGJ~Industrial Hole Hammerer}
086.jpg,513183,a141a0c7,\Pita\Industrial Hole Hammerer\,{LBM1~Pita~BD0UUWGJ~Industrial Hole Hammerer}
087.jpg,510226,da96d0c7,\Pita\Industrial Hole Hammerer\,{LBM1~Pita~BD0UUWGJ~Industrial Hole Hammerer}
088.jpg,508243,e40c0d7a,\Pita\Industrial Hole Hammerer\,{LBM1~Pita~BD0UUWGJ~Industrial Hole Hammerer}
089.jpg,563158,5c5a28c1,\Pita\Industrial Hole Hammerer\,{LBM1~Pita~BD0UUWGJ~Industrial Hole Hammerer}
090.jpg,449118,b85892c3,\Pita\Industrial Hole Hammerer\,{LBM1~Pita~BD0UUWGJ~Industrial Hole Hammerer}
091.jpg,510783,3ab46909,\Pita\Industrial Hole Hammerer\,{LBM1~Pita~BD0UUWGJ~Industrial Hole Hammerer}
092.jpg,500755,7bbe1c83,\Pita\Industrial Hole Hammerer\,{LBM1~Pita~BD0UUWGJ~Industrial Hole Hammerer}
093.jpg,486319,79878eb2,\Pita\Industrial Hole Hammerer\,{LBM1~Pita~BD0UUWGJ~Industrial Hole Hammerer}
094.jpg,513390,bba0a017,\Pita\Industrial Hole Hammerer\,{LBM1~Pita~BD0UUWGJ~Industrial Hole Hammerer}
095.jpg,534991,21cab1a9,\Pita\Industrial Hole Hammerer\,{LBM1~Pita~BD0UUWGJ~Industrial Hole Hammerer}
096.jpg,525651,f9301bb4,\Pita\Industrial Hole Hammerer\,{LBM1~Pita~BD0UUWGJ~Industrial Hole Hammerer}
097.jpg,494976,e774c24b,\Pita\Industrial Hole Hammerer\,{LBM1~Pita~BD0UUWGJ~Industrial Hole Hammerer}
098.jpg,533500,6db53aca,\Pita\Industrial Hole Hammerer\,{LBM1~Pita~BD0UUWGJ~Industrial Hole Hammerer}
100.jpg,542185,e770dc58,\Pita\Industrial Hole Hammerer\,{LBM1~Pita~BD0UUWGJ~Industrial Hole Hammerer}
101.jpg,522290,c241c390,\Pita\Industrial Hole Hammerer\,{LBM1~Pita~BD0UUWGJ~Industrial Hole Hammerer}
102.jpg,510229,ed15d711,\Pita\Industrial Hole Hammerer\,{LBM1~Pita~BD0UUWGJ~Industrial Hole Hammerer}
103.jpg,477825,19c741f7,\Pita\Industrial Hole Hammerer\,{LBM1~Pita~BD0UUWGJ~Industrial Hole Hammerer}
104.jpg,520814,79b05674,\Pita\Industrial Hole Hammerer\,{LBM1~Pita~BD0UUWGJ~Industrial Hole Hammerer}
105.jpg,429528,08484136,\Pita\Industrial Hole Hammerer\,{LBM1~Pita~BD0UUWGJ~Industrial Hole Hammerer}
106.jpg,426308,5662a926,\Pita\Industrial Hole Hammerer\,{LBM1~Pita~BD0UUWGJ~Industrial Hole Hammerer}
107.jpg,496183,0cf94b69,\Pita\Industrial Hole Hammerer\,{LBM1~Pita~BD0UUWGJ~Industrial Hole Hammerer}
108.jpg,436217,17e1f2ce,\Pita\Industrial Hole Hammerer\,{LBM1~Pita~BD0UUWGJ~Industrial Hole Hammerer}
109.jpg,451446,d3646869,\Pita\Industrial Hole Hammerer\,{LBM1~Pita~BD0UUWGJ~Industrial Hole Hammerer}