001.jpg,290852,9a451930,\Pictures\Benz\,{LB69-LF~Pictures~006~Benz}
002.jpg,263389,28f64e78,\Pictures\Benz\,{LB69-LF~Pictures~006~Benz}
003.jpg,243981,2fbc0eed,\Pictures\Benz\,{LB69-LF~Pictures~006~Benz}
004.jpg,250051,bc12478b,\Pictures\Benz\,{LB69-LF~Pictures~006~Benz}
005.jpg,304984,7b35dd64,\Pictures\Benz\,{LB69-LF~Pictures~006~Benz}
006.jpg,281517,d59e9147,\Pictures\Benz\,{LB69-LF~Pictures~006~Benz}
007.jpg,292618,e8e3a6e8,\Pictures\Benz\,{LB69-LF~Pictures~006~Benz}
008.jpg,259584,b554f936,\Pictures\Benz\,{LB69-LF~Pictures~006~Benz}
009.jpg,268054,cfdf4db3,\Pictures\Benz\,{LB69-LF~Pictures~006~Benz}
010.jpg,278240,ca6514bb,\Pictures\Benz\,{LB69-LF~Pictures~006~Benz}
011.jpg,273312,fc9ed6c2,\Pictures\Benz\,{LB69-LF~Pictures~006~Benz}
012.jpg,309639,5b684780,\Pictures\Benz\,{LB69-LF~Pictures~006~Benz}
013.jpg,282120,4b6b6fdf,\Pictures\Benz\,{LB69-LF~Pictures~006~Benz}
014.jpg,284479,7ce0670c,\Pictures\Benz\,{LB69-LF~Pictures~006~Benz}
015.jpg,300056,ad19982b,\Pictures\Benz\,{LB69-LF~Pictures~006~Benz}
016.jpg,265520,02d3a4cc,\Pictures\Benz\,{LB69-LF~Pictures~006~Benz}
017.jpg,270671,83e88628,\Pictures\Benz\,{LB69-LF~Pictures~006~Benz}
018.jpg,348235,5b8b0fe2,\Pictures\Benz\,{LB69-LF~Pictures~006~Benz}
019.jpg,279666,81016749,\Pictures\Benz\,{LB69-LF~Pictures~006~Benz}
020.jpg,312741,ce0fe2ad,\Pictures\Benz\,{LB69-LF~Pictures~006~Benz}
021.jpg,294532,07fe18da,\Pictures\Benz\,{LB69-LF~Pictures~006~Benz}
022.jpg,306658,fd110abd,\Pictures\Benz\,{LB69-LF~Pictures~006~Benz}
023.jpg,282635,24de4762,\Pictures\Benz\,{LB69-LF~Pictures~006~Benz}
024.jpg,283856,9e984fd9,\Pictures\Benz\,{LB69-LF~Pictures~006~Benz}
025.jpg,297837,5ed35b53,\Pictures\Benz\,{LB69-LF~Pictures~006~Benz}
026.jpg,296092,e0e781f1,\Pictures\Benz\,{LB69-LF~Pictures~006~Benz}
027.jpg,294805,ff2fe828,\Pictures\Benz\,{LB69-LF~Pictures~006~Benz}
028.jpg,298712,1426099a,\Pictures\Benz\,{LB69-LF~Pictures~006~Benz}
029.jpg,322245,60cc31a3,\Pictures\Benz\,{LB69-LF~Pictures~006~Benz}
030.jpg,303348,21231145,\Pictures\Benz\,{LB69-LF~Pictures~006~Benz}
031.jpg,298663,7e10d1b2,\Pictures\Benz\,{LB69-LF~Pictures~006~Benz}
032.jpg,302528,d2e7ac74,\Pictures\Benz\,{LB69-LF~Pictures~006~Benz}
033.jpg,303518,95d8005f,\Pictures\Benz\,{LB69-LF~Pictures~006~Benz}
034.jpg,263728,4c1c5fc2,\Pictures\Benz\,{LB69-LF~Pictures~006~Benz}
035.jpg,320237,828efa43,\Pictures\Benz\,{LB69-LF~Pictures~006~Benz}
036.jpg,283356,19bf4702,\Pictures\Benz\,{LB69-LF~Pictures~006~Benz}
037.jpg,253684,dd5e398b,\Pictures\Benz\,{LB69-LF~Pictures~006~Benz}
038.jpg,301933,d2f4899b,\Pictures\Benz\,{LB69-LF~Pictures~006~Benz}
039.jpg,313586,9c548df2,\Pictures\Benz\,{LB69-LF~Pictures~006~Benz}
040.jpg,293320,be7f02c8,\Pictures\Benz\,{LB69-LF~Pictures~006~Benz}
041.jpg,272012,b719bd3b,\Pictures\Benz\,{LB69-LF~Pictures~006~Benz}
042.jpg,309568,66a263d7,\Pictures\Benz\,{LB69-LF~Pictures~006~Benz}
043.jpg,247457,84637a55,\Pictures\Benz\,{LB69-LF~Pictures~006~Benz}
044.jpg,263197,31103600,\Pictures\Benz\,{LB69-LF~Pictures~006~Benz}
045.jpg,285707,6c84fc03,\Pictures\Benz\,{LB69-LF~Pictures~006~Benz}
046.jpg,298655,915c21c0,\Pictures\Benz\,{LB69-LF~Pictures~006~Benz}
047.jpg,328627,2e6cc8de,\Pictures\Benz\,{LB69-LF~Pictures~006~Benz}
048.jpg,257469,37441a8d,\Pictures\Benz\,{LB69-LF~Pictures~006~Benz}
049.jpg,261423,948cd27b,\Pictures\Benz\,{LB69-LF~Pictures~006~Benz}
050.jpg,317162,42cebef5,\Pictures\Benz\,{LB69-LF~Pictures~006~Benz}
051.jpg,330440,028d0231,\Pictures\Benz\,{LB69-LF~Pictures~006~Benz}
052.jpg,289432,cec4d454,\Pictures\Benz\,{LB69-LF~Pictures~006~Benz}
053.jpg,359235,b076ec58,\Pictures\Benz\,{LB69-LF~Pictures~006~Benz}
054.jpg,358857,623e45a5,\Pictures\Benz\,{LB69-LF~Pictures~006~Benz}
055.jpg,320636,c97517ff,\Pictures\Benz\,{LB69-LF~Pictures~006~Benz}
056.jpg,305226,5be0ebac,\Pictures\Benz\,{LB69-LF~Pictures~006~Benz}
057.jpg,299625,5c0d6735,\Pictures\Benz\,{LB69-LF~Pictures~006~Benz}
058.jpg,285003,e59f9248,\Pictures\Benz\,{LB69-LF~Pictures~006~Benz}
059.jpg,273762,3a27da06,\Pictures\Benz\,{LB69-LF~Pictures~006~Benz}
060.jpg,285911,1f215bf0,\Pictures\Benz\,{LB69-LF~Pictures~006~Benz}
061.jpg,299645,eed66aec,\Pictures\Benz\,{LB69-LF~Pictures~006~Benz}
062.jpg,284390,c933184b,\Pictures\Benz\,{LB69-LF~Pictures~006~Benz}
063.jpg,248234,bc8a9a79,\Pictures\Benz\,{LB69-LF~Pictures~006~Benz}
064.jpg,325651,a9ad6f80,\Pictures\Benz\,{LB69-LF~Pictures~006~Benz}
065.jpg,321204,32c39068,\Pictures\Benz\,{LB69-LF~Pictures~006~Benz}
066.jpg,329365,092ca4e8,\Pictures\Benz\,{LB69-LF~Pictures~006~Benz}
067.jpg,283125,057569c5,\Pictures\Benz\,{LB69-LF~Pictures~006~Benz}
068.jpg,252424,b012b08a,\Pictures\Benz\,{LB69-LF~Pictures~006~Benz}
069.jpg,311924,62bbf3b2,\Pictures\Benz\,{LB69-LF~Pictures~006~Benz}
070.jpg,249171,8ffe2f43,\Pictures\Benz\,{LB69-LF~Pictures~006~Benz}
071.jpg,292170,f4e3d72c,\Pictures\Benz\,{LB69-LF~Pictures~006~Benz}
072.jpg,281072,a4b08e15,\Pictures\Benz\,{LB69-LF~Pictures~006~Benz}
073.jpg,292254,f6134cae,\Pictures\Benz\,{LB69-LF~Pictures~006~Benz}
074.jpg,306710,0f249021,\Pictures\Benz\,{LB69-LF~Pictures~006~Benz}
075.jpg,252308,70da84ef,\Pictures\Benz\,{LB69-LF~Pictures~006~Benz}
076.jpg,252087,5f7cfa6f,\Pictures\Benz\,{LB69-LF~Pictures~006~Benz}
077.jpg,313225,8bb27f6c,\Pictures\Benz\,{LB69-LF~Pictures~006~Benz}
078.jpg,318201,842963f2,\Pictures\Benz\,{LB69-LF~Pictures~006~Benz}
079.jpg,321394,ebf93552,\Pictures\Benz\,{LB69-LF~Pictures~006~Benz}
080.jpg,285769,83969e79,\Pictures\Benz\,{LB69-LF~Pictures~006~Benz}
081.jpg,308670,38b84311,\Pictures\Benz\,{LB69-LF~Pictures~006~Benz}
082.jpg,252448,09c739c8,\Pictures\Benz\,{LB69-LF~Pictures~006~Benz}
083.jpg,347949,abbb594f,\Pictures\Benz\,{LB69-LF~Pictures~006~Benz}
084.jpg,343809,f5383cd0,\Pictures\Benz\,{LB69-LF~Pictures~006~Benz}
085.jpg,280732,91e879d4,\Pictures\Benz\,{LB69-LF~Pictures~006~Benz}
086.jpg,307513,acc4329a,\Pictures\Benz\,{LB69-LF~Pictures~006~Benz}
087.jpg,314562,a134e0f1,\Pictures\Benz\,{LB69-LF~Pictures~006~Benz}
088.jpg,295362,551b9522,\Pictures\Benz\,{LB69-LF~Pictures~006~Benz}
089.jpg,323351,3270f570,\Pictures\Benz\,{LB69-LF~Pictures~006~Benz}
090.jpg,268442,5baa06c9,\Pictures\Benz\,{LB69-LF~Pictures~006~Benz}
091.jpg,253644,8a113602,\Pictures\Benz\,{LB69-LF~Pictures~006~Benz}
092.jpg,284102,5eba3687,\Pictures\Benz\,{LB69-LF~Pictures~006~Benz}
093.jpg,310214,6f8ac039,\Pictures\Benz\,{LB69-LF~Pictures~006~Benz}
094.jpg,292670,b0f3333d,\Pictures\Benz\,{LB69-LF~Pictures~006~Benz}
095.jpg,269504,ae7a24d8,\Pictures\Benz\,{LB69-LF~Pictures~006~Benz}
096.jpg,287638,3fdb46e2,\Pictures\Benz\,{LB69-LF~Pictures~006~Benz}
097.jpg,292902,3d46a77e,\Pictures\Benz\,{LB69-LF~Pictures~006~Benz}
098.jpg,248827,da506c61,\Pictures\Benz\,{LB69-LF~Pictures~006~Benz}
099.jpg,284473,0c5f86e4,\Pictures\Benz\,{LB69-LF~Pictures~006~Benz}
100.jpg,251896,da7125eb,\Pictures\Benz\,{LB69-LF~Pictures~006~Benz}
101.jpg,284907,f41da364,\Pictures\Benz\,{LB69-LF~Pictures~006~Benz}
102.jpg,265038,3c52a1fe,\Pictures\Benz\,{LB69-LF~Pictures~006~Benz}
103.jpg,253083,38bae9af,\Pictures\Benz\,{LB69-LF~Pictures~006~Benz}
104.jpg,274795,14a319cc,\Pictures\Benz\,{LB69-LF~Pictures~006~Benz}
105.jpg,237612,93613b84,\Pictures\Benz\,{LB69-LF~Pictures~006~Benz}
106.jpg,231983,14720376,\Pictures\Benz\,{LB69-LF~Pictures~006~Benz}
107.jpg,213454,28c4447f,\Pictures\Benz\,{LB69-LF~Pictures~006~Benz}
108.jpg,228829,e8f247be,\Pictures\Benz\,{LB69-LF~Pictures~006~Benz}
109.jpg,273837,106abfc0,\Pictures\Benz\,{LB69-LF~Pictures~006~Benz}
110.jpg,231421,7c9ea1ac,\Pictures\Benz\,{LB69-LF~Pictures~006~Benz}
111.jpg,268804,27f78024,\Pictures\Benz\,{LB69-LF~Pictures~006~Benz}
112.jpg,215556,6a1e003c,\Pictures\Benz\,{LB69-LF~Pictures~006~Benz}
113.jpg,271324,5e7abae3,\Pictures\Benz\,{LB69-LF~Pictures~006~Benz}
114.jpg,223439,2c840078,\Pictures\Benz\,{LB69-LF~Pictures~006~Benz}
115.jpg,204341,d8e714a7,\Pictures\Benz\,{LB69-LF~Pictures~006~Benz}
116.jpg,279087,0020f3df,\Pictures\Benz\,{LB69-LF~Pictures~006~Benz}
117.jpg,271864,581eba12,\Pictures\Benz\,{LB69-LF~Pictures~006~Benz}
118.jpg,293257,eb7a5596,\Pictures\Benz\,{LB69-LF~Pictures~006~Benz}
119.jpg,280333,7cf594de,\Pictures\Benz\,{LB69-LF~Pictures~006~Benz}
120.jpg,278833,b1b6717d,\Pictures\Benz\,{LB69-LF~Pictures~006~Benz}
121.jpg,287850,db5bf0dc,\Pictures\Benz\,{LB69-LF~Pictures~006~Benz}
122.jpg,283580,766beea3,\Pictures\Benz\,{LB69-LF~Pictures~006~Benz}
123.jpg,234756,00ce9d7a,\Pictures\Benz\,{LB69-LF~Pictures~006~Benz}
124.jpg,199435,275d6ef4,\Pictures\Benz\,{LB69-LF~Pictures~006~Benz}
125.jpg,284460,3b141aa6,\Pictures\Benz\,{LB69-LF~Pictures~006~Benz}
126.jpg,223809,6d6c90b6,\Pictures\Benz\,{LB69-LF~Pictures~006~Benz}
127.jpg,232365,083aa6cb,\Pictures\Benz\,{LB69-LF~Pictures~006~Benz}
128.jpg,237375,5be5d43a,\Pictures\Benz\,{LB69-LF~Pictures~006~Benz}
129.jpg,291358,9ddcdd81,\Pictures\Benz\,{LB69-LF~Pictures~006~Benz}
130.jpg,279885,0eea9701,\Pictures\Benz\,{LB69-LF~Pictures~006~Benz}
131.jpg,231793,07b77460,\Pictures\Benz\,{LB69-LF~Pictures~006~Benz}
132.jpg,253398,7a9aed24,\Pictures\Benz\,{LB69-LF~Pictures~006~Benz}
133.jpg,232263,aec1ba22,\Pictures\Benz\,{LB69-LF~Pictures~006~Benz}
134.jpg,305277,b55bcad4,\Pictures\Benz\,{LB69-LF~Pictures~006~Benz}
135.jpg,303737,0f01cfbd,\Pictures\Benz\,{LB69-LF~Pictures~006~Benz}
136.jpg,288677,74393037,\Pictures\Benz\,{LB69-LF~Pictures~006~Benz}
137.jpg,288889,8a043a1f,\Pictures\Benz\,{LB69-LF~Pictures~006~Benz}
138.jpg,281599,e44565c6,\Pictures\Benz\,{LB69-LF~Pictures~006~Benz}
139.jpg,272878,eea0d5e8,\Pictures\Benz\,{LB69-LF~Pictures~006~Benz}
140.jpg,274268,0c60ea4c,\Pictures\Benz\,{LB69-LF~Pictures~006~Benz}
141.jpg,282240,cb978a8d,\Pictures\Benz\,{LB69-LF~Pictures~006~Benz}
142.jpg,289235,e07a6a2b,\Pictures\Benz\,{LB69-LF~Pictures~006~Benz}
143.jpg,280524,a71c572a,\Pictures\Benz\,{LB69-LF~Pictures~006~Benz}
144.jpg,250950,d34156a3,\Pictures\Benz\,{LB69-LF~Pictures~006~Benz}
145.jpg,282762,aa387e55,\Pictures\Benz\,{LB69-LF~Pictures~006~Benz}
146.jpg,305642,472d84f7,\Pictures\Benz\,{LB69-LF~Pictures~006~Benz}
147.jpg,301241,a583c365,\Pictures\Benz\,{LB69-LF~Pictures~006~Benz}
148.jpg,283234,40afb1a5,\Pictures\Benz\,{LB69-LF~Pictures~006~Benz}
149.jpg,306046,214fe8ca,\Pictures\Benz\,{LB69-LF~Pictures~006~Benz}
000.jpg,239464,ac294d65,\Pictures\Areeya (4)\,{LB69-LF~Pictures~008~Areeya (4)}
001.jpg,208053,bae2bade,\Pictures\Areeya (4)\,{LB69-LF~Pictures~008~Areeya (4)}
002.jpg,214112,1bc2ba63,\Pictures\Areeya (4)\,{LB69-LF~Pictures~008~Areeya (4)}
003.jpg,205992,55b723f1,\Pictures\Areeya (4)\,{LB69-LF~Pictures~008~Areeya (4)}
004.jpg,214478,578103af,\Pictures\Areeya (4)\,{LB69-LF~Pictures~008~Areeya (4)}
005.jpg,229380,065263ae,\Pictures\Areeya (4)\,{LB69-LF~Pictures~008~Areeya (4)}
006.jpg,220185,e4baa2aa,\Pictures\Areeya (4)\,{LB69-LF~Pictures~008~Areeya (4)}
007.jpg,203777,b50b193c,\Pictures\Areeya (4)\,{LB69-LF~Pictures~008~Areeya (4)}
008.jpg,214300,594a7521,\Pictures\Areeya (4)\,{LB69-LF~Pictures~008~Areeya (4)}
009.jpg,223854,9a38b9a9,\Pictures\Areeya (4)\,{LB69-LF~Pictures~008~Areeya (4)}
010.jpg,298461,e77ab35b,\Pictures\Areeya (4)\,{LB69-LF~Pictures~008~Areeya (4)}
011.jpg,262757,afe8324b,\Pictures\Areeya (4)\,{LB69-LF~Pictures~008~Areeya (4)}
012.jpg,243356,5072f049,\Pictures\Areeya (4)\,{LB69-LF~Pictures~008~Areeya (4)}
013.jpg,232815,0fa3ba06,\Pictures\Areeya (4)\,{LB69-LF~Pictures~008~Areeya (4)}
014.jpg,255147,d6769458,\Pictures\Areeya (4)\,{LB69-LF~Pictures~008~Areeya (4)}
015.jpg,247111,31f39304,\Pictures\Areeya (4)\,{LB69-LF~Pictures~008~Areeya (4)}
016.jpg,215675,75f16c93,\Pictures\Areeya (4)\,{LB69-LF~Pictures~008~Areeya (4)}
017.jpg,243182,fee6188e,\Pictures\Areeya (4)\,{LB69-LF~Pictures~008~Areeya (4)}
018.jpg,226194,f1bad0ba,\Pictures\Areeya (4)\,{LB69-LF~Pictures~008~Areeya (4)}
019.jpg,235775,828bd42e,\Pictures\Areeya (4)\,{LB69-LF~Pictures~008~Areeya (4)}
020.jpg,287421,59ed4fae,\Pictures\Areeya (4)\,{LB69-LF~Pictures~008~Areeya (4)}
021.jpg,222278,2158f542,\Pictures\Areeya (4)\,{LB69-LF~Pictures~008~Areeya (4)}
022.jpg,234952,24214bc3,\Pictures\Areeya (4)\,{LB69-LF~Pictures~008~Areeya (4)}
023.jpg,229121,b0010365,\Pictures\Areeya (4)\,{LB69-LF~Pictures~008~Areeya (4)}
024.jpg,235957,d4b4c400,\Pictures\Areeya (4)\,{LB69-LF~Pictures~008~Areeya (4)}
025.jpg,180631,25c2ee57,\Pictures\Areeya (4)\,{LB69-LF~Pictures~008~Areeya (4)}
026.jpg,213946,6338466d,\Pictures\Areeya (4)\,{LB69-LF~Pictures~008~Areeya (4)}
027.jpg,202216,bdb4b8a0,\Pictures\Areeya (4)\,{LB69-LF~Pictures~008~Areeya (4)}
028.jpg,211635,e8659a38,\Pictures\Areeya (4)\,{LB69-LF~Pictures~008~Areeya (4)}
029.jpg,256221,7e2ed0dc,\Pictures\Areeya (4)\,{LB69-LF~Pictures~008~Areeya (4)}
030.jpg,298637,83978036,\Pictures\Areeya (4)\,{LB69-LF~Pictures~008~Areeya (4)}
031.jpg,245466,cfc39393,\Pictures\Areeya (4)\,{LB69-LF~Pictures~008~Areeya (4)}
032.jpg,259606,455271dc,\Pictures\Areeya (4)\,{LB69-LF~Pictures~008~Areeya (4)}
033.jpg,242785,0932403e,\Pictures\Areeya (4)\,{LB69-LF~Pictures~008~Areeya (4)}
034.jpg,240592,32f238f9,\Pictures\Areeya (4)\,{LB69-LF~Pictures~008~Areeya (4)}
035.jpg,242609,3fe9a65d,\Pictures\Areeya (4)\,{LB69-LF~Pictures~008~Areeya (4)}
036.jpg,220672,d5362bcd,\Pictures\Areeya (4)\,{LB69-LF~Pictures~008~Areeya (4)}
037.jpg,242582,5b155059,\Pictures\Areeya (4)\,{LB69-LF~Pictures~008~Areeya (4)}
038.jpg,248986,f91db9d6,\Pictures\Areeya (4)\,{LB69-LF~Pictures~008~Areeya (4)}
039.jpg,279930,b6f5c6ba,\Pictures\Areeya (4)\,{LB69-LF~Pictures~008~Areeya (4)}
040.jpg,284281,f8196d9b,\Pictures\Areeya (4)\,{LB69-LF~Pictures~008~Areeya (4)}
041.jpg,305034,3eaab4d8,\Pictures\Areeya (4)\,{LB69-LF~Pictures~008~Areeya (4)}
042.jpg,283532,24fa1c1a,\Pictures\Areeya (4)\,{LB69-LF~Pictures~008~Areeya (4)}
043.jpg,244105,62fe808d,\Pictures\Areeya (4)\,{LB69-LF~Pictures~008~Areeya (4)}
044.jpg,251632,05b008e4,\Pictures\Areeya (4)\,{LB69-LF~Pictures~008~Areeya (4)}
045.jpg,251671,5083fee9,\Pictures\Areeya (4)\,{LB69-LF~Pictures~008~Areeya (4)}
046.jpg,252079,fdbf51fc,\Pictures\Areeya (4)\,{LB69-LF~Pictures~008~Areeya (4)}
047.jpg,271174,690bfc8b,\Pictures\Areeya (4)\,{LB69-LF~Pictures~008~Areeya (4)}
048.jpg,286146,d1d3f52b,\Pictures\Areeya (4)\,{LB69-LF~Pictures~008~Areeya (4)}
049.jpg,244157,83cac836,\Pictures\Areeya (4)\,{LB69-LF~Pictures~008~Areeya (4)}
050.jpg,227053,89251cef,\Pictures\Areeya (4)\,{LB69-LF~Pictures~008~Areeya (4)}
051.jpg,228884,42cc2bb0,\Pictures\Areeya (4)\,{LB69-LF~Pictures~008~Areeya (4)}
052.jpg,242987,a21ee93a,\Pictures\Areeya (4)\,{LB69-LF~Pictures~008~Areeya (4)}
053.jpg,272954,e8208991,\Pictures\Areeya (4)\,{LB69-LF~Pictures~008~Areeya (4)}
054.jpg,286638,0b9a60ae,\Pictures\Areeya (4)\,{LB69-LF~Pictures~008~Areeya (4)}
055.jpg,292257,66e6e7f9,\Pictures\Areeya (4)\,{LB69-LF~Pictures~008~Areeya (4)}
056.jpg,231992,b738357b,\Pictures\Areeya (4)\,{LB69-LF~Pictures~008~Areeya (4)}
057.jpg,221455,6defcf4b,\Pictures\Areeya (4)\,{LB69-LF~Pictures~008~Areeya (4)}
058.jpg,235762,e360ff1d,\Pictures\Areeya (4)\,{LB69-LF~Pictures~008~Areeya (4)}
059.jpg,225637,ce7e5973,\Pictures\Areeya (4)\,{LB69-LF~Pictures~008~Areeya (4)}
060.jpg,278098,84ec1ab6,\Pictures\Areeya (4)\,{LB69-LF~Pictures~008~Areeya (4)}
061.jpg,228984,ad42eb0a,\Pictures\Areeya (4)\,{LB69-LF~Pictures~008~Areeya (4)}
062.jpg,201586,69de3866,\Pictures\Areeya (4)\,{LB69-LF~Pictures~008~Areeya (4)}
063.jpg,224571,c846133c,\Pictures\Areeya (4)\,{LB69-LF~Pictures~008~Areeya (4)}
064.jpg,219212,7c57a5ff,\Pictures\Areeya (4)\,{LB69-LF~Pictures~008~Areeya (4)}
065.jpg,231432,b82c1a33,\Pictures\Areeya (4)\,{LB69-LF~Pictures~008~Areeya (4)}
066.jpg,231985,9cd92393,\Pictures\Areeya (4)\,{LB69-LF~Pictures~008~Areeya (4)}
067.jpg,219650,5f65700a,\Pictures\Areeya (4)\,{LB69-LF~Pictures~008~Areeya (4)}
068.jpg,231465,711f8e6a,\Pictures\Areeya (4)\,{LB69-LF~Pictures~008~Areeya (4)}
069.jpg,238486,3efee48c,\Pictures\Areeya (4)\,{LB69-LF~Pictures~008~Areeya (4)}
070.jpg,219919,88271d36,\Pictures\Areeya (4)\,{LB69-LF~Pictures~008~Areeya (4)}
071.jpg,247897,73586e5e,\Pictures\Areeya (4)\,{LB69-LF~Pictures~008~Areeya (4)}
072.jpg,219087,3d1c3dc6,\Pictures\Areeya (4)\,{LB69-LF~Pictures~008~Areeya (4)}
073.jpg,234055,33b4e24c,\Pictures\Areeya (4)\,{LB69-LF~Pictures~008~Areeya (4)}
074.jpg,225072,05edca5d,\Pictures\Areeya (4)\,{LB69-LF~Pictures~008~Areeya (4)}
075.jpg,224346,150e8bc9,\Pictures\Areeya (4)\,{LB69-LF~Pictures~008~Areeya (4)}
076.jpg,223669,667f5194,\Pictures\Areeya (4)\,{LB69-LF~Pictures~008~Areeya (4)}
077.jpg,197358,fe7d0ec4,\Pictures\Areeya (4)\,{LB69-LF~Pictures~008~Areeya (4)}
078.jpg,219554,cd2380f6,\Pictures\Areeya (4)\,{LB69-LF~Pictures~008~Areeya (4)}
079.jpg,220099,4d799554,\Pictures\Areeya (4)\,{LB69-LF~Pictures~008~Areeya (4)}
080.jpg,228117,4e352b37,\Pictures\Areeya (4)\,{LB69-LF~Pictures~008~Areeya (4)}
081.jpg,235379,fbba7fde,\Pictures\Areeya (4)\,{LB69-LF~Pictures~008~Areeya (4)}
082.jpg,223571,c3ab3c3d,\Pictures\Areeya (4)\,{LB69-LF~Pictures~008~Areeya (4)}
083.jpg,237841,f35d76f2,\Pictures\Areeya (4)\,{LB69-LF~Pictures~008~Areeya (4)}
084.jpg,251644,fc3f5390,\Pictures\Areeya (4)\,{LB69-LF~Pictures~008~Areeya (4)}
085.jpg,222114,4bae03ab,\Pictures\Areeya (4)\,{LB69-LF~Pictures~008~Areeya (4)}
086.jpg,221391,9d929b04,\Pictures\Areeya (4)\,{LB69-LF~Pictures~008~Areeya (4)}
087.jpg,209594,3b461317,\Pictures\Areeya (4)\,{LB69-LF~Pictures~008~Areeya (4)}
088.jpg,240592,c8c579b5,\Pictures\Areeya (4)\,{LB69-LF~Pictures~008~Areeya (4)}
089.jpg,245498,408fc634,\Pictures\Areeya (4)\,{LB69-LF~Pictures~008~Areeya (4)}
090.jpg,219558,f968e4b9,\Pictures\Areeya (4)\,{LB69-LF~Pictures~008~Areeya (4)}
091.jpg,224836,c39738e0,\Pictures\Areeya (4)\,{LB69-LF~Pictures~008~Areeya (4)}
092.jpg,240674,d601a23b,\Pictures\Areeya (4)\,{LB69-LF~Pictures~008~Areeya (4)}
093.jpg,199592,3fdab3ab,\Pictures\Areeya (4)\,{LB69-LF~Pictures~008~Areeya (4)}
094.jpg,232349,4f1ebf13,\Pictures\Areeya (4)\,{LB69-LF~Pictures~008~Areeya (4)}
095.jpg,202481,956b2641,\Pictures\Areeya (4)\,{LB69-LF~Pictures~008~Areeya (4)}
096.jpg,205312,bb486435,\Pictures\Areeya (4)\,{LB69-LF~Pictures~008~Areeya (4)}
097.jpg,204937,bd6ef339,\Pictures\Areeya (4)\,{LB69-LF~Pictures~008~Areeya (4)}
098.jpg,289258,ddc5507e,\Pictures\Areeya (4)\,{LB69-LF~Pictures~008~Areeya (4)}
099.jpg,207521,bd74d89f,\Pictures\Areeya (4)\,{LB69-LF~Pictures~008~Areeya (4)}
100.jpg,231922,f61f2565,\Pictures\Areeya (4)\,{LB69-LF~Pictures~008~Areeya (4)}
101.jpg,225229,837d0e55,\Pictures\Areeya (4)\,{LB69-LF~Pictures~008~Areeya (4)}
102.jpg,210757,b1c6e3c5,\Pictures\Areeya (4)\,{LB69-LF~Pictures~008~Areeya (4)}
103.jpg,256065,d9d99855,\Pictures\Areeya (4)\,{LB69-LF~Pictures~008~Areeya (4)}
104.jpg,202427,4807b025,\Pictures\Areeya (4)\,{LB69-LF~Pictures~008~Areeya (4)}
105.jpg,254184,90d71111,\Pictures\Areeya (4)\,{LB69-LF~Pictures~008~Areeya (4)}
106.jpg,223571,c262529b,\Pictures\Areeya (4)\,{LB69-LF~Pictures~008~Areeya (4)}
107.jpg,216206,2b34798e,\Pictures\Areeya (4)\,{LB69-LF~Pictures~008~Areeya (4)}
108.jpg,181887,bf2ff088,\Pictures\Areeya (4)\,{LB69-LF~Pictures~008~Areeya (4)}
109.jpg,202947,00c632ab,\Pictures\Areeya (4)\,{LB69-LF~Pictures~008~Areeya (4)}
110.jpg,240865,f36c66d9,\Pictures\Areeya (4)\,{LB69-LF~Pictures~008~Areeya (4)}
111.jpg,212395,2f98205f,\Pictures\Areeya (4)\,{LB69-LF~Pictures~008~Areeya (4)}
112.jpg,288414,63539c1e,\Pictures\Areeya (4)\,{LB69-LF~Pictures~008~Areeya (4)}
113.jpg,233381,dd7153ce,\Pictures\Areeya (4)\,{LB69-LF~Pictures~008~Areeya (4)}
114.jpg,271120,7d3c6eb4,\Pictures\Areeya (4)\,{LB69-LF~Pictures~008~Areeya (4)}
115.jpg,235277,cc8fd4e7,\Pictures\Areeya (4)\,{LB69-LF~Pictures~008~Areeya (4)}
117.jpg,239234,08c960cd,\Pictures\Areeya (4)\,{LB69-LF~Pictures~008~Areeya (4)}
118.jpg,200523,77aea92e,\Pictures\Areeya (4)\,{LB69-LF~Pictures~008~Areeya (4)}
119.jpg,222539,8c6dcbdb,\Pictures\Areeya (4)\,{LB69-LF~Pictures~008~Areeya (4)}
120.jpg,253299,0b76c21c,\Pictures\Areeya (4)\,{LB69-LF~Pictures~008~Areeya (4)}
121.jpg,249219,7d9e9922,\Pictures\Areeya (4)\,{LB69-LF~Pictures~008~Areeya (4)}
122.jpg,269616,d8b77b61,\Pictures\Areeya (4)\,{LB69-LF~Pictures~008~Areeya (4)}
123.jpg,265968,19f03d79,\Pictures\Areeya (4)\,{LB69-LF~Pictures~008~Areeya (4)}
124.jpg,247162,150805a3,\Pictures\Areeya (4)\,{LB69-LF~Pictures~008~Areeya (4)}
125.jpg,278389,c812236f,\Pictures\Areeya (4)\,{LB69-LF~Pictures~008~Areeya (4)}
126.jpg,266734,40a07d1a,\Pictures\Areeya (4)\,{LB69-LF~Pictures~008~Areeya (4)}
127.jpg,215379,73d6c7ad,\Pictures\Areeya (4)\,{LB69-LF~Pictures~008~Areeya (4)}
128.jpg,213003,ae7972e0,\Pictures\Areeya (4)\,{LB69-LF~Pictures~008~Areeya (4)}
129.jpg,207889,7371496d,\Pictures\Areeya (4)\,{LB69-LF~Pictures~008~Areeya (4)}
130.jpg,239405,fee48ae6,\Pictures\Areeya (4)\,{LB69-LF~Pictures~008~Areeya (4)}
131.jpg,198836,baaa2734,\Pictures\Areeya (4)\,{LB69-LF~Pictures~008~Areeya (4)}
132.jpg,203409,c3bdc01e,\Pictures\Areeya (4)\,{LB69-LF~Pictures~008~Areeya (4)}
133.jpg,232396,fb44aab2,\Pictures\Areeya (4)\,{LB69-LF~Pictures~008~Areeya (4)}