carla001.jpg,2454790,6ed94734,\2016-06\Carla Renata Street Pickup\,{LT18~2016-06~38756554~Carla Renata Street Pickup}
carla002.jpg,2291576,a051a92c,\2016-06\Carla Renata Street Pickup\,{LT18~2016-06~38756554~Carla Renata Street Pickup}
carla003.jpg,2005266,09b0fa3e,\2016-06\Carla Renata Street Pickup\,{LT18~2016-06~38756554~Carla Renata Street Pickup}
carla004.jpg,2342248,795de655,\2016-06\Carla Renata Street Pickup\,{LT18~2016-06~38756554~Carla Renata Street Pickup}
carla005.jpg,2394822,15ed382d,\2016-06\Carla Renata Street Pickup\,{LT18~2016-06~38756554~Carla Renata Street Pickup}
carla006.jpg,2341311,185dd141,\2016-06\Carla Renata Street Pickup\,{LT18~2016-06~38756554~Carla Renata Street Pickup}
carla007.jpg,2158234,657d989f,\2016-06\Carla Renata Street Pickup\,{LT18~2016-06~38756554~Carla Renata Street Pickup}
carla008.jpg,1674632,cfe617b2,\2016-06\Carla Renata Street Pickup\,{LT18~2016-06~38756554~Carla Renata Street Pickup}
carla009.jpg,2174540,4293213e,\2016-06\Carla Renata Street Pickup\,{LT18~2016-06~38756554~Carla Renata Street Pickup}
carla010.jpg,2143116,1f770bca,\2016-06\Carla Renata Street Pickup\,{LT18~2016-06~38756554~Carla Renata Street Pickup}
carla011.jpg,2247067,a263d5fd,\2016-06\Carla Renata Street Pickup\,{LT18~2016-06~38756554~Carla Renata Street Pickup}
carla012.jpg,2345718,c9006e19,\2016-06\Carla Renata Street Pickup\,{LT18~2016-06~38756554~Carla Renata Street Pickup}
carla013.jpg,1916558,97885398,\2016-06\Carla Renata Street Pickup\,{LT18~2016-06~38756554~Carla Renata Street Pickup}
carla014.jpg,2003265,d2186921,\2016-06\Carla Renata Street Pickup\,{LT18~2016-06~38756554~Carla Renata Street Pickup}
carla015.jpg,1855835,c7f7c925,\2016-06\Carla Renata Street Pickup\,{LT18~2016-06~38756554~Carla Renata Street Pickup}
carla016.jpg,2198498,72d8fbdb,\2016-06\Carla Renata Street Pickup\,{LT18~2016-06~38756554~Carla Renata Street Pickup}
carla017.jpg,2346453,e6291f65,\2016-06\Carla Renata Street Pickup\,{LT18~2016-06~38756554~Carla Renata Street Pickup}
carla018.jpg,2199070,913620a0,\2016-06\Carla Renata Street Pickup\,{LT18~2016-06~38756554~Carla Renata Street Pickup}
carla019.jpg,1991980,b5208f74,\2016-06\Carla Renata Street Pickup\,{LT18~2016-06~38756554~Carla Renata Street Pickup}
carla020.jpg,2322096,e7542f0e,\2016-06\Carla Renata Street Pickup\,{LT18~2016-06~38756554~Carla Renata Street Pickup}
carla021.jpg,2077293,c8feb8e2,\2016-06\Carla Renata Street Pickup\,{LT18~2016-06~38756554~Carla Renata Street Pickup}
carla022.jpg,2030751,dddde7c6,\2016-06\Carla Renata Street Pickup\,{LT18~2016-06~38756554~Carla Renata Street Pickup}
carla023.jpg,2119959,79f4e64f,\2016-06\Carla Renata Street Pickup\,{LT18~2016-06~38756554~Carla Renata Street Pickup}
carla024.jpg,2072836,88407275,\2016-06\Carla Renata Street Pickup\,{LT18~2016-06~38756554~Carla Renata Street Pickup}
carla025.jpg,2074547,115f4e9f,\2016-06\Carla Renata Street Pickup\,{LT18~2016-06~38756554~Carla Renata Street Pickup}
carla026.jpg,2096258,2c0f3afd,\2016-06\Carla Renata Street Pickup\,{LT18~2016-06~38756554~Carla Renata Street Pickup}
carla027.jpg,1717569,05d05ffd,\2016-06\Carla Renata Street Pickup\,{LT18~2016-06~38756554~Carla Renata Street Pickup}
carla028.jpg,1632198,c9206098,\2016-06\Carla Renata Street Pickup\,{LT18~2016-06~38756554~Carla Renata Street Pickup}
carla029.jpg,1993463,2ee359ca,\2016-06\Carla Renata Street Pickup\,{LT18~2016-06~38756554~Carla Renata Street Pickup}
carla030.jpg,2125798,9af99abe,\2016-06\Carla Renata Street Pickup\,{LT18~2016-06~38756554~Carla Renata Street Pickup}
carla031.jpg,2111594,99a96642,\2016-06\Carla Renata Street Pickup\,{LT18~2016-06~38756554~Carla Renata Street Pickup}
carla032.jpg,2071662,0aeeb91f,\2016-06\Carla Renata Street Pickup\,{LT18~2016-06~38756554~Carla Renata Street Pickup}
carla033.jpg,2122212,07cbc91b,\2016-06\Carla Renata Street Pickup\,{LT18~2016-06~38756554~Carla Renata Street Pickup}
carla034.jpg,2080839,74eae83a,\2016-06\Carla Renata Street Pickup\,{LT18~2016-06~38756554~Carla Renata Street Pickup}
carla035.jpg,2051707,bae86a0a,\2016-06\Carla Renata Street Pickup\,{LT18~2016-06~38756554~Carla Renata Street Pickup}
carla036.jpg,2124351,65a3bd98,\2016-06\Carla Renata Street Pickup\,{LT18~2016-06~38756554~Carla Renata Street Pickup}
carla037.jpg,2132871,334f3e91,\2016-06\Carla Renata Street Pickup\,{LT18~2016-06~38756554~Carla Renata Street Pickup}
carla038.jpg,2092142,497d7360,\2016-06\Carla Renata Street Pickup\,{LT18~2016-06~38756554~Carla Renata Street Pickup}
carla039.jpg,2109506,56af63ee,\2016-06\Carla Renata Street Pickup\,{LT18~2016-06~38756554~Carla Renata Street Pickup}
carla040.jpg,2114812,4c813625,\2016-06\Carla Renata Street Pickup\,{LT18~2016-06~38756554~Carla Renata Street Pickup}
carla041.jpg,2120112,d2a57654,\2016-06\Carla Renata Street Pickup\,{LT18~2016-06~38756554~Carla Renata Street Pickup}
carla042.jpg,2158243,604213e4,\2016-06\Carla Renata Street Pickup\,{LT18~2016-06~38756554~Carla Renata Street Pickup}
carla043.jpg,2148403,c84d354d,\2016-06\Carla Renata Street Pickup\,{LT18~2016-06~38756554~Carla Renata Street Pickup}
carla044.jpg,2080767,7c344069,\2016-06\Carla Renata Street Pickup\,{LT18~2016-06~38756554~Carla Renata Street Pickup}
carla045.jpg,2263517,967581e1,\2016-06\Carla Renata Street Pickup\,{LT18~2016-06~38756554~Carla Renata Street Pickup}
carla046.jpg,2176913,4cb852c0,\2016-06\Carla Renata Street Pickup\,{LT18~2016-06~38756554~Carla Renata Street Pickup}
carla047.jpg,2207364,0753e54e,\2016-06\Carla Renata Street Pickup\,{LT18~2016-06~38756554~Carla Renata Street Pickup}
carla048.jpg,2384418,de11a969,\2016-06\Carla Renata Street Pickup\,{LT18~2016-06~38756554~Carla Renata Street Pickup}
carla049.jpg,2257511,c01e267f,\2016-06\Carla Renata Street Pickup\,{LT18~2016-06~38756554~Carla Renata Street Pickup}
carla050.jpg,2374131,dd88de20,\2016-06\Carla Renata Street Pickup\,{LT18~2016-06~38756554~Carla Renata Street Pickup}
carla051.jpg,2295576,58c888a3,\2016-06\Carla Renata Street Pickup\,{LT18~2016-06~38756554~Carla Renata Street Pickup}
carla052.jpg,2439023,1bd60672,\2016-06\Carla Renata Street Pickup\,{LT18~2016-06~38756554~Carla Renata Street Pickup}
carla053.jpg,2422200,7c52262e,\2016-06\Carla Renata Street Pickup\,{LT18~2016-06~38756554~Carla Renata Street Pickup}
carla054.jpg,2270563,07b4e7a5,\2016-06\Carla Renata Street Pickup\,{LT18~2016-06~38756554~Carla Renata Street Pickup}
carla055.jpg,2233478,954c660e,\2016-06\Carla Renata Street Pickup\,{LT18~2016-06~38756554~Carla Renata Street Pickup}
carla056.jpg,2254626,90f0a58d,\2016-06\Carla Renata Street Pickup\,{LT18~2016-06~38756554~Carla Renata Street Pickup}
carla057.jpg,2287901,0bcba199,\2016-06\Carla Renata Street Pickup\,{LT18~2016-06~38756554~Carla Renata Street Pickup}
carla058.jpg,1650890,b329f9ed,\2016-06\Carla Renata Street Pickup\,{LT18~2016-06~38756554~Carla Renata Street Pickup}
carla059.jpg,2363444,d1e8054d,\2016-06\Carla Renata Street Pickup\,{LT18~2016-06~38756554~Carla Renata Street Pickup}
carla060.jpg,2354841,f0aa1d8a,\2016-06\Carla Renata Street Pickup\,{LT18~2016-06~38756554~Carla Renata Street Pickup}
carla061.jpg,1995948,93856a88,\2016-06\Carla Renata Street Pickup\,{LT18~2016-06~38756554~Carla Renata Street Pickup}
carla062.jpg,2354611,e5cd3b5c,\2016-06\Carla Renata Street Pickup\,{LT18~2016-06~38756554~Carla Renata Street Pickup}
carla063.jpg,2326287,83883717,\2016-06\Carla Renata Street Pickup\,{LT18~2016-06~38756554~Carla Renata Street Pickup}
carla064.jpg,2339105,06513dbd,\2016-06\Carla Renata Street Pickup\,{LT18~2016-06~38756554~Carla Renata Street Pickup}
carla065.jpg,2309682,f212b192,\2016-06\Carla Renata Street Pickup\,{LT18~2016-06~38756554~Carla Renata Street Pickup}
carla066.jpg,2327383,0a568889,\2016-06\Carla Renata Street Pickup\,{LT18~2016-06~38756554~Carla Renata Street Pickup}
carla067.jpg,2330930,ca76cdfe,\2016-06\Carla Renata Street Pickup\,{LT18~2016-06~38756554~Carla Renata Street Pickup}
carla068.jpg,2305886,951ab8b2,\2016-06\Carla Renata Street Pickup\,{LT18~2016-06~38756554~Carla Renata Street Pickup}
carla069.jpg,2187220,ec750ad0,\2016-06\Carla Renata Street Pickup\,{LT18~2016-06~38756554~Carla Renata Street Pickup}
carla070.jpg,2220000,1e7ea7b7,\2016-06\Carla Renata Street Pickup\,{LT18~2016-06~38756554~Carla Renata Street Pickup}
carla071.jpg,2175675,dcc5f443,\2016-06\Carla Renata Street Pickup\,{LT18~2016-06~38756554~Carla Renata Street Pickup}
carla072.jpg,2134439,0623def1,\2016-06\Carla Renata Street Pickup\,{LT18~2016-06~38756554~Carla Renata Street Pickup}
carla073.jpg,2117883,4868eaca,\2016-06\Carla Renata Street Pickup\,{LT18~2016-06~38756554~Carla Renata Street Pickup}
carla074.jpg,2189414,3af01370,\2016-06\Carla Renata Street Pickup\,{LT18~2016-06~38756554~Carla Renata Street Pickup}
carla075.jpg,2071141,86512fa3,\2016-06\Carla Renata Street Pickup\,{LT18~2016-06~38756554~Carla Renata Street Pickup}
carla076.jpg,1915100,f4c39bcc,\2016-06\Carla Renata Street Pickup\,{LT18~2016-06~38756554~Carla Renata Street Pickup}
carla077.jpg,1911006,33cee14e,\2016-06\Carla Renata Street Pickup\,{LT18~2016-06~38756554~Carla Renata Street Pickup}
carla078.jpg,2197688,5ecd1473,\2016-06\Carla Renata Street Pickup\,{LT18~2016-06~38756554~Carla Renata Street Pickup}
carla079.jpg,2054393,ec751134,\2016-06\Carla Renata Street Pickup\,{LT18~2016-06~38756554~Carla Renata Street Pickup}
carla080.jpg,1653114,b324c05d,\2016-06\Carla Renata Street Pickup\,{LT18~2016-06~38756554~Carla Renata Street Pickup}
carla081.jpg,1835327,d4ba0893,\2016-06\Carla Renata Street Pickup\,{LT18~2016-06~38756554~Carla Renata Street Pickup}
carla082.jpg,2032005,bc42a151,\2016-06\Carla Renata Street Pickup\,{LT18~2016-06~38756554~Carla Renata Street Pickup}
carla083.jpg,2094297,655e680d,\2016-06\Carla Renata Street Pickup\,{LT18~2016-06~38756554~Carla Renata Street Pickup}
carla084.jpg,2008062,c5189c67,\2016-06\Carla Renata Street Pickup\,{LT18~2016-06~38756554~Carla Renata Street Pickup}
carla085.jpg,2301409,95400335,\2016-06\Carla Renata Street Pickup\,{LT18~2016-06~38756554~Carla Renata Street Pickup}
carla086.jpg,2354251,5760c779,\2016-06\Carla Renata Street Pickup\,{LT18~2016-06~38756554~Carla Renata Street Pickup}
carla087.jpg,2061093,b5e5a6b0,\2016-06\Carla Renata Street Pickup\,{LT18~2016-06~38756554~Carla Renata Street Pickup}
carla088.jpg,2395913,948b4ffb,\2016-06\Carla Renata Street Pickup\,{LT18~2016-06~38756554~Carla Renata Street Pickup}
carla089.jpg,2387713,d72119d2,\2016-06\Carla Renata Street Pickup\,{LT18~2016-06~38756554~Carla Renata Street Pickup}
carla090.jpg,2562685,40a25e00,\2016-06\Carla Renata Street Pickup\,{LT18~2016-06~38756554~Carla Renata Street Pickup}
carla091.jpg,2873585,65b02061,\2016-06\Carla Renata Street Pickup\,{LT18~2016-06~38756554~Carla Renata Street Pickup}
carla092.jpg,2632385,872bbf94,\2016-06\Carla Renata Street Pickup\,{LT18~2016-06~38756554~Carla Renata Street Pickup}
carla093.jpg,2644547,0e7ae1ae,\2016-06\Carla Renata Street Pickup\,{LT18~2016-06~38756554~Carla Renata Street Pickup}
carla094.jpg,2685445,04289172,\2016-06\Carla Renata Street Pickup\,{LT18~2016-06~38756554~Carla Renata Street Pickup}
carla095.jpg,2764706,c8174c50,\2016-06\Carla Renata Street Pickup\,{LT18~2016-06~38756554~Carla Renata Street Pickup}
carla096.jpg,2522214,36745120,\2016-06\Carla Renata Street Pickup\,{LT18~2016-06~38756554~Carla Renata Street Pickup}
carla097.jpg,2444702,69164fdc,\2016-06\Carla Renata Street Pickup\,{LT18~2016-06~38756554~Carla Renata Street Pickup}
carla098.jpg,2686381,c548af1b,\2016-06\Carla Renata Street Pickup\,{LT18~2016-06~38756554~Carla Renata Street Pickup}
carla099.jpg,2436431,50c38d1d,\2016-06\Carla Renata Street Pickup\,{LT18~2016-06~38756554~Carla Renata Street Pickup}
carla100.jpg,2682909,ace7b579,\2016-06\Carla Renata Street Pickup\,{LT18~2016-06~38756554~Carla Renata Street Pickup}
carla101.jpg,2539139,c15ae24a,\2016-06\Carla Renata Street Pickup\,{LT18~2016-06~38756554~Carla Renata Street Pickup}
carla102.jpg,2325232,5c629b3b,\2016-06\Carla Renata Street Pickup\,{LT18~2016-06~38756554~Carla Renata Street Pickup}
carla103.jpg,2211514,be9da6c8,\2016-06\Carla Renata Street Pickup\,{LT18~2016-06~38756554~Carla Renata Street Pickup}
carla104.jpg,2299664,9c0e0b86,\2016-06\Carla Renata Street Pickup\,{LT18~2016-06~38756554~Carla Renata Street Pickup}
carla105.jpg,2377275,15216ccd,\2016-06\Carla Renata Street Pickup\,{LT18~2016-06~38756554~Carla Renata Street Pickup}
carla106.jpg,2168929,871adcc3,\2016-06\Carla Renata Street Pickup\,{LT18~2016-06~38756554~Carla Renata Street Pickup}
carla107.jpg,2355788,ea803d7c,\2016-06\Carla Renata Street Pickup\,{LT18~2016-06~38756554~Carla Renata Street Pickup}
carla108.jpg,2409963,a39377c0,\2016-06\Carla Renata Street Pickup\,{LT18~2016-06~38756554~Carla Renata Street Pickup}
carla109.jpg,2328419,a2e22588,\2016-06\Carla Renata Street Pickup\,{LT18~2016-06~38756554~Carla Renata Street Pickup}
carla110.jpg,2289604,3630a43d,\2016-06\Carla Renata Street Pickup\,{LT18~2016-06~38756554~Carla Renata Street Pickup}
carla111.jpg,2255714,7dafa4fc,\2016-06\Carla Renata Street Pickup\,{LT18~2016-06~38756554~Carla Renata Street Pickup}
carla112.jpg,2416671,46bf61d8,\2016-06\Carla Renata Street Pickup\,{LT18~2016-06~38756554~Carla Renata Street Pickup}
carla113.jpg,2410764,5c947093,\2016-06\Carla Renata Street Pickup\,{LT18~2016-06~38756554~Carla Renata Street Pickup}
carla114.jpg,2586759,dfd9f4af,\2016-06\Carla Renata Street Pickup\,{LT18~2016-06~38756554~Carla Renata Street Pickup}
carla115.jpg,2490283,13a0fd77,\2016-06\Carla Renata Street Pickup\,{LT18~2016-06~38756554~Carla Renata Street Pickup}
carla116.jpg,2668495,1e49c901,\2016-06\Carla Renata Street Pickup\,{LT18~2016-06~38756554~Carla Renata Street Pickup}
carla117.jpg,2692053,9b05f7bf,\2016-06\Carla Renata Street Pickup\,{LT18~2016-06~38756554~Carla Renata Street Pickup}
carla118.jpg,2302463,68a43ec0,\2016-06\Carla Renata Street Pickup\,{LT18~2016-06~38756554~Carla Renata Street Pickup}
carla119.jpg,2347858,cd5f71e6,\2016-06\Carla Renata Street Pickup\,{LT18~2016-06~38756554~Carla Renata Street Pickup}
carla120.jpg,2362965,c7eb0b1a,\2016-06\Carla Renata Street Pickup\,{LT18~2016-06~38756554~Carla Renata Street Pickup}
carla121.jpg,2948060,1d7e4d6a,\2016-06\Carla Renata Street Pickup\,{LT18~2016-06~38756554~Carla Renata Street Pickup}
carla122.jpg,2818513,fa2eae1a,\2016-06\Carla Renata Street Pickup\,{LT18~2016-06~38756554~Carla Renata Street Pickup}
carla123.jpg,2821362,e5ef0a63,\2016-06\Carla Renata Street Pickup\,{LT18~2016-06~38756554~Carla Renata Street Pickup}
carla124.jpg,2416280,bc8e32fc,\2016-06\Carla Renata Street Pickup\,{LT18~2016-06~38756554~Carla Renata Street Pickup}
carla125.jpg,2876921,83644199,\2016-06\Carla Renata Street Pickup\,{LT18~2016-06~38756554~Carla Renata Street Pickup}
carla126.jpg,2756808,a5ce5d0a,\2016-06\Carla Renata Street Pickup\,{LT18~2016-06~38756554~Carla Renata Street Pickup}
carla127.jpg,2712874,44c556b9,\2016-06\Carla Renata Street Pickup\,{LT18~2016-06~38756554~Carla Renata Street Pickup}
carla128.jpg,2210214,cdeb931e,\2016-06\Carla Renata Street Pickup\,{LT18~2016-06~38756554~Carla Renata Street Pickup}
carla129.jpg,2253701,84630d41,\2016-06\Carla Renata Street Pickup\,{LT18~2016-06~38756554~Carla Renata Street Pickup}
carla130.jpg,2304792,8a85c5b2,\2016-06\Carla Renata Street Pickup\,{LT18~2016-06~38756554~Carla Renata Street Pickup}
carla131.jpg,2335222,3efb2ed7,\2016-06\Carla Renata Street Pickup\,{LT18~2016-06~38756554~Carla Renata Street Pickup}
carla132.jpg,2380009,75bca40f,\2016-06\Carla Renata Street Pickup\,{LT18~2016-06~38756554~Carla Renata Street Pickup}
carla133.jpg,2328298,5893bc16,\2016-06\Carla Renata Street Pickup\,{LT18~2016-06~38756554~Carla Renata Street Pickup}
carla134.jpg,2400316,48930388,\2016-06\Carla Renata Street Pickup\,{LT18~2016-06~38756554~Carla Renata Street Pickup}
carla135.jpg,2411783,a9fd98c0,\2016-06\Carla Renata Street Pickup\,{LT18~2016-06~38756554~Carla Renata Street Pickup}
carla136.jpg,2205127,01cac830,\2016-06\Carla Renata Street Pickup\,{LT18~2016-06~38756554~Carla Renata Street Pickup}
carla137.jpg,2369175,64b62732,\2016-06\Carla Renata Street Pickup\,{LT18~2016-06~38756554~Carla Renata Street Pickup}
carla138.jpg,2186855,168aff00,\2016-06\Carla Renata Street Pickup\,{LT18~2016-06~38756554~Carla Renata Street Pickup}
carla139.jpg,2336620,b9bcd720,\2016-06\Carla Renata Street Pickup\,{LT18~2016-06~38756554~Carla Renata Street Pickup}
carla140.jpg,2386438,cb951c32,\2016-06\Carla Renata Street Pickup\,{LT18~2016-06~38756554~Carla Renata Street Pickup}
carla141.jpg,2134452,50d1b64e,\2016-06\Carla Renata Street Pickup\,{LT18~2016-06~38756554~Carla Renata Street Pickup}
carla142.jpg,2446519,a2a5177f,\2016-06\Carla Renata Street Pickup\,{LT18~2016-06~38756554~Carla Renata Street Pickup}
carla143.jpg,1907864,18c04b73,\2016-06\Carla Renata Street Pickup\,{LT18~2016-06~38756554~Carla Renata Street Pickup}
carla144.jpg,1907994,38bfbe02,\2016-06\Carla Renata Street Pickup\,{LT18~2016-06~38756554~Carla Renata Street Pickup}
carla145.jpg,2289653,1bda3a19,\2016-06\Carla Renata Street Pickup\,{LT18~2016-06~38756554~Carla Renata Street Pickup}
carla146.jpg,2622603,2abecbe3,\2016-06\Carla Renata Street Pickup\,{LT18~2016-06~38756554~Carla Renata Street Pickup}
carla147.jpg,2246302,32a3b811,\2016-06\Carla Renata Street Pickup\,{LT18~2016-06~38756554~Carla Renata Street Pickup}
carla148.jpg,2300498,bcca7a97,\2016-06\Carla Renata Street Pickup\,{LT18~2016-06~38756554~Carla Renata Street Pickup}
carla149.jpg,2719349,fbdc71b8,\2016-06\Carla Renata Street Pickup\,{LT18~2016-06~38756554~Carla Renata Street Pickup}
carla150.jpg,2519609,d1858f88,\2016-06\Carla Renata Street Pickup\,{LT18~2016-06~38756554~Carla Renata Street Pickup}
carla151.jpg,2400335,e4a8a5da,\2016-06\Carla Renata Street Pickup\,{LT18~2016-06~38756554~Carla Renata Street Pickup}
carla152.jpg,2225185,4e998488,\2016-06\Carla Renata Street Pickup\,{LT18~2016-06~38756554~Carla Renata Street Pickup}
carla153.jpg,2654628,ecc87a6b,\2016-06\Carla Renata Street Pickup\,{LT18~2016-06~38756554~Carla Renata Street Pickup}
carla154.jpg,2615290,2ca7365d,\2016-06\Carla Renata Street Pickup\,{LT18~2016-06~38756554~Carla Renata Street Pickup}
carla155.jpg,2603440,0f59f5eb,\2016-06\Carla Renata Street Pickup\,{LT18~2016-06~38756554~Carla Renata Street Pickup}
carla156.jpg,2471655,b76e3ace,\2016-06\Carla Renata Street Pickup\,{LT18~2016-06~38756554~Carla Renata Street Pickup}
carla157.jpg,2496950,70912d8b,\2016-06\Carla Renata Street Pickup\,{LT18~2016-06~38756554~Carla Renata Street Pickup}
carla158.jpg,2120637,40545db2,\2016-06\Carla Renata Street Pickup\,{LT18~2016-06~38756554~Carla Renata Street Pickup}
carla159.jpg,2184620,d3ff03dc,\2016-06\Carla Renata Street Pickup\,{LT18~2016-06~38756554~Carla Renata Street Pickup}
carla160.jpg,2333841,06217ecf,\2016-06\Carla Renata Street Pickup\,{LT18~2016-06~38756554~Carla Renata Street Pickup}
carla161.jpg,2489885,9a619853,\2016-06\Carla Renata Street Pickup\,{LT18~2016-06~38756554~Carla Renata Street Pickup}
carla162.jpg,2465474,63c28cbd,\2016-06\Carla Renata Street Pickup\,{LT18~2016-06~38756554~Carla Renata Street Pickup}
carla163.jpg,2690504,1357884c,\2016-06\Carla Renata Street Pickup\,{LT18~2016-06~38756554~Carla Renata Street Pickup}
carla164.jpg,2622615,abef0134,\2016-06\Carla Renata Street Pickup\,{LT18~2016-06~38756554~Carla Renata Street Pickup}
carla165.jpg,2792180,74af9292,\2016-06\Carla Renata Street Pickup\,{LT18~2016-06~38756554~Carla Renata Street Pickup}
carla166.jpg,2811565,4cca5eff,\2016-06\Carla Renata Street Pickup\,{LT18~2016-06~38756554~Carla Renata Street Pickup}
carla167.jpg,2258987,17d36727,\2016-06\Carla Renata Street Pickup\,{LT18~2016-06~38756554~Carla Renata Street Pickup}
carla168.jpg,2983486,728a7779,\2016-06\Carla Renata Street Pickup\,{LT18~2016-06~38756554~Carla Renata Street Pickup}
carla169.jpg,2829173,3706b069,\2016-06\Carla Renata Street Pickup\,{LT18~2016-06~38756554~Carla Renata Street Pickup}
carla170.jpg,2902266,f4598008,\2016-06\Carla Renata Street Pickup\,{LT18~2016-06~38756554~Carla Renata Street Pickup}
carla171.jpg,2671333,4f343f92,\2016-06\Carla Renata Street Pickup\,{LT18~2016-06~38756554~Carla Renata Street Pickup}
carla172.jpg,2697072,ec669f61,\2016-06\Carla Renata Street Pickup\,{LT18~2016-06~38756554~Carla Renata Street Pickup}
carla173.jpg,2707150,9085db52,\2016-06\Carla Renata Street Pickup\,{LT18~2016-06~38756554~Carla Renata Street Pickup}
carla174.jpg,2629493,6d196eba,\2016-06\Carla Renata Street Pickup\,{LT18~2016-06~38756554~Carla Renata Street Pickup}
carla175.jpg,2763620,d6de64e6,\2016-06\Carla Renata Street Pickup\,{LT18~2016-06~38756554~Carla Renata Street Pickup}
carla176.jpg,2415395,64a3b274,\2016-06\Carla Renata Street Pickup\,{LT18~2016-06~38756554~Carla Renata Street Pickup}
carla177.jpg,2333037,960c7be7,\2016-06\Carla Renata Street Pickup\,{LT18~2016-06~38756554~Carla Renata Street Pickup}
carla178.jpg,2476951,35da50ba,\2016-06\Carla Renata Street Pickup\,{LT18~2016-06~38756554~Carla Renata Street Pickup}
carla179.jpg,2492731,ae2bd91e,\2016-06\Carla Renata Street Pickup\,{LT18~2016-06~38756554~Carla Renata Street Pickup}
carla180.jpg,2324596,3a07b642,\2016-06\Carla Renata Street Pickup\,{LT18~2016-06~38756554~Carla Renata Street Pickup}
carla181.jpg,2737058,0429b08b,\2016-06\Carla Renata Street Pickup\,{LT18~2016-06~38756554~Carla Renata Street Pickup}
carla182.jpg,2535098,c0456f1f,\2016-06\Carla Renata Street Pickup\,{LT18~2016-06~38756554~Carla Renata Street Pickup}
carla183.jpg,2537904,e85bc4e2,\2016-06\Carla Renata Street Pickup\,{LT18~2016-06~38756554~Carla Renata Street Pickup}
carla184.jpg,2568201,977df925,\2016-06\Carla Renata Street Pickup\,{LT18~2016-06~38756554~Carla Renata Street Pickup}
carla185.jpg,2485230,0444af34,\2016-06\Carla Renata Street Pickup\,{LT18~2016-06~38756554~Carla Renata Street Pickup}
carla186.jpg,2380740,41818c1d,\2016-06\Carla Renata Street Pickup\,{LT18~2016-06~38756554~Carla Renata Street Pickup}
carla187.jpg,2430167,1031b6c4,\2016-06\Carla Renata Street Pickup\,{LT18~2016-06~38756554~Carla Renata Street Pickup}
carla188.jpg,2316015,ebd53828,\2016-06\Carla Renata Street Pickup\,{LT18~2016-06~38756554~Carla Renata Street Pickup}
carla189.jpg,2256397,524e338c,\2016-06\Carla Renata Street Pickup\,{LT18~2016-06~38756554~Carla Renata Street Pickup}
carla190.jpg,1881647,5b5edabc,\2016-06\Carla Renata Street Pickup\,{LT18~2016-06~38756554~Carla Renata Street Pickup}
carla191.jpg,2265728,e9446c07,\2016-06\Carla Renata Street Pickup\,{LT18~2016-06~38756554~Carla Renata Street Pickup}
house001.jpg,1580069,9950ce2c,\2016-06\Nicole Montero - Sun Is Up\,{LT18~2016-06~38714797~Nicole Montero - Sun Is Up}
house002.jpg,1562963,a90fb3bf,\2016-06\Nicole Montero - Sun Is Up\,{LT18~2016-06~38714797~Nicole Montero - Sun Is Up}
house003.jpg,1550793,105241e0,\2016-06\Nicole Montero - Sun Is Up\,{LT18~2016-06~38714797~Nicole Montero - Sun Is Up}
house004.jpg,1549554,3e2b2bcb,\2016-06\Nicole Montero - Sun Is Up\,{LT18~2016-06~38714797~Nicole Montero - Sun Is Up}
house005.jpg,1475414,c383d47b,\2016-06\Nicole Montero - Sun Is Up\,{LT18~2016-06~38714797~Nicole Montero - Sun Is Up}
house006.jpg,1462337,2f74c438,\2016-06\Nicole Montero - Sun Is Up\,{LT18~2016-06~38714797~Nicole Montero - Sun Is Up}
house007.jpg,1473417,05edf662,\2016-06\Nicole Montero - Sun Is Up\,{LT18~2016-06~38714797~Nicole Montero - Sun Is Up}
house008.jpg,1397404,71555e04,\2016-06\Nicole Montero - Sun Is Up\,{LT18~2016-06~38714797~Nicole Montero - Sun Is Up}
house009.jpg,1505243,64ee0a17,\2016-06\Nicole Montero - Sun Is Up\,{LT18~2016-06~38714797~Nicole Montero - Sun Is Up}
house010.jpg,1484107,4f741188,\2016-06\Nicole Montero - Sun Is Up\,{LT18~2016-06~38714797~Nicole Montero - Sun Is Up}
house011.jpg,1436857,122740ba,\2016-06\Nicole Montero - Sun Is Up\,{LT18~2016-06~38714797~Nicole Montero - Sun Is Up}
house012.jpg,1492631,97465f69,\2016-06\Nicole Montero - Sun Is Up\,{LT18~2016-06~38714797~Nicole Montero - Sun Is Up}
house013.jpg,1464541,59189c17,\2016-06\Nicole Montero - Sun Is Up\,{LT18~2016-06~38714797~Nicole Montero - Sun Is Up}
house014.jpg,1464809,f3044212,\2016-06\Nicole Montero - Sun Is Up\,{LT18~2016-06~38714797~Nicole Montero - Sun Is Up}
house015.jpg,1429038,8d456cae,\2016-06\Nicole Montero - Sun Is Up\,{LT18~2016-06~38714797~Nicole Montero - Sun Is Up}
house016.jpg,1348192,30c291e2,\2016-06\Nicole Montero - Sun Is Up\,{LT18~2016-06~38714797~Nicole Montero - Sun Is Up}
house017.jpg,1284655,d926b3a3,\2016-06\Nicole Montero - Sun Is Up\,{LT18~2016-06~38714797~Nicole Montero - Sun Is Up}
house018.jpg,1336522,d0f2971c,\2016-06\Nicole Montero - Sun Is Up\,{LT18~2016-06~38714797~Nicole Montero - Sun Is Up}
house019.jpg,1467132,c873112e,\2016-06\Nicole Montero - Sun Is Up\,{LT18~2016-06~38714797~Nicole Montero - Sun Is Up}
house020.jpg,1603700,f1a09ad3,\2016-06\Nicole Montero - Sun Is Up\,{LT18~2016-06~38714797~Nicole Montero - Sun Is Up}
house021.jpg,1459589,b531dcfd,\2016-06\Nicole Montero - Sun Is Up\,{LT18~2016-06~38714797~Nicole Montero - Sun Is Up}
house022.jpg,1376805,3007dda0,\2016-06\Nicole Montero - Sun Is Up\,{LT18~2016-06~38714797~Nicole Montero - Sun Is Up}
house023.jpg,1511316,2421dad1,\2016-06\Nicole Montero - Sun Is Up\,{LT18~2016-06~38714797~Nicole Montero - Sun Is Up}
house024.jpg,1603491,9b3988f0,\2016-06\Nicole Montero - Sun Is Up\,{LT18~2016-06~38714797~Nicole Montero - Sun Is Up}
house025.jpg,1499920,6a7fe353,\2016-06\Nicole Montero - Sun Is Up\,{LT18~2016-06~38714797~Nicole Montero - Sun Is Up}
house026.jpg,1514660,e282a59a,\2016-06\Nicole Montero - Sun Is Up\,{LT18~2016-06~38714797~Nicole Montero - Sun Is Up}
house027.jpg,1508735,531587db,\2016-06\Nicole Montero - Sun Is Up\,{LT18~2016-06~38714797~Nicole Montero - Sun Is Up}
house028.jpg,1509002,667a182a,\2016-06\Nicole Montero - Sun Is Up\,{LT18~2016-06~38714797~Nicole Montero - Sun Is Up}
house029.jpg,1511484,da239cfd,\2016-06\Nicole Montero - Sun Is Up\,{LT18~2016-06~38714797~Nicole Montero - Sun Is Up}
house030.jpg,1502695,af9556b1,\2016-06\Nicole Montero - Sun Is Up\,{LT18~2016-06~38714797~Nicole Montero - Sun Is Up}
house031.jpg,1508244,c8681113,\2016-06\Nicole Montero - Sun Is Up\,{LT18~2016-06~38714797~Nicole Montero - Sun Is Up}
house032.jpg,1361065,3b9e6cac,\2016-06\Nicole Montero - Sun Is Up\,{LT18~2016-06~38714797~Nicole Montero - Sun Is Up}
house033.jpg,1373826,3863466a,\2016-06\Nicole Montero - Sun Is Up\,{LT18~2016-06~38714797~Nicole Montero - Sun Is Up}
house034.jpg,1373634,f140c4eb,\2016-06\Nicole Montero - Sun Is Up\,{LT18~2016-06~38714797~Nicole Montero - Sun Is Up}
house035.jpg,1371671,7c8c51fc,\2016-06\Nicole Montero - Sun Is Up\,{LT18~2016-06~38714797~Nicole Montero - Sun Is Up}
house036.jpg,1358841,a424ea60,\2016-06\Nicole Montero - Sun Is Up\,{LT18~2016-06~38714797~Nicole Montero - Sun Is Up}
house037.jpg,1354868,c0624def,\2016-06\Nicole Montero - Sun Is Up\,{LT18~2016-06~38714797~Nicole Montero - Sun Is Up}
house038.jpg,1350881,c3539fad,\2016-06\Nicole Montero - Sun Is Up\,{LT18~2016-06~38714797~Nicole Montero - Sun Is Up}
house039.jpg,1357359,bc01de52,\2016-06\Nicole Montero - Sun Is Up\,{LT18~2016-06~38714797~Nicole Montero - Sun Is Up}
house040.jpg,1350579,8c015fa9,\2016-06\Nicole Montero - Sun Is Up\,{LT18~2016-06~38714797~Nicole Montero - Sun Is Up}
house041.jpg,1351166,17a6b534,\2016-06\Nicole Montero - Sun Is Up\,{LT18~2016-06~38714797~Nicole Montero - Sun Is Up}
house042.jpg,1355787,7a7d57ba,\2016-06\Nicole Montero - Sun Is Up\,{LT18~2016-06~38714797~Nicole Montero - Sun Is Up}
house043.jpg,1364119,900c51f7,\2016-06\Nicole Montero - Sun Is Up\,{LT18~2016-06~38714797~Nicole Montero - Sun Is Up}
house044.jpg,1357305,ff65e616,\2016-06\Nicole Montero - Sun Is Up\,{LT18~2016-06~38714797~Nicole Montero - Sun Is Up}
house045.jpg,1373285,59f6e28f,\2016-06\Nicole Montero - Sun Is Up\,{LT18~2016-06~38714797~Nicole Montero - Sun Is Up}
house046.jpg,1301350,9ec25366,\2016-06\Nicole Montero - Sun Is Up\,{LT18~2016-06~38714797~Nicole Montero - Sun Is Up}
house047.jpg,1544361,85582053,\2016-06\Nicole Montero - Sun Is Up\,{LT18~2016-06~38714797~Nicole Montero - Sun Is Up}
house048.jpg,1555467,cbcf908e,\2016-06\Nicole Montero - Sun Is Up\,{LT18~2016-06~38714797~Nicole Montero - Sun Is Up}
house049.jpg,1556839,b119e7e4,\2016-06\Nicole Montero - Sun Is Up\,{LT18~2016-06~38714797~Nicole Montero - Sun Is Up}
house050.jpg,1557998,056fc802,\2016-06\Nicole Montero - Sun Is Up\,{LT18~2016-06~38714797~Nicole Montero - Sun Is Up}
house051.jpg,1552908,475358e8,\2016-06\Nicole Montero - Sun Is Up\,{LT18~2016-06~38714797~Nicole Montero - Sun Is Up}
house052.jpg,1549048,013a90f6,\2016-06\Nicole Montero - Sun Is Up\,{LT18~2016-06~38714797~Nicole Montero - Sun Is Up}
house053.jpg,1478837,5b8ac883,\2016-06\Nicole Montero - Sun Is Up\,{LT18~2016-06~38714797~Nicole Montero - Sun Is Up}
house054.jpg,1386752,24306df8,\2016-06\Nicole Montero - Sun Is Up\,{LT18~2016-06~38714797~Nicole Montero - Sun Is Up}
house055.jpg,1384902,4842fa1c,\2016-06\Nicole Montero - Sun Is Up\,{LT18~2016-06~38714797~Nicole Montero - Sun Is Up}
house056.jpg,1381847,947fc53f,\2016-06\Nicole Montero - Sun Is Up\,{LT18~2016-06~38714797~Nicole Montero - Sun Is Up}
house057.jpg,1383236,bc3612e4,\2016-06\Nicole Montero - Sun Is Up\,{LT18~2016-06~38714797~Nicole Montero - Sun Is Up}
house058.jpg,1427304,bfda7ae2,\2016-06\Nicole Montero - Sun Is Up\,{LT18~2016-06~38714797~Nicole Montero - Sun Is Up}
house059.jpg,1422089,5f7bc2c7,\2016-06\Nicole Montero - Sun Is Up\,{LT18~2016-06~38714797~Nicole Montero - Sun Is Up}
house060.jpg,1413841,3a127743,\2016-06\Nicole Montero - Sun Is Up\,{LT18~2016-06~38714797~Nicole Montero - Sun Is Up}
house061.jpg,1410722,44eb92bc,\2016-06\Nicole Montero - Sun Is Up\,{LT18~2016-06~38714797~Nicole Montero - Sun Is Up}
house062.jpg,1413208,dce70796,\2016-06\Nicole Montero - Sun Is Up\,{LT18~2016-06~38714797~Nicole Montero - Sun Is Up}
house063.jpg,1413733,81b7dc9d,\2016-06\Nicole Montero - Sun Is Up\,{LT18~2016-06~38714797~Nicole Montero - Sun Is Up}
house064.jpg,1403551,b4b32064,\2016-06\Nicole Montero - Sun Is Up\,{LT18~2016-06~38714797~Nicole Montero - Sun Is Up}
house065.jpg,1405095,cc2b5d23,\2016-06\Nicole Montero - Sun Is Up\,{LT18~2016-06~38714797~Nicole Montero - Sun Is Up}
house066.jpg,1290756,2e0a6cf3,\2016-06\Nicole Montero - Sun Is Up\,{LT18~2016-06~38714797~Nicole Montero - Sun Is Up}
house067.jpg,1318848,d3348d63,\2016-06\Nicole Montero - Sun Is Up\,{LT18~2016-06~38714797~Nicole Montero - Sun Is Up}
house068.jpg,1340000,aa871bff,\2016-06\Nicole Montero - Sun Is Up\,{LT18~2016-06~38714797~Nicole Montero - Sun Is Up}
house069.jpg,1311203,8c505768,\2016-06\Nicole Montero - Sun Is Up\,{LT18~2016-06~38714797~Nicole Montero - Sun Is Up}
house070.jpg,1356921,ce2cc6a7,\2016-06\Nicole Montero - Sun Is Up\,{LT18~2016-06~38714797~Nicole Montero - Sun Is Up}
house071.jpg,1319285,0cd8a3b4,\2016-06\Nicole Montero - Sun Is Up\,{LT18~2016-06~38714797~Nicole Montero - Sun Is Up}
house072.jpg,1356622,bb382fa6,\2016-06\Nicole Montero - Sun Is Up\,{LT18~2016-06~38714797~Nicole Montero - Sun Is Up}
house073.jpg,1360375,4f309820,\2016-06\Nicole Montero - Sun Is Up\,{LT18~2016-06~38714797~Nicole Montero - Sun Is Up}
house074.jpg,1354123,3a456bbd,\2016-06\Nicole Montero - Sun Is Up\,{LT18~2016-06~38714797~Nicole Montero - Sun Is Up}
house075.jpg,1150830,3d9256e4,\2016-06\Nicole Montero - Sun Is Up\,{LT18~2016-06~38714797~Nicole Montero - Sun Is Up}
house076.jpg,1345180,20f10ef2,\2016-06\Nicole Montero - Sun Is Up\,{LT18~2016-06~38714797~Nicole Montero - Sun Is Up}
house077.jpg,1318922,4da1c996,\2016-06\Nicole Montero - Sun Is Up\,{LT18~2016-06~38714797~Nicole Montero - Sun Is Up}
house078.jpg,1190526,70133068,\2016-06\Nicole Montero - Sun Is Up\,{LT18~2016-06~38714797~Nicole Montero - Sun Is Up}
house079.jpg,1159160,b1d25ce4,\2016-06\Nicole Montero - Sun Is Up\,{LT18~2016-06~38714797~Nicole Montero - Sun Is Up}
house080.jpg,1158364,3b54a61c,\2016-06\Nicole Montero - Sun Is Up\,{LT18~2016-06~38714797~Nicole Montero - Sun Is Up}
house081.jpg,1154417,36a10010,\2016-06\Nicole Montero - Sun Is Up\,{LT18~2016-06~38714797~Nicole Montero - Sun Is Up}
house082.jpg,1491080,791a7db5,\2016-06\Nicole Montero - Sun Is Up\,{LT18~2016-06~38714797~Nicole Montero - Sun Is Up}
house083.jpg,1318019,769abc17,\2016-06\Nicole Montero - Sun Is Up\,{LT18~2016-06~38714797~Nicole Montero - Sun Is Up}
house084.jpg,1306750,4bb03864,\2016-06\Nicole Montero - Sun Is Up\,{LT18~2016-06~38714797~Nicole Montero - Sun Is Up}
house085.jpg,1333042,3550a451,\2016-06\Nicole Montero - Sun Is Up\,{LT18~2016-06~38714797~Nicole Montero - Sun Is Up}
house086.jpg,1354415,e2b0dc16,\2016-06\Nicole Montero - Sun Is Up\,{LT18~2016-06~38714797~Nicole Montero - Sun Is Up}
house087.jpg,1281966,170448c2,\2016-06\Nicole Montero - Sun Is Up\,{LT18~2016-06~38714797~Nicole Montero - Sun Is Up}
house088.jpg,1394992,1e8d333b,\2016-06\Nicole Montero - Sun Is Up\,{LT18~2016-06~38714797~Nicole Montero - Sun Is Up}
house089.jpg,1352445,a1c2e3b6,\2016-06\Nicole Montero - Sun Is Up\,{LT18~2016-06~38714797~Nicole Montero - Sun Is Up}
house090.jpg,1337398,83d70f9a,\2016-06\Nicole Montero - Sun Is Up\,{LT18~2016-06~38714797~Nicole Montero - Sun Is Up}
house091.jpg,1360832,75b81188,\2016-06\Nicole Montero - Sun Is Up\,{LT18~2016-06~38714797~Nicole Montero - Sun Is Up}
house092.jpg,1345391,642ff05b,\2016-06\Nicole Montero - Sun Is Up\,{LT18~2016-06~38714797~Nicole Montero - Sun Is Up}
house093.jpg,1347977,18b6f859,\2016-06\Nicole Montero - Sun Is Up\,{LT18~2016-06~38714797~Nicole Montero - Sun Is Up}
house094.jpg,1349655,c1299c76,\2016-06\Nicole Montero - Sun Is Up\,{LT18~2016-06~38714797~Nicole Montero - Sun Is Up}
house095.jpg,1300367,b9ed36d3,\2016-06\Nicole Montero - Sun Is Up\,{LT18~2016-06~38714797~Nicole Montero - Sun Is Up}
house096.jpg,1217806,6b4c7e3e,\2016-06\Nicole Montero - Sun Is Up\,{LT18~2016-06~38714797~Nicole Montero - Sun Is Up}
house097.jpg,1221789,b6aa56a0,\2016-06\Nicole Montero - Sun Is Up\,{LT18~2016-06~38714797~Nicole Montero - Sun Is Up}
house098.jpg,1421193,578b72da,\2016-06\Nicole Montero - Sun Is Up\,{LT18~2016-06~38714797~Nicole Montero - Sun Is Up}
house099.jpg,1420566,9e551878,\2016-06\Nicole Montero - Sun Is Up\,{LT18~2016-06~38714797~Nicole Montero - Sun Is Up}
house100.jpg,1427306,66e8c365,\2016-06\Nicole Montero - Sun Is Up\,{LT18~2016-06~38714797~Nicole Montero - Sun Is Up}
house101.jpg,1423021,4c422693,\2016-06\Nicole Montero - Sun Is Up\,{LT18~2016-06~38714797~Nicole Montero - Sun Is Up}
house102.jpg,1438652,fa018163,\2016-06\Nicole Montero - Sun Is Up\,{LT18~2016-06~38714797~Nicole Montero - Sun Is Up}
house103.jpg,1433404,d9f2f1ef,\2016-06\Nicole Montero - Sun Is Up\,{LT18~2016-06~38714797~Nicole Montero - Sun Is Up}
house104.jpg,1430020,90fa76f0,\2016-06\Nicole Montero - Sun Is Up\,{LT18~2016-06~38714797~Nicole Montero - Sun Is Up}
house105.jpg,1432849,e53b8af3,\2016-06\Nicole Montero - Sun Is Up\,{LT18~2016-06~38714797~Nicole Montero - Sun Is Up}
house106.jpg,1430651,342ee9bc,\2016-06\Nicole Montero - Sun Is Up\,{LT18~2016-06~38714797~Nicole Montero - Sun Is Up}
house107.jpg,1440697,e4b6cf4d,\2016-06\Nicole Montero - Sun Is Up\,{LT18~2016-06~38714797~Nicole Montero - Sun Is Up}
house108.jpg,1467347,268712f0,\2016-06\Nicole Montero - Sun Is Up\,{LT18~2016-06~38714797~Nicole Montero - Sun Is Up}
house109.jpg,1449902,92cb5ffb,\2016-06\Nicole Montero - Sun Is Up\,{LT18~2016-06~38714797~Nicole Montero - Sun Is Up}
house110.jpg,1443076,e95d4fb9,\2016-06\Nicole Montero - Sun Is Up\,{LT18~2016-06~38714797~Nicole Montero - Sun Is Up}
house111.jpg,1443260,94e98dc5,\2016-06\Nicole Montero - Sun Is Up\,{LT18~2016-06~38714797~Nicole Montero - Sun Is Up}
house112.jpg,1444342,94e30a55,\2016-06\Nicole Montero - Sun Is Up\,{LT18~2016-06~38714797~Nicole Montero - Sun Is Up}
house113.jpg,1439325,60335542,\2016-06\Nicole Montero - Sun Is Up\,{LT18~2016-06~38714797~Nicole Montero - Sun Is Up}
house114.jpg,1443651,003dcce9,\2016-06\Nicole Montero - Sun Is Up\,{LT18~2016-06~38714797~Nicole Montero - Sun Is Up}
house115.jpg,1452190,90ad37a8,\2016-06\Nicole Montero - Sun Is Up\,{LT18~2016-06~38714797~Nicole Montero - Sun Is Up}
house116.jpg,1451720,999acfdd,\2016-06\Nicole Montero - Sun Is Up\,{LT18~2016-06~38714797~Nicole Montero - Sun Is Up}
house117.jpg,1446947,08a74dd0,\2016-06\Nicole Montero - Sun Is Up\,{LT18~2016-06~38714797~Nicole Montero - Sun Is Up}
house118.jpg,1540775,e4818cfa,\2016-06\Nicole Montero - Sun Is Up\,{LT18~2016-06~38714797~Nicole Montero - Sun Is Up}
house119.jpg,1556359,c81f34f6,\2016-06\Nicole Montero - Sun Is Up\,{LT18~2016-06~38714797~Nicole Montero - Sun Is Up}
house120.jpg,1559240,91f4f499,\2016-06\Nicole Montero - Sun Is Up\,{LT18~2016-06~38714797~Nicole Montero - Sun Is Up}
house121.jpg,1560324,ff1b746d,\2016-06\Nicole Montero - Sun Is Up\,{LT18~2016-06~38714797~Nicole Montero - Sun Is Up}
house122.jpg,1554376,4f36decc,\2016-06\Nicole Montero - Sun Is Up\,{LT18~2016-06~38714797~Nicole Montero - Sun Is Up}
house123.jpg,1539824,8792c798,\2016-06\Nicole Montero - Sun Is Up\,{LT18~2016-06~38714797~Nicole Montero - Sun Is Up}
house124.jpg,1538475,e9939c38,\2016-06\Nicole Montero - Sun Is Up\,{LT18~2016-06~38714797~Nicole Montero - Sun Is Up}
house125.jpg,1537324,545ca136,\2016-06\Nicole Montero - Sun Is Up\,{LT18~2016-06~38714797~Nicole Montero - Sun Is Up}
house126.jpg,1521229,b8b59ee6,\2016-06\Nicole Montero - Sun Is Up\,{LT18~2016-06~38714797~Nicole Montero - Sun Is Up}
house127.jpg,1463176,0b17fc5b,\2016-06\Nicole Montero - Sun Is Up\,{LT18~2016-06~38714797~Nicole Montero - Sun Is Up}
house128.jpg,1301302,d7fd673b,\2016-06\Nicole Montero - Sun Is Up\,{LT18~2016-06~38714797~Nicole Montero - Sun Is Up}
house129.jpg,1314330,89308c7a,\2016-06\Nicole Montero - Sun Is Up\,{LT18~2016-06~38714797~Nicole Montero - Sun Is Up}
house130.jpg,1317764,678e988d,\2016-06\Nicole Montero - Sun Is Up\,{LT18~2016-06~38714797~Nicole Montero - Sun Is Up}
house131.jpg,1340393,51c2640b,\2016-06\Nicole Montero - Sun Is Up\,{LT18~2016-06~38714797~Nicole Montero - Sun Is Up}
house132.jpg,1346697,873ec1b5,\2016-06\Nicole Montero - Sun Is Up\,{LT18~2016-06~38714797~Nicole Montero - Sun Is Up}
house133.jpg,1424479,59871521,\2016-06\Nicole Montero - Sun Is Up\,{LT18~2016-06~38714797~Nicole Montero - Sun Is Up}
house134.jpg,1435075,857c7b60,\2016-06\Nicole Montero - Sun Is Up\,{LT18~2016-06~38714797~Nicole Montero - Sun Is Up}
house135.jpg,1431470,3fec7028,\2016-06\Nicole Montero - Sun Is Up\,{LT18~2016-06~38714797~Nicole Montero - Sun Is Up}
house136.jpg,1435988,95cfb079,\2016-06\Nicole Montero - Sun Is Up\,{LT18~2016-06~38714797~Nicole Montero - Sun Is Up}
house137.jpg,1443202,8d919d66,\2016-06\Nicole Montero - Sun Is Up\,{LT18~2016-06~38714797~Nicole Montero - Sun Is Up}
house138.jpg,1285948,931464d8,\2016-06\Nicole Montero - Sun Is Up\,{LT18~2016-06~38714797~Nicole Montero - Sun Is Up}
house139.jpg,1411185,09ccdf88,\2016-06\Nicole Montero - Sun Is Up\,{LT18~2016-06~38714797~Nicole Montero - Sun Is Up}
house140.jpg,1387582,cb92fa7b,\2016-06\Nicole Montero - Sun Is Up\,{LT18~2016-06~38714797~Nicole Montero - Sun Is Up}
house141.jpg,1392204,6a550175,\2016-06\Nicole Montero - Sun Is Up\,{LT18~2016-06~38714797~Nicole Montero - Sun Is Up}
house142.jpg,1385761,cc10e3b1,\2016-06\Nicole Montero - Sun Is Up\,{LT18~2016-06~38714797~Nicole Montero - Sun Is Up}
house143.jpg,1379644,af1a0016,\2016-06\Nicole Montero - Sun Is Up\,{LT18~2016-06~38714797~Nicole Montero - Sun Is Up}
house144.jpg,1379581,1871f5ae,\2016-06\Nicole Montero - Sun Is Up\,{LT18~2016-06~38714797~Nicole Montero - Sun Is Up}
house145.jpg,1384322,50e98361,\2016-06\Nicole Montero - Sun Is Up\,{LT18~2016-06~38714797~Nicole Montero - Sun Is Up}
house146.jpg,1399884,b134cd6a,\2016-06\Nicole Montero - Sun Is Up\,{LT18~2016-06~38714797~Nicole Montero - Sun Is Up}
house147.jpg,1404772,805e0eec,\2016-06\Nicole Montero - Sun Is Up\,{LT18~2016-06~38714797~Nicole Montero - Sun Is Up}
house148.jpg,1412787,0152afdd,\2016-06\Nicole Montero - Sun Is Up\,{LT18~2016-06~38714797~Nicole Montero - Sun Is Up}
house149.jpg,1387615,505e4b35,\2016-06\Nicole Montero - Sun Is Up\,{LT18~2016-06~38714797~Nicole Montero - Sun Is Up}
house150.jpg,1387300,3f97ee03,\2016-06\Nicole Montero - Sun Is Up\,{LT18~2016-06~38714797~Nicole Montero - Sun Is Up}
house151.jpg,1381436,204f6b80,\2016-06\Nicole Montero - Sun Is Up\,{LT18~2016-06~38714797~Nicole Montero - Sun Is Up}
house152.jpg,1380289,86d66949,\2016-06\Nicole Montero - Sun Is Up\,{LT18~2016-06~38714797~Nicole Montero - Sun Is Up}
house153.jpg,1384911,b6eab4d3,\2016-06\Nicole Montero - Sun Is Up\,{LT18~2016-06~38714797~Nicole Montero - Sun Is Up}
house154.jpg,1374804,3d846275,\2016-06\Nicole Montero - Sun Is Up\,{LT18~2016-06~38714797~Nicole Montero - Sun Is Up}
house155.jpg,1472319,fa616fe7,\2016-06\Nicole Montero - Sun Is Up\,{LT18~2016-06~38714797~Nicole Montero - Sun Is Up}
house156.jpg,1513727,82a35e87,\2016-06\Nicole Montero - Sun Is Up\,{LT18~2016-06~38714797~Nicole Montero - Sun Is Up}
house157.jpg,1435924,51de309a,\2016-06\Nicole Montero - Sun Is Up\,{LT18~2016-06~38714797~Nicole Montero - Sun Is Up}
house158.jpg,1439939,92631123,\2016-06\Nicole Montero - Sun Is Up\,{LT18~2016-06~38714797~Nicole Montero - Sun Is Up}
house159.jpg,1424157,38c8b2c4,\2016-06\Nicole Montero - Sun Is Up\,{LT18~2016-06~38714797~Nicole Montero - Sun Is Up}
house160.jpg,1412293,85ab5e08,\2016-06\Nicole Montero - Sun Is Up\,{LT18~2016-06~38714797~Nicole Montero - Sun Is Up}
house161.jpg,1446441,c6cc96b6,\2016-06\Nicole Montero - Sun Is Up\,{LT18~2016-06~38714797~Nicole Montero - Sun Is Up}
house162.jpg,1399309,e58ea8d2,\2016-06\Nicole Montero - Sun Is Up\,{LT18~2016-06~38714797~Nicole Montero - Sun Is Up}
house163.jpg,1280764,2e127109,\2016-06\Nicole Montero - Sun Is Up\,{LT18~2016-06~38714797~Nicole Montero - Sun Is Up}
house164.jpg,1252246,e5bc2b8f,\2016-06\Nicole Montero - Sun Is Up\,{LT18~2016-06~38714797~Nicole Montero - Sun Is Up}
house165.jpg,1274644,e38c20d3,\2016-06\Nicole Montero - Sun Is Up\,{LT18~2016-06~38714797~Nicole Montero - Sun Is Up}
house166.jpg,1299015,73869816,\2016-06\Nicole Montero - Sun Is Up\,{LT18~2016-06~38714797~Nicole Montero - Sun Is Up}
house167.jpg,1296190,d14b4234,\2016-06\Nicole Montero - Sun Is Up\,{LT18~2016-06~38714797~Nicole Montero - Sun Is Up}
house168.jpg,1248546,57e0b13c,\2016-06\Nicole Montero - Sun Is Up\,{LT18~2016-06~38714797~Nicole Montero - Sun Is Up}
house169.jpg,1234583,ae7ad5b2,\2016-06\Nicole Montero - Sun Is Up\,{LT18~2016-06~38714797~Nicole Montero - Sun Is Up}
house170.jpg,1235622,ed00185e,\2016-06\Nicole Montero - Sun Is Up\,{LT18~2016-06~38714797~Nicole Montero - Sun Is Up}
house171.jpg,1240389,97e5e954,\2016-06\Nicole Montero - Sun Is Up\,{LT18~2016-06~38714797~Nicole Montero - Sun Is Up}
house172.jpg,1227634,dfb8f8b4,\2016-06\Nicole Montero - Sun Is Up\,{LT18~2016-06~38714797~Nicole Montero - Sun Is Up}
house173.jpg,1379857,6d1b2500,\2016-06\Nicole Montero - Sun Is Up\,{LT18~2016-06~38714797~Nicole Montero - Sun Is Up}
house174.jpg,1374799,fc6cbb97,\2016-06\Nicole Montero - Sun Is Up\,{LT18~2016-06~38714797~Nicole Montero - Sun Is Up}
house175.jpg,1362574,cb2f3155,\2016-06\Nicole Montero - Sun Is Up\,{LT18~2016-06~38714797~Nicole Montero - Sun Is Up}
house176.jpg,1346798,865e2cae,\2016-06\Nicole Montero - Sun Is Up\,{LT18~2016-06~38714797~Nicole Montero - Sun Is Up}
house177.jpg,1344554,0e71562b,\2016-06\Nicole Montero - Sun Is Up\,{LT18~2016-06~38714797~Nicole Montero - Sun Is Up}
house178.jpg,1345819,2d2d054c,\2016-06\Nicole Montero - Sun Is Up\,{LT18~2016-06~38714797~Nicole Montero - Sun Is Up}
house179.jpg,1346687,c1ec6c51,\2016-06\Nicole Montero - Sun Is Up\,{LT18~2016-06~38714797~Nicole Montero - Sun Is Up}
house180.jpg,1354495,f50c4e3d,\2016-06\Nicole Montero - Sun Is Up\,{LT18~2016-06~38714797~Nicole Montero - Sun Is Up}
house181.jpg,1356486,3a079629,\2016-06\Nicole Montero - Sun Is Up\,{LT18~2016-06~38714797~Nicole Montero - Sun Is Up}
house182.jpg,1343772,34a9ef6a,\2016-06\Nicole Montero - Sun Is Up\,{LT18~2016-06~38714797~Nicole Montero - Sun Is Up}
house183.jpg,1343529,88da7a76,\2016-06\Nicole Montero - Sun Is Up\,{LT18~2016-06~38714797~Nicole Montero - Sun Is Up}
house184.jpg,1224894,4e18e7de,\2016-06\Nicole Montero - Sun Is Up\,{LT18~2016-06~38714797~Nicole Montero - Sun Is Up}
house185.jpg,1214210,0158428e,\2016-06\Nicole Montero - Sun Is Up\,{LT18~2016-06~38714797~Nicole Montero - Sun Is Up}
house186.jpg,1411693,8fdca3d0,\2016-06\Nicole Montero - Sun Is Up\,{LT18~2016-06~38714797~Nicole Montero - Sun Is Up}
house187.jpg,1368091,66c9eeac,\2016-06\Nicole Montero - Sun Is Up\,{LT18~2016-06~38714797~Nicole Montero - Sun Is Up}
house188.jpg,1350064,eef19cac,\2016-06\Nicole Montero - Sun Is Up\,{LT18~2016-06~38714797~Nicole Montero - Sun Is Up}
house189.jpg,1348776,38759e95,\2016-06\Nicole Montero - Sun Is Up\,{LT18~2016-06~38714797~Nicole Montero - Sun Is Up}
house190.jpg,1435746,6c862ab4,\2016-06\Nicole Montero - Sun Is Up\,{LT18~2016-06~38714797~Nicole Montero - Sun Is Up}
house191.jpg,1432180,8bf500de,\2016-06\Nicole Montero - Sun Is Up\,{LT18~2016-06~38714797~Nicole Montero - Sun Is Up}
house192.jpg,1440446,e23e915f,\2016-06\Nicole Montero - Sun Is Up\,{LT18~2016-06~38714797~Nicole Montero - Sun Is Up}
house193.jpg,1449759,6cc0a887,\2016-06\Nicole Montero - Sun Is Up\,{LT18~2016-06~38714797~Nicole Montero - Sun Is Up}
house194.jpg,1463259,c3084883,\2016-06\Nicole Montero - Sun Is Up\,{LT18~2016-06~38714797~Nicole Montero - Sun Is Up}
house195.jpg,1464009,7f6bed12,\2016-06\Nicole Montero - Sun Is Up\,{LT18~2016-06~38714797~Nicole Montero - Sun Is Up}
house196.jpg,1462923,26324751,\2016-06\Nicole Montero - Sun Is Up\,{LT18~2016-06~38714797~Nicole Montero - Sun Is Up}
house197.jpg,1454613,44417da7,\2016-06\Nicole Montero - Sun Is Up\,{LT18~2016-06~38714797~Nicole Montero - Sun Is Up}
house198.jpg,1448363,9d9bc3cb,\2016-06\Nicole Montero - Sun Is Up\,{LT18~2016-06~38714797~Nicole Montero - Sun Is Up}
house199.jpg,1444999,f00d22d2,\2016-06\Nicole Montero - Sun Is Up\,{LT18~2016-06~38714797~Nicole Montero - Sun Is Up}
house200.jpg,1602228,aa7999d0,\2016-06\Nicole Montero - Sun Is Up\,{LT18~2016-06~38714797~Nicole Montero - Sun Is Up}
house201.jpg,1600085,de4aed22,\2016-06\Nicole Montero - Sun Is Up\,{LT18~2016-06~38714797~Nicole Montero - Sun Is Up}
house202.jpg,1611460,81d81b83,\2016-06\Nicole Montero - Sun Is Up\,{LT18~2016-06~38714797~Nicole Montero - Sun Is Up}
house203.jpg,1605620,9dc7b95f,\2016-06\Nicole Montero - Sun Is Up\,{LT18~2016-06~38714797~Nicole Montero - Sun Is Up}
house204.jpg,1613061,47120c93,\2016-06\Nicole Montero - Sun Is Up\,{LT18~2016-06~38714797~Nicole Montero - Sun Is Up}
house205.jpg,1614098,290b7b49,\2016-06\Nicole Montero - Sun Is Up\,{LT18~2016-06~38714797~Nicole Montero - Sun Is Up}
house206.jpg,1608262,a5286af3,\2016-06\Nicole Montero - Sun Is Up\,{LT18~2016-06~38714797~Nicole Montero - Sun Is Up}
house207.jpg,1596711,8e991418,\2016-06\Nicole Montero - Sun Is Up\,{LT18~2016-06~38714797~Nicole Montero - Sun Is Up}
house208.jpg,1579944,dedd5fe4,\2016-06\Nicole Montero - Sun Is Up\,{LT18~2016-06~38714797~Nicole Montero - Sun Is Up}
house209.jpg,1580908,afa79141,\2016-06\Nicole Montero - Sun Is Up\,{LT18~2016-06~38714797~Nicole Montero - Sun Is Up}
house210.jpg,1583837,1d2b7bda,\2016-06\Nicole Montero - Sun Is Up\,{LT18~2016-06~38714797~Nicole Montero - Sun Is Up}
house211.jpg,1573253,8e2d2b4f,\2016-06\Nicole Montero - Sun Is Up\,{LT18~2016-06~38714797~Nicole Montero - Sun Is Up}
house212.jpg,1581310,b1f9cc15,\2016-06\Nicole Montero - Sun Is Up\,{LT18~2016-06~38714797~Nicole Montero - Sun Is Up}
house213.jpg,1581901,76fdcf77,\2016-06\Nicole Montero - Sun Is Up\,{LT18~2016-06~38714797~Nicole Montero - Sun Is Up}
house214.jpg,1581961,3dee8e58,\2016-06\Nicole Montero - Sun Is Up\,{LT18~2016-06~38714797~Nicole Montero - Sun Is Up}
house215.jpg,1589241,b4d4dc5c,\2016-06\Nicole Montero - Sun Is Up\,{LT18~2016-06~38714797~Nicole Montero - Sun Is Up}
house216.jpg,1565895,df4b2c6c,\2016-06\Nicole Montero - Sun Is Up\,{LT18~2016-06~38714797~Nicole Montero - Sun Is Up}
house217.jpg,1565346,84b656b4,\2016-06\Nicole Montero - Sun Is Up\,{LT18~2016-06~38714797~Nicole Montero - Sun Is Up}
house218.jpg,1533490,281e9ff8,\2016-06\Nicole Montero - Sun Is Up\,{LT18~2016-06~38714797~Nicole Montero - Sun Is Up}
house219.jpg,1536667,21bd3538,\2016-06\Nicole Montero - Sun Is Up\,{LT18~2016-06~38714797~Nicole Montero - Sun Is Up}
house220.jpg,1537671,3237a273,\2016-06\Nicole Montero - Sun Is Up\,{LT18~2016-06~38714797~Nicole Montero - Sun Is Up}
house221.jpg,1548751,995e595b,\2016-06\Nicole Montero - Sun Is Up\,{LT18~2016-06~38714797~Nicole Montero - Sun Is Up}
house222.jpg,1475462,4680a5be,\2016-06\Nicole Montero - Sun Is Up\,{LT18~2016-06~38714797~Nicole Montero - Sun Is Up}
house223.jpg,1543587,73f5c621,\2016-06\Nicole Montero - Sun Is Up\,{LT18~2016-06~38714797~Nicole Montero - Sun Is Up}
house224.jpg,1431408,fdc10f9f,\2016-06\Nicole Montero - Sun Is Up\,{LT18~2016-06~38714797~Nicole Montero - Sun Is Up}
house225.jpg,1421263,c08579f6,\2016-06\Nicole Montero - Sun Is Up\,{LT18~2016-06~38714797~Nicole Montero - Sun Is Up}
house226.jpg,1415663,fc610c48,\2016-06\Nicole Montero - Sun Is Up\,{LT18~2016-06~38714797~Nicole Montero - Sun Is Up}
house227.jpg,1414580,6b4b3aa7,\2016-06\Nicole Montero - Sun Is Up\,{LT18~2016-06~38714797~Nicole Montero - Sun Is Up}
house228.jpg,1444420,a3810470,\2016-06\Nicole Montero - Sun Is Up\,{LT18~2016-06~38714797~Nicole Montero - Sun Is Up}
house229.jpg,1443129,c5107738,\2016-06\Nicole Montero - Sun Is Up\,{LT18~2016-06~38714797~Nicole Montero - Sun Is Up}
house230.jpg,1442685,7c249adb,\2016-06\Nicole Montero - Sun Is Up\,{LT18~2016-06~38714797~Nicole Montero - Sun Is Up}
house231.jpg,1474577,73436d42,\2016-06\Nicole Montero - Sun Is Up\,{LT18~2016-06~38714797~Nicole Montero - Sun Is Up}
house232.jpg,1336085,de6a4b08,\2016-06\Nicole Montero - Sun Is Up\,{LT18~2016-06~38714797~Nicole Montero - Sun Is Up}
house233.jpg,1544781,2d07183b,\2016-06\Nicole Montero - Sun Is Up\,{LT18~2016-06~38714797~Nicole Montero - Sun Is Up}
house234.jpg,1473025,f03cd162,\2016-06\Nicole Montero - Sun Is Up\,{LT18~2016-06~38714797~Nicole Montero - Sun Is Up}
house235.jpg,1476182,154d5337,\2016-06\Nicole Montero - Sun Is Up\,{LT18~2016-06~38714797~Nicole Montero - Sun Is Up}
house236.jpg,1536532,8b5205a3,\2016-06\Nicole Montero - Sun Is Up\,{LT18~2016-06~38714797~Nicole Montero - Sun Is Up}
house237.jpg,1534412,5d3ae6da,\2016-06\Nicole Montero - Sun Is Up\,{LT18~2016-06~38714797~Nicole Montero - Sun Is Up}
house238.jpg,1539871,1193e3d4,\2016-06\Nicole Montero - Sun Is Up\,{LT18~2016-06~38714797~Nicole Montero - Sun Is Up}
house239.jpg,1542927,cb1ab55d,\2016-06\Nicole Montero - Sun Is Up\,{LT18~2016-06~38714797~Nicole Montero - Sun Is Up}
house240.jpg,1440030,0672f85c,\2016-06\Nicole Montero - Sun Is Up\,{LT18~2016-06~38714797~Nicole Montero - Sun Is Up}
house241.jpg,1442288,e0d70617,\2016-06\Nicole Montero - Sun Is Up\,{LT18~2016-06~38714797~Nicole Montero - Sun Is Up}
house242.jpg,1444346,8e6bfdca,\2016-06\Nicole Montero - Sun Is Up\,{LT18~2016-06~38714797~Nicole Montero - Sun Is Up}