nn01g01.jpg,76303,5edce6eb,\Pictures\001\,{NN1~P~1~001}
nn01g02.jpg,82529,b06be812,\Pictures\001\,{NN1~P~1~001}
nn01g03.jpg,67642,2eb24185,\Pictures\001\,{NN1~P~1~001}
nn01g04.jpg,78969,2d68314d,\Pictures\001\,{NN1~P~1~001}
nn01g05.jpg,66436,081714a5,\Pictures\001\,{NN1~P~1~001}
nn01g06.jpg,93209,6cf1eecd,\Pictures\001\,{NN1~P~1~001}
nn01g07.jpg,84996,671aae29,\Pictures\001\,{NN1~P~1~001}
nn01g08.jpg,79846,dca67c06,\Pictures\001\,{NN1~P~1~001}
nn01g09.jpg,66017,154d25fa,\Pictures\001\,{NN1~P~1~001}
nn01g10.jpg,81083,4c81afff,\Pictures\001\,{NN1~P~1~001}
nn01g11.jpg,84782,6c4faaae,\Pictures\001\,{NN1~P~1~001}
nn01g12.jpg,86030,b1b0a04c,\Pictures\001\,{NN1~P~1~001}
nn01g13.jpg,70398,92c697e1,\Pictures\001\,{NN1~P~1~001}
nn01g14.jpg,70110,e8d36870,\Pictures\001\,{NN1~P~1~001}
nn01g15.jpg,65997,ac9f9dda,\Pictures\001\,{NN1~P~1~001}
nn01g16.jpg,67537,5c524ff8,\Pictures\001\,{NN1~P~1~001}
nn01g17.jpg,72759,d7b39493,\Pictures\001\,{NN1~P~1~001}
nn01g18.jpg,88350,467b75a0,\Pictures\001\,{NN1~P~1~001}
nn02g01.jpg,82319,77b5f0f9,\Pictures\002\,{NN1~P~2~002}
nn02g02.jpg,81362,e602ac0c,\Pictures\002\,{NN1~P~2~002}
nn02g03.jpg,84066,0f7eb3fc,\Pictures\002\,{NN1~P~2~002}
nn02g04.jpg,82674,ca27bce2,\Pictures\002\,{NN1~P~2~002}
nn02g05.jpg,86005,cf24b25d,\Pictures\002\,{NN1~P~2~002}
nn02g06.jpg,89814,01dc281f,\Pictures\002\,{NN1~P~2~002}
nn02g07.jpg,86403,909fbb50,\Pictures\002\,{NN1~P~2~002}
nn02g08.jpg,73672,9c547c72,\Pictures\002\,{NN1~P~2~002}
nn02g09.jpg,78158,5f5e7a37,\Pictures\002\,{NN1~P~2~002}
nn02g10.jpg,81908,c0205f11,\Pictures\002\,{NN1~P~2~002}
nn02g11.jpg,86130,4226586f,\Pictures\002\,{NN1~P~2~002}
nn02g12.jpg,77981,e15ed761,\Pictures\002\,{NN1~P~2~002}
nn02g13.jpg,85154,edcfee81,\Pictures\002\,{NN1~P~2~002}
nn02g14.jpg,91759,ad473bf2,\Pictures\002\,{NN1~P~2~002}
nn02g15.jpg,76668,1a1e47ba,\Pictures\002\,{NN1~P~2~002}
nn02g16.jpg,76852,67f9d29e,\Pictures\002\,{NN1~P~2~002}
nn02g17.jpg,65153,5a1f1415,\Pictures\002\,{NN1~P~2~002}
nn02g18.jpg,79791,ec1286b1,\Pictures\002\,{NN1~P~2~002}
nn02g19.jpg,71369,4bbee610,\Pictures\002\,{NN1~P~2~002}
nn02g20.jpg,75139,baaa4ce7,\Pictures\002\,{NN1~P~2~002}
nn02g21.jpg,74240,b8ddd10a,\Pictures\002\,{NN1~P~2~002}
nn02g22.jpg,73655,d2b9498f,\Pictures\002\,{NN1~P~2~002}
nn02g23.jpg,69528,0b88fa86,\Pictures\002\,{NN1~P~2~002}
nn02g24.jpg,76110,59ebf2bb,\Pictures\002\,{NN1~P~2~002}
nn02g25.jpg,80795,7df9b220,\Pictures\002\,{NN1~P~2~002}
nn02g26.jpg,86878,5d915333,\Pictures\002\,{NN1~P~2~002}
nn02g27.jpg,66996,d666c027,\Pictures\002\,{NN1~P~2~002}
nn02g28.jpg,78223,4d76937f,\Pictures\002\,{NN1~P~2~002}
nn02g29.jpg,68250,f8a08343,\Pictures\002\,{NN1~P~2~002}
nn02g30.jpg,75454,1c65cff6,\Pictures\002\,{NN1~P~2~002}
nn02g31.jpg,66684,e3e16f30,\Pictures\002\,{NN1~P~2~002}
nn02g32.jpg,69142,32c8f075,\Pictures\002\,{NN1~P~2~002}
nn02g33.jpg,71202,eb8516d4,\Pictures\002\,{NN1~P~2~002}
nn02g34.jpg,78972,f645c4e1,\Pictures\002\,{NN1~P~2~002}
nn02g35.jpg,85443,d5635bc6,\Pictures\002\,{NN1~P~2~002}
nn03g01.jpg,89878,93d46c0f,\Pictures\003\,{NN1~P~3~003}
nn03g02.jpg,90353,23c123da,\Pictures\003\,{NN1~P~3~003}
nn03g03.jpg,98427,5a5a5094,\Pictures\003\,{NN1~P~3~003}
nn03g04.jpg,83873,ca1d8186,\Pictures\003\,{NN1~P~3~003}
nn03g05.jpg,104019,4e01eecf,\Pictures\003\,{NN1~P~3~003}
nn03g06.jpg,100598,b4d4392f,\Pictures\003\,{NN1~P~3~003}
nn03g07.jpg,108864,5f0673c5,\Pictures\003\,{NN1~P~3~003}
nn03g08.jpg,112809,24ac7afc,\Pictures\003\,{NN1~P~3~003}
nn03g09.jpg,94340,4af4bd69,\Pictures\003\,{NN1~P~3~003}
nn03g10.jpg,96632,1ec1df95,\Pictures\003\,{NN1~P~3~003}
nn03g11.jpg,107564,5dc403c6,\Pictures\003\,{NN1~P~3~003}
nn03g12.jpg,104022,9a2d8fcf,\Pictures\003\,{NN1~P~3~003}
nn03g13.jpg,105982,39676174,\Pictures\003\,{NN1~P~3~003}
nn03g14.jpg,97635,efcf12c8,\Pictures\003\,{NN1~P~3~003}
nn03g15.jpg,99913,b933e0d1,\Pictures\003\,{NN1~P~3~003}
nn03g16.jpg,101204,57b8d24f,\Pictures\003\,{NN1~P~3~003}
nn03g17.jpg,88068,f22a9efe,\Pictures\003\,{NN1~P~3~003}
nn03g18.jpg,104540,40058c5b,\Pictures\003\,{NN1~P~3~003}
nn03g19.jpg,92993,6792a778,\Pictures\003\,{NN1~P~3~003}
nn03g20.jpg,89836,36b84ad6,\Pictures\003\,{NN1~P~3~003}
nn03g21.jpg,94016,32bc14ad,\Pictures\003\,{NN1~P~3~003}
nn03g22.jpg,92202,5b52cc69,\Pictures\003\,{NN1~P~3~003}
nn03g23.jpg,86237,b0e729b9,\Pictures\003\,{NN1~P~3~003}
nn03g24.jpg,79453,31cb134e,\Pictures\003\,{NN1~P~3~003}
nn03g25.jpg,83892,22343c19,\Pictures\003\,{NN1~P~3~003}
nn03g26.jpg,98346,15f76251,\Pictures\003\,{NN1~P~3~003}
nn03g27.jpg,99578,5f0fb744,\Pictures\003\,{NN1~P~3~003}
nn03g28.jpg,86583,acddc5f9,\Pictures\003\,{NN1~P~3~003}
nn03g29.jpg,91190,c3d4181c,\Pictures\003\,{NN1~P~3~003}
nn03g30.jpg,88082,ef4700aa,\Pictures\003\,{NN1~P~3~003}
nn03g31.jpg,95199,5f5d8dda,\Pictures\003\,{NN1~P~3~003}
nn03g32.jpg,76109,c77a30ee,\Pictures\003\,{NN1~P~3~003}
nn03g33.jpg,81869,6aa28f62,\Pictures\003\,{NN1~P~3~003}
nn03g34.jpg,78232,f4071c83,\Pictures\003\,{NN1~P~3~003}
nn03g35.jpg,84641,4bd966be,\Pictures\003\,{NN1~P~3~003}
nn03g36.jpg,76418,23ef59ff,\Pictures\003\,{NN1~P~3~003}
nn03g37.jpg,74952,da68f8df,\Pictures\003\,{NN1~P~3~003}
nn03g38.jpg,79047,f758704b,\Pictures\003\,{NN1~P~3~003}
nn03g39.jpg,80793,a4ee8b7b,\Pictures\003\,{NN1~P~3~003}
nn03g40.jpg,88048,9e0402e5,\Pictures\003\,{NN1~P~3~003}
nn03g41.jpg,93822,fa8a7c63,\Pictures\003\,{NN1~P~3~003}
nn03g42.jpg,93074,9b2df1e5,\Pictures\003\,{NN1~P~3~003}
nn03g43.jpg,98634,537effe4,\Pictures\003\,{NN1~P~3~003}
nn04g01.jpg,84851,1afa9e02,\Pictures\004\,{NN1~P~4~004}
nn04g02.jpg,92380,acf9fe4c,\Pictures\004\,{NN1~P~4~004}
nn04g03.jpg,96759,967aa6d5,\Pictures\004\,{NN1~P~4~004}
nn04g04.jpg,99733,0901393c,\Pictures\004\,{NN1~P~4~004}
nn04g05.jpg,92394,a4b3bbf7,\Pictures\004\,{NN1~P~4~004}
nn04g06.jpg,88828,34b05767,\Pictures\004\,{NN1~P~4~004}
nn04g07.jpg,76648,9f3f1822,\Pictures\004\,{NN1~P~4~004}
nn04g08.jpg,75752,f4c48d38,\Pictures\004\,{NN1~P~4~004}
nn04g09.jpg,98226,c9a742e5,\Pictures\004\,{NN1~P~4~004}
nn04g10.jpg,104748,877fb6b3,\Pictures\004\,{NN1~P~4~004}
nn04g11.jpg,105258,6c3b826f,\Pictures\004\,{NN1~P~4~004}
nn04g12.jpg,106461,4b7773b6,\Pictures\004\,{NN1~P~4~004}
nn04g13.jpg,103957,a0c4530e,\Pictures\004\,{NN1~P~4~004}
nn04g14.jpg,105224,8b69b501,\Pictures\004\,{NN1~P~4~004}
nn04g15.jpg,102119,ee727f1a,\Pictures\004\,{NN1~P~4~004}
nn04g16.jpg,104587,e9b3f66d,\Pictures\004\,{NN1~P~4~004}
nn04g17.jpg,108174,dffb9f31,\Pictures\004\,{NN1~P~4~004}
nn04g18.jpg,109289,eebe01e1,\Pictures\004\,{NN1~P~4~004}
nn04g19.jpg,103437,50a704c4,\Pictures\004\,{NN1~P~4~004}
nn04g20.jpg,102781,006ca3d8,\Pictures\004\,{NN1~P~4~004}
nn04g21.jpg,100139,427597d5,\Pictures\004\,{NN1~P~4~004}
nn04g22.jpg,105099,7c09e49d,\Pictures\004\,{NN1~P~4~004}
nn04g23.jpg,100997,4a9b609d,\Pictures\004\,{NN1~P~4~004}
nn04g24.jpg,102450,ff98ab51,\Pictures\004\,{NN1~P~4~004}
nn04g25.jpg,98484,160fb293,\Pictures\004\,{NN1~P~4~004}
nn04g26.jpg,92295,a72521b4,\Pictures\004\,{NN1~P~4~004}
nn04g27.jpg,93874,33836488,\Pictures\004\,{NN1~P~4~004}
nn04g28.jpg,98351,d1e531d8,\Pictures\004\,{NN1~P~4~004}
nn04g29.jpg,96065,422ec248,\Pictures\004\,{NN1~P~4~004}
nn04g30.jpg,92040,a5ab8eae,\Pictures\004\,{NN1~P~4~004}
nn04g31.jpg,84763,e14316ba,\Pictures\004\,{NN1~P~4~004}
nn04g32.jpg,87069,398bc14a,\Pictures\004\,{NN1~P~4~004}
nn04g33.jpg,93549,35128387,\Pictures\004\,{NN1~P~4~004}
nn05g01.jpg,85711,1ddf0276,\Pictures\005\,{NN1~P~5~005}
nn05g02.jpg,88215,2bc496af,\Pictures\005\,{NN1~P~5~005}
nn05g03.jpg,82669,bbc0c951,\Pictures\005\,{NN1~P~5~005}
nn05g04.jpg,69113,9a466f38,\Pictures\005\,{NN1~P~5~005}
nn05g05.jpg,85888,75dd0f5b,\Pictures\005\,{NN1~P~5~005}
nn05g06.jpg,85331,9a8088eb,\Pictures\005\,{NN1~P~5~005}
nn05g07.jpg,88952,6ae9d35f,\Pictures\005\,{NN1~P~5~005}
nn05g08.jpg,90202,b8a52710,\Pictures\005\,{NN1~P~5~005}
nn05g09.jpg,85702,e1a0c3bf,\Pictures\005\,{NN1~P~5~005}
nn05g10.jpg,80194,d02d5e23,\Pictures\005\,{NN1~P~5~005}
nn05g11.jpg,71573,79f81544,\Pictures\005\,{NN1~P~5~005}
nn05g12.jpg,83394,a271f0e6,\Pictures\005\,{NN1~P~5~005}
nn05g13.jpg,85520,cf5d8864,\Pictures\005\,{NN1~P~5~005}
nn05g14.jpg,82885,1afde543,\Pictures\005\,{NN1~P~5~005}
nn05g15.jpg,80185,076375fe,\Pictures\005\,{NN1~P~5~005}
nn05g16.jpg,74896,431d0982,\Pictures\005\,{NN1~P~5~005}
nn05g17.jpg,81226,a2f19831,\Pictures\005\,{NN1~P~5~005}
nn05g18.jpg,82141,52911d03,\Pictures\005\,{NN1~P~5~005}
nn05g19.jpg,86786,741f49e8,\Pictures\005\,{NN1~P~5~005}
nn05g20.jpg,85488,033bdef8,\Pictures\005\,{NN1~P~5~005}
nn05g21.jpg,89729,f281d701,\Pictures\005\,{NN1~P~5~005}
nn05g22.jpg,88123,7eaea183,\Pictures\005\,{NN1~P~5~005}
nn05g23.jpg,73846,422c08f6,\Pictures\005\,{NN1~P~5~005}
nn05g24.jpg,90023,f097b9e7,\Pictures\005\,{NN1~P~5~005}
nn05g25.jpg,89756,20bd7002,\Pictures\005\,{NN1~P~5~005}
nn05g26.jpg,70889,e66a1f74,\Pictures\005\,{NN1~P~5~005}
nn05g27.jpg,70973,c95fae84,\Pictures\005\,{NN1~P~5~005}
nn05g28.jpg,77974,24761dcd,\Pictures\005\,{NN1~P~5~005}
nn05g29.jpg,86340,c8c93249,\Pictures\005\,{NN1~P~5~005}
nn05g30.jpg,75128,b4f4f8f3,\Pictures\005\,{NN1~P~5~005}
nn05g31.jpg,91628,f3b7ad88,\Pictures\005\,{NN1~P~5~005}
nn05g32.jpg,88672,e2e85e2c,\Pictures\005\,{NN1~P~5~005}
nn05g33.jpg,77633,f097d8e5,\Pictures\005\,{NN1~P~5~005}
nn05g34.jpg,79724,86802412,\Pictures\005\,{NN1~P~5~005}
nn05g35.jpg,78859,2330dea9,\Pictures\005\,{NN1~P~5~005}
nn05g36.jpg,82667,44f84199,\Pictures\005\,{NN1~P~5~005}
nn05g37.jpg,87077,020d6fe9,\Pictures\005\,{NN1~P~5~005}
nn05g38.jpg,101873,9331d800,\Pictures\005\,{NN1~P~5~005}
nn05g39.jpg,83822,8fc8c507,\Pictures\005\,{NN1~P~5~005}
nn05g40.jpg,82024,b97f44a8,\Pictures\005\,{NN1~P~5~005}
nn06g01.jpg,80501,657e35b7,\Pictures\006\,{NN1~P~6~006}
nn06g02.jpg,80587,872651f4,\Pictures\006\,{NN1~P~6~006}
nn06g03.jpg,67153,b3fd6153,\Pictures\006\,{NN1~P~6~006}
nn06g04.jpg,79560,614ac3fc,\Pictures\006\,{NN1~P~6~006}
nn06g05.jpg,75416,e5ce55e8,\Pictures\006\,{NN1~P~6~006}
nn06g06.jpg,68487,ef328462,\Pictures\006\,{NN1~P~6~006}
nn06g07.jpg,84994,229e2d9c,\Pictures\006\,{NN1~P~6~006}
nn06g08.jpg,80654,0a564f5e,\Pictures\006\,{NN1~P~6~006}
nn06g09.jpg,70282,e51a04c5,\Pictures\006\,{NN1~P~6~006}
nn06g10.jpg,73334,d646867d,\Pictures\006\,{NN1~P~6~006}
nn06g11.jpg,94366,3e9d0680,\Pictures\006\,{NN1~P~6~006}
nn06g12.jpg,94553,cdea86e5,\Pictures\006\,{NN1~P~6~006}
nn06g13.jpg,87198,abc05cfd,\Pictures\006\,{NN1~P~6~006}
nn06g14.jpg,88993,c6d8ee18,\Pictures\006\,{NN1~P~6~006}
nn06g15.jpg,83545,ff310446,\Pictures\006\,{NN1~P~6~006}
nn06g16.jpg,73132,5ebc8eaa,\Pictures\006\,{NN1~P~6~006}
nn06g17.jpg,110274,ed5b2e43,\Pictures\006\,{NN1~P~6~006}
nn06g18.jpg,110135,9befa9cd,\Pictures\006\,{NN1~P~6~006}
nn06g19.jpg,117321,40a6b3fa,\Pictures\006\,{NN1~P~6~006}
nn06g20.jpg,60038,ee42603c,\Pictures\006\,{NN1~P~6~006}
nn06g21.jpg,83897,5694efe9,\Pictures\006\,{NN1~P~6~006}
nn06g22.jpg,89582,3ce8a501,\Pictures\006\,{NN1~P~6~006}
nn07g01.jpg,99237,291c3695,\Pictures\007\,{NN1~P~7~007}
nn07g02.jpg,102050,3bcffe8e,\Pictures\007\,{NN1~P~7~007}
nn07g03.jpg,80819,7943ac3e,\Pictures\007\,{NN1~P~7~007}
nn07g04.jpg,95373,2f223e53,\Pictures\007\,{NN1~P~7~007}
nn07g05.jpg,96133,9fa31ec0,\Pictures\007\,{NN1~P~7~007}
nn07g06.jpg,83757,13920ba2,\Pictures\007\,{NN1~P~7~007}
nn07g07.jpg,102234,621fc12e,\Pictures\007\,{NN1~P~7~007}
nn07g08.jpg,106192,795c1866,\Pictures\007\,{NN1~P~7~007}
nn07g09.jpg,89592,f1e5e243,\Pictures\007\,{NN1~P~7~007}
nn07g10.jpg,88626,db83bf0b,\Pictures\007\,{NN1~P~7~007}
nn07g11.jpg,72549,8f28de48,\Pictures\007\,{NN1~P~7~007}
nn07g12.jpg,87041,1096120f,\Pictures\007\,{NN1~P~7~007}
nn07g13.jpg,84365,3a076ddd,\Pictures\007\,{NN1~P~7~007}
nn07g14.jpg,117053,c4d86b25,\Pictures\007\,{NN1~P~7~007}
nn07g15.jpg,128999,bd1c7de6,\Pictures\007\,{NN1~P~7~007}
nn07g16.jpg,125935,9407e0e5,\Pictures\007\,{NN1~P~7~007}
nn07g17.jpg,127972,318134e3,\Pictures\007\,{NN1~P~7~007}
nn07g18.jpg,109137,6a5f8004,\Pictures\007\,{NN1~P~7~007}
nn07g19.jpg,129694,c2ebe94d,\Pictures\007\,{NN1~P~7~007}
nn07g20.jpg,97580,f470c884,\Pictures\007\,{NN1~P~7~007}
nn07g21.jpg,124450,928c945a,\Pictures\007\,{NN1~P~7~007}
nn07g22.jpg,115543,8b337976,\Pictures\007\,{NN1~P~7~007}
nn07g23.jpg,119808,5c8dac49,\Pictures\007\,{NN1~P~7~007}
nn07g24.jpg,130011,66b93a08,\Pictures\007\,{NN1~P~7~007}
nn07g25.jpg,128269,481d891e,\Pictures\007\,{NN1~P~7~007}
nn07g26.jpg,127517,818fb987,\Pictures\007\,{NN1~P~7~007}
nn07g27.jpg,130630,978a297d,\Pictures\007\,{NN1~P~7~007}
nn07g28.jpg,119570,ff876a1a,\Pictures\007\,{NN1~P~7~007}
nn07g29.jpg,133974,f18ef5c0,\Pictures\007\,{NN1~P~7~007}
nn07g30.jpg,126057,08b26695,\Pictures\007\,{NN1~P~7~007}
nn07g31.jpg,126175,215b2ac1,\Pictures\007\,{NN1~P~7~007}
nn07g32.jpg,120557,16d27907,\Pictures\007\,{NN1~P~7~007}
nn07g33.jpg,126042,914d4f37,\Pictures\007\,{NN1~P~7~007}
nn07g34.jpg,134677,7fa55fc7,\Pictures\007\,{NN1~P~7~007}
nn08g01.jpg,76670,1ae94b1d,\Pictures\008\,{NN1~P~8~008}
nn08g02.jpg,56246,acb56201,\Pictures\008\,{NN1~P~8~008}
nn08g03.jpg,62939,a14eced6,\Pictures\008\,{NN1~P~8~008}
nn08g04.jpg,86697,01508965,\Pictures\008\,{NN1~P~8~008}
nn08g05.jpg,90045,8653818d,\Pictures\008\,{NN1~P~8~008}
nn08g06.jpg,64208,6b661d13,\Pictures\008\,{NN1~P~8~008}
nn08g07.jpg,62943,564dc82d,\Pictures\008\,{NN1~P~8~008}
nn08g08.jpg,61488,1f6e1c29,\Pictures\008\,{NN1~P~8~008}
nn08g09.jpg,91935,ce2be700,\Pictures\008\,{NN1~P~8~008}
nn08g10.jpg,67926,0072b0ab,\Pictures\008\,{NN1~P~8~008}
nn08g11.jpg,77977,e5385844,\Pictures\008\,{NN1~P~8~008}
nn08g12.jpg,95459,71726465,\Pictures\008\,{NN1~P~8~008}
nn08g13.jpg,74553,8eb1c2a1,\Pictures\008\,{NN1~P~8~008}
nn08g14.jpg,64019,649ede41,\Pictures\008\,{NN1~P~8~008}
nn08g15.jpg,98444,5f36a084,\Pictures\008\,{NN1~P~8~008}
nn08g16.jpg,105067,db4dfd80,\Pictures\008\,{NN1~P~8~008}
nn08g17.jpg,102190,44a2e846,\Pictures\008\,{NN1~P~8~008}
nn08g18.jpg,114288,83408c9e,\Pictures\008\,{NN1~P~8~008}
nn08g19.jpg,94268,a29fa724,\Pictures\008\,{NN1~P~8~008}
nn08g20.jpg,74315,b93c846c,\Pictures\008\,{NN1~P~8~008}
nn08g21.jpg,92455,562d1c36,\Pictures\008\,{NN1~P~8~008}
nn08g22.jpg,105669,7af79922,\Pictures\008\,{NN1~P~8~008}
nn08g23.jpg,96938,fc0cb5c0,\Pictures\008\,{NN1~P~8~008}
nn08g24.jpg,110935,91459e1c,\Pictures\008\,{NN1~P~8~008}
nn09g01.jpg,64958,f0e3404e,\Pictures\009\,{NN1~P~9~009}
nn09g02.jpg,73399,fc761da0,\Pictures\009\,{NN1~P~9~009}
nn09g03.jpg,76669,87ec18e6,\Pictures\009\,{NN1~P~9~009}
nn09g04.jpg,64719,615409da,\Pictures\009\,{NN1~P~9~009}
nn09g05.jpg,53076,6d79f1a9,\Pictures\009\,{NN1~P~9~009}
nn09g06.jpg,61638,29de7ee6,\Pictures\009\,{NN1~P~9~009}
nn09g07.jpg,73110,0564e110,\Pictures\009\,{NN1~P~9~009}
nn09g08.jpg,67016,5cf4be07,\Pictures\009\,{NN1~P~9~009}
nn09g09.jpg,85175,fa8c0d27,\Pictures\009\,{NN1~P~9~009}
nn09g10.jpg,71724,8a1b74ab,\Pictures\009\,{NN1~P~9~009}
nn09g11.jpg,56776,f2eedfd9,\Pictures\009\,{NN1~P~9~009}
nn09g12.jpg,100839,9da67d8e,\Pictures\009\,{NN1~P~9~009}
nn09g13.jpg,67656,fa8026c5,\Pictures\009\,{NN1~P~9~009}
nn09g14.jpg,62573,10109081,\Pictures\009\,{NN1~P~9~009}
nn09g15.jpg,55102,5e4cfdd1,\Pictures\009\,{NN1~P~9~009}
nn09g16.jpg,63396,8fdc608f,\Pictures\009\,{NN1~P~9~009}
nn09g17.jpg,54840,c49a6985,\Pictures\009\,{NN1~P~9~009}
nn09g18.jpg,79997,37207923,\Pictures\009\,{NN1~P~9~009}
nn09g19.jpg,103037,f2a642b5,\Pictures\009\,{NN1~P~9~009}
nn09g20.jpg,66709,c08368e6,\Pictures\009\,{NN1~P~9~009}
nn09g21.jpg,76584,fb71a2bf,\Pictures\009\,{NN1~P~9~009}
nn09g22.jpg,85974,296690b7,\Pictures\009\,{NN1~P~9~009}
nn09g23.jpg,78370,f4ac52e7,\Pictures\009\,{NN1~P~9~009}
nn09g24.jpg,73891,e1091d39,\Pictures\009\,{NN1~P~9~009}
nn09g25.jpg,70572,8ac78827,\Pictures\009\,{NN1~P~9~009}
nn09g26.jpg,77311,f7447a5a,\Pictures\009\,{NN1~P~9~009}
nn09g27.jpg,72662,6b1acc3f,\Pictures\009\,{NN1~P~9~009}
nn09g28.jpg,68911,e33aaaad,\Pictures\009\,{NN1~P~9~009}
nn09g29.jpg,68790,fd8ea105,\Pictures\009\,{NN1~P~9~009}
nn09g30.jpg,85263,794e9757,\Pictures\009\,{NN1~P~9~009}
nn09g31.jpg,66728,704cb546,\Pictures\009\,{NN1~P~9~009}
nn09g32.jpg,77280,6ce6e53a,\Pictures\009\,{NN1~P~9~009}
nn09g33.jpg,73734,30896e2a,\Pictures\009\,{NN1~P~9~009}
nn09g34.jpg,112290,be9455ba,\Pictures\009\,{NN1~P~9~009}
nn09g35.jpg,115198,399d52ed,\Pictures\009\,{NN1~P~9~009}
nn09g36.jpg,93968,76111fb6,\Pictures\009\,{NN1~P~9~009}
nn09g37.jpg,102822,0f33ccd0,\Pictures\009\,{NN1~P~9~009}
nn10g01.jpg,148365,31c9de12,\Pictures\010\,{NN1~P~10~010}
nn10g02.jpg,136489,2b6d3457,\Pictures\010\,{NN1~P~10~010}
nn10g03.jpg,139083,1b98dca7,\Pictures\010\,{NN1~P~10~010}
nn10g04.jpg,142632,2ec62edc,\Pictures\010\,{NN1~P~10~010}
nn10g05.jpg,165492,7ecd97dc,\Pictures\010\,{NN1~P~10~010}
nn10g06.jpg,174679,c073ba59,\Pictures\010\,{NN1~P~10~010}
nn10g07.jpg,167069,1e9916fb,\Pictures\010\,{NN1~P~10~010}
nn10g08.jpg,169143,26c83a0d,\Pictures\010\,{NN1~P~10~010}
nn10g09.jpg,175565,bbf6406e,\Pictures\010\,{NN1~P~10~010}
nn10g10.jpg,167932,5546c60d,\Pictures\010\,{NN1~P~10~010}
nn10g11.jpg,148106,d705fad2,\Pictures\010\,{NN1~P~10~010}
nn10g12.jpg,141375,04ddae4f,\Pictures\010\,{NN1~P~10~010}
nn10g13.jpg,131517,4cb07dbe,\Pictures\010\,{NN1~P~10~010}
nn10g14.jpg,138079,7ebdf4fa,\Pictures\010\,{NN1~P~10~010}
nn10g15.jpg,128555,04099311,\Pictures\010\,{NN1~P~10~010}
nn10g16.jpg,156746,a344aed1,\Pictures\010\,{NN1~P~10~010}
nn10g17.jpg,133375,9288f579,\Pictures\010\,{NN1~P~10~010}
nn10g18.jpg,137704,cd49d40f,\Pictures\010\,{NN1~P~10~010}
nn10g19.jpg,120350,7e4c2ab5,\Pictures\010\,{NN1~P~10~010}
nn10g20.jpg,131601,9bb544d8,\Pictures\010\,{NN1~P~10~010}
nn10g21.jpg,153938,7479c572,\Pictures\010\,{NN1~P~10~010}
nn10g22.jpg,160879,411149e9,\Pictures\010\,{NN1~P~10~010}
nn10g23.jpg,143526,399f3379,\Pictures\010\,{NN1~P~10~010}
nn10g24.jpg,162385,2ab2c89d,\Pictures\010\,{NN1~P~10~010}
nn10g25.jpg,168336,668fea01,\Pictures\010\,{NN1~P~10~010}
nn10g26.jpg,165346,53688e9a,\Pictures\010\,{NN1~P~10~010}
nn10g27.jpg,148642,7ff64b3f,\Pictures\010\,{NN1~P~10~010}
nn10g28.jpg,147525,ae909389,\Pictures\010\,{NN1~P~10~010}
nn10g29.jpg,163461,9821747a,\Pictures\010\,{NN1~P~10~010}
nn10g30.jpg,147300,ed9beadd,\Pictures\010\,{NN1~P~10~010}
nn10g31.jpg,170993,cc3ac8e7,\Pictures\010\,{NN1~P~10~010}
nn10g32.jpg,145896,16f704b4,\Pictures\010\,{NN1~P~10~010}
nn10g33.jpg,149452,1b6f1e44,\Pictures\010\,{NN1~P~10~010}
nn11g01.jpg,76511,b9c37776,\Pictures\011\,{NN1~P~11~011}
nn11g02.jpg,88325,9c16c1e5,\Pictures\011\,{NN1~P~11~011}
nn11g03.jpg,70201,6cadaa98,\Pictures\011\,{NN1~P~11~011}
nn11g04.jpg,87419,645d2a05,\Pictures\011\,{NN1~P~11~011}
nn11g05.jpg,85056,59d865d2,\Pictures\011\,{NN1~P~11~011}
nn11g06.jpg,89354,4b9e9dc5,\Pictures\011\,{NN1~P~11~011}
nn11g07.jpg,145022,388bf74e,\Pictures\011\,{NN1~P~11~011}
nn11g08.jpg,144348,1884fb25,\Pictures\011\,{NN1~P~11~011}
nn11g09.jpg,150966,4c636e4e,\Pictures\011\,{NN1~P~11~011}
nn11g10.jpg,143690,dd50590f,\Pictures\011\,{NN1~P~11~011}
nn11g11.jpg,145460,fb14d7f3,\Pictures\011\,{NN1~P~11~011}
nn11g12.jpg,139353,ff0348a8,\Pictures\011\,{NN1~P~11~011}
nn11g13.jpg,129395,302ace9f,\Pictures\011\,{NN1~P~11~011}
nn11g14.jpg,147779,cc19cd68,\Pictures\011\,{NN1~P~11~011}
nn11g15.jpg,136798,15e6093c,\Pictures\011\,{NN1~P~11~011}
nn11g16.jpg,125355,eee2c2e0,\Pictures\011\,{NN1~P~11~011}
nn11g17.jpg,121402,c0df4bbd,\Pictures\011\,{NN1~P~11~011}
nn11g18.jpg,151626,36049ce8,\Pictures\011\,{NN1~P~11~011}
nn11g19.jpg,135237,4a2ffe8c,\Pictures\011\,{NN1~P~11~011}
nn11g20.jpg,125843,104daaf1,\Pictures\011\,{NN1~P~11~011}
nn11g21.jpg,142076,eb706e5e,\Pictures\011\,{NN1~P~11~011}
nn11g22.jpg,153957,0330a241,\Pictures\011\,{NN1~P~11~011}
nn11g23.jpg,157034,b17f211c,\Pictures\011\,{NN1~P~11~011}
nn11g24.jpg,131869,00629145,\Pictures\011\,{NN1~P~11~011}
nn11g25.jpg,133398,1defcd79,\Pictures\011\,{NN1~P~11~011}
nn11g26.jpg,132409,da995063,\Pictures\011\,{NN1~P~11~011}
nn11g27.jpg,136311,f6b56e38,\Pictures\011\,{NN1~P~11~011}
nn11g28.jpg,155583,31094da3,\Pictures\011\,{NN1~P~11~011}
nn11g29.jpg,152274,a753dc79,\Pictures\011\,{NN1~P~11~011}
nn11g30.jpg,148858,99f80ca8,\Pictures\011\,{NN1~P~11~011}
nn11g31.jpg,142485,dfb7d89f,\Pictures\011\,{NN1~P~11~011}
nn11g32.jpg,123079,9f4d5af2,\Pictures\011\,{NN1~P~11~011}
nn11g33.jpg,132451,e80a61ea,\Pictures\011\,{NN1~P~11~011}
nn11g34.jpg,139370,27a3a216,\Pictures\011\,{NN1~P~11~011}
nn11g35.jpg,134657,b2ee3a68,\Pictures\011\,{NN1~P~11~011}
nn11g36.jpg,121271,6507c324,\Pictures\011\,{NN1~P~11~011}
nn11g37.jpg,145763,b61ee1cb,\Pictures\011\,{NN1~P~11~011}
nn11g38.jpg,137923,2212e768,\Pictures\011\,{NN1~P~11~011}
nn11g39.jpg,129097,a31c1c75,\Pictures\011\,{NN1~P~11~011}
nn11g40.jpg,138547,bc0aa9e3,\Pictures\011\,{NN1~P~11~011}
nn11g41.jpg,135712,e4f72825,\Pictures\011\,{NN1~P~11~011}
nn11g42.jpg,121384,45f90f48,\Pictures\011\,{NN1~P~11~011}
nn11g43.jpg,134488,f418c66a,\Pictures\011\,{NN1~P~11~011}
nn11g44.jpg,145068,fae68aba,\Pictures\011\,{NN1~P~11~011}
nn11g45.jpg,133339,457296dc,\Pictures\011\,{NN1~P~11~011}
nn11g46.jpg,144493,374c985a,\Pictures\011\,{NN1~P~11~011}
nn11g47.jpg,140084,85aa3d17,\Pictures\011\,{NN1~P~11~011}
nn12g01.jpg,125974,3846313a,\Pictures\012\,{NN1~P~12~012}
nn12g02.jpg,153608,ccc332e7,\Pictures\012\,{NN1~P~12~012}
nn12g03.jpg,139920,f23dc412,\Pictures\012\,{NN1~P~12~012}
nn12g04.jpg,133353,2cf77aa1,\Pictures\012\,{NN1~P~12~012}
nn12g05.jpg,150633,24bc0d99,\Pictures\012\,{NN1~P~12~012}
nn12g06.jpg,167235,8d08b992,\Pictures\012\,{NN1~P~12~012}
nn12g07.jpg,108000,53da2d8a,\Pictures\012\,{NN1~P~12~012}
nn12g08.jpg,133884,31e765fa,\Pictures\012\,{NN1~P~12~012}
nn12g09.jpg,132229,965b365d,\Pictures\012\,{NN1~P~12~012}
nn12g10.jpg,175505,7f615dca,\Pictures\012\,{NN1~P~12~012}
nn12g11.jpg,126312,a963d2da,\Pictures\012\,{NN1~P~12~012}
nn12g12.jpg,143168,cc26fcc6,\Pictures\012\,{NN1~P~12~012}
nn13g01.jpg,165982,0fd9e327,\Pictures\013\,{NN1~P~13~013}
nn13g02.jpg,116247,4f099ed1,\Pictures\013\,{NN1~P~13~013}
nn13g03.jpg,163677,39d862e2,\Pictures\013\,{NN1~P~13~013}
nn13g04.jpg,99779,7201391a,\Pictures\013\,{NN1~P~13~013}
nn13g05.jpg,121155,ac53c904,\Pictures\013\,{NN1~P~13~013}
nn13g06.jpg,152060,295fbcc4,\Pictures\013\,{NN1~P~13~013}
nn13g07.jpg,166452,f647c834,\Pictures\013\,{NN1~P~13~013}
nn13g08.jpg,125147,8b102aa2,\Pictures\013\,{NN1~P~13~013}
nn13g09.jpg,131798,1275c3eb,\Pictures\013\,{NN1~P~13~013}
nn13g10.jpg,120016,414e2e55,\Pictures\013\,{NN1~P~13~013}
nn13g11.jpg,169807,4a34ae9c,\Pictures\013\,{NN1~P~13~013}
nn13g12.jpg,167790,80fae66a,\Pictures\013\,{NN1~P~13~013}
nn13g13.jpg,162277,b85f5f61,\Pictures\013\,{NN1~P~13~013}
nn13g14.jpg,157328,454d36c1,\Pictures\013\,{NN1~P~13~013}
nn13g15.jpg,165794,96a54ae8,\Pictures\013\,{NN1~P~13~013}
nn13g16.jpg,120844,ae526af9,\Pictures\013\,{NN1~P~13~013}
nn13g17.jpg,146012,3cd02e41,\Pictures\013\,{NN1~P~13~013}
nn13g18.jpg,147509,a28c41a3,\Pictures\013\,{NN1~P~13~013}
nn13g19.jpg,169985,a2acacdf,\Pictures\013\,{NN1~P~13~013}
nn13g20.jpg,170558,774b408b,\Pictures\013\,{NN1~P~13~013}
nn13g21.jpg,183125,f227e4ba,\Pictures\013\,{NN1~P~13~013}
nn13g22.jpg,167613,d0c42ed5,\Pictures\013\,{NN1~P~13~013}
nn13g23.jpg,168343,04819525,\Pictures\013\,{NN1~P~13~013}
nn13g24.jpg,169359,babfb90a,\Pictures\013\,{NN1~P~13~013}
nn13g25.jpg,171909,eee8049e,\Pictures\013\,{NN1~P~13~013}
nn13g26.jpg,171812,011f2970,\Pictures\013\,{NN1~P~13~013}
nn13g27.jpg,167896,2cd662fa,\Pictures\013\,{NN1~P~13~013}
nn13g28.jpg,164031,6fe63830,\Pictures\013\,{NN1~P~13~013}
nn13g29.jpg,173435,93608b1f,\Pictures\013\,{NN1~P~13~013}
nn13g30.jpg,174644,4a8b1341,\Pictures\013\,{NN1~P~13~013}
nn13g31.jpg,173726,51509383,\Pictures\013\,{NN1~P~13~013}
nn13g32.jpg,125706,fc4011ee,\Pictures\013\,{NN1~P~13~013}
nn13g33.jpg,167102,8c286329,\Pictures\013\,{NN1~P~13~013}
nn13g34.jpg,138136,6cd70231,\Pictures\013\,{NN1~P~13~013}
nn13g35.jpg,168011,5e1a77b3,\Pictures\013\,{NN1~P~13~013}
nn13g36.jpg,169437,7c693282,\Pictures\013\,{NN1~P~13~013}
nn13g37.jpg,168672,30e8c4ce,\Pictures\013\,{NN1~P~13~013}
nn13g38.jpg,123726,27db0749,\Pictures\013\,{NN1~P~13~013}
nn13g39.jpg,100580,7c72cd15,\Pictures\013\,{NN1~P~13~013}
nn13g40.jpg,168968,f9d13516,\Pictures\013\,{NN1~P~13~013}
nn14g01.jpg,94588,879a61c1,\Pictures\014\,{NN1~P~14~014}
nn14g02.jpg,114482,d0188ac3,\Pictures\014\,{NN1~P~14~014}
nn14g03.jpg,107527,87e504a3,\Pictures\014\,{NN1~P~14~014}
nn14g04.jpg,109385,129c2a74,\Pictures\014\,{NN1~P~14~014}
nn14g05.jpg,88181,5693d2a2,\Pictures\014\,{NN1~P~14~014}
nn14g06.jpg,96611,f3bbe641,\Pictures\014\,{NN1~P~14~014}
nn14g07.jpg,93966,9715b2ec,\Pictures\014\,{NN1~P~14~014}
nn14g08.jpg,100086,01c415ad,\Pictures\014\,{NN1~P~14~014}
nn14g09.jpg,93030,62ed2faf,\Pictures\014\,{NN1~P~14~014}
nn14g10.jpg,106845,e8396798,\Pictures\014\,{NN1~P~14~014}
nn14g11.jpg,108590,d0c2b76a,\Pictures\014\,{NN1~P~14~014}
nn14g12.jpg,86640,692d4e17,\Pictures\014\,{NN1~P~14~014}
nn14g13.jpg,115492,f5e31950,\Pictures\014\,{NN1~P~14~014}
nn14g14.jpg,104457,5ddcf94f,\Pictures\014\,{NN1~P~14~014}
nn14g15.jpg,117112,1da298a2,\Pictures\014\,{NN1~P~14~014}
nn14g16.jpg,114458,a258c7f5,\Pictures\014\,{NN1~P~14~014}
nn14g17.jpg,101028,28c95890,\Pictures\014\,{NN1~P~14~014}
nn14g18.jpg,94800,7b5a34e2,\Pictures\014\,{NN1~P~14~014}
nn14g19.jpg,94883,cdc62577,\Pictures\014\,{NN1~P~14~014}
nn14g20.jpg,90437,63d9651b,\Pictures\014\,{NN1~P~14~014}
nn14g21.jpg,94684,6bbaae3d,\Pictures\014\,{NN1~P~14~014}
nn14g22.jpg,90855,b30254e2,\Pictures\014\,{NN1~P~14~014}
nn14g23.jpg,97680,b8c38cf3,\Pictures\014\,{NN1~P~14~014}
nn14g24.jpg,101063,2e849dc5,\Pictures\014\,{NN1~P~14~014}
nn14g25.jpg,161260,e37c7e60,\Pictures\014\,{NN1~P~14~014}
nn14g26.jpg,167119,aaabd4bc,\Pictures\014\,{NN1~P~14~014}
nn14g27.jpg,152523,1949efc0,\Pictures\014\,{NN1~P~14~014}
nn14g28.jpg,151519,3f4c1d36,\Pictures\014\,{NN1~P~14~014}
nn14g29.jpg,152276,52479b8f,\Pictures\014\,{NN1~P~14~014}
nn14g30.jpg,89484,f1626965,\Pictures\014\,{NN1~P~14~014}
nn14g31.jpg,96966,0e428da0,\Pictures\014\,{NN1~P~14~014}
nn14g32.jpg,99049,b0aee9d9,\Pictures\014\,{NN1~P~14~014}
nn14g33.jpg,101713,50cae139,\Pictures\014\,{NN1~P~14~014}
nn15g01.jpg,135382,75e4b7d7,\Pictures\015\,{NN1~P~15~015}
nn15g02.jpg,132598,927b1bec,\Pictures\015\,{NN1~P~15~015}
nn15g03.jpg,112799,5a158876,\Pictures\015\,{NN1~P~15~015}
nn15g04.jpg,99292,97ea692b,\Pictures\015\,{NN1~P~15~015}
nn15g05.jpg,161410,687c02c8,\Pictures\015\,{NN1~P~15~015}
nn15g06.jpg,163938,c9f1d883,\Pictures\015\,{NN1~P~15~015}
nn15g07.jpg,175094,7f637dcd,\Pictures\015\,{NN1~P~15~015}
nn15g08.jpg,135047,e8717050,\Pictures\015\,{NN1~P~15~015}
nn15g09.jpg,173413,6f046592,\Pictures\015\,{NN1~P~15~015}
nn15g10.jpg,150592,27ce3530,\Pictures\015\,{NN1~P~15~015}
nn15g11.jpg,126433,23511318,\Pictures\015\,{NN1~P~15~015}
nn15g12.jpg,132944,f6b1e6d3,\Pictures\015\,{NN1~P~15~015}
nn15g13.jpg,149345,039d27d0,\Pictures\015\,{NN1~P~15~015}
nn15g14.jpg,145036,09d037e2,\Pictures\015\,{NN1~P~15~015}
nn15g15.jpg,185432,af629eea,\Pictures\015\,{NN1~P~15~015}
nn15g16.jpg,182940,9c044081,\Pictures\015\,{NN1~P~15~015}
nn15g17.jpg,164544,439bc6ee,\Pictures\015\,{NN1~P~15~015}
nn15g18.jpg,140411,17a1ef69,\Pictures\015\,{NN1~P~15~015}
nn15g19.jpg,154593,009b88a3,\Pictures\015\,{NN1~P~15~015}
nn15g20.jpg,161820,29f32e2b,\Pictures\015\,{NN1~P~15~015}
nn15g21.jpg,153913,5e6f4eb9,\Pictures\015\,{NN1~P~15~015}
nn15g22.jpg,174670,10033acf,\Pictures\015\,{NN1~P~15~015}
nn15g23.jpg,118703,8fcdad30,\Pictures\015\,{NN1~P~15~015}
nn15g24.jpg,172964,60b54826,\Pictures\015\,{NN1~P~15~015}
nn15g25.jpg,175690,71bad654,\Pictures\015\,{NN1~P~15~015}
nn15g26.jpg,140870,10436d07,\Pictures\015\,{NN1~P~15~015}
nn15g27.jpg,101999,5949b3d3,\Pictures\015\,{NN1~P~15~015}
nn15g28.jpg,122388,45feb884,\Pictures\015\,{NN1~P~15~015}
nn15g29.jpg,99685,285fb60b,\Pictures\015\,{NN1~P~15~015}
nn15g30.jpg,90329,261f5341,\Pictures\015\,{NN1~P~15~015}
nn15g31.jpg,94584,5fb34af3,\Pictures\015\,{NN1~P~15~015}
nn15g32.jpg,106939,865d325e,\Pictures\015\,{NN1~P~15~015}
nn15g33.jpg,103905,ddcd5fda,\Pictures\015\,{NN1~P~15~015}
nn15g34.jpg,164643,2f7364d6,\Pictures\015\,{NN1~P~15~015}
nn15g35.jpg,154102,e7e6a3d3,\Pictures\015\,{NN1~P~15~015}
nn15g36.jpg,156154,23cf64da,\Pictures\015\,{NN1~P~15~015}
nn15g37.jpg,161617,bd98fa1f,\Pictures\015\,{NN1~P~15~015}
nn15g38.jpg,167244,92302555,\Pictures\015\,{NN1~P~15~015}
nn15g39.jpg,172566,b664f29f,\Pictures\015\,{NN1~P~15~015}
nn15g40.jpg,173010,6e0d9112,\Pictures\015\,{NN1~P~15~015}
nn15g41.jpg,165906,4b10c16b,\Pictures\015\,{NN1~P~15~015}
nn15g42.jpg,162413,cb7d454d,\Pictures\015\,{NN1~P~15~015}
nn15g43.jpg,170158,1fe39171,\Pictures\015\,{NN1~P~15~015}
nn15g44.jpg,167854,80fe9004,\Pictures\015\,{NN1~P~15~015}
nn15g45.jpg,166422,c3113bf4,\Pictures\015\,{NN1~P~15~015}
nn15g46.jpg,171153,45cb291d,\Pictures\015\,{NN1~P~15~015}
nn15g47.jpg,165926,96aa8924,\Pictures\015\,{NN1~P~15~015}
nn15g48.jpg,174484,1d07b121,\Pictures\015\,{NN1~P~15~015}
nn15g49.jpg,170976,ec0b6ad5,\Pictures\015\,{NN1~P~15~015}
nn15g50.jpg,164002,651de536,\Pictures\015\,{NN1~P~15~015}
nn15g51.jpg,172695,0f606d2d,\Pictures\015\,{NN1~P~15~015}
nn15g52.jpg,157734,729ac2f7,\Pictures\015\,{NN1~P~15~015}
nn16g01.jpg,152089,33991452,\Pictures\016\,{NN1~P~16~016}
nn16g02.jpg,89354,e60a3fa1,\Pictures\016\,{NN1~P~16~016}
nn16g03.jpg,157626,968a9379,\Pictures\016\,{NN1~P~16~016}
nn16g04.jpg,150792,508750df,\Pictures\016\,{NN1~P~16~016}
nn16g05.jpg,154592,0c0a4b2a,\Pictures\016\,{NN1~P~16~016}
nn16g06.jpg,154465,e828b223,\Pictures\016\,{NN1~P~16~016}
nn16g07.jpg,107684,d0242e02,\Pictures\016\,{NN1~P~16~016}
nn16g08.jpg,152516,736d95de,\Pictures\016\,{NN1~P~16~016}
nn16g09.jpg,158603,17c63a6d,\Pictures\016\,{NN1~P~16~016}
nn16g10.jpg,101805,076c5a0a,\Pictures\016\,{NN1~P~16~016}
nn16g11.jpg,98194,fc9fcf9d,\Pictures\016\,{NN1~P~16~016}
nn16g12.jpg,112869,846eb5de,\Pictures\016\,{NN1~P~16~016}
nn16g13.jpg,90744,e5f69996,\Pictures\016\,{NN1~P~16~016}
nn16g14.jpg,89192,b5a2df58,\Pictures\016\,{NN1~P~16~016}
nn16g15.jpg,87318,6b8f5ca8,\Pictures\016\,{NN1~P~16~016}
nn16g16.jpg,93209,20273fb2,\Pictures\016\,{NN1~P~16~016}
nn16g17.jpg,100357,7a8dfb2a,\Pictures\016\,{NN1~P~16~016}
nn16g18.jpg,111081,a9f583ee,\Pictures\016\,{NN1~P~16~016}
nn16g19.jpg,109948,619a2232,\Pictures\016\,{NN1~P~16~016}
nn16g20.jpg,95811,66361a15,\Pictures\016\,{NN1~P~16~016}
nn16g21.jpg,91211,512f7874,\Pictures\016\,{NN1~P~16~016}
nn16g22.jpg,92053,5ac1fc92,\Pictures\016\,{NN1~P~16~016}
nn16g23.jpg,86598,15074ad5,\Pictures\016\,{NN1~P~16~016}
nn16g24.jpg,92243,159d3319,\Pictures\016\,{NN1~P~16~016}
nn16g25.jpg,95676,a46883e3,\Pictures\016\,{NN1~P~16~016}
nn16g26.jpg,162241,6c2c24f3,\Pictures\016\,{NN1~P~16~016}
nn16g27.jpg,149725,8361f93f,\Pictures\016\,{NN1~P~16~016}
nn16g28.jpg,83333,863dc4b5,\Pictures\016\,{NN1~P~16~016}
nn16g29.jpg,82618,c247c230,\Pictures\016\,{NN1~P~16~016}
nn16g30.jpg,94733,80fc35c3,\Pictures\016\,{NN1~P~16~016}
nn17g01.jpg,305099,18374440,\Pictures\017\,{NN1~P~17~017}
nn17g02.jpg,297511,8805cd5b,\Pictures\017\,{NN1~P~17~017}
nn17g03.jpg,299519,4f3beb32,\Pictures\017\,{NN1~P~17~017}
nn17g04.jpg,279560,209b13da,\Pictures\017\,{NN1~P~17~017}
nn17g05.jpg,306408,595e63cd,\Pictures\017\,{NN1~P~17~017}
nn17g06.jpg,313972,1a6f8585,\Pictures\017\,{NN1~P~17~017}
nn17g07.jpg,310210,195610ef,\Pictures\017\,{NN1~P~17~017}
nn17g08.jpg,307212,1e9fdcb4,\Pictures\017\,{NN1~P~17~017}
nn17g09.jpg,309756,4b2a20f8,\Pictures\017\,{NN1~P~17~017}
nn17g10.jpg,302629,2603c1be,\Pictures\017\,{NN1~P~17~017}
nn17g11.jpg,290140,9f948867,\Pictures\017\,{NN1~P~17~017}
nn17g12.jpg,310820,8c7220be,\Pictures\017\,{NN1~P~17~017}
nn17g13.jpg,298706,71cfddf8,\Pictures\017\,{NN1~P~17~017}
nn17g14.jpg,294657,aa694c2b,\Pictures\017\,{NN1~P~17~017}
nn17g15.jpg,292325,102e2c90,\Pictures\017\,{NN1~P~17~017}
nn17g16.jpg,299592,ca13eb23,\Pictures\017\,{NN1~P~17~017}
nn17g17.jpg,297726,e60891f5,\Pictures\017\,{NN1~P~17~017}
nn17g18.jpg,298421,042c4288,\Pictures\017\,{NN1~P~17~017}
nn17g19.jpg,301484,f9aaadb8,\Pictures\017\,{NN1~P~17~017}
nn17g20.jpg,301246,be5b3cdc,\Pictures\017\,{NN1~P~17~017}
nn17g21.jpg,305645,203d1fe0,\Pictures\017\,{NN1~P~17~017}
nn17g22.jpg,291734,3d2c3d18,\Pictures\017\,{NN1~P~17~017}
nn17g23.jpg,304468,643c9360,\Pictures\017\,{NN1~P~17~017}
nn17g24.jpg,299322,628bf3c9,\Pictures\017\,{NN1~P~17~017}
nn17g25.jpg,300803,2b66d3cb,\Pictures\017\,{NN1~P~17~017}
nn17g26.jpg,288030,dbbfde84,\Pictures\017\,{NN1~P~17~017}
nn17g27.jpg,299259,bfa01494,\Pictures\017\,{NN1~P~17~017}
nn17g28.jpg,306231,0939f7f6,\Pictures\017\,{NN1~P~17~017}
nn17g29.jpg,306239,783f210f,\Pictures\017\,{NN1~P~17~017}
nn17g30.jpg,288720,0f296ca3,\Pictures\017\,{NN1~P~17~017}
nn17g31.jpg,272057,59861fa5,\Pictures\017\,{NN1~P~17~017}
nn17g32.jpg,286766,30946184,\Pictures\017\,{NN1~P~17~017}
nn17g33.jpg,129295,e68509f2,\Pictures\017\,{NN1~P~17~017}
nn18g09.jpg,294998,94edb81e,\Pictures\017\,{NN1~P~17~017}
nn18g01.jpg,301553,29608986,\Pictures\018\,{NN1~P~18~018}
nn18g02.jpg,304812,803373b4,\Pictures\018\,{NN1~P~18~018}
nn18g03.jpg,293024,67628d18,\Pictures\018\,{NN1~P~18~018}
nn18g04.jpg,293488,b1fdcc96,\Pictures\018\,{NN1~P~18~018}
nn18g05.jpg,296768,6122bcb5,\Pictures\018\,{NN1~P~18~018}
nn18g06.jpg,297494,de251969,\Pictures\018\,{NN1~P~18~018}
nn18g07.jpg,295788,0bf826ae,\Pictures\018\,{NN1~P~18~018}
nn18g08.jpg,290141,21887d83,\Pictures\018\,{NN1~P~18~018}
nn18g10.jpg,300111,bcd1bf80,\Pictures\018\,{NN1~P~18~018}
nn18g11.jpg,290992,4b5f3d0b,\Pictures\018\,{NN1~P~18~018}
nn18g12.jpg,299897,e4ff44c1,\Pictures\018\,{NN1~P~18~018}
nn18g13.jpg,292641,3159d965,\Pictures\018\,{NN1~P~18~018}
nn18g14.jpg,302657,f615db67,\Pictures\018\,{NN1~P~18~018}
nn18g15.jpg,298001,6dfd50af,\Pictures\018\,{NN1~P~18~018}
nn18g16.jpg,299885,a8c831b4,\Pictures\018\,{NN1~P~18~018}
nn18g17.jpg,250327,86767d00,\Pictures\018\,{NN1~P~18~018}
nn18g18.jpg,291948,e7503093,\Pictures\018\,{NN1~P~18~018}
nn18g19.jpg,323969,7a7d16c3,\Pictures\018\,{NN1~P~18~018}
nn18g20.jpg,321635,f4360abb,\Pictures\018\,{NN1~P~18~018}
nn18g21.jpg,300574,e5a8797c,\Pictures\018\,{NN1~P~18~018}
nn18g22.jpg,300736,cb575f71,\Pictures\018\,{NN1~P~18~018}
nn18g23.jpg,282912,71f208d8,\Pictures\018\,{NN1~P~18~018}
nn18g24.jpg,282435,2685a583,\Pictures\018\,{NN1~P~18~018}
nn18g25.jpg,292244,4bb61638,\Pictures\018\,{NN1~P~18~018}
nn18g26.jpg,302929,6ba13b39,\Pictures\018\,{NN1~P~18~018}
nn18g27.jpg,300378,296d7836,\Pictures\018\,{NN1~P~18~018}
nn18g28.jpg,304426,600c3618,\Pictures\018\,{NN1~P~18~018}
nn18g29.jpg,308989,e445b436,\Pictures\018\,{NN1~P~18~018}
nn18g30.jpg,307008,bf6c1551,\Pictures\018\,{NN1~P~18~018}
nn18g31.jpg,312208,6bc63ca9,\Pictures\018\,{NN1~P~18~018}
nn18g32.jpg,280221,20ece076,\Pictures\018\,{NN1~P~18~018}
nn18g33.jpg,298071,f4c4b2c9,\Pictures\018\,{NN1~P~18~018}
nn18g34.jpg,292026,60608e33,\Pictures\018\,{NN1~P~18~018}
nn18g35.jpg,285715,901e397d,\Pictures\018\,{NN1~P~18~018}
nn18g36.jpg,290095,2de2bd69,\Pictures\018\,{NN1~P~18~018}
nn18g37.jpg,278129,d93d0fbc,\Pictures\018\,{NN1~P~18~018}
nn19g01.jpg,311301,289d7c96,\Pictures\019\,{NN1~P~19~019}
nn19g02.jpg,304459,3149fa7e,\Pictures\019\,{NN1~P~19~019}
nn19g03.jpg,295444,2d67aab3,\Pictures\019\,{NN1~P~19~019}
nn19g04.jpg,296488,2ffab780,\Pictures\019\,{NN1~P~19~019}
nn19g05.jpg,291004,9f73e6a2,\Pictures\019\,{NN1~P~19~019}
nn19g06.jpg,296478,7dd1faf6,\Pictures\019\,{NN1~P~19~019}
nn19g07.jpg,284771,6b956759,\Pictures\019\,{NN1~P~19~019}
nn19g08.jpg,286532,cd571000,\Pictures\019\,{NN1~P~19~019}
nn19g09.jpg,292268,c86f3bd4,\Pictures\019\,{NN1~P~19~019}
nn19g10.jpg,290987,8b2f1cfa,\Pictures\019\,{NN1~P~19~019}
nn19g11.jpg,283591,ea7605c1,\Pictures\019\,{NN1~P~19~019}
nn19g12.jpg,307950,d3516e67,\Pictures\019\,{NN1~P~19~019}
nn19g13.jpg,303989,f0b6db5b,\Pictures\019\,{NN1~P~19~019}
nn19g14.jpg,311293,73a98859,\Pictures\019\,{NN1~P~19~019}
nn19g15.jpg,307503,3699eddf,\Pictures\019\,{NN1~P~19~019}
nn19g16.jpg,294402,33b5bc57,\Pictures\019\,{NN1~P~19~019}
nn19g17.jpg,290058,b76e5a12,\Pictures\019\,{NN1~P~19~019}
nn19g18.jpg,308564,84955738,\Pictures\019\,{NN1~P~19~019}
nn19g19.jpg,310130,fe762532,\Pictures\019\,{NN1~P~19~019}
nn19g20.jpg,291407,6ddc2455,\Pictures\019\,{NN1~P~19~019}
nn19g21.jpg,301994,3673b784,\Pictures\019\,{NN1~P~19~019}
nn19g22.jpg,268635,22d32bb3,\Pictures\019\,{NN1~P~19~019}
nn19g23.jpg,279014,8acf7e25,\Pictures\019\,{NN1~P~19~019}
nn19g24.jpg,277041,d9485a9d,\Pictures\019\,{NN1~P~19~019}
nn19g25.jpg,289454,86e8542c,\Pictures\019\,{NN1~P~19~019}