sofiasanders_epichc.rd001.jpg,667093,a73e32e0,\2021-01\06 - Sofia Sanders\,{TG40-05~2021-01~YT0Y9L2X~06 - Sofia Sanders}
sofiasanders_epichc.rd002.jpg,602213,a442117f,\2021-01\06 - Sofia Sanders\,{TG40-05~2021-01~YT0Y9L2X~06 - Sofia Sanders}
sofiasanders_epichc.rd003.jpg,567995,ad2bb33d,\2021-01\06 - Sofia Sanders\,{TG40-05~2021-01~YT0Y9L2X~06 - Sofia Sanders}
sofiasanders_epichc.rd004.jpg,774608,18534c9a,\2021-01\06 - Sofia Sanders\,{TG40-05~2021-01~YT0Y9L2X~06 - Sofia Sanders}
sofiasanders_epichc.rd005.jpg,623396,dfc9aff4,\2021-01\06 - Sofia Sanders\,{TG40-05~2021-01~YT0Y9L2X~06 - Sofia Sanders}
sofiasanders_epichc.rd006.jpg,955342,fefde002,\2021-01\06 - Sofia Sanders\,{TG40-05~2021-01~YT0Y9L2X~06 - Sofia Sanders}
sofiasanders_epichc.rd007.jpg,968766,5f4b03f5,\2021-01\06 - Sofia Sanders\,{TG40-05~2021-01~YT0Y9L2X~06 - Sofia Sanders}
sofiasanders_epichc.rd008.jpg,700989,326458a1,\2021-01\06 - Sofia Sanders\,{TG40-05~2021-01~YT0Y9L2X~06 - Sofia Sanders}
sofiasanders_epichc.rd009.jpg,777061,438cc0f6,\2021-01\06 - Sofia Sanders\,{TG40-05~2021-01~YT0Y9L2X~06 - Sofia Sanders}
sofiasanders_epichc.rd010.jpg,797946,3c02b5ee,\2021-01\06 - Sofia Sanders\,{TG40-05~2021-01~YT0Y9L2X~06 - Sofia Sanders}
sofiasanders_epichc.rd011.jpg,831634,02e0ccdf,\2021-01\06 - Sofia Sanders\,{TG40-05~2021-01~YT0Y9L2X~06 - Sofia Sanders}
sofiasanders_epichc.rd012.jpg,641344,e0325f51,\2021-01\06 - Sofia Sanders\,{TG40-05~2021-01~YT0Y9L2X~06 - Sofia Sanders}
sofiasanders_epichc.rd013.jpg,621438,5a201a5a,\2021-01\06 - Sofia Sanders\,{TG40-05~2021-01~YT0Y9L2X~06 - Sofia Sanders}
sofiasanders_epichc.rd014.jpg,662949,c2b5832b,\2021-01\06 - Sofia Sanders\,{TG40-05~2021-01~YT0Y9L2X~06 - Sofia Sanders}
sofiasanders_epichc.rd015.jpg,644434,8142b1d2,\2021-01\06 - Sofia Sanders\,{TG40-05~2021-01~YT0Y9L2X~06 - Sofia Sanders}
sofiasanders_epichc.rd016.jpg,433691,9a39bf27,\2021-01\06 - Sofia Sanders\,{TG40-05~2021-01~YT0Y9L2X~06 - Sofia Sanders}
sofiasanders_epichc.rd017.jpg,831614,c2267a92,\2021-01\06 - Sofia Sanders\,{TG40-05~2021-01~YT0Y9L2X~06 - Sofia Sanders}
sofiasanders_epichc.rd018.jpg,956577,942ff550,\2021-01\06 - Sofia Sanders\,{TG40-05~2021-01~YT0Y9L2X~06 - Sofia Sanders}
sofiasanders_epichc.rd019.jpg,860363,e7ff45e6,\2021-01\06 - Sofia Sanders\,{TG40-05~2021-01~YT0Y9L2X~06 - Sofia Sanders}
sofiasanders_epichc.rd020.jpg,871684,48f3ab20,\2021-01\06 - Sofia Sanders\,{TG40-05~2021-01~YT0Y9L2X~06 - Sofia Sanders}
sofiasanders_epichc.rd021.jpg,826661,0f64e19a,\2021-01\06 - Sofia Sanders\,{TG40-05~2021-01~YT0Y9L2X~06 - Sofia Sanders}
sofiasanders_epichc.rd022.jpg,873670,4008d660,\2021-01\06 - Sofia Sanders\,{TG40-05~2021-01~YT0Y9L2X~06 - Sofia Sanders}
sofiasanders_epichc.rd023.jpg,725076,e72029dc,\2021-01\06 - Sofia Sanders\,{TG40-05~2021-01~YT0Y9L2X~06 - Sofia Sanders}
sofiasanders_epichc.rd024.jpg,727321,5e8dc096,\2021-01\06 - Sofia Sanders\,{TG40-05~2021-01~YT0Y9L2X~06 - Sofia Sanders}
sofiasanders_epichc.rd025.jpg,780495,940a07c6,\2021-01\06 - Sofia Sanders\,{TG40-05~2021-01~YT0Y9L2X~06 - Sofia Sanders}
sofiasanders_epichc.rd026.jpg,821650,19ed0b3d,\2021-01\06 - Sofia Sanders\,{TG40-05~2021-01~YT0Y9L2X~06 - Sofia Sanders}
sofiasanders_epichc.rd027.jpg,706576,7aef9747,\2021-01\06 - Sofia Sanders\,{TG40-05~2021-01~YT0Y9L2X~06 - Sofia Sanders}
sofiasanders_epichc.rd028.jpg,733359,d46675ec,\2021-01\06 - Sofia Sanders\,{TG40-05~2021-01~YT0Y9L2X~06 - Sofia Sanders}
sofiasanders_epichc.rd029.jpg,711828,636c7d88,\2021-01\06 - Sofia Sanders\,{TG40-05~2021-01~YT0Y9L2X~06 - Sofia Sanders}
sofiasanders_epichc.rd030.jpg,775713,fda79891,\2021-01\06 - Sofia Sanders\,{TG40-05~2021-01~YT0Y9L2X~06 - Sofia Sanders}
sofiasanders_epichc.rd031.jpg,862129,63af165e,\2021-01\06 - Sofia Sanders\,{TG40-05~2021-01~YT0Y9L2X~06 - Sofia Sanders}
sofiasanders_epichc.rd032.jpg,841786,555221c9,\2021-01\06 - Sofia Sanders\,{TG40-05~2021-01~YT0Y9L2X~06 - Sofia Sanders}
sofiasanders_epichc.rd033.jpg,852617,4e68263f,\2021-01\06 - Sofia Sanders\,{TG40-05~2021-01~YT0Y9L2X~06 - Sofia Sanders}
sofiasanders_epichc.rd034.jpg,817578,992288a7,\2021-01\06 - Sofia Sanders\,{TG40-05~2021-01~YT0Y9L2X~06 - Sofia Sanders}
sofiasanders_epichc.rd035.jpg,767281,938a20a8,\2021-01\06 - Sofia Sanders\,{TG40-05~2021-01~YT0Y9L2X~06 - Sofia Sanders}
sofiasanders_epichc.rd036.jpg,816809,925393e8,\2021-01\06 - Sofia Sanders\,{TG40-05~2021-01~YT0Y9L2X~06 - Sofia Sanders}
sofiasanders_epichc.rd037.jpg,822341,698154ed,\2021-01\06 - Sofia Sanders\,{TG40-05~2021-01~YT0Y9L2X~06 - Sofia Sanders}
sofiasanders_epichc.rd038.jpg,739694,80b27dcc,\2021-01\06 - Sofia Sanders\,{TG40-05~2021-01~YT0Y9L2X~06 - Sofia Sanders}
sofiasanders_epichc.rd039.jpg,748250,04a2adb3,\2021-01\06 - Sofia Sanders\,{TG40-05~2021-01~YT0Y9L2X~06 - Sofia Sanders}
sofiasanders_epichc.rd040.jpg,654380,bd32a830,\2021-01\06 - Sofia Sanders\,{TG40-05~2021-01~YT0Y9L2X~06 - Sofia Sanders}
sofiasanders_epichc.rd041.jpg,609795,3b4770ef,\2021-01\06 - Sofia Sanders\,{TG40-05~2021-01~YT0Y9L2X~06 - Sofia Sanders}
sofiasanders_epichc.rd042.jpg,1034925,27e96521,\2021-01\06 - Sofia Sanders\,{TG40-05~2021-01~YT0Y9L2X~06 - Sofia Sanders}
sofiasanders_epichc.rd043.jpg,911389,8ff1aff4,\2021-01\06 - Sofia Sanders\,{TG40-05~2021-01~YT0Y9L2X~06 - Sofia Sanders}
sofiasanders_epichc.rd044.jpg,830262,b154feef,\2021-01\06 - Sofia Sanders\,{TG40-05~2021-01~YT0Y9L2X~06 - Sofia Sanders}
sofiasanders_epichc.rd045.jpg,871706,9da99451,\2021-01\06 - Sofia Sanders\,{TG40-05~2021-01~YT0Y9L2X~06 - Sofia Sanders}
sofiasanders_epichc.rd046.jpg,918201,335c56f2,\2021-01\06 - Sofia Sanders\,{TG40-05~2021-01~YT0Y9L2X~06 - Sofia Sanders}
sofiasanders_epichc.rd047.jpg,908255,b63aff60,\2021-01\06 - Sofia Sanders\,{TG40-05~2021-01~YT0Y9L2X~06 - Sofia Sanders}
sofiasanders_epichc.rd048.jpg,920478,465ac3ef,\2021-01\06 - Sofia Sanders\,{TG40-05~2021-01~YT0Y9L2X~06 - Sofia Sanders}
sofiasanders_epichc.rd049.jpg,912131,136941bf,\2021-01\06 - Sofia Sanders\,{TG40-05~2021-01~YT0Y9L2X~06 - Sofia Sanders}
sofiasanders_epichc.rd050.jpg,886181,d99fe3dc,\2021-01\06 - Sofia Sanders\,{TG40-05~2021-01~YT0Y9L2X~06 - Sofia Sanders}
sofiasanders_epichc.rd051.jpg,923245,e3fb6107,\2021-01\06 - Sofia Sanders\,{TG40-05~2021-01~YT0Y9L2X~06 - Sofia Sanders}
sofiasanders_epichc.rd052.jpg,747638,34cd4933,\2021-01\06 - Sofia Sanders\,{TG40-05~2021-01~YT0Y9L2X~06 - Sofia Sanders}
sofiasanders_epichc.rd053.jpg,856561,25e17091,\2021-01\06 - Sofia Sanders\,{TG40-05~2021-01~YT0Y9L2X~06 - Sofia Sanders}
sofiasanders_epichc.rd054.jpg,886721,b8b5d6e4,\2021-01\06 - Sofia Sanders\,{TG40-05~2021-01~YT0Y9L2X~06 - Sofia Sanders}
sofiasanders_epichc.rd055.jpg,796664,816764bf,\2021-01\06 - Sofia Sanders\,{TG40-05~2021-01~YT0Y9L2X~06 - Sofia Sanders}
sofiasanders_epichc.rd056.jpg,835119,56fe2ca5,\2021-01\06 - Sofia Sanders\,{TG40-05~2021-01~YT0Y9L2X~06 - Sofia Sanders}
sofiasanders_epichc.rd057.jpg,841322,15ed62eb,\2021-01\06 - Sofia Sanders\,{TG40-05~2021-01~YT0Y9L2X~06 - Sofia Sanders}
sofiasanders_epichc.rd058.jpg,883780,cb81de75,\2021-01\06 - Sofia Sanders\,{TG40-05~2021-01~YT0Y9L2X~06 - Sofia Sanders}
sofiasanders_epichc.rd059.jpg,762216,67ba986c,\2021-01\06 - Sofia Sanders\,{TG40-05~2021-01~YT0Y9L2X~06 - Sofia Sanders}
sofiasanders_epichc.rd060.jpg,754470,97055acb,\2021-01\06 - Sofia Sanders\,{TG40-05~2021-01~YT0Y9L2X~06 - Sofia Sanders}
sofiasanders_epichc.rd061.jpg,683203,af79d833,\2021-01\06 - Sofia Sanders\,{TG40-05~2021-01~YT0Y9L2X~06 - Sofia Sanders}
sofiasanders_epichc.rd062.jpg,713522,d0f9d9fa,\2021-01\06 - Sofia Sanders\,{TG40-05~2021-01~YT0Y9L2X~06 - Sofia Sanders}
sofiasanders_epichc.rd063.jpg,711293,0dce0308,\2021-01\06 - Sofia Sanders\,{TG40-05~2021-01~YT0Y9L2X~06 - Sofia Sanders}
sofiasanders_epichc.rd064.jpg,697082,f126f7b6,\2021-01\06 - Sofia Sanders\,{TG40-05~2021-01~YT0Y9L2X~06 - Sofia Sanders}
sofiasanders_epichc.rd065.jpg,806969,d535e49d,\2021-01\06 - Sofia Sanders\,{TG40-05~2021-01~YT0Y9L2X~06 - Sofia Sanders}
sofiasanders_epichc.rd066.jpg,991409,f8781862,\2021-01\06 - Sofia Sanders\,{TG40-05~2021-01~YT0Y9L2X~06 - Sofia Sanders}
sofiasanders_epichc.rd067.jpg,714622,a1128ca6,\2021-01\06 - Sofia Sanders\,{TG40-05~2021-01~YT0Y9L2X~06 - Sofia Sanders}
sofiasanders_epichc.rd068.jpg,824260,725a7bc9,\2021-01\06 - Sofia Sanders\,{TG40-05~2021-01~YT0Y9L2X~06 - Sofia Sanders}
sofiasanders_epichc.rd069.jpg,734678,448fe01f,\2021-01\06 - Sofia Sanders\,{TG40-05~2021-01~YT0Y9L2X~06 - Sofia Sanders}
sofiasanders_epichc.rd070.jpg,813128,8bf5673a,\2021-01\06 - Sofia Sanders\,{TG40-05~2021-01~YT0Y9L2X~06 - Sofia Sanders}
sofiasanders_epichc.rd071.jpg,753026,2c400c72,\2021-01\06 - Sofia Sanders\,{TG40-05~2021-01~YT0Y9L2X~06 - Sofia Sanders}
sofiasanders_epichc.rd072.jpg,869174,89096a5a,\2021-01\06 - Sofia Sanders\,{TG40-05~2021-01~YT0Y9L2X~06 - Sofia Sanders}
sofiasanders_epichc.rd073.jpg,754144,01d5cde8,\2021-01\06 - Sofia Sanders\,{TG40-05~2021-01~YT0Y9L2X~06 - Sofia Sanders}
sofiasanders_epichc.rd074.jpg,670897,37ec0f12,\2021-01\06 - Sofia Sanders\,{TG40-05~2021-01~YT0Y9L2X~06 - Sofia Sanders}
sofiasanders_epichc.rd075.jpg,810581,bcb5add7,\2021-01\06 - Sofia Sanders\,{TG40-05~2021-01~YT0Y9L2X~06 - Sofia Sanders}
sofiasanders_epichc.rd076.jpg,900728,de7a58d4,\2021-01\06 - Sofia Sanders\,{TG40-05~2021-01~YT0Y9L2X~06 - Sofia Sanders}
sofiasanders_epichc.rd077.jpg,634646,258d2d74,\2021-01\06 - Sofia Sanders\,{TG40-05~2021-01~YT0Y9L2X~06 - Sofia Sanders}
sofiasanders_epichc.rd078.jpg,753875,c323e0ff,\2021-01\06 - Sofia Sanders\,{TG40-05~2021-01~YT0Y9L2X~06 - Sofia Sanders}
sofiasanders_epichc.rd079.jpg,813939,93b618de,\2021-01\06 - Sofia Sanders\,{TG40-05~2021-01~YT0Y9L2X~06 - Sofia Sanders}
sofiasanders_epichc.rd080.jpg,716919,881e8454,\2021-01\06 - Sofia Sanders\,{TG40-05~2021-01~YT0Y9L2X~06 - Sofia Sanders}
sofiasanders_epichc.rd081.jpg,844765,462a1990,\2021-01\06 - Sofia Sanders\,{TG40-05~2021-01~YT0Y9L2X~06 - Sofia Sanders}
sofiasanders_epichc.rd082.jpg,934404,cbee4ffd,\2021-01\06 - Sofia Sanders\,{TG40-05~2021-01~YT0Y9L2X~06 - Sofia Sanders}
sofiasanders_epichc.rd083.jpg,803360,3712523c,\2021-01\06 - Sofia Sanders\,{TG40-05~2021-01~YT0Y9L2X~06 - Sofia Sanders}
sofiasanders_epichc.rd084.jpg,861495,a358f678,\2021-01\06 - Sofia Sanders\,{TG40-05~2021-01~YT0Y9L2X~06 - Sofia Sanders}
sofiasanders_epichc.rd085.jpg,802550,2b4fd382,\2021-01\06 - Sofia Sanders\,{TG40-05~2021-01~YT0Y9L2X~06 - Sofia Sanders}
sofiasanders_epichc.rd086.jpg,789583,1636c810,\2021-01\06 - Sofia Sanders\,{TG40-05~2021-01~YT0Y9L2X~06 - Sofia Sanders}
sofiasanders_epichc.rd087.jpg,576905,bf4a3673,\2021-01\06 - Sofia Sanders\,{TG40-05~2021-01~YT0Y9L2X~06 - Sofia Sanders}
sofiasanders_epichc.rd088.jpg,678705,327b119e,\2021-01\06 - Sofia Sanders\,{TG40-05~2021-01~YT0Y9L2X~06 - Sofia Sanders}
sofiasanders_epichc.rd089.jpg,754518,7b579a30,\2021-01\06 - Sofia Sanders\,{TG40-05~2021-01~YT0Y9L2X~06 - Sofia Sanders}
sofiasanders_epichc.rd090.jpg,1024619,197bc1e4,\2021-01\06 - Sofia Sanders\,{TG40-05~2021-01~YT0Y9L2X~06 - Sofia Sanders}
sofiasanders_epichc.rd091.jpg,977992,28228071,\2021-01\06 - Sofia Sanders\,{TG40-05~2021-01~YT0Y9L2X~06 - Sofia Sanders}
sofiasanders_epichc.rd092.jpg,656328,9698a74e,\2021-01\06 - Sofia Sanders\,{TG40-05~2021-01~YT0Y9L2X~06 - Sofia Sanders}
sofiasanders_epichc.rd093.jpg,821180,f0922311,\2021-01\06 - Sofia Sanders\,{TG40-05~2021-01~YT0Y9L2X~06 - Sofia Sanders}
sofiasanders_epichc.rd094.jpg,1016047,917a90d1,\2021-01\06 - Sofia Sanders\,{TG40-05~2021-01~YT0Y9L2X~06 - Sofia Sanders}
sofiasanders_epichc.rd095.jpg,758937,dff01a69,\2021-01\06 - Sofia Sanders\,{TG40-05~2021-01~YT0Y9L2X~06 - Sofia Sanders}
sofiasanders_epichc.rd096.jpg,645201,c0ae89a9,\2021-01\06 - Sofia Sanders\,{TG40-05~2021-01~YT0Y9L2X~06 - Sofia Sanders}
sofiasanders_epichc.rd097.jpg,835190,9f1b17ce,\2021-01\06 - Sofia Sanders\,{TG40-05~2021-01~YT0Y9L2X~06 - Sofia Sanders}
sofiasanders_epichc.rd098.jpg,750092,d9cac643,\2021-01\06 - Sofia Sanders\,{TG40-05~2021-01~YT0Y9L2X~06 - Sofia Sanders}
sofiasanders_epichc.rd099.jpg,820622,cc6ef121,\2021-01\06 - Sofia Sanders\,{TG40-05~2021-01~YT0Y9L2X~06 - Sofia Sanders}
sofiasanders_epichc.rd100.jpg,807196,b20c1851,\2021-01\06 - Sofia Sanders\,{TG40-05~2021-01~YT0Y9L2X~06 - Sofia Sanders}
sofiasanders_epichc.rd101.jpg,711382,845cfcb2,\2021-01\06 - Sofia Sanders\,{TG40-05~2021-01~YT0Y9L2X~06 - Sofia Sanders}
sofiasanders_epichc.rd102.jpg,686674,8228feb7,\2021-01\06 - Sofia Sanders\,{TG40-05~2021-01~YT0Y9L2X~06 - Sofia Sanders}
sofiasanders_epichc.rd103.jpg,751471,632ea708,\2021-01\06 - Sofia Sanders\,{TG40-05~2021-01~YT0Y9L2X~06 - Sofia Sanders}
sofiasanders_epichc.rd104.jpg,696588,fd2ba944,\2021-01\06 - Sofia Sanders\,{TG40-05~2021-01~YT0Y9L2X~06 - Sofia Sanders}
sofiasanders_epichc.rd105.jpg,952400,bbb4a5e5,\2021-01\06 - Sofia Sanders\,{TG40-05~2021-01~YT0Y9L2X~06 - Sofia Sanders}
sofiasanders_epichc.rd106.jpg,1002354,c499b682,\2021-01\06 - Sofia Sanders\,{TG40-05~2021-01~YT0Y9L2X~06 - Sofia Sanders}
sofiasanders_epichc.rd107.jpg,778407,5fbc38b1,\2021-01\06 - Sofia Sanders\,{TG40-05~2021-01~YT0Y9L2X~06 - Sofia Sanders}
sofiasanders_epichc.rd108.jpg,641752,04b54cc4,\2021-01\06 - Sofia Sanders\,{TG40-05~2021-01~YT0Y9L2X~06 - Sofia Sanders}
sofiasanders_epichc.rd109.jpg,796152,07ec7849,\2021-01\06 - Sofia Sanders\,{TG40-05~2021-01~YT0Y9L2X~06 - Sofia Sanders}
sofiasanders_epichc.rd110.jpg,667359,d4f61c69,\2021-01\06 - Sofia Sanders\,{TG40-05~2021-01~YT0Y9L2X~06 - Sofia Sanders}
sofiasanders_epichc.rd111.jpg,813300,7a4201b7,\2021-01\06 - Sofia Sanders\,{TG40-05~2021-01~YT0Y9L2X~06 - Sofia Sanders}
sofiasanders_epichc.rd112.jpg,794975,4dcef1b8,\2021-01\06 - Sofia Sanders\,{TG40-05~2021-01~YT0Y9L2X~06 - Sofia Sanders}
sofiasanders_epichc.rd113.jpg,762679,516332a0,\2021-01\06 - Sofia Sanders\,{TG40-05~2021-01~YT0Y9L2X~06 - Sofia Sanders}
sofiasanders_epichc.rd114.jpg,749769,513682f1,\2021-01\06 - Sofia Sanders\,{TG40-05~2021-01~YT0Y9L2X~06 - Sofia Sanders}
sofiasanders_epichc.rd115.jpg,782499,b8921528,\2021-01\06 - Sofia Sanders\,{TG40-05~2021-01~YT0Y9L2X~06 - Sofia Sanders}
sofiasanders_epichc.rd116.jpg,792531,f0529c18,\2021-01\06 - Sofia Sanders\,{TG40-05~2021-01~YT0Y9L2X~06 - Sofia Sanders}
sofiasanders_epichc.rd117.jpg,835651,d65ab1b3,\2021-01\06 - Sofia Sanders\,{TG40-05~2021-01~YT0Y9L2X~06 - Sofia Sanders}
sofiasanders_epichc.rd118.jpg,753290,181a250f,\2021-01\06 - Sofia Sanders\,{TG40-05~2021-01~YT0Y9L2X~06 - Sofia Sanders}
sofiasanders_epichc.rd119.jpg,889548,fe4ddf2e,\2021-01\06 - Sofia Sanders\,{TG40-05~2021-01~YT0Y9L2X~06 - Sofia Sanders}
sofiasanders_epichc.rd120.jpg,791002,10ee2e45,\2021-01\06 - Sofia Sanders\,{TG40-05~2021-01~YT0Y9L2X~06 - Sofia Sanders}
sofiasanders_epichc.rd121.jpg,932957,53c7fdf2,\2021-01\06 - Sofia Sanders\,{TG40-05~2021-01~YT0Y9L2X~06 - Sofia Sanders}
sofiasanders_epichc.rd122.jpg,904043,b28cda34,\2021-01\06 - Sofia Sanders\,{TG40-05~2021-01~YT0Y9L2X~06 - Sofia Sanders}
sofiasanders_epichc.rd123.jpg,784503,82f259b4,\2021-01\06 - Sofia Sanders\,{TG40-05~2021-01~YT0Y9L2X~06 - Sofia Sanders}
sofiasanders_epichc.rd124.jpg,802340,309c721b,\2021-01\06 - Sofia Sanders\,{TG40-05~2021-01~YT0Y9L2X~06 - Sofia Sanders}
sofiasanders_epichc.rd125.jpg,858151,173754fe,\2021-01\06 - Sofia Sanders\,{TG40-05~2021-01~YT0Y9L2X~06 - Sofia Sanders}
sofiasanders_epichc.rd126.jpg,795392,896cbc10,\2021-01\06 - Sofia Sanders\,{TG40-05~2021-01~YT0Y9L2X~06 - Sofia Sanders}
sofiasanders_epichc.rd127.jpg,796145,a5d3b7aa,\2021-01\06 - Sofia Sanders\,{TG40-05~2021-01~YT0Y9L2X~06 - Sofia Sanders}
sofiasanders_epichc.rd128.jpg,746183,bfc7c543,\2021-01\06 - Sofia Sanders\,{TG40-05~2021-01~YT0Y9L2X~06 - Sofia Sanders}
sofiasanders_epichc.rd129.jpg,740554,8d50a689,\2021-01\06 - Sofia Sanders\,{TG40-05~2021-01~YT0Y9L2X~06 - Sofia Sanders}
sofiasanders_epichc.rd130.jpg,732825,e2276895,\2021-01\06 - Sofia Sanders\,{TG40-05~2021-01~YT0Y9L2X~06 - Sofia Sanders}
sofiasanders_epichc.rd131.jpg,795582,2cdb54e9,\2021-01\06 - Sofia Sanders\,{TG40-05~2021-01~YT0Y9L2X~06 - Sofia Sanders}
sofiasanders_epichc.rd132.jpg,705908,181d7298,\2021-01\06 - Sofia Sanders\,{TG40-05~2021-01~YT0Y9L2X~06 - Sofia Sanders}
sofiasanders_epichc.rd133.jpg,870086,5e75a2d9,\2021-01\06 - Sofia Sanders\,{TG40-05~2021-01~YT0Y9L2X~06 - Sofia Sanders}
sofiasanders_epichc.rd134.jpg,945357,3feeb586,\2021-01\06 - Sofia Sanders\,{TG40-05~2021-01~YT0Y9L2X~06 - Sofia Sanders}
sofiasanders_epichc.rd135.jpg,901235,80ea8d06,\2021-01\06 - Sofia Sanders\,{TG40-05~2021-01~YT0Y9L2X~06 - Sofia Sanders}
sofiasanders_epichc.rd136.jpg,669489,d33fd44f,\2021-01\06 - Sofia Sanders\,{TG40-05~2021-01~YT0Y9L2X~06 - Sofia Sanders}
sofiasanders_epichc.rd137.jpg,674258,ddc53b30,\2021-01\06 - Sofia Sanders\,{TG40-05~2021-01~YT0Y9L2X~06 - Sofia Sanders}
sofiasanders_epichc.rd138.jpg,802918,6ea2d8e4,\2021-01\06 - Sofia Sanders\,{TG40-05~2021-01~YT0Y9L2X~06 - Sofia Sanders}
sofiasanders_epichc.rd139.jpg,909923,9e0f0cc5,\2021-01\06 - Sofia Sanders\,{TG40-05~2021-01~YT0Y9L2X~06 - Sofia Sanders}
sofiasanders_epichc.rd140.jpg,1080208,b190980b,\2021-01\06 - Sofia Sanders\,{TG40-05~2021-01~YT0Y9L2X~06 - Sofia Sanders}
sofiasanders_epichc.rd141.jpg,1013376,adff303f,\2021-01\06 - Sofia Sanders\,{TG40-05~2021-01~YT0Y9L2X~06 - Sofia Sanders}
sofiasanders_epichc.rd142.jpg,939444,0eda2839,\2021-01\06 - Sofia Sanders\,{TG40-05~2021-01~YT0Y9L2X~06 - Sofia Sanders}
sofiasanders_epichc.rd143.jpg,1004481,90e4db1d,\2021-01\06 - Sofia Sanders\,{TG40-05~2021-01~YT0Y9L2X~06 - Sofia Sanders}
sofiasanders_epichc.rd144.jpg,973234,1045da06,\2021-01\06 - Sofia Sanders\,{TG40-05~2021-01~YT0Y9L2X~06 - Sofia Sanders}
sofiasanders_epichc.rd145.jpg,993212,340ec881,\2021-01\06 - Sofia Sanders\,{TG40-05~2021-01~YT0Y9L2X~06 - Sofia Sanders}
sofiasanders_epichc.rd146.jpg,1028656,a187e9c3,\2021-01\06 - Sofia Sanders\,{TG40-05~2021-01~YT0Y9L2X~06 - Sofia Sanders}
sofiasanders_epichc.rd147.jpg,948021,c7058108,\2021-01\06 - Sofia Sanders\,{TG40-05~2021-01~YT0Y9L2X~06 - Sofia Sanders}
sofiasanders_epichc.rd148.jpg,930585,46a4851a,\2021-01\06 - Sofia Sanders\,{TG40-05~2021-01~YT0Y9L2X~06 - Sofia Sanders}
sofiasanders_epichc.rd149.jpg,958866,9363c27a,\2021-01\06 - Sofia Sanders\,{TG40-05~2021-01~YT0Y9L2X~06 - Sofia Sanders}
sofiasanders_epichc.rd150.jpg,950817,36a3943c,\2021-01\06 - Sofia Sanders\,{TG40-05~2021-01~YT0Y9L2X~06 - Sofia Sanders}
sofiasanders_epichc.rd151.jpg,1008509,2826d289,\2021-01\06 - Sofia Sanders\,{TG40-05~2021-01~YT0Y9L2X~06 - Sofia Sanders}
sofiasanders_epichc.rd152.jpg,1027453,8db901fb,\2021-01\06 - Sofia Sanders\,{TG40-05~2021-01~YT0Y9L2X~06 - Sofia Sanders}
sofiasanders_epichc.rd153.jpg,1009766,e5c5bc4c,\2021-01\06 - Sofia Sanders\,{TG40-05~2021-01~YT0Y9L2X~06 - Sofia Sanders}
sofiasanders_epichc.rd154.jpg,955510,997180c5,\2021-01\06 - Sofia Sanders\,{TG40-05~2021-01~YT0Y9L2X~06 - Sofia Sanders}
natashadolmatova1.fy001.jpg,935776,de3f664a,\2021-01\22 - Natasha Dolmatova\,{TG40-05~2021-01~YT0YE6RB~22 - Natasha Dolmatova}
natashadolmatova1.fy002.jpg,925981,87082ab2,\2021-01\22 - Natasha Dolmatova\,{TG40-05~2021-01~YT0YE6RB~22 - Natasha Dolmatova}
natashadolmatova1.fy003.jpg,971865,1573830c,\2021-01\22 - Natasha Dolmatova\,{TG40-05~2021-01~YT0YE6RB~22 - Natasha Dolmatova}
natashadolmatova1.fy004.jpg,1000915,6b22782c,\2021-01\22 - Natasha Dolmatova\,{TG40-05~2021-01~YT0YE6RB~22 - Natasha Dolmatova}
natashadolmatova1.fy005.jpg,786756,a075cb5a,\2021-01\22 - Natasha Dolmatova\,{TG40-05~2021-01~YT0YE6RB~22 - Natasha Dolmatova}
natashadolmatova1.fy006.jpg,921982,2d1195fd,\2021-01\22 - Natasha Dolmatova\,{TG40-05~2021-01~YT0YE6RB~22 - Natasha Dolmatova}
natashadolmatova1.fy007.jpg,750003,46506b43,\2021-01\22 - Natasha Dolmatova\,{TG40-05~2021-01~YT0YE6RB~22 - Natasha Dolmatova}
natashadolmatova1.fy008.jpg,675396,cf126ede,\2021-01\22 - Natasha Dolmatova\,{TG40-05~2021-01~YT0YE6RB~22 - Natasha Dolmatova}
natashadolmatova1.fy009.jpg,825896,168b2f1d,\2021-01\22 - Natasha Dolmatova\,{TG40-05~2021-01~YT0YE6RB~22 - Natasha Dolmatova}
natashadolmatova1.fy010.jpg,813622,e46f4489,\2021-01\22 - Natasha Dolmatova\,{TG40-05~2021-01~YT0YE6RB~22 - Natasha Dolmatova}
natashadolmatova1.fy011.jpg,932998,a74f04ee,\2021-01\22 - Natasha Dolmatova\,{TG40-05~2021-01~YT0YE6RB~22 - Natasha Dolmatova}
natashadolmatova1.fy012.jpg,891453,ecbafedd,\2021-01\22 - Natasha Dolmatova\,{TG40-05~2021-01~YT0YE6RB~22 - Natasha Dolmatova}
natashadolmatova1.fy013.jpg,1007542,a2386b6c,\2021-01\22 - Natasha Dolmatova\,{TG40-05~2021-01~YT0YE6RB~22 - Natasha Dolmatova}
natashadolmatova1.fy014.jpg,909705,ab147298,\2021-01\22 - Natasha Dolmatova\,{TG40-05~2021-01~YT0YE6RB~22 - Natasha Dolmatova}
natashadolmatova1.fy015.jpg,891517,d1661c44,\2021-01\22 - Natasha Dolmatova\,{TG40-05~2021-01~YT0YE6RB~22 - Natasha Dolmatova}
natashadolmatova1.fy016.jpg,862715,e29c6962,\2021-01\22 - Natasha Dolmatova\,{TG40-05~2021-01~YT0YE6RB~22 - Natasha Dolmatova}
natashadolmatova1.fy017.jpg,771543,50aebd26,\2021-01\22 - Natasha Dolmatova\,{TG40-05~2021-01~YT0YE6RB~22 - Natasha Dolmatova}
natashadolmatova1.fy018.jpg,743157,73f2b0eb,\2021-01\22 - Natasha Dolmatova\,{TG40-05~2021-01~YT0YE6RB~22 - Natasha Dolmatova}
natashadolmatova1.fy019.jpg,894558,312b1a35,\2021-01\22 - Natasha Dolmatova\,{TG40-05~2021-01~YT0YE6RB~22 - Natasha Dolmatova}
natashadolmatova1.fy020.jpg,725822,a8fb5854,\2021-01\22 - Natasha Dolmatova\,{TG40-05~2021-01~YT0YE6RB~22 - Natasha Dolmatova}
natashadolmatova1.fy021.jpg,755318,400c779b,\2021-01\22 - Natasha Dolmatova\,{TG40-05~2021-01~YT0YE6RB~22 - Natasha Dolmatova}
natashadolmatova1.fy022.jpg,733115,acd28549,\2021-01\22 - Natasha Dolmatova\,{TG40-05~2021-01~YT0YE6RB~22 - Natasha Dolmatova}
natashadolmatova1.fy023.jpg,778493,1ccbf114,\2021-01\22 - Natasha Dolmatova\,{TG40-05~2021-01~YT0YE6RB~22 - Natasha Dolmatova}
natashadolmatova1.fy024.jpg,952165,34a26ee1,\2021-01\22 - Natasha Dolmatova\,{TG40-05~2021-01~YT0YE6RB~22 - Natasha Dolmatova}
natashadolmatova1.fy025.jpg,805278,aaaa4a54,\2021-01\22 - Natasha Dolmatova\,{TG40-05~2021-01~YT0YE6RB~22 - Natasha Dolmatova}
natashadolmatova1.fy026.jpg,924764,fa0bd427,\2021-01\22 - Natasha Dolmatova\,{TG40-05~2021-01~YT0YE6RB~22 - Natasha Dolmatova}
natashadolmatova1.fy027.jpg,874468,ac47885e,\2021-01\22 - Natasha Dolmatova\,{TG40-05~2021-01~YT0YE6RB~22 - Natasha Dolmatova}
natashadolmatova1.fy028.jpg,838850,a2b66758,\2021-01\22 - Natasha Dolmatova\,{TG40-05~2021-01~YT0YE6RB~22 - Natasha Dolmatova}
natashadolmatova1.fy029.jpg,950171,75331e1e,\2021-01\22 - Natasha Dolmatova\,{TG40-05~2021-01~YT0YE6RB~22 - Natasha Dolmatova}
natashadolmatova1.fy030.jpg,850463,78fd174b,\2021-01\22 - Natasha Dolmatova\,{TG40-05~2021-01~YT0YE6RB~22 - Natasha Dolmatova}
natashadolmatova1.fy031.jpg,727803,8c506ace,\2021-01\22 - Natasha Dolmatova\,{TG40-05~2021-01~YT0YE6RB~22 - Natasha Dolmatova}
natashadolmatova1.fy032.jpg,708231,145e4c38,\2021-01\22 - Natasha Dolmatova\,{TG40-05~2021-01~YT0YE6RB~22 - Natasha Dolmatova}
natashadolmatova1.fy033.jpg,730916,ddd1fccd,\2021-01\22 - Natasha Dolmatova\,{TG40-05~2021-01~YT0YE6RB~22 - Natasha Dolmatova}
natashadolmatova1.fy034.jpg,950621,06670c7e,\2021-01\22 - Natasha Dolmatova\,{TG40-05~2021-01~YT0YE6RB~22 - Natasha Dolmatova}
natashadolmatova1.fy035.jpg,990105,b7affb23,\2021-01\22 - Natasha Dolmatova\,{TG40-05~2021-01~YT0YE6RB~22 - Natasha Dolmatova}
natashadolmatova1.fy036.jpg,748127,30c13800,\2021-01\22 - Natasha Dolmatova\,{TG40-05~2021-01~YT0YE6RB~22 - Natasha Dolmatova}
natashadolmatova1.fy037.jpg,965326,7b479ca3,\2021-01\22 - Natasha Dolmatova\,{TG40-05~2021-01~YT0YE6RB~22 - Natasha Dolmatova}
natashadolmatova1.fy038.jpg,795499,2584c7fc,\2021-01\22 - Natasha Dolmatova\,{TG40-05~2021-01~YT0YE6RB~22 - Natasha Dolmatova}
natashadolmatova1.fy039.jpg,984495,63a63457,\2021-01\22 - Natasha Dolmatova\,{TG40-05~2021-01~YT0YE6RB~22 - Natasha Dolmatova}
natashadolmatova1.fy040.jpg,976583,f0f18b49,\2021-01\22 - Natasha Dolmatova\,{TG40-05~2021-01~YT0YE6RB~22 - Natasha Dolmatova}
natashadolmatova1.fy041.jpg,1072655,718f2507,\2021-01\22 - Natasha Dolmatova\,{TG40-05~2021-01~YT0YE6RB~22 - Natasha Dolmatova}
natashadolmatova1.fy042.jpg,912491,f53ee5f3,\2021-01\22 - Natasha Dolmatova\,{TG40-05~2021-01~YT0YE6RB~22 - Natasha Dolmatova}
natashadolmatova1.fy043.jpg,1057809,de158e4b,\2021-01\22 - Natasha Dolmatova\,{TG40-05~2021-01~YT0YE6RB~22 - Natasha Dolmatova}
natashadolmatova1.fy044.jpg,935910,cfdf9746,\2021-01\22 - Natasha Dolmatova\,{TG40-05~2021-01~YT0YE6RB~22 - Natasha Dolmatova}
natashadolmatova1.fy045.jpg,785413,e5c8d51c,\2021-01\22 - Natasha Dolmatova\,{TG40-05~2021-01~YT0YE6RB~22 - Natasha Dolmatova}
natashadolmatova1.fy046.jpg,824552,109f158d,\2021-01\22 - Natasha Dolmatova\,{TG40-05~2021-01~YT0YE6RB~22 - Natasha Dolmatova}
natashadolmatova1.fy047.jpg,846408,3958203c,\2021-01\22 - Natasha Dolmatova\,{TG40-05~2021-01~YT0YE6RB~22 - Natasha Dolmatova}
natashadolmatova1.fy048.jpg,924154,1c8b4bfe,\2021-01\22 - Natasha Dolmatova\,{TG40-05~2021-01~YT0YE6RB~22 - Natasha Dolmatova}
natashadolmatova1.fy049.jpg,885939,d7684bae,\2021-01\22 - Natasha Dolmatova\,{TG40-05~2021-01~YT0YE6RB~22 - Natasha Dolmatova}
natashadolmatova1.fy050.jpg,960621,2c7f436a,\2021-01\22 - Natasha Dolmatova\,{TG40-05~2021-01~YT0YE6RB~22 - Natasha Dolmatova}
natashadolmatova1.fy051.jpg,691063,5a5c727c,\2021-01\22 - Natasha Dolmatova\,{TG40-05~2021-01~YT0YE6RB~22 - Natasha Dolmatova}
natashadolmatova1.fy052.jpg,695342,38e2a4be,\2021-01\22 - Natasha Dolmatova\,{TG40-05~2021-01~YT0YE6RB~22 - Natasha Dolmatova}
natashadolmatova1.fy053.jpg,763146,86d19e15,\2021-01\22 - Natasha Dolmatova\,{TG40-05~2021-01~YT0YE6RB~22 - Natasha Dolmatova}
natashadolmatova1.fy054.jpg,907095,b193c6b1,\2021-01\22 - Natasha Dolmatova\,{TG40-05~2021-01~YT0YE6RB~22 - Natasha Dolmatova}
natashadolmatova1.fy055.jpg,898851,edc0cc66,\2021-01\22 - Natasha Dolmatova\,{TG40-05~2021-01~YT0YE6RB~22 - Natasha Dolmatova}
natashadolmatova1.fy056.jpg,667936,9e8bfc03,\2021-01\22 - Natasha Dolmatova\,{TG40-05~2021-01~YT0YE6RB~22 - Natasha Dolmatova}
natashadolmatova1.fy057.jpg,779603,f49a82c4,\2021-01\22 - Natasha Dolmatova\,{TG40-05~2021-01~YT0YE6RB~22 - Natasha Dolmatova}
natashadolmatova1.fy058.jpg,792049,08f81295,\2021-01\22 - Natasha Dolmatova\,{TG40-05~2021-01~YT0YE6RB~22 - Natasha Dolmatova}
natashadolmatova1.fy059.jpg,993019,7eb37f21,\2021-01\22 - Natasha Dolmatova\,{TG40-05~2021-01~YT0YE6RB~22 - Natasha Dolmatova}
natashadolmatova1.fy060.jpg,719684,db8090da,\2021-01\22 - Natasha Dolmatova\,{TG40-05~2021-01~YT0YE6RB~22 - Natasha Dolmatova}
natashadolmatova1.fy061.jpg,1018211,1fa3c9e7,\2021-01\22 - Natasha Dolmatova\,{TG40-05~2021-01~YT0YE6RB~22 - Natasha Dolmatova}
natashadolmatova1.fy062.jpg,924765,8a81a235,\2021-01\22 - Natasha Dolmatova\,{TG40-05~2021-01~YT0YE6RB~22 - Natasha Dolmatova}
natashadolmatova1.fy063.jpg,815689,899e8e75,\2021-01\22 - Natasha Dolmatova\,{TG40-05~2021-01~YT0YE6RB~22 - Natasha Dolmatova}
natashadolmatova1.fy064.jpg,836019,ca258f2e,\2021-01\22 - Natasha Dolmatova\,{TG40-05~2021-01~YT0YE6RB~22 - Natasha Dolmatova}
natashadolmatova1.fy065.jpg,728858,0e65fb22,\2021-01\22 - Natasha Dolmatova\,{TG40-05~2021-01~YT0YE6RB~22 - Natasha Dolmatova}
natashadolmatova1.fy066.jpg,984808,afc73fc2,\2021-01\22 - Natasha Dolmatova\,{TG40-05~2021-01~YT0YE6RB~22 - Natasha Dolmatova}
natashadolmatova1.fy067.jpg,790364,522060cb,\2021-01\22 - Natasha Dolmatova\,{TG40-05~2021-01~YT0YE6RB~22 - Natasha Dolmatova}
natashadolmatova1.fy068.jpg,752494,75d346bd,\2021-01\22 - Natasha Dolmatova\,{TG40-05~2021-01~YT0YE6RB~22 - Natasha Dolmatova}
natashadolmatova1.fy069.jpg,789764,99aecc9a,\2021-01\22 - Natasha Dolmatova\,{TG40-05~2021-01~YT0YE6RB~22 - Natasha Dolmatova}
natashadolmatova1.fy070.jpg,763993,a21059c4,\2021-01\22 - Natasha Dolmatova\,{TG40-05~2021-01~YT0YE6RB~22 - Natasha Dolmatova}
natashadolmatova1.fy071.jpg,713097,ad027d16,\2021-01\22 - Natasha Dolmatova\,{TG40-05~2021-01~YT0YE6RB~22 - Natasha Dolmatova}
natashadolmatova1.fy072.jpg,901768,a41dbb11,\2021-01\22 - Natasha Dolmatova\,{TG40-05~2021-01~YT0YE6RB~22 - Natasha Dolmatova}
natashadolmatova1.fy073.jpg,672686,f6fae262,\2021-01\22 - Natasha Dolmatova\,{TG40-05~2021-01~YT0YE6RB~22 - Natasha Dolmatova}
natashadolmatova1.fy074.jpg,752406,aa109181,\2021-01\22 - Natasha Dolmatova\,{TG40-05~2021-01~YT0YE6RB~22 - Natasha Dolmatova}
natashadolmatova1.fy075.jpg,882365,913c3d01,\2021-01\22 - Natasha Dolmatova\,{TG40-05~2021-01~YT0YE6RB~22 - Natasha Dolmatova}
natashadolmatova1.fy076.jpg,794070,e2c9e59c,\2021-01\22 - Natasha Dolmatova\,{TG40-05~2021-01~YT0YE6RB~22 - Natasha Dolmatova}
natashadolmatova1.fy077.jpg,744900,f988b6ed,\2021-01\22 - Natasha Dolmatova\,{TG40-05~2021-01~YT0YE6RB~22 - Natasha Dolmatova}
natashadolmatova1.fy078.jpg,788077,99f3a5b2,\2021-01\22 - Natasha Dolmatova\,{TG40-05~2021-01~YT0YE6RB~22 - Natasha Dolmatova}
natashadolmatova1.fy079.jpg,869354,586541dc,\2021-01\22 - Natasha Dolmatova\,{TG40-05~2021-01~YT0YE6RB~22 - Natasha Dolmatova}
natashadolmatova1.fy080.jpg,753347,8ef961b6,\2021-01\22 - Natasha Dolmatova\,{TG40-05~2021-01~YT0YE6RB~22 - Natasha Dolmatova}
natashadolmatova1.fy081.jpg,821921,971a73b6,\2021-01\22 - Natasha Dolmatova\,{TG40-05~2021-01~YT0YE6RB~22 - Natasha Dolmatova}
natashadolmatova1.fy082.jpg,841979,164ace87,\2021-01\22 - Natasha Dolmatova\,{TG40-05~2021-01~YT0YE6RB~22 - Natasha Dolmatova}
natashadolmatova1.fy083.jpg,749728,a9271b95,\2021-01\22 - Natasha Dolmatova\,{TG40-05~2021-01~YT0YE6RB~22 - Natasha Dolmatova}
natashadolmatova1.fy084.jpg,791113,a825ef7a,\2021-01\22 - Natasha Dolmatova\,{TG40-05~2021-01~YT0YE6RB~22 - Natasha Dolmatova}
natashadolmatova1.fy085.jpg,681931,b95916ef,\2021-01\22 - Natasha Dolmatova\,{TG40-05~2021-01~YT0YE6RB~22 - Natasha Dolmatova}
natashadolmatova1.fy086.jpg,845982,cd57271e,\2021-01\22 - Natasha Dolmatova\,{TG40-05~2021-01~YT0YE6RB~22 - Natasha Dolmatova}
natashadolmatova1.fy087.jpg,818935,50580e16,\2021-01\22 - Natasha Dolmatova\,{TG40-05~2021-01~YT0YE6RB~22 - Natasha Dolmatova}
natashadolmatova1.fy088.jpg,785613,2497063b,\2021-01\22 - Natasha Dolmatova\,{TG40-05~2021-01~YT0YE6RB~22 - Natasha Dolmatova}
natashadolmatova1.fy089.jpg,740704,d56eeeec,\2021-01\22 - Natasha Dolmatova\,{TG40-05~2021-01~YT0YE6RB~22 - Natasha Dolmatova}
natashadolmatova1.fy090.jpg,706011,e939e544,\2021-01\22 - Natasha Dolmatova\,{TG40-05~2021-01~YT0YE6RB~22 - Natasha Dolmatova}
natashadolmatova1.fy091.jpg,623771,5748dcf8,\2021-01\22 - Natasha Dolmatova\,{TG40-05~2021-01~YT0YE6RB~22 - Natasha Dolmatova}
natashadolmatova1.fy092.jpg,825739,dadb27d1,\2021-01\22 - Natasha Dolmatova\,{TG40-05~2021-01~YT0YE6RB~22 - Natasha Dolmatova}
natashadolmatova1.fy093.jpg,740965,06fe8643,\2021-01\22 - Natasha Dolmatova\,{TG40-05~2021-01~YT0YE6RB~22 - Natasha Dolmatova}
natashadolmatova1.fy094.jpg,819552,28296305,\2021-01\22 - Natasha Dolmatova\,{TG40-05~2021-01~YT0YE6RB~22 - Natasha Dolmatova}
natashadolmatova1.fy095.jpg,728035,72cf0ee5,\2021-01\22 - Natasha Dolmatova\,{TG40-05~2021-01~YT0YE6RB~22 - Natasha Dolmatova}
natashadolmatova1.fy096.jpg,861053,989799ee,\2021-01\22 - Natasha Dolmatova\,{TG40-05~2021-01~YT0YE6RB~22 - Natasha Dolmatova}
natashadolmatova1.fy097.jpg,777979,6b1288ad,\2021-01\22 - Natasha Dolmatova\,{TG40-05~2021-01~YT0YE6RB~22 - Natasha Dolmatova}
natashadolmatova1.fy098.jpg,840784,739c031b,\2021-01\22 - Natasha Dolmatova\,{TG40-05~2021-01~YT0YE6RB~22 - Natasha Dolmatova}
natashadolmatova1.fy099.jpg,811101,58b7bf54,\2021-01\22 - Natasha Dolmatova\,{TG40-05~2021-01~YT0YE6RB~22 - Natasha Dolmatova}
natashadolmatova1.fy100.jpg,645358,7fbb5bf8,\2021-01\22 - Natasha Dolmatova\,{TG40-05~2021-01~YT0YE6RB~22 - Natasha Dolmatova}
natashadolmatova1.fy101.jpg,830941,8408458f,\2021-01\22 - Natasha Dolmatova\,{TG40-05~2021-01~YT0YE6RB~22 - Natasha Dolmatova}
natashadolmatova1.fy102.jpg,786163,3065ec69,\2021-01\22 - Natasha Dolmatova\,{TG40-05~2021-01~YT0YE6RB~22 - Natasha Dolmatova}
natashadolmatova1.fy103.jpg,906200,437596de,\2021-01\22 - Natasha Dolmatova\,{TG40-05~2021-01~YT0YE6RB~22 - Natasha Dolmatova}
natashadolmatova1.fy104.jpg,734222,374c3ccc,\2021-01\22 - Natasha Dolmatova\,{TG40-05~2021-01~YT0YE6RB~22 - Natasha Dolmatova}
natashadolmatova1.fy105.jpg,755889,00f3d2b0,\2021-01\22 - Natasha Dolmatova\,{TG40-05~2021-01~YT0YE6RB~22 - Natasha Dolmatova}
natashadolmatova1.fy106.jpg,653060,60ab41ac,\2021-01\22 - Natasha Dolmatova\,{TG40-05~2021-01~YT0YE6RB~22 - Natasha Dolmatova}
natashadolmatova1.fy107.jpg,839541,a4a5f6ef,\2021-01\22 - Natasha Dolmatova\,{TG40-05~2021-01~YT0YE6RB~22 - Natasha Dolmatova}
natashadolmatova1.fy108.jpg,619366,ab073e74,\2021-01\22 - Natasha Dolmatova\,{TG40-05~2021-01~YT0YE6RB~22 - Natasha Dolmatova}
natashadolmatova1.fy109.jpg,800512,868b7900,\2021-01\22 - Natasha Dolmatova\,{TG40-05~2021-01~YT0YE6RB~22 - Natasha Dolmatova}
natashadolmatova1.fy110.jpg,800059,5132aa1d,\2021-01\22 - Natasha Dolmatova\,{TG40-05~2021-01~YT0YE6RB~22 - Natasha Dolmatova}
lanadangerously1.amp001.jpg,990279,17bc77b9,\2021-01\28 - Lana Dangerously\,{TG40-05~2021-01~YV0WXZD5~28 - Lana Dangerously}
lanadangerously1.amp002.jpg,1331459,06b5edf3,\2021-01\28 - Lana Dangerously\,{TG40-05~2021-01~YV0WXZD5~28 - Lana Dangerously}
lanadangerously1.amp003.jpg,1030895,8d83fc30,\2021-01\28 - Lana Dangerously\,{TG40-05~2021-01~YV0WXZD5~28 - Lana Dangerously}
lanadangerously1.amp004.jpg,916565,713a79ee,\2021-01\28 - Lana Dangerously\,{TG40-05~2021-01~YV0WXZD5~28 - Lana Dangerously}
lanadangerously1.amp005.jpg,1303337,6d4337a0,\2021-01\28 - Lana Dangerously\,{TG40-05~2021-01~YV0WXZD5~28 - Lana Dangerously}
lanadangerously1.amp006.jpg,1493122,b75a50fa,\2021-01\28 - Lana Dangerously\,{TG40-05~2021-01~YV0WXZD5~28 - Lana Dangerously}
lanadangerously1.amp007.jpg,1205705,e01008b0,\2021-01\28 - Lana Dangerously\,{TG40-05~2021-01~YV0WXZD5~28 - Lana Dangerously}
lanadangerously1.amp008.jpg,1423823,6e452779,\2021-01\28 - Lana Dangerously\,{TG40-05~2021-01~YV0WXZD5~28 - Lana Dangerously}
lanadangerously1.amp009.jpg,1127423,786feebd,\2021-01\28 - Lana Dangerously\,{TG40-05~2021-01~YV0WXZD5~28 - Lana Dangerously}
lanadangerously1.amp010.jpg,967180,d425aa69,\2021-01\28 - Lana Dangerously\,{TG40-05~2021-01~YV0WXZD5~28 - Lana Dangerously}
lanadangerously1.amp011.jpg,1635184,87a179aa,\2021-01\28 - Lana Dangerously\,{TG40-05~2021-01~YV0WXZD5~28 - Lana Dangerously}
lanadangerously1.amp012.jpg,1630324,509013d3,\2021-01\28 - Lana Dangerously\,{TG40-05~2021-01~YV0WXZD5~28 - Lana Dangerously}
lanadangerously1.amp013.jpg,1321979,6b0bf75e,\2021-01\28 - Lana Dangerously\,{TG40-05~2021-01~YV0WXZD5~28 - Lana Dangerously}
lanadangerously1.amp014.jpg,1641032,12c028cf,\2021-01\28 - Lana Dangerously\,{TG40-05~2021-01~YV0WXZD5~28 - Lana Dangerously}
lanadangerously1.amp015.jpg,1344719,039e0c40,\2021-01\28 - Lana Dangerously\,{TG40-05~2021-01~YV0WXZD5~28 - Lana Dangerously}
lanadangerously1.amp016.jpg,1420026,35e32046,\2021-01\28 - Lana Dangerously\,{TG40-05~2021-01~YV0WXZD5~28 - Lana Dangerously}
lanadangerously1.amp017.jpg,1421447,c34b7f73,\2021-01\28 - Lana Dangerously\,{TG40-05~2021-01~YV0WXZD5~28 - Lana Dangerously}
lanadangerously1.amp018.jpg,1388017,6e3fb067,\2021-01\28 - Lana Dangerously\,{TG40-05~2021-01~YV0WXZD5~28 - Lana Dangerously}
lanadangerously1.amp019.jpg,1367528,8c5cd64e,\2021-01\28 - Lana Dangerously\,{TG40-05~2021-01~YV0WXZD5~28 - Lana Dangerously}
lanadangerously1.amp020.jpg,950933,09a415b3,\2021-01\28 - Lana Dangerously\,{TG40-05~2021-01~YV0WXZD5~28 - Lana Dangerously}
lanadangerously1.amp021.jpg,922314,c14e1918,\2021-01\28 - Lana Dangerously\,{TG40-05~2021-01~YV0WXZD5~28 - Lana Dangerously}
lanadangerously1.amp022.jpg,1294081,94e00f52,\2021-01\28 - Lana Dangerously\,{TG40-05~2021-01~YV0WXZD5~28 - Lana Dangerously}
lanadangerously1.amp023.jpg,1296205,03d5be92,\2021-01\28 - Lana Dangerously\,{TG40-05~2021-01~YV0WXZD5~28 - Lana Dangerously}
lanadangerously1.amp024.jpg,1059302,df57a2b9,\2021-01\28 - Lana Dangerously\,{TG40-05~2021-01~YV0WXZD5~28 - Lana Dangerously}
lanadangerously1.amp025.jpg,1308593,96a99853,\2021-01\28 - Lana Dangerously\,{TG40-05~2021-01~YV0WXZD5~28 - Lana Dangerously}
lanadangerously1.amp026.jpg,925891,59a1cf3a,\2021-01\28 - Lana Dangerously\,{TG40-05~2021-01~YV0WXZD5~28 - Lana Dangerously}
lanadangerously1.amp027.jpg,1130462,f71c7be1,\2021-01\28 - Lana Dangerously\,{TG40-05~2021-01~YV0WXZD5~28 - Lana Dangerously}
lanadangerously1.amp028.jpg,1062149,5c0d3c40,\2021-01\28 - Lana Dangerously\,{TG40-05~2021-01~YV0WXZD5~28 - Lana Dangerously}
lanadangerously1.amp029.jpg,1297820,421c3465,\2021-01\28 - Lana Dangerously\,{TG40-05~2021-01~YV0WXZD5~28 - Lana Dangerously}
lanadangerously1.amp030.jpg,1025538,f512ff64,\2021-01\28 - Lana Dangerously\,{TG40-05~2021-01~YV0WXZD5~28 - Lana Dangerously}
lanadangerously1.amp031.jpg,1140990,5a3941ea,\2021-01\28 - Lana Dangerously\,{TG40-05~2021-01~YV0WXZD5~28 - Lana Dangerously}
lanadangerously1.amp032.jpg,1061319,23ecf459,\2021-01\28 - Lana Dangerously\,{TG40-05~2021-01~YV0WXZD5~28 - Lana Dangerously}
lanadangerously1.amp033.jpg,1037964,3d5b0d17,\2021-01\28 - Lana Dangerously\,{TG40-05~2021-01~YV0WXZD5~28 - Lana Dangerously}
lanadangerously1.amp034.jpg,899811,2132df61,\2021-01\28 - Lana Dangerously\,{TG40-05~2021-01~YV0WXZD5~28 - Lana Dangerously}
lanadangerously1.amp035.jpg,1475419,e2ea2874,\2021-01\28 - Lana Dangerously\,{TG40-05~2021-01~YV0WXZD5~28 - Lana Dangerously}
lanadangerously1.amp036.jpg,1149834,88420664,\2021-01\28 - Lana Dangerously\,{TG40-05~2021-01~YV0WXZD5~28 - Lana Dangerously}
lanadangerously1.amp037.jpg,1459207,6e2a7d54,\2021-01\28 - Lana Dangerously\,{TG40-05~2021-01~YV0WXZD5~28 - Lana Dangerously}
lanadangerously1.amp038.jpg,1280789,958d9d9a,\2021-01\28 - Lana Dangerously\,{TG40-05~2021-01~YV0WXZD5~28 - Lana Dangerously}
lanadangerously1.amp039.jpg,1180376,523c83ec,\2021-01\28 - Lana Dangerously\,{TG40-05~2021-01~YV0WXZD5~28 - Lana Dangerously}
lanadangerously1.amp040.jpg,1075614,f432bdce,\2021-01\28 - Lana Dangerously\,{TG40-05~2021-01~YV0WXZD5~28 - Lana Dangerously}
lanadangerously1.amp041.jpg,888490,71f8e788,\2021-01\28 - Lana Dangerously\,{TG40-05~2021-01~YV0WXZD5~28 - Lana Dangerously}
lanadangerously1.amp042.jpg,1020600,e4665a0a,\2021-01\28 - Lana Dangerously\,{TG40-05~2021-01~YV0WXZD5~28 - Lana Dangerously}
lanadangerously1.amp043.jpg,1227139,8713a05d,\2021-01\28 - Lana Dangerously\,{TG40-05~2021-01~YV0WXZD5~28 - Lana Dangerously}
lanadangerously1.amp044.jpg,1254606,12ba81f7,\2021-01\28 - Lana Dangerously\,{TG40-05~2021-01~YV0WXZD5~28 - Lana Dangerously}
lanadangerously1.amp045.jpg,1531082,50370a9b,\2021-01\28 - Lana Dangerously\,{TG40-05~2021-01~YV0WXZD5~28 - Lana Dangerously}
lanadangerously1.amp046.jpg,1246465,c0038d87,\2021-01\28 - Lana Dangerously\,{TG40-05~2021-01~YV0WXZD5~28 - Lana Dangerously}
lanadangerously1.amp047.jpg,852748,de5458ae,\2021-01\28 - Lana Dangerously\,{TG40-05~2021-01~YV0WXZD5~28 - Lana Dangerously}
lanadangerously1.amp048.jpg,952120,990ff077,\2021-01\28 - Lana Dangerously\,{TG40-05~2021-01~YV0WXZD5~28 - Lana Dangerously}
lanadangerously1.amp049.jpg,927612,a87e7b8f,\2021-01\28 - Lana Dangerously\,{TG40-05~2021-01~YV0WXZD5~28 - Lana Dangerously}
lanadangerously1.amp050.jpg,1119504,14bef5e2,\2021-01\28 - Lana Dangerously\,{TG40-05~2021-01~YV0WXZD5~28 - Lana Dangerously}
lanadangerously1.amp051.jpg,1075879,71819eaa,\2021-01\28 - Lana Dangerously\,{TG40-05~2021-01~YV0WXZD5~28 - Lana Dangerously}
lanadangerously1.amp052.jpg,1007674,c4a21431,\2021-01\28 - Lana Dangerously\,{TG40-05~2021-01~YV0WXZD5~28 - Lana Dangerously}
lanadangerously1.amp053.jpg,1182676,a288f372,\2021-01\28 - Lana Dangerously\,{TG40-05~2021-01~YV0WXZD5~28 - Lana Dangerously}
lanadangerously1.amp054.jpg,1305223,32727f37,\2021-01\28 - Lana Dangerously\,{TG40-05~2021-01~YV0WXZD5~28 - Lana Dangerously}
lanadangerously1.amp055.jpg,1345946,3c3a02a6,\2021-01\28 - Lana Dangerously\,{TG40-05~2021-01~YV0WXZD5~28 - Lana Dangerously}
lanadangerously1.amp056.jpg,1024946,acb9ab4a,\2021-01\28 - Lana Dangerously\,{TG40-05~2021-01~YV0WXZD5~28 - Lana Dangerously}
lanadangerously1.amp057.jpg,977433,96c50db4,\2021-01\28 - Lana Dangerously\,{TG40-05~2021-01~YV0WXZD5~28 - Lana Dangerously}
lanadangerously1.amp058.jpg,1025700,4004d20b,\2021-01\28 - Lana Dangerously\,{TG40-05~2021-01~YV0WXZD5~28 - Lana Dangerously}
lanadangerously1.amp059.jpg,1425978,a61957a9,\2021-01\28 - Lana Dangerously\,{TG40-05~2021-01~YV0WXZD5~28 - Lana Dangerously}
lanadangerously1.amp060.jpg,1461189,f711196b,\2021-01\28 - Lana Dangerously\,{TG40-05~2021-01~YV0WXZD5~28 - Lana Dangerously}
lanadangerously1.amp061.jpg,1163151,1a2c8665,\2021-01\28 - Lana Dangerously\,{TG40-05~2021-01~YV0WXZD5~28 - Lana Dangerously}
lanadangerously1.amp062.jpg,1442646,a5676023,\2021-01\28 - Lana Dangerously\,{TG40-05~2021-01~YV0WXZD5~28 - Lana Dangerously}
lanadangerously1.amp063.jpg,1150654,b22dc620,\2021-01\28 - Lana Dangerously\,{TG40-05~2021-01~YV0WXZD5~28 - Lana Dangerously}
lanadangerously1.amp064.jpg,1190762,a11ee423,\2021-01\28 - Lana Dangerously\,{TG40-05~2021-01~YV0WXZD5~28 - Lana Dangerously}
lanadangerously1.amp065.jpg,1335715,a41c2ded,\2021-01\28 - Lana Dangerously\,{TG40-05~2021-01~YV0WXZD5~28 - Lana Dangerously}
lanadangerously1.amp066.jpg,1065766,f4069547,\2021-01\28 - Lana Dangerously\,{TG40-05~2021-01~YV0WXZD5~28 - Lana Dangerously}
lanadangerously1.amp067.jpg,1258591,0e8beac2,\2021-01\28 - Lana Dangerously\,{TG40-05~2021-01~YV0WXZD5~28 - Lana Dangerously}
lanadangerously1.amp068.jpg,884190,3edbf07b,\2021-01\28 - Lana Dangerously\,{TG40-05~2021-01~YV0WXZD5~28 - Lana Dangerously}
lanadangerously1.amp069.jpg,986170,88382405,\2021-01\28 - Lana Dangerously\,{TG40-05~2021-01~YV0WXZD5~28 - Lana Dangerously}
lanadangerously1.amp070.jpg,828872,f4fecd64,\2021-01\28 - Lana Dangerously\,{TG40-05~2021-01~YV0WXZD5~28 - Lana Dangerously}
lanadangerously1.amp071.jpg,862611,05825596,\2021-01\28 - Lana Dangerously\,{TG40-05~2021-01~YV0WXZD5~28 - Lana Dangerously}
lanadangerously1.amp072.jpg,1025641,9e1f85af,\2021-01\28 - Lana Dangerously\,{TG40-05~2021-01~YV0WXZD5~28 - Lana Dangerously}
lanadangerously1.amp073.jpg,1104835,0967f4c7,\2021-01\28 - Lana Dangerously\,{TG40-05~2021-01~YV0WXZD5~28 - Lana Dangerously}
lanadangerously1.amp074.jpg,940796,e970fd04,\2021-01\28 - Lana Dangerously\,{TG40-05~2021-01~YV0WXZD5~28 - Lana Dangerously}
lanadangerously1.amp075.jpg,1191984,a394862f,\2021-01\28 - Lana Dangerously\,{TG40-05~2021-01~YV0WXZD5~28 - Lana Dangerously}
lanadangerously1.amp076.jpg,1538584,7bdab86a,\2021-01\28 - Lana Dangerously\,{TG40-05~2021-01~YV0WXZD5~28 - Lana Dangerously}
lanadangerously1.amp077.jpg,1504077,b3df7736,\2021-01\28 - Lana Dangerously\,{TG40-05~2021-01~YV0WXZD5~28 - Lana Dangerously}
lanadangerously1.amp078.jpg,1363765,99d4d9d5,\2021-01\28 - Lana Dangerously\,{TG40-05~2021-01~YV0WXZD5~28 - Lana Dangerously}
lanadangerously1.amp079.jpg,1174927,02f1cedf,\2021-01\28 - Lana Dangerously\,{TG40-05~2021-01~YV0WXZD5~28 - Lana Dangerously}
lanadangerously1.amp080.jpg,1494124,0c56657c,\2021-01\28 - Lana Dangerously\,{TG40-05~2021-01~YV0WXZD5~28 - Lana Dangerously}
lanadangerously1.amp081.jpg,1371939,290ab75c,\2021-01\28 - Lana Dangerously\,{TG40-05~2021-01~YV0WXZD5~28 - Lana Dangerously}
lanadangerously1.amp082.jpg,1294731,7bf3f8fc,\2021-01\28 - Lana Dangerously\,{TG40-05~2021-01~YV0WXZD5~28 - Lana Dangerously}
lanadangerously1.amp083.jpg,1204477,4a0ca087,\2021-01\28 - Lana Dangerously\,{TG40-05~2021-01~YV0WXZD5~28 - Lana Dangerously}
lanadangerously1.amp084.jpg,1076939,4377bbb2,\2021-01\28 - Lana Dangerously\,{TG40-05~2021-01~YV0WXZD5~28 - Lana Dangerously}
lanadangerously1.amp085.jpg,1081749,dca0da0e,\2021-01\28 - Lana Dangerously\,{TG40-05~2021-01~YV0WXZD5~28 - Lana Dangerously}
lanadangerously1.amp086.jpg,1362176,39340f35,\2021-01\28 - Lana Dangerously\,{TG40-05~2021-01~YV0WXZD5~28 - Lana Dangerously}
lanadangerously1.amp087.jpg,1420872,6d9c1a9e,\2021-01\28 - Lana Dangerously\,{TG40-05~2021-01~YV0WXZD5~28 - Lana Dangerously}
lanadangerously1.amp088.jpg,1046628,62365973,\2021-01\28 - Lana Dangerously\,{TG40-05~2021-01~YV0WXZD5~28 - Lana Dangerously}
lanadangerously1.amp089.jpg,876613,2d4aa42e,\2021-01\28 - Lana Dangerously\,{TG40-05~2021-01~YV0WXZD5~28 - Lana Dangerously}
lanadangerously1.amp090.jpg,1034273,5def7637,\2021-01\28 - Lana Dangerously\,{TG40-05~2021-01~YV0WXZD5~28 - Lana Dangerously}
lanadangerously1.amp091.jpg,1026680,e53e0fe0,\2021-01\28 - Lana Dangerously\,{TG40-05~2021-01~YV0WXZD5~28 - Lana Dangerously}
lanadangerously1.amp092.jpg,914484,c00596a1,\2021-01\28 - Lana Dangerously\,{TG40-05~2021-01~YV0WXZD5~28 - Lana Dangerously}
lanadangerously1.amp093.jpg,1213697,2e726900,\2021-01\28 - Lana Dangerously\,{TG40-05~2021-01~YV0WXZD5~28 - Lana Dangerously}
lanadangerously1.amp094.jpg,1044787,3a0825c8,\2021-01\28 - Lana Dangerously\,{TG40-05~2021-01~YV0WXZD5~28 - Lana Dangerously}
lanadangerously1.amp095.jpg,1107300,f7ae48fd,\2021-01\28 - Lana Dangerously\,{TG40-05~2021-01~YV0WXZD5~28 - Lana Dangerously}
lanadangerously1.amp096.jpg,1054780,0cee36bd,\2021-01\28 - Lana Dangerously\,{TG40-05~2021-01~YV0WXZD5~28 - Lana Dangerously}
lanadangerously1.amp097.jpg,979037,72d4bd5b,\2021-01\28 - Lana Dangerously\,{TG40-05~2021-01~YV0WXZD5~28 - Lana Dangerously}
lanadangerously1.amp098.jpg,1296447,a33884c8,\2021-01\28 - Lana Dangerously\,{TG40-05~2021-01~YV0WXZD5~28 - Lana Dangerously}
lanadangerously1.amp099.jpg,1311576,dc5661fc,\2021-01\28 - Lana Dangerously\,{TG40-05~2021-01~YV0WXZD5~28 - Lana Dangerously}
lanadangerously1.amp100.jpg,1293604,c99ee032,\2021-01\28 - Lana Dangerously\,{TG40-05~2021-01~YV0WXZD5~28 - Lana Dangerously}
lanadangerously1.amp101.jpg,1058734,ec7c32f2,\2021-01\28 - Lana Dangerously\,{TG40-05~2021-01~YV0WXZD5~28 - Lana Dangerously}
lanadangerously1.amp102.jpg,1169498,84b66ce2,\2021-01\28 - Lana Dangerously\,{TG40-05~2021-01~YV0WXZD5~28 - Lana Dangerously}
lanadangerously1.amp103.jpg,1506419,4827d328,\2021-01\28 - Lana Dangerously\,{TG40-05~2021-01~YV0WXZD5~28 - Lana Dangerously}
lanadangerously1.amp104.jpg,1122809,1e105654,\2021-01\28 - Lana Dangerously\,{TG40-05~2021-01~YV0WXZD5~28 - Lana Dangerously}
lanadangerously1.amp105.jpg,937571,e6fdc0e0,\2021-01\28 - Lana Dangerously\,{TG40-05~2021-01~YV0WXZD5~28 - Lana Dangerously}
natashadolmatova2.fy001.jpg,1035841,fa9feafe,\2021-02\05 - Natasha Dolmatova\,{TG40-05~2021-02~Z40PNPCQ~05 - Natasha Dolmatova}
natashadolmatova2.fy002.jpg,859310,8df15c9d,\2021-02\05 - Natasha Dolmatova\,{TG40-05~2021-02~Z40PNPCQ~05 - Natasha Dolmatova}
natashadolmatova2.fy003.jpg,819841,3d67a736,\2021-02\05 - Natasha Dolmatova\,{TG40-05~2021-02~Z40PNPCQ~05 - Natasha Dolmatova}
natashadolmatova2.fy004.jpg,879534,70c1f5b2,\2021-02\05 - Natasha Dolmatova\,{TG40-05~2021-02~Z40PNPCQ~05 - Natasha Dolmatova}
natashadolmatova2.fy005.jpg,634837,c558e1cc,\2021-02\05 - Natasha Dolmatova\,{TG40-05~2021-02~Z40PNPCQ~05 - Natasha Dolmatova}
natashadolmatova2.fy006.jpg,574209,71773215,\2021-02\05 - Natasha Dolmatova\,{TG40-05~2021-02~Z40PNPCQ~05 - Natasha Dolmatova}
natashadolmatova2.fy007.jpg,789066,4cd11311,\2021-02\05 - Natasha Dolmatova\,{TG40-05~2021-02~Z40PNPCQ~05 - Natasha Dolmatova}
natashadolmatova2.fy008.jpg,954590,d0797c58,\2021-02\05 - Natasha Dolmatova\,{TG40-05~2021-02~Z40PNPCQ~05 - Natasha Dolmatova}
natashadolmatova2.fy009.jpg,781534,a75fec00,\2021-02\05 - Natasha Dolmatova\,{TG40-05~2021-02~Z40PNPCQ~05 - Natasha Dolmatova}
natashadolmatova2.fy010.jpg,886475,cc50ebfe,\2021-02\05 - Natasha Dolmatova\,{TG40-05~2021-02~Z40PNPCQ~05 - Natasha Dolmatova}
natashadolmatova2.fy011.jpg,811939,e3583dad,\2021-02\05 - Natasha Dolmatova\,{TG40-05~2021-02~Z40PNPCQ~05 - Natasha Dolmatova}
natashadolmatova2.fy012.jpg,881281,ed993c7c,\2021-02\05 - Natasha Dolmatova\,{TG40-05~2021-02~Z40PNPCQ~05 - Natasha Dolmatova}
natashadolmatova2.fy013.jpg,750830,372ccaa2,\2021-02\05 - Natasha Dolmatova\,{TG40-05~2021-02~Z40PNPCQ~05 - Natasha Dolmatova}
natashadolmatova2.fy014.jpg,926014,936eb5be,\2021-02\05 - Natasha Dolmatova\,{TG40-05~2021-02~Z40PNPCQ~05 - Natasha Dolmatova}
natashadolmatova2.fy015.jpg,596235,0d12f0af,\2021-02\05 - Natasha Dolmatova\,{TG40-05~2021-02~Z40PNPCQ~05 - Natasha Dolmatova}
natashadolmatova2.fy016.jpg,575521,117de34a,\2021-02\05 - Natasha Dolmatova\,{TG40-05~2021-02~Z40PNPCQ~05 - Natasha Dolmatova}
natashadolmatova2.fy017.jpg,771215,bbf4e87c,\2021-02\05 - Natasha Dolmatova\,{TG40-05~2021-02~Z40PNPCQ~05 - Natasha Dolmatova}
natashadolmatova2.fy018.jpg,768783,b438d180,\2021-02\05 - Natasha Dolmatova\,{TG40-05~2021-02~Z40PNPCQ~05 - Natasha Dolmatova}
natashadolmatova2.fy019.jpg,693648,7ab741df,\2021-02\05 - Natasha Dolmatova\,{TG40-05~2021-02~Z40PNPCQ~05 - Natasha Dolmatova}
natashadolmatova2.fy020.jpg,796222,1f30d91b,\2021-02\05 - Natasha Dolmatova\,{TG40-05~2021-02~Z40PNPCQ~05 - Natasha Dolmatova}
natashadolmatova2.fy021.jpg,751649,d4364a36,\2021-02\05 - Natasha Dolmatova\,{TG40-05~2021-02~Z40PNPCQ~05 - Natasha Dolmatova}
natashadolmatova2.fy022.jpg,702832,e42e351f,\2021-02\05 - Natasha Dolmatova\,{TG40-05~2021-02~Z40PNPCQ~05 - Natasha Dolmatova}
natashadolmatova2.fy023.jpg,692155,106f1a5b,\2021-02\05 - Natasha Dolmatova\,{TG40-05~2021-02~Z40PNPCQ~05 - Natasha Dolmatova}
natashadolmatova2.fy024.jpg,675683,f4058e4f,\2021-02\05 - Natasha Dolmatova\,{TG40-05~2021-02~Z40PNPCQ~05 - Natasha Dolmatova}
natashadolmatova2.fy025.jpg,578060,1a13f2de,\2021-02\05 - Natasha Dolmatova\,{TG40-05~2021-02~Z40PNPCQ~05 - Natasha Dolmatova}
natashadolmatova2.fy026.jpg,621551,97716b00,\2021-02\05 - Natasha Dolmatova\,{TG40-05~2021-02~Z40PNPCQ~05 - Natasha Dolmatova}
natashadolmatova2.fy027.jpg,566106,ce3ca694,\2021-02\05 - Natasha Dolmatova\,{TG40-05~2021-02~Z40PNPCQ~05 - Natasha Dolmatova}
natashadolmatova2.fy028.jpg,530511,3aadcea7,\2021-02\05 - Natasha Dolmatova\,{TG40-05~2021-02~Z40PNPCQ~05 - Natasha Dolmatova}
natashadolmatova2.fy029.jpg,564379,2d5a8d90,\2021-02\05 - Natasha Dolmatova\,{TG40-05~2021-02~Z40PNPCQ~05 - Natasha Dolmatova}
natashadolmatova2.fy030.jpg,546353,204ccd0a,\2021-02\05 - Natasha Dolmatova\,{TG40-05~2021-02~Z40PNPCQ~05 - Natasha Dolmatova}
natashadolmatova2.fy031.jpg,603284,9136b42e,\2021-02\05 - Natasha Dolmatova\,{TG40-05~2021-02~Z40PNPCQ~05 - Natasha Dolmatova}
natashadolmatova2.fy032.jpg,517984,2cc21f85,\2021-02\05 - Natasha Dolmatova\,{TG40-05~2021-02~Z40PNPCQ~05 - Natasha Dolmatova}
natashadolmatova2.fy033.jpg,623214,f7a21396,\2021-02\05 - Natasha Dolmatova\,{TG40-05~2021-02~Z40PNPCQ~05 - Natasha Dolmatova}
natashadolmatova2.fy034.jpg,523896,1a900cf1,\2021-02\05 - Natasha Dolmatova\,{TG40-05~2021-02~Z40PNPCQ~05 - Natasha Dolmatova}
natashadolmatova2.fy035.jpg,594186,7d1f359b,\2021-02\05 - Natasha Dolmatova\,{TG40-05~2021-02~Z40PNPCQ~05 - Natasha Dolmatova}
natashadolmatova2.fy036.jpg,579178,e174b15b,\2021-02\05 - Natasha Dolmatova\,{TG40-05~2021-02~Z40PNPCQ~05 - Natasha Dolmatova}
natashadolmatova2.fy037.jpg,554606,754f6b2c,\2021-02\05 - Natasha Dolmatova\,{TG40-05~2021-02~Z40PNPCQ~05 - Natasha Dolmatova}
natashadolmatova2.fy038.jpg,579574,3eb7a3f6,\2021-02\05 - Natasha Dolmatova\,{TG40-05~2021-02~Z40PNPCQ~05 - Natasha Dolmatova}
natashadolmatova2.fy039.jpg,600001,01f6b4e5,\2021-02\05 - Natasha Dolmatova\,{TG40-05~2021-02~Z40PNPCQ~05 - Natasha Dolmatova}
natashadolmatova2.fy040.jpg,612091,daea6da3,\2021-02\05 - Natasha Dolmatova\,{TG40-05~2021-02~Z40PNPCQ~05 - Natasha Dolmatova}
natashadolmatova2.fy041.jpg,582406,9507a5b2,\2021-02\05 - Natasha Dolmatova\,{TG40-05~2021-02~Z40PNPCQ~05 - Natasha Dolmatova}
natashadolmatova2.fy042.jpg,550591,17399ff5,\2021-02\05 - Natasha Dolmatova\,{TG40-05~2021-02~Z40PNPCQ~05 - Natasha Dolmatova}
natashadolmatova2.fy043.jpg,575673,1a86b37f,\2021-02\05 - Natasha Dolmatova\,{TG40-05~2021-02~Z40PNPCQ~05 - Natasha Dolmatova}
natashadolmatova2.fy044.jpg,581598,0da2bd7c,\2021-02\05 - Natasha Dolmatova\,{TG40-05~2021-02~Z40PNPCQ~05 - Natasha Dolmatova}
natashadolmatova2.fy045.jpg,535598,aa470f77,\2021-02\05 - Natasha Dolmatova\,{TG40-05~2021-02~Z40PNPCQ~05 - Natasha Dolmatova}
natashadolmatova2.fy046.jpg,531808,b3c0e574,\2021-02\05 - Natasha Dolmatova\,{TG40-05~2021-02~Z40PNPCQ~05 - Natasha Dolmatova}
natashadolmatova2.fy047.jpg,569616,edafb17e,\2021-02\05 - Natasha Dolmatova\,{TG40-05~2021-02~Z40PNPCQ~05 - Natasha Dolmatova}
natashadolmatova2.fy048.jpg,513290,8a0d4bb1,\2021-02\05 - Natasha Dolmatova\,{TG40-05~2021-02~Z40PNPCQ~05 - Natasha Dolmatova}
natashadolmatova2.fy049.jpg,539183,40559897,\2021-02\05 - Natasha Dolmatova\,{TG40-05~2021-02~Z40PNPCQ~05 - Natasha Dolmatova}
natashadolmatova2.fy050.jpg,529176,831e8c3f,\2021-02\05 - Natasha Dolmatova\,{TG40-05~2021-02~Z40PNPCQ~05 - Natasha Dolmatova}
natashadolmatova2.fy051.jpg,531158,34c87017,\2021-02\05 - Natasha Dolmatova\,{TG40-05~2021-02~Z40PNPCQ~05 - Natasha Dolmatova}
natashadolmatova2.fy052.jpg,541200,bcf4ee3a,\2021-02\05 - Natasha Dolmatova\,{TG40-05~2021-02~Z40PNPCQ~05 - Natasha Dolmatova}
natashadolmatova2.fy053.jpg,546822,484612fc,\2021-02\05 - Natasha Dolmatova\,{TG40-05~2021-02~Z40PNPCQ~05 - Natasha Dolmatova}
natashadolmatova2.fy054.jpg,516062,0894269c,\2021-02\05 - Natasha Dolmatova\,{TG40-05~2021-02~Z40PNPCQ~05 - Natasha Dolmatova}
natashadolmatova2.fy055.jpg,699839,17642226,\2021-02\05 - Natasha Dolmatova\,{TG40-05~2021-02~Z40PNPCQ~05 - Natasha Dolmatova}
natashadolmatova2.fy056.jpg,687560,27d2fbf2,\2021-02\05 - Natasha Dolmatova\,{TG40-05~2021-02~Z40PNPCQ~05 - Natasha Dolmatova}
natashadolmatova2.fy057.jpg,674382,cc3e6e5c,\2021-02\05 - Natasha Dolmatova\,{TG40-05~2021-02~Z40PNPCQ~05 - Natasha Dolmatova}
natashadolmatova2.fy058.jpg,704629,3cd7057a,\2021-02\05 - Natasha Dolmatova\,{TG40-05~2021-02~Z40PNPCQ~05 - Natasha Dolmatova}
natashadolmatova2.fy059.jpg,719410,acb4b0dc,\2021-02\05 - Natasha Dolmatova\,{TG40-05~2021-02~Z40PNPCQ~05 - Natasha Dolmatova}
natashadolmatova2.fy060.jpg,645938,23ba6844,\2021-02\05 - Natasha Dolmatova\,{TG40-05~2021-02~Z40PNPCQ~05 - Natasha Dolmatova}
natashadolmatova2.fy061.jpg,699432,b612c07e,\2021-02\05 - Natasha Dolmatova\,{TG40-05~2021-02~Z40PNPCQ~05 - Natasha Dolmatova}
natashadolmatova2.fy062.jpg,684351,921f63ad,\2021-02\05 - Natasha Dolmatova\,{TG40-05~2021-02~Z40PNPCQ~05 - Natasha Dolmatova}
natashadolmatova2.fy063.jpg,613955,7c814910,\2021-02\05 - Natasha Dolmatova\,{TG40-05~2021-02~Z40PNPCQ~05 - Natasha Dolmatova}
natashadolmatova2.fy064.jpg,729260,96632068,\2021-02\05 - Natasha Dolmatova\,{TG40-05~2021-02~Z40PNPCQ~05 - Natasha Dolmatova}
natashadolmatova2.fy065.jpg,604474,905968d6,\2021-02\05 - Natasha Dolmatova\,{TG40-05~2021-02~Z40PNPCQ~05 - Natasha Dolmatova}
natashadolmatova2.fy066.jpg,579738,20846e5a,\2021-02\05 - Natasha Dolmatova\,{TG40-05~2021-02~Z40PNPCQ~05 - Natasha Dolmatova}
natashadolmatova2.fy067.jpg,692123,5ae7e2a2,\2021-02\05 - Natasha Dolmatova\,{TG40-05~2021-02~Z40PNPCQ~05 - Natasha Dolmatova}
natashadolmatova2.fy068.jpg,592825,b13ae26d,\2021-02\05 - Natasha Dolmatova\,{TG40-05~2021-02~Z40PNPCQ~05 - Natasha Dolmatova}
natashadolmatova2.fy069.jpg,708932,fcd2cb41,\2021-02\05 - Natasha Dolmatova\,{TG40-05~2021-02~Z40PNPCQ~05 - Natasha Dolmatova}
natashadolmatova2.fy070.jpg,622814,0ce2ac02,\2021-02\05 - Natasha Dolmatova\,{TG40-05~2021-02~Z40PNPCQ~05 - Natasha Dolmatova}
natashadolmatova2.fy071.jpg,648812,565f59a3,\2021-02\05 - Natasha Dolmatova\,{TG40-05~2021-02~Z40PNPCQ~05 - Natasha Dolmatova}
natashadolmatova2.fy072.jpg,703623,6629b00a,\2021-02\05 - Natasha Dolmatova\,{TG40-05~2021-02~Z40PNPCQ~05 - Natasha Dolmatova}
natashadolmatova2.fy073.jpg,668702,6f0d25e4,\2021-02\05 - Natasha Dolmatova\,{TG40-05~2021-02~Z40PNPCQ~05 - Natasha Dolmatova}
natashadolmatova2.fy074.jpg,679889,177ee3f7,\2021-02\05 - Natasha Dolmatova\,{TG40-05~2021-02~Z40PNPCQ~05 - Natasha Dolmatova}
natashadolmatova2.fy075.jpg,628884,b9c558a8,\2021-02\05 - Natasha Dolmatova\,{TG40-05~2021-02~Z40PNPCQ~05 - Natasha Dolmatova}
natashadolmatova2.fy076.jpg,661045,a2afa43d,\2021-02\05 - Natasha Dolmatova\,{TG40-05~2021-02~Z40PNPCQ~05 - Natasha Dolmatova}
natashadolmatova2.fy077.jpg,599861,a1cfc182,\2021-02\05 - Natasha Dolmatova\,{TG40-05~2021-02~Z40PNPCQ~05 - Natasha Dolmatova}
natashadolmatova2.fy078.jpg,565777,48966216,\2021-02\05 - Natasha Dolmatova\,{TG40-05~2021-02~Z40PNPCQ~05 - Natasha Dolmatova}
natashadolmatova2.fy079.jpg,557210,cd3c6542,\2021-02\05 - Natasha Dolmatova\,{TG40-05~2021-02~Z40PNPCQ~05 - Natasha Dolmatova}
natashadolmatova2.fy080.jpg,505171,3d2484a3,\2021-02\05 - Natasha Dolmatova\,{TG40-05~2021-02~Z40PNPCQ~05 - Natasha Dolmatova}
natashadolmatova2.fy081.jpg,528673,406691e9,\2021-02\05 - Natasha Dolmatova\,{TG40-05~2021-02~Z40PNPCQ~05 - Natasha Dolmatova}
natashadolmatova2.fy082.jpg,531292,ba088ffd,\2021-02\05 - Natasha Dolmatova\,{TG40-05~2021-02~Z40PNPCQ~05 - Natasha Dolmatova}
natashadolmatova2.fy083.jpg,522737,174c5865,\2021-02\05 - Natasha Dolmatova\,{TG40-05~2021-02~Z40PNPCQ~05 - Natasha Dolmatova}
natashadolmatova2.fy084.jpg,496026,95034fe0,\2021-02\05 - Natasha Dolmatova\,{TG40-05~2021-02~Z40PNPCQ~05 - Natasha Dolmatova}
natashadolmatova2.fy085.jpg,549494,fdffe78a,\2021-02\05 - Natasha Dolmatova\,{TG40-05~2021-02~Z40PNPCQ~05 - Natasha Dolmatova}
natashadolmatova2.fy086.jpg,621076,7f4c5bad,\2021-02\05 - Natasha Dolmatova\,{TG40-05~2021-02~Z40PNPCQ~05 - Natasha Dolmatova}
natashadolmatova2.fy087.jpg,554255,3a426e09,\2021-02\05 - Natasha Dolmatova\,{TG40-05~2021-02~Z40PNPCQ~05 - Natasha Dolmatova}
natashadolmatova2.fy088.jpg,579329,5dd05045,\2021-02\05 - Natasha Dolmatova\,{TG40-05~2021-02~Z40PNPCQ~05 - Natasha Dolmatova}
natashadolmatova2.fy089.jpg,584202,95b31182,\2021-02\05 - Natasha Dolmatova\,{TG40-05~2021-02~Z40PNPCQ~05 - Natasha Dolmatova}
natashadolmatova2.fy090.jpg,570994,c7fd6201,\2021-02\05 - Natasha Dolmatova\,{TG40-05~2021-02~Z40PNPCQ~05 - Natasha Dolmatova}
natashadolmatova2.fy091.jpg,528782,e8c46eeb,\2021-02\05 - Natasha Dolmatova\,{TG40-05~2021-02~Z40PNPCQ~05 - Natasha Dolmatova}
natashadolmatova2.fy092.jpg,521755,bb066903,\2021-02\05 - Natasha Dolmatova\,{TG40-05~2021-02~Z40PNPCQ~05 - Natasha Dolmatova}
natashadolmatova2.fy093.jpg,570367,b9a4a5dc,\2021-02\05 - Natasha Dolmatova\,{TG40-05~2021-02~Z40PNPCQ~05 - Natasha Dolmatova}
natashadolmatova2.fy094.jpg,558269,1ba0692a,\2021-02\05 - Natasha Dolmatova\,{TG40-05~2021-02~Z40PNPCQ~05 - Natasha Dolmatova}
natashadolmatova2.fy095.jpg,546350,e23b3e72,\2021-02\05 - Natasha Dolmatova\,{TG40-05~2021-02~Z40PNPCQ~05 - Natasha Dolmatova}
natashadolmatova2.fy096.jpg,498255,05b9ed8b,\2021-02\05 - Natasha Dolmatova\,{TG40-05~2021-02~Z40PNPCQ~05 - Natasha Dolmatova}
natashadolmatova2.fy097.jpg,509022,a0c3c623,\2021-02\05 - Natasha Dolmatova\,{TG40-05~2021-02~Z40PNPCQ~05 - Natasha Dolmatova}
natashadolmatova2.fy098.jpg,508038,8e6841ae,\2021-02\05 - Natasha Dolmatova\,{TG40-05~2021-02~Z40PNPCQ~05 - Natasha Dolmatova}
natashadolmatova2.fy099.jpg,521173,c8ec6d49,\2021-02\05 - Natasha Dolmatova\,{TG40-05~2021-02~Z40PNPCQ~05 - Natasha Dolmatova}
natashadolmatova2.fy100.jpg,508062,28a182aa,\2021-02\05 - Natasha Dolmatova\,{TG40-05~2021-02~Z40PNPCQ~05 - Natasha Dolmatova}
natashadolmatova2.fy101.jpg,585654,26c0cd14,\2021-02\05 - Natasha Dolmatova\,{TG40-05~2021-02~Z40PNPCQ~05 - Natasha Dolmatova}
natashadolmatova2.fy102.jpg,541543,100d23e8,\2021-02\05 - Natasha Dolmatova\,{TG40-05~2021-02~Z40PNPCQ~05 - Natasha Dolmatova}
natashadolmatova2.fy103.jpg,564925,aa2f3785,\2021-02\05 - Natasha Dolmatova\,{TG40-05~2021-02~Z40PNPCQ~05 - Natasha Dolmatova}
natashadolmatova2.fy104.jpg,545880,917aab33,\2021-02\05 - Natasha Dolmatova\,{TG40-05~2021-02~Z40PNPCQ~05 - Natasha Dolmatova}
natashadolmatova2.fy105.jpg,527205,390bf2a6,\2021-02\05 - Natasha Dolmatova\,{TG40-05~2021-02~Z40PNPCQ~05 - Natasha Dolmatova}
natashadolmatova2.fy106.jpg,517635,66a69ab1,\2021-02\05 - Natasha Dolmatova\,{TG40-05~2021-02~Z40PNPCQ~05 - Natasha Dolmatova}
natashadolmatova2.fy107.jpg,519710,f7394681,\2021-02\05 - Natasha Dolmatova\,{TG40-05~2021-02~Z40PNPCQ~05 - Natasha Dolmatova}
natashadolmatova2.fy108.jpg,571165,7f67f058,\2021-02\05 - Natasha Dolmatova\,{TG40-05~2021-02~Z40PNPCQ~05 - Natasha Dolmatova}
natashadolmatova2.fy109.jpg,578384,755d7f59,\2021-02\05 - Natasha Dolmatova\,{TG40-05~2021-02~Z40PNPCQ~05 - Natasha Dolmatova}
natashadolmatova2.fy110.jpg,527534,db21805c,\2021-02\05 - Natasha Dolmatova\,{TG40-05~2021-02~Z40PNPCQ~05 - Natasha Dolmatova}
lanadangerously2.amp001.jpg,1276769,1ae4cf18,\2021-02\11 - Lana Dangerously\,{TG40-05~2021-02~Z90U47WO~11 - Lana Dangerously}
lanadangerously2.amp002.jpg,1435476,c286e649,\2021-02\11 - Lana Dangerously\,{TG40-05~2021-02~Z90U47WO~11 - Lana Dangerously}
lanadangerously2.amp003.jpg,1344591,51836ab6,\2021-02\11 - Lana Dangerously\,{TG40-05~2021-02~Z90U47WO~11 - Lana Dangerously}
lanadangerously2.amp004.jpg,1063913,33083fce,\2021-02\11 - Lana Dangerously\,{TG40-05~2021-02~Z90U47WO~11 - Lana Dangerously}
lanadangerously2.amp005.jpg,978431,b957f1e9,\2021-02\11 - Lana Dangerously\,{TG40-05~2021-02~Z90U47WO~11 - Lana Dangerously}
lanadangerously2.amp006.jpg,1054253,c6c1e557,\2021-02\11 - Lana Dangerously\,{TG40-05~2021-02~Z90U47WO~11 - Lana Dangerously}
lanadangerously2.amp007.jpg,1054996,01cb846b,\2021-02\11 - Lana Dangerously\,{TG40-05~2021-02~Z90U47WO~11 - Lana Dangerously}
lanadangerously2.amp008.jpg,1207089,b09942b2,\2021-02\11 - Lana Dangerously\,{TG40-05~2021-02~Z90U47WO~11 - Lana Dangerously}
lanadangerously2.amp009.jpg,1138096,00ce33eb,\2021-02\11 - Lana Dangerously\,{TG40-05~2021-02~Z90U47WO~11 - Lana Dangerously}
lanadangerously2.amp010.jpg,1166928,175cfcff,\2021-02\11 - Lana Dangerously\,{TG40-05~2021-02~Z90U47WO~11 - Lana Dangerously}
lanadangerously2.amp011.jpg,1253413,29d7440e,\2021-02\11 - Lana Dangerously\,{TG40-05~2021-02~Z90U47WO~11 - Lana Dangerously}
lanadangerously2.amp012.jpg,983419,8e816984,\2021-02\11 - Lana Dangerously\,{TG40-05~2021-02~Z90U47WO~11 - Lana Dangerously}
lanadangerously2.amp013.jpg,1175593,04c99073,\2021-02\11 - Lana Dangerously\,{TG40-05~2021-02~Z90U47WO~11 - Lana Dangerously}
lanadangerously2.amp014.jpg,940088,44f7bde8,\2021-02\11 - Lana Dangerously\,{TG40-05~2021-02~Z90U47WO~11 - Lana Dangerously}
lanadangerously2.amp015.jpg,1228332,35719a84,\2021-02\11 - Lana Dangerously\,{TG40-05~2021-02~Z90U47WO~11 - Lana Dangerously}
lanadangerously2.amp016.jpg,1269459,6d27a254,\2021-02\11 - Lana Dangerously\,{TG40-05~2021-02~Z90U47WO~11 - Lana Dangerously}
lanadangerously2.amp017.jpg,730322,d58a507d,\2021-02\11 - Lana Dangerously\,{TG40-05~2021-02~Z90U47WO~11 - Lana Dangerously}
lanadangerously2.amp018.jpg,773591,c37ecd63,\2021-02\11 - Lana Dangerously\,{TG40-05~2021-02~Z90U47WO~11 - Lana Dangerously}
lanadangerously2.amp019.jpg,1422430,815061fa,\2021-02\11 - Lana Dangerously\,{TG40-05~2021-02~Z90U47WO~11 - Lana Dangerously}
lanadangerously2.amp020.jpg,1324048,915cf9cf,\2021-02\11 - Lana Dangerously\,{TG40-05~2021-02~Z90U47WO~11 - Lana Dangerously}
lanadangerously2.amp021.jpg,1239032,ae49f714,\2021-02\11 - Lana Dangerously\,{TG40-05~2021-02~Z90U47WO~11 - Lana Dangerously}
lanadangerously2.amp022.jpg,1296853,195e6d94,\2021-02\11 - Lana Dangerously\,{TG40-05~2021-02~Z90U47WO~11 - Lana Dangerously}
lanadangerously2.amp023.jpg,1227643,f4f7f3a2,\2021-02\11 - Lana Dangerously\,{TG40-05~2021-02~Z90U47WO~11 - Lana Dangerously}
lanadangerously2.amp024.jpg,1251559,7ae0352a,\2021-02\11 - Lana Dangerously\,{TG40-05~2021-02~Z90U47WO~11 - Lana Dangerously}
lanadangerously2.amp025.jpg,1331080,19c3170c,\2021-02\11 - Lana Dangerously\,{TG40-05~2021-02~Z90U47WO~11 - Lana Dangerously}
lanadangerously2.amp026.jpg,1464934,d877f9bf,\2021-02\11 - Lana Dangerously\,{TG40-05~2021-02~Z90U47WO~11 - Lana Dangerously}
lanadangerously2.amp027.jpg,1573557,88bc3f0f,\2021-02\11 - Lana Dangerously\,{TG40-05~2021-02~Z90U47WO~11 - Lana Dangerously}
lanadangerously2.amp028.jpg,1507101,4848c49d,\2021-02\11 - Lana Dangerously\,{TG40-05~2021-02~Z90U47WO~11 - Lana Dangerously}
lanadangerously2.amp029.jpg,1185238,0876a0af,\2021-02\11 - Lana Dangerously\,{TG40-05~2021-02~Z90U47WO~11 - Lana Dangerously}
lanadangerously2.amp030.jpg,1246831,07433c31,\2021-02\11 - Lana Dangerously\,{TG40-05~2021-02~Z90U47WO~11 - Lana Dangerously}
lanadangerously2.amp031.jpg,1307178,cd566eb3,\2021-02\11 - Lana Dangerously\,{TG40-05~2021-02~Z90U47WO~11 - Lana Dangerously}
lanadangerously2.amp032.jpg,903824,9ee69eb9,\2021-02\11 - Lana Dangerously\,{TG40-05~2021-02~Z90U47WO~11 - Lana Dangerously}
lanadangerously2.amp033.jpg,1196784,f1a46787,\2021-02\11 - Lana Dangerously\,{TG40-05~2021-02~Z90U47WO~11 - Lana Dangerously}
lanadangerously2.amp034.jpg,1277153,0203aa8e,\2021-02\11 - Lana Dangerously\,{TG40-05~2021-02~Z90U47WO~11 - Lana Dangerously}
lanadangerously2.amp035.jpg,1017558,8000cca2,\2021-02\11 - Lana Dangerously\,{TG40-05~2021-02~Z90U47WO~11 - Lana Dangerously}
lanadangerously2.amp036.jpg,1087838,813e86f0,\2021-02\11 - Lana Dangerously\,{TG40-05~2021-02~Z90U47WO~11 - Lana Dangerously}
lanadangerously2.amp037.jpg,1131730,a7dcf506,\2021-02\11 - Lana Dangerously\,{TG40-05~2021-02~Z90U47WO~11 - Lana Dangerously}
lanadangerously2.amp038.jpg,1069808,978e221c,\2021-02\11 - Lana Dangerously\,{TG40-05~2021-02~Z90U47WO~11 - Lana Dangerously}
lanadangerously2.amp039.jpg,1128472,77a8b308,\2021-02\11 - Lana Dangerously\,{TG40-05~2021-02~Z90U47WO~11 - Lana Dangerously}
lanadangerously2.amp040.jpg,1279235,cd9e2577,\2021-02\11 - Lana Dangerously\,{TG40-05~2021-02~Z90U47WO~11 - Lana Dangerously}
lanadangerously2.amp041.jpg,1354412,7a98050b,\2021-02\11 - Lana Dangerously\,{TG40-05~2021-02~Z90U47WO~11 - Lana Dangerously}
lanadangerously2.amp042.jpg,1082000,a0f6732e,\2021-02\11 - Lana Dangerously\,{TG40-05~2021-02~Z90U47WO~11 - Lana Dangerously}
lanadangerously2.amp043.jpg,1142328,408769f2,\2021-02\11 - Lana Dangerously\,{TG40-05~2021-02~Z90U47WO~11 - Lana Dangerously}
lanadangerously2.amp044.jpg,844220,dfde08b9,\2021-02\11 - Lana Dangerously\,{TG40-05~2021-02~Z90U47WO~11 - Lana Dangerously}
lanadangerously2.amp045.jpg,807787,7a42f282,\2021-02\11 - Lana Dangerously\,{TG40-05~2021-02~Z90U47WO~11 - Lana Dangerously}
lanadangerously2.amp046.jpg,1046295,b9576443,\2021-02\11 - Lana Dangerously\,{TG40-05~2021-02~Z90U47WO~11 - Lana Dangerously}
lanadangerously2.amp047.jpg,1136889,4752eed4,\2021-02\11 - Lana Dangerously\,{TG40-05~2021-02~Z90U47WO~11 - Lana Dangerously}
lanadangerously2.amp048.jpg,1142152,fd9b90bc,\2021-02\11 - Lana Dangerously\,{TG40-05~2021-02~Z90U47WO~11 - Lana Dangerously}
lanadangerously2.amp049.jpg,1330051,1c95c966,\2021-02\11 - Lana Dangerously\,{TG40-05~2021-02~Z90U47WO~11 - Lana Dangerously}
lanadangerously2.amp050.jpg,1426685,490a9b4f,\2021-02\11 - Lana Dangerously\,{TG40-05~2021-02~Z90U47WO~11 - Lana Dangerously}
lanadangerously2.amp051.jpg,1127915,bd064c62,\2021-02\11 - Lana Dangerously\,{TG40-05~2021-02~Z90U47WO~11 - Lana Dangerously}
lanadangerously2.amp052.jpg,1182240,5db6d622,\2021-02\11 - Lana Dangerously\,{TG40-05~2021-02~Z90U47WO~11 - Lana Dangerously}
lanadangerously2.amp053.jpg,1080089,3f184ad3,\2021-02\11 - Lana Dangerously\,{TG40-05~2021-02~Z90U47WO~11 - Lana Dangerously}
lanadangerously2.amp054.jpg,1124207,9928156a,\2021-02\11 - Lana Dangerously\,{TG40-05~2021-02~Z90U47WO~11 - Lana Dangerously}
lanadangerously2.amp055.jpg,1180199,500a4dd7,\2021-02\11 - Lana Dangerously\,{TG40-05~2021-02~Z90U47WO~11 - Lana Dangerously}
lanadangerously2.amp056.jpg,1308554,c68fcd3f,\2021-02\11 - Lana Dangerously\,{TG40-05~2021-02~Z90U47WO~11 - Lana Dangerously}
lanadangerously2.amp057.jpg,1311263,f8842dcb,\2021-02\11 - Lana Dangerously\,{TG40-05~2021-02~Z90U47WO~11 - Lana Dangerously}
lanadangerously2.amp058.jpg,1214226,e84f2fbb,\2021-02\11 - Lana Dangerously\,{TG40-05~2021-02~Z90U47WO~11 - Lana Dangerously}
lanadangerously2.amp059.jpg,644349,691f2f73,\2021-02\11 - Lana Dangerously\,{TG40-05~2021-02~Z90U47WO~11 - Lana Dangerously}
lanadangerously2.amp060.jpg,598561,1005abcd,\2021-02\11 - Lana Dangerously\,{TG40-05~2021-02~Z90U47WO~11 - Lana Dangerously}
lanadangerously2.amp061.jpg,1038369,c4758edb,\2021-02\11 - Lana Dangerously\,{TG40-05~2021-02~Z90U47WO~11 - Lana Dangerously}
lanadangerously2.amp062.jpg,1236223,001fd869,\2021-02\11 - Lana Dangerously\,{TG40-05~2021-02~Z90U47WO~11 - Lana Dangerously}
lanadangerously2.amp063.jpg,1324217,85e9eeb1,\2021-02\11 - Lana Dangerously\,{TG40-05~2021-02~Z90U47WO~11 - Lana Dangerously}
lanadangerously2.amp064.jpg,1297467,e2cf3dc7,\2021-02\11 - Lana Dangerously\,{TG40-05~2021-02~Z90U47WO~11 - Lana Dangerously}
lanadangerously2.amp065.jpg,1194661,b4ca2f5e,\2021-02\11 - Lana Dangerously\,{TG40-05~2021-02~Z90U47WO~11 - Lana Dangerously}
lanadangerously2.amp066.jpg,941632,c31aff9c,\2021-02\11 - Lana Dangerously\,{TG40-05~2021-02~Z90U47WO~11 - Lana Dangerously}
lanadangerously2.amp067.jpg,1082731,ee051de7,\2021-02\11 - Lana Dangerously\,{TG40-05~2021-02~Z90U47WO~11 - Lana Dangerously}
lanadangerously2.amp068.jpg,1017827,786562e7,\2021-02\11 - Lana Dangerously\,{TG40-05~2021-02~Z90U47WO~11 - Lana Dangerously}
lanadangerously2.amp069.jpg,997635,c42713ae,\2021-02\11 - Lana Dangerously\,{TG40-05~2021-02~Z90U47WO~11 - Lana Dangerously}
lanadangerously2.amp070.jpg,916290,78434982,\2021-02\11 - Lana Dangerously\,{TG40-05~2021-02~Z90U47WO~11 - Lana Dangerously}
lanadangerously2.amp071.jpg,842055,20217051,\2021-02\11 - Lana Dangerously\,{TG40-05~2021-02~Z90U47WO~11 - Lana Dangerously}
lanadangerously2.amp072.jpg,885777,f266bbb0,\2021-02\11 - Lana Dangerously\,{TG40-05~2021-02~Z90U47WO~11 - Lana Dangerously}
lanadangerously2.amp073.jpg,866989,aaa9400e,\2021-02\11 - Lana Dangerously\,{TG40-05~2021-02~Z90U47WO~11 - Lana Dangerously}
lanadangerously2.amp074.jpg,945018,6c7e86d9,\2021-02\11 - Lana Dangerously\,{TG40-05~2021-02~Z90U47WO~11 - Lana Dangerously}
lanadangerously2.amp075.jpg,1140365,9775a8cc,\2021-02\11 - Lana Dangerously\,{TG40-05~2021-02~Z90U47WO~11 - Lana Dangerously}
lanadangerously2.amp076.jpg,984331,769c1330,\2021-02\11 - Lana Dangerously\,{TG40-05~2021-02~Z90U47WO~11 - Lana Dangerously}
lanadangerously2.amp077.jpg,977018,e9cb81c8,\2021-02\11 - Lana Dangerously\,{TG40-05~2021-02~Z90U47WO~11 - Lana Dangerously}
lanadangerously2.amp078.jpg,767019,96e437aa,\2021-02\11 - Lana Dangerously\,{TG40-05~2021-02~Z90U47WO~11 - Lana Dangerously}
lanadangerously2.amp079.jpg,860645,5ebcf026,\2021-02\11 - Lana Dangerously\,{TG40-05~2021-02~Z90U47WO~11 - Lana Dangerously}
lanadangerously2.amp080.jpg,1232669,08acaf07,\2021-02\11 - Lana Dangerously\,{TG40-05~2021-02~Z90U47WO~11 - Lana Dangerously}
lanadangerously2.amp081.jpg,734774,27209d3e,\2021-02\11 - Lana Dangerously\,{TG40-05~2021-02~Z90U47WO~11 - Lana Dangerously}
lanadangerously2.amp082.jpg,1128075,dd153a34,\2021-02\11 - Lana Dangerously\,{TG40-05~2021-02~Z90U47WO~11 - Lana Dangerously}
lanadangerously2.amp083.jpg,1096280,b415bff6,\2021-02\11 - Lana Dangerously\,{TG40-05~2021-02~Z90U47WO~11 - Lana Dangerously}
lanadangerously2.amp084.jpg,1231274,ccb1d3fb,\2021-02\11 - Lana Dangerously\,{TG40-05~2021-02~Z90U47WO~11 - Lana Dangerously}
lanadangerously2.amp085.jpg,1258252,f747694f,\2021-02\11 - Lana Dangerously\,{TG40-05~2021-02~Z90U47WO~11 - Lana Dangerously}
lanadangerously2.amp086.jpg,821762,c7b9d79a,\2021-02\11 - Lana Dangerously\,{TG40-05~2021-02~Z90U47WO~11 - Lana Dangerously}
lanadangerously2.amp087.jpg,791977,f7a6b100,\2021-02\11 - Lana Dangerously\,{TG40-05~2021-02~Z90U47WO~11 - Lana Dangerously}
lanadangerously2.amp088.jpg,1211602,bcd96a51,\2021-02\11 - Lana Dangerously\,{TG40-05~2021-02~Z90U47WO~11 - Lana Dangerously}
lanadangerously2.amp089.jpg,1322551,a5c089e1,\2021-02\11 - Lana Dangerously\,{TG40-05~2021-02~Z90U47WO~11 - Lana Dangerously}
lanadangerously2.amp090.jpg,738904,7244b24b,\2021-02\11 - Lana Dangerously\,{TG40-05~2021-02~Z90U47WO~11 - Lana Dangerously}
lanadangerously2.amp091.jpg,759804,9d4bac7d,\2021-02\11 - Lana Dangerously\,{TG40-05~2021-02~Z90U47WO~11 - Lana Dangerously}
lanadangerously2.amp092.jpg,774622,be2d972f,\2021-02\11 - Lana Dangerously\,{TG40-05~2021-02~Z90U47WO~11 - Lana Dangerously}
lanadangerously2.amp093.jpg,781784,96f95ee6,\2021-02\11 - Lana Dangerously\,{TG40-05~2021-02~Z90U47WO~11 - Lana Dangerously}
lanadangerously2.amp094.jpg,1068361,97a11d9b,\2021-02\11 - Lana Dangerously\,{TG40-05~2021-02~Z90U47WO~11 - Lana Dangerously}
lanadangerously2.amp095.jpg,749023,1aa3123d,\2021-02\11 - Lana Dangerously\,{TG40-05~2021-02~Z90U47WO~11 - Lana Dangerously}
lanadangerously2.amp096.jpg,955743,d61a2efc,\2021-02\11 - Lana Dangerously\,{TG40-05~2021-02~Z90U47WO~11 - Lana Dangerously}
lanadangerously2.amp097.jpg,747368,37f6c765,\2021-02\11 - Lana Dangerously\,{TG40-05~2021-02~Z90U47WO~11 - Lana Dangerously}
lanadangerously2.amp098.jpg,728564,937d191d,\2021-02\11 - Lana Dangerously\,{TG40-05~2021-02~Z90U47WO~11 - Lana Dangerously}
lanadangerously2.amp099.jpg,814099,5985dcbd,\2021-02\11 - Lana Dangerously\,{TG40-05~2021-02~Z90U47WO~11 - Lana Dangerously}
lanadangerously2.amp100.jpg,1181448,4ebaab43,\2021-02\11 - Lana Dangerously\,{TG40-05~2021-02~Z90U47WO~11 - Lana Dangerously}
lanadangerously2.amp101.jpg,1086806,f82b6068,\2021-02\11 - Lana Dangerously\,{TG40-05~2021-02~Z90U47WO~11 - Lana Dangerously}
lanadangerously2.amp102.jpg,1156183,ce2d1548,\2021-02\11 - Lana Dangerously\,{TG40-05~2021-02~Z90U47WO~11 - Lana Dangerously}
lanadangerously2.amp103.jpg,704866,55089398,\2021-02\11 - Lana Dangerously\,{TG40-05~2021-02~Z90U47WO~11 - Lana Dangerously}
lanadangerously2.amp104.jpg,1121228,b2666e4b,\2021-02\11 - Lana Dangerously\,{TG40-05~2021-02~Z90U47WO~11 - Lana Dangerously}
lanadangerously2.amp105.jpg,1429487,e5b9c46b,\2021-02\11 - Lana Dangerously\,{TG40-05~2021-02~Z90U47WO~11 - Lana Dangerously}
lanadangerously2.amp106.jpg,714592,93abf62c,\2021-02\11 - Lana Dangerously\,{TG40-05~2021-02~Z90U47WO~11 - Lana Dangerously}
tina1.fy001.jpg,697976,d92332a2,\2021-02\12 - Tina\,{TG40-05~2021-02~ZA0U4DXU~12 - Tina}
tina1.fy002.jpg,744989,2b70e76c,\2021-02\12 - Tina\,{TG40-05~2021-02~ZA0U4DXU~12 - Tina}
tina1.fy003.jpg,660577,f1a1a464,\2021-02\12 - Tina\,{TG40-05~2021-02~ZA0U4DXU~12 - Tina}
tina1.fy004.jpg,814177,70d7636b,\2021-02\12 - Tina\,{TG40-05~2021-02~ZA0U4DXU~12 - Tina}
tina1.fy005.jpg,770799,631b8080,\2021-02\12 - Tina\,{TG40-05~2021-02~ZA0U4DXU~12 - Tina}
tina1.fy006.jpg,886816,ae51f300,\2021-02\12 - Tina\,{TG40-05~2021-02~ZA0U4DXU~12 - Tina}
tina1.fy007.jpg,769079,f3990f91,\2021-02\12 - Tina\,{TG40-05~2021-02~ZA0U4DXU~12 - Tina}
tina1.fy008.jpg,895200,fa95c9eb,\2021-02\12 - Tina\,{TG40-05~2021-02~ZA0U4DXU~12 - Tina}
tina1.fy009.jpg,956095,92807a1b,\2021-02\12 - Tina\,{TG40-05~2021-02~ZA0U4DXU~12 - Tina}
tina1.fy010.jpg,998489,ebd3648d,\2021-02\12 - Tina\,{TG40-05~2021-02~ZA0U4DXU~12 - Tina}
tina1.fy011.jpg,894111,891d7e30,\2021-02\12 - Tina\,{TG40-05~2021-02~ZA0U4DXU~12 - Tina}
tina1.fy012.jpg,933242,22382b61,\2021-02\12 - Tina\,{TG40-05~2021-02~ZA0U4DXU~12 - Tina}
tina1.fy013.jpg,838319,255ff3a6,\2021-02\12 - Tina\,{TG40-05~2021-02~ZA0U4DXU~12 - Tina}
tina1.fy014.jpg,935344,522aff6a,\2021-02\12 - Tina\,{TG40-05~2021-02~ZA0U4DXU~12 - Tina}
tina1.fy015.jpg,993619,0f0ac304,\2021-02\12 - Tina\,{TG40-05~2021-02~ZA0U4DXU~12 - Tina}
tina1.fy016.jpg,899809,9e68e8fa,\2021-02\12 - Tina\,{TG40-05~2021-02~ZA0U4DXU~12 - Tina}
tina1.fy017.jpg,974744,7376669d,\2021-02\12 - Tina\,{TG40-05~2021-02~ZA0U4DXU~12 - Tina}
tina1.fy018.jpg,837073,534ebc61,\2021-02\12 - Tina\,{TG40-05~2021-02~ZA0U4DXU~12 - Tina}
tina1.fy019.jpg,861011,37f01608,\2021-02\12 - Tina\,{TG40-05~2021-02~ZA0U4DXU~12 - Tina}
tina1.fy020.jpg,841835,88d947bd,\2021-02\12 - Tina\,{TG40-05~2021-02~ZA0U4DXU~12 - Tina}
tina1.fy021.jpg,973096,d2040c86,\2021-02\12 - Tina\,{TG40-05~2021-02~ZA0U4DXU~12 - Tina}
tina1.fy022.jpg,846797,523b7cb6,\2021-02\12 - Tina\,{TG40-05~2021-02~ZA0U4DXU~12 - Tina}
tina1.fy023.jpg,862586,ed72a8f2,\2021-02\12 - Tina\,{TG40-05~2021-02~ZA0U4DXU~12 - Tina}
tina1.fy024.jpg,834193,ead9ae16,\2021-02\12 - Tina\,{TG40-05~2021-02~ZA0U4DXU~12 - Tina}
tina1.fy025.jpg,824860,66f67aeb,\2021-02\12 - Tina\,{TG40-05~2021-02~ZA0U4DXU~12 - Tina}
tina1.fy026.jpg,832492,b234539d,\2021-02\12 - Tina\,{TG40-05~2021-02~ZA0U4DXU~12 - Tina}
tina1.fy027.jpg,719617,f3ca03d4,\2021-02\12 - Tina\,{TG40-05~2021-02~ZA0U4DXU~12 - Tina}
tina1.fy028.jpg,803228,4c189ff7,\2021-02\12 - Tina\,{TG40-05~2021-02~ZA0U4DXU~12 - Tina}
tina1.fy029.jpg,753918,177b6d51,\2021-02\12 - Tina\,{TG40-05~2021-02~ZA0U4DXU~12 - Tina}
tina1.fy030.jpg,896132,b280d359,\2021-02\12 - Tina\,{TG40-05~2021-02~ZA0U4DXU~12 - Tina}
tina1.fy031.jpg,1002342,ac8750db,\2021-02\12 - Tina\,{TG40-05~2021-02~ZA0U4DXU~12 - Tina}
tina1.fy032.jpg,958797,30b1ec0d,\2021-02\12 - Tina\,{TG40-05~2021-02~ZA0U4DXU~12 - Tina}
tina1.fy033.jpg,715826,690b4bf6,\2021-02\12 - Tina\,{TG40-05~2021-02~ZA0U4DXU~12 - Tina}
tina1.fy034.jpg,921356,715aae72,\2021-02\12 - Tina\,{TG40-05~2021-02~ZA0U4DXU~12 - Tina}
tina1.fy035.jpg,883100,5dc9b15a,\2021-02\12 - Tina\,{TG40-05~2021-02~ZA0U4DXU~12 - Tina}
tina1.fy036.jpg,1063228,24c4fa8d,\2021-02\12 - Tina\,{TG40-05~2021-02~ZA0U4DXU~12 - Tina}
tina1.fy037.jpg,890305,2e41493d,\2021-02\12 - Tina\,{TG40-05~2021-02~ZA0U4DXU~12 - Tina}
tina1.fy038.jpg,741537,0de63320,\2021-02\12 - Tina\,{TG40-05~2021-02~ZA0U4DXU~12 - Tina}
tina1.fy039.jpg,704120,992163eb,\2021-02\12 - Tina\,{TG40-05~2021-02~ZA0U4DXU~12 - Tina}
tina1.fy040.jpg,940826,6d9d3ccc,\2021-02\12 - Tina\,{TG40-05~2021-02~ZA0U4DXU~12 - Tina}
tina1.fy041.jpg,882937,e22de12f,\2021-02\12 - Tina\,{TG40-05~2021-02~ZA0U4DXU~12 - Tina}
tina1.fy042.jpg,1003481,afbfae27,\2021-02\12 - Tina\,{TG40-05~2021-02~ZA0U4DXU~12 - Tina}
tina1.fy043.jpg,804924,3aacf72d,\2021-02\12 - Tina\,{TG40-05~2021-02~ZA0U4DXU~12 - Tina}
tina1.fy044.jpg,875569,f9219cfe,\2021-02\12 - Tina\,{TG40-05~2021-02~ZA0U4DXU~12 - Tina}
tina1.fy045.jpg,763315,8f6e3558,\2021-02\12 - Tina\,{TG40-05~2021-02~ZA0U4DXU~12 - Tina}
tina1.fy046.jpg,633372,49de1e8c,\2021-02\12 - Tina\,{TG40-05~2021-02~ZA0U4DXU~12 - Tina}
tina1.fy047.jpg,876835,c89f0ca3,\2021-02\12 - Tina\,{TG40-05~2021-02~ZA0U4DXU~12 - Tina}
tina1.fy048.jpg,905949,a3d2d246,\2021-02\12 - Tina\,{TG40-05~2021-02~ZA0U4DXU~12 - Tina}
tina1.fy049.jpg,870418,f1de8798,\2021-02\12 - Tina\,{TG40-05~2021-02~ZA0U4DXU~12 - Tina}
tina1.fy050.jpg,921302,16c7a470,\2021-02\12 - Tina\,{TG40-05~2021-02~ZA0U4DXU~12 - Tina}
tina1.fy051.jpg,897565,a1e564ff,\2021-02\12 - Tina\,{TG40-05~2021-02~ZA0U4DXU~12 - Tina}
tina1.fy052.jpg,735857,bc3bb111,\2021-02\12 - Tina\,{TG40-05~2021-02~ZA0U4DXU~12 - Tina}
tina1.fy053.jpg,947403,8a121cdf,\2021-02\12 - Tina\,{TG40-05~2021-02~ZA0U4DXU~12 - Tina}
tina1.fy054.jpg,784589,5181bb10,\2021-02\12 - Tina\,{TG40-05~2021-02~ZA0U4DXU~12 - Tina}
tina1.fy055.jpg,972172,5075d66d,\2021-02\12 - Tina\,{TG40-05~2021-02~ZA0U4DXU~12 - Tina}
tina1.fy056.jpg,736798,8759dc64,\2021-02\12 - Tina\,{TG40-05~2021-02~ZA0U4DXU~12 - Tina}
tina1.fy057.jpg,676605,603c4d92,\2021-02\12 - Tina\,{TG40-05~2021-02~ZA0U4DXU~12 - Tina}
tina1.fy058.jpg,770752,0b24e6bf,\2021-02\12 - Tina\,{TG40-05~2021-02~ZA0U4DXU~12 - Tina}
tina1.fy059.jpg,797073,87f1732d,\2021-02\12 - Tina\,{TG40-05~2021-02~ZA0U4DXU~12 - Tina}
tina1.fy060.jpg,841056,44f914d8,\2021-02\12 - Tina\,{TG40-05~2021-02~ZA0U4DXU~12 - Tina}
tina1.fy061.jpg,690557,325f44e8,\2021-02\12 - Tina\,{TG40-05~2021-02~ZA0U4DXU~12 - Tina}
tina1.fy062.jpg,781037,d6f689e6,\2021-02\12 - Tina\,{TG40-05~2021-02~ZA0U4DXU~12 - Tina}
tina1.fy063.jpg,719091,50b9a11c,\2021-02\12 - Tina\,{TG40-05~2021-02~ZA0U4DXU~12 - Tina}
tina1.fy064.jpg,675622,78449c32,\2021-02\12 - Tina\,{TG40-05~2021-02~ZA0U4DXU~12 - Tina}
tina1.fy065.jpg,759423,fdfd274b,\2021-02\12 - Tina\,{TG40-05~2021-02~ZA0U4DXU~12 - Tina}
tina1.fy066.jpg,785573,c961a17b,\2021-02\12 - Tina\,{TG40-05~2021-02~ZA0U4DXU~12 - Tina}
tina1.fy067.jpg,900639,ef2634fe,\2021-02\12 - Tina\,{TG40-05~2021-02~ZA0U4DXU~12 - Tina}
tina1.fy068.jpg,698748,dae16d98,\2021-02\12 - Tina\,{TG40-05~2021-02~ZA0U4DXU~12 - Tina}
tina1.fy069.jpg,814523,3241656d,\2021-02\12 - Tina\,{TG40-05~2021-02~ZA0U4DXU~12 - Tina}
tina1.fy070.jpg,831860,698c6326,\2021-02\12 - Tina\,{TG40-05~2021-02~ZA0U4DXU~12 - Tina}
tina1.fy071.jpg,856986,7b104d46,\2021-02\12 - Tina\,{TG40-05~2021-02~ZA0U4DXU~12 - Tina}
tina1.fy072.jpg,721548,b3f664e7,\2021-02\12 - Tina\,{TG40-05~2021-02~ZA0U4DXU~12 - Tina}
tina1.fy073.jpg,799443,22345ca0,\2021-02\12 - Tina\,{TG40-05~2021-02~ZA0U4DXU~12 - Tina}
tina1.fy074.jpg,621972,0d0dd2fe,\2021-02\12 - Tina\,{TG40-05~2021-02~ZA0U4DXU~12 - Tina}
tina1.fy075.jpg,656068,8948811f,\2021-02\12 - Tina\,{TG40-05~2021-02~ZA0U4DXU~12 - Tina}
tina1.fy076.jpg,825444,6facdfbd,\2021-02\12 - Tina\,{TG40-05~2021-02~ZA0U4DXU~12 - Tina}
tina1.fy077.jpg,629138,c6eb2145,\2021-02\12 - Tina\,{TG40-05~2021-02~ZA0U4DXU~12 - Tina}
tina1.fy078.jpg,905782,e6ca68eb,\2021-02\12 - Tina\,{TG40-05~2021-02~ZA0U4DXU~12 - Tina}
tina1.fy079.jpg,618205,44051415,\2021-02\12 - Tina\,{TG40-05~2021-02~ZA0U4DXU~12 - Tina}
tina1.fy080.jpg,662658,7d6bf35f,\2021-02\12 - Tina\,{TG40-05~2021-02~ZA0U4DXU~12 - Tina}
tina1.fy081.jpg,644505,1dbde003,\2021-02\12 - Tina\,{TG40-05~2021-02~ZA0U4DXU~12 - Tina}
tina1.fy082.jpg,629840,352ef774,\2021-02\12 - Tina\,{TG40-05~2021-02~ZA0U4DXU~12 - Tina}
tina1.fy083.jpg,647955,f360059e,\2021-02\12 - Tina\,{TG40-05~2021-02~ZA0U4DXU~12 - Tina}
tina1.fy084.jpg,647773,f016aea5,\2021-02\12 - Tina\,{TG40-05~2021-02~ZA0U4DXU~12 - Tina}
tina1.fy085.jpg,590306,bda7d961,\2021-02\12 - Tina\,{TG40-05~2021-02~ZA0U4DXU~12 - Tina}
tina1.fy086.jpg,655014,cf2b61f8,\2021-02\12 - Tina\,{TG40-05~2021-02~ZA0U4DXU~12 - Tina}
tina1.fy087.jpg,823782,25cd687d,\2021-02\12 - Tina\,{TG40-05~2021-02~ZA0U4DXU~12 - Tina}
tina1.fy088.jpg,641656,f053db42,\2021-02\12 - Tina\,{TG40-05~2021-02~ZA0U4DXU~12 - Tina}
tina1.fy089.jpg,634376,1e011390,\2021-02\12 - Tina\,{TG40-05~2021-02~ZA0U4DXU~12 - Tina}
tina1.fy090.jpg,779525,64e501c1,\2021-02\12 - Tina\,{TG40-05~2021-02~ZA0U4DXU~12 - Tina}
tina1.fy091.jpg,683449,fcaaf335,\2021-02\12 - Tina\,{TG40-05~2021-02~ZA0U4DXU~12 - Tina}
tina1.fy092.jpg,750245,811606af,\2021-02\12 - Tina\,{TG40-05~2021-02~ZA0U4DXU~12 - Tina}
tina1.fy093.jpg,706719,fac0b400,\2021-02\12 - Tina\,{TG40-05~2021-02~ZA0U4DXU~12 - Tina}
tina1.fy094.jpg,735063,d854d1d4,\2021-02\12 - Tina\,{TG40-05~2021-02~ZA0U4DXU~12 - Tina}
tina1.fy095.jpg,716459,a243a426,\2021-02\12 - Tina\,{TG40-05~2021-02~ZA0U4DXU~12 - Tina}
tina1.fy096.jpg,705436,9534f1d0,\2021-02\12 - Tina\,{TG40-05~2021-02~ZA0U4DXU~12 - Tina}
tina1.fy097.jpg,742292,c0d9f5ea,\2021-02\12 - Tina\,{TG40-05~2021-02~ZA0U4DXU~12 - Tina}
tina1.fy098.jpg,773931,6054a15b,\2021-02\12 - Tina\,{TG40-05~2021-02~ZA0U4DXU~12 - Tina}
tina1.fy099.jpg,814149,217bc728,\2021-02\12 - Tina\,{TG40-05~2021-02~ZA0U4DXU~12 - Tina}
tina1.fy100.jpg,764278,441b9cd0,\2021-02\12 - Tina\,{TG40-05~2021-02~ZA0U4DXU~12 - Tina}
tina1.fy101.jpg,925017,7f8e15c2,\2021-02\12 - Tina\,{TG40-05~2021-02~ZA0U4DXU~12 - Tina}
tina1.fy102.jpg,802523,926eb2ce,\2021-02\12 - Tina\,{TG40-05~2021-02~ZA0U4DXU~12 - Tina}
tina1.fy103.jpg,802761,b170d324,\2021-02\12 - Tina\,{TG40-05~2021-02~ZA0U4DXU~12 - Tina}
tina1.fy104.jpg,731159,ba95a9e8,\2021-02\12 - Tina\,{TG40-05~2021-02~ZA0U4DXU~12 - Tina}
tina1.fy105.jpg,987440,c168517f,\2021-02\12 - Tina\,{TG40-05~2021-02~ZA0U4DXU~12 - Tina}
tina1.fy106.jpg,719873,afc5e0dc,\2021-02\12 - Tina\,{TG40-05~2021-02~ZA0U4DXU~12 - Tina}
tina1.fy107.jpg,853426,3c046076,\2021-02\12 - Tina\,{TG40-05~2021-02~ZA0U4DXU~12 - Tina}
tina1.fy108.jpg,823145,4ce07f3e,\2021-02\12 - Tina\,{TG40-05~2021-02~ZA0U4DXU~12 - Tina}
tina1.fy109.jpg,667273,7dad24aa,\2021-02\12 - Tina\,{TG40-05~2021-02~ZA0U4DXU~12 - Tina}
alessandraleite.ld001.jpg,1088643,9bf61875,\2021-02\16 - Alessandra Leite\,{TG40-05~2021-02~ZF0WH3QU~16 - Alessandra Leite}
alessandraleite.ld002.jpg,1037685,6d5b8218,\2021-02\16 - Alessandra Leite\,{TG40-05~2021-02~ZF0WH3QU~16 - Alessandra Leite}
alessandraleite.ld003.jpg,1052572,4e56d641,\2021-02\16 - Alessandra Leite\,{TG40-05~2021-02~ZF0WH3QU~16 - Alessandra Leite}
alessandraleite.ld004.jpg,1060737,c3ce14ed,\2021-02\16 - Alessandra Leite\,{TG40-05~2021-02~ZF0WH3QU~16 - Alessandra Leite}
alessandraleite.ld005.jpg,1354547,c4e4235e,\2021-02\16 - Alessandra Leite\,{TG40-05~2021-02~ZF0WH3QU~16 - Alessandra Leite}
alessandraleite.ld006.jpg,958616,6f148b06,\2021-02\16 - Alessandra Leite\,{TG40-05~2021-02~ZF0WH3QU~16 - Alessandra Leite}
alessandraleite.ld007.jpg,1033645,558dd002,\2021-02\16 - Alessandra Leite\,{TG40-05~2021-02~ZF0WH3QU~16 - Alessandra Leite}
alessandraleite.ld008.jpg,1234567,c16d19bc,\2021-02\16 - Alessandra Leite\,{TG40-05~2021-02~ZF0WH3QU~16 - Alessandra Leite}
alessandraleite.ld009.jpg,1009672,ff3bc723,\2021-02\16 - Alessandra Leite\,{TG40-05~2021-02~ZF0WH3QU~16 - Alessandra Leite}
alessandraleite.ld010.jpg,1315667,4a136090,\2021-02\16 - Alessandra Leite\,{TG40-05~2021-02~ZF0WH3QU~16 - Alessandra Leite}
alessandraleite.ld011.jpg,1014032,3db933e0,\2021-02\16 - Alessandra Leite\,{TG40-05~2021-02~ZF0WH3QU~16 - Alessandra Leite}
alessandraleite.ld012.jpg,717470,713f980d,\2021-02\16 - Alessandra Leite\,{TG40-05~2021-02~ZF0WH3QU~16 - Alessandra Leite}
alessandraleite.ld013.jpg,991166,869ddbf4,\2021-02\16 - Alessandra Leite\,{TG40-05~2021-02~ZF0WH3QU~16 - Alessandra Leite}
alessandraleite.ld014.jpg,910424,9a96253b,\2021-02\16 - Alessandra Leite\,{TG40-05~2021-02~ZF0WH3QU~16 - Alessandra Leite}
alessandraleite.ld015.jpg,1022319,acdc300c,\2021-02\16 - Alessandra Leite\,{TG40-05~2021-02~ZF0WH3QU~16 - Alessandra Leite}
alessandraleite.ld016.jpg,1043752,47965388,\2021-02\16 - Alessandra Leite\,{TG40-05~2021-02~ZF0WH3QU~16 - Alessandra Leite}
alessandraleite.ld017.jpg,784368,18eb0531,\2021-02\16 - Alessandra Leite\,{TG40-05~2021-02~ZF0WH3QU~16 - Alessandra Leite}
alessandraleite.ld018.jpg,908166,666ee97c,\2021-02\16 - Alessandra Leite\,{TG40-05~2021-02~ZF0WH3QU~16 - Alessandra Leite}
alessandraleite.ld019.jpg,880355,b6b37d22,\2021-02\16 - Alessandra Leite\,{TG40-05~2021-02~ZF0WH3QU~16 - Alessandra Leite}
alessandraleite.ld020.jpg,825019,dba13033,\2021-02\16 - Alessandra Leite\,{TG40-05~2021-02~ZF0WH3QU~16 - Alessandra Leite}
alessandraleite.ld021.jpg,781400,6a59e954,\2021-02\16 - Alessandra Leite\,{TG40-05~2021-02~ZF0WH3QU~16 - Alessandra Leite}
alessandraleite.ld022.jpg,1057979,7ba32f8b,\2021-02\16 - Alessandra Leite\,{TG40-05~2021-02~ZF0WH3QU~16 - Alessandra Leite}
alessandraleite.ld023.jpg,1141761,2a55ae81,\2021-02\16 - Alessandra Leite\,{TG40-05~2021-02~ZF0WH3QU~16 - Alessandra Leite}
alessandraleite.ld024.jpg,1174956,9df032b9,\2021-02\16 - Alessandra Leite\,{TG40-05~2021-02~ZF0WH3QU~16 - Alessandra Leite}
alessandraleite.ld025.jpg,966157,6177e7cf,\2021-02\16 - Alessandra Leite\,{TG40-05~2021-02~ZF0WH3QU~16 - Alessandra Leite}
alessandraleite.ld026.jpg,1012855,09e70988,\2021-02\16 - Alessandra Leite\,{TG40-05~2021-02~ZF0WH3QU~16 - Alessandra Leite}
alessandraleite.ld027.jpg,1184002,8864f90f,\2021-02\16 - Alessandra Leite\,{TG40-05~2021-02~ZF0WH3QU~16 - Alessandra Leite}
alessandraleite.ld028.jpg,1128999,9ea39c78,\2021-02\16 - Alessandra Leite\,{TG40-05~2021-02~ZF0WH3QU~16 - Alessandra Leite}
alessandraleite.ld029.jpg,1509729,821ac1e6,\2021-02\16 - Alessandra Leite\,{TG40-05~2021-02~ZF0WH3QU~16 - Alessandra Leite}
alessandraleite.ld030.jpg,1316313,af569713,\2021-02\16 - Alessandra Leite\,{TG40-05~2021-02~ZF0WH3QU~16 - Alessandra Leite}
alessandraleite.ld031.jpg,1190388,75425a52,\2021-02\16 - Alessandra Leite\,{TG40-05~2021-02~ZF0WH3QU~16 - Alessandra Leite}
alessandraleite.ld032.jpg,1384499,92ea3654,\2021-02\16 - Alessandra Leite\,{TG40-05~2021-02~ZF0WH3QU~16 - Alessandra Leite}
alessandraleite.ld033.jpg,1043187,92406c78,\2021-02\16 - Alessandra Leite\,{TG40-05~2021-02~ZF0WH3QU~16 - Alessandra Leite}
alessandraleite.ld034.jpg,1001066,b29cc7c1,\2021-02\16 - Alessandra Leite\,{TG40-05~2021-02~ZF0WH3QU~16 - Alessandra Leite}
alessandraleite.ld035.jpg,889459,38404bcd,\2021-02\16 - Alessandra Leite\,{TG40-05~2021-02~ZF0WH3QU~16 - Alessandra Leite}
alessandraleite.ld036.jpg,986758,f29ac3f0,\2021-02\16 - Alessandra Leite\,{TG40-05~2021-02~ZF0WH3QU~16 - Alessandra Leite}
alessandraleite.ld037.jpg,931183,48a8c327,\2021-02\16 - Alessandra Leite\,{TG40-05~2021-02~ZF0WH3QU~16 - Alessandra Leite}
alessandraleite.ld038.jpg,900658,68885320,\2021-02\16 - Alessandra Leite\,{TG40-05~2021-02~ZF0WH3QU~16 - Alessandra Leite}
alessandraleite.ld039.jpg,943249,f026ddd3,\2021-02\16 - Alessandra Leite\,{TG40-05~2021-02~ZF0WH3QU~16 - Alessandra Leite}
alessandraleite.ld040.jpg,745074,5aac576c,\2021-02\16 - Alessandra Leite\,{TG40-05~2021-02~ZF0WH3QU~16 - Alessandra Leite}
alessandraleite.ld041.jpg,753187,e819db31,\2021-02\16 - Alessandra Leite\,{TG40-05~2021-02~ZF0WH3QU~16 - Alessandra Leite}
alessandraleite.ld042.jpg,844100,b53d3cc7,\2021-02\16 - Alessandra Leite\,{TG40-05~2021-02~ZF0WH3QU~16 - Alessandra Leite}
alessandraleite.ld043.jpg,694523,ed38be94,\2021-02\16 - Alessandra Leite\,{TG40-05~2021-02~ZF0WH3QU~16 - Alessandra Leite}
alessandraleite.ld044.jpg,695717,b2f7fe01,\2021-02\16 - Alessandra Leite\,{TG40-05~2021-02~ZF0WH3QU~16 - Alessandra Leite}
alessandraleite.ld045.jpg,908083,a5388e6d,\2021-02\16 - Alessandra Leite\,{TG40-05~2021-02~ZF0WH3QU~16 - Alessandra Leite}
alessandraleite.ld046.jpg,867674,b2ee8d09,\2021-02\16 - Alessandra Leite\,{TG40-05~2021-02~ZF0WH3QU~16 - Alessandra Leite}
alessandraleite.ld047.jpg,1285261,ec3461d6,\2021-02\16 - Alessandra Leite\,{TG40-05~2021-02~ZF0WH3QU~16 - Alessandra Leite}
alessandraleite.ld048.jpg,1121382,fd4513aa,\2021-02\16 - Alessandra Leite\,{TG40-05~2021-02~ZF0WH3QU~16 - Alessandra Leite}
alessandraleite.ld049.jpg,1105759,9f2aaa70,\2021-02\16 - Alessandra Leite\,{TG40-05~2021-02~ZF0WH3QU~16 - Alessandra Leite}
alessandraleite.ld050.jpg,1183614,16185706,\2021-02\16 - Alessandra Leite\,{TG40-05~2021-02~ZF0WH3QU~16 - Alessandra Leite}
alessandraleite.ld051.jpg,1216016,0b98e1c1,\2021-02\16 - Alessandra Leite\,{TG40-05~2021-02~ZF0WH3QU~16 - Alessandra Leite}
alessandraleite.ld052.jpg,1106178,d2b2c41b,\2021-02\16 - Alessandra Leite\,{TG40-05~2021-02~ZF0WH3QU~16 - Alessandra Leite}
alessandraleite.ld053.jpg,915295,f94d47a5,\2021-02\16 - Alessandra Leite\,{TG40-05~2021-02~ZF0WH3QU~16 - Alessandra Leite}
alessandraleite.ld054.jpg,922441,15854dfd,\2021-02\16 - Alessandra Leite\,{TG40-05~2021-02~ZF0WH3QU~16 - Alessandra Leite}
alessandraleite.ld055.jpg,1006840,ab7ced9a,\2021-02\16 - Alessandra Leite\,{TG40-05~2021-02~ZF0WH3QU~16 - Alessandra Leite}
alessandraleite.ld056.jpg,1080385,17dd2376,\2021-02\16 - Alessandra Leite\,{TG40-05~2021-02~ZF0WH3QU~16 - Alessandra Leite}
alessandraleite.ld057.jpg,1146035,53156755,\2021-02\16 - Alessandra Leite\,{TG40-05~2021-02~ZF0WH3QU~16 - Alessandra Leite}
alessandraleite.ld058.jpg,922903,899d7a90,\2021-02\16 - Alessandra Leite\,{TG40-05~2021-02~ZF0WH3QU~16 - Alessandra Leite}
alessandraleite.ld059.jpg,1050726,38035ca5,\2021-02\16 - Alessandra Leite\,{TG40-05~2021-02~ZF0WH3QU~16 - Alessandra Leite}
alessandraleite.ld060.jpg,822600,046e1400,\2021-02\16 - Alessandra Leite\,{TG40-05~2021-02~ZF0WH3QU~16 - Alessandra Leite}
alessandraleite.ld061.jpg,881789,6b70e8fe,\2021-02\16 - Alessandra Leite\,{TG40-05~2021-02~ZF0WH3QU~16 - Alessandra Leite}
alessandraleite.ld062.jpg,1092007,93ab5292,\2021-02\16 - Alessandra Leite\,{TG40-05~2021-02~ZF0WH3QU~16 - Alessandra Leite}
alessandraleite.ld063.jpg,894270,8c1daa56,\2021-02\16 - Alessandra Leite\,{TG40-05~2021-02~ZF0WH3QU~16 - Alessandra Leite}
alessandraleite.ld064.jpg,1014776,dc6d083d,\2021-02\16 - Alessandra Leite\,{TG40-05~2021-02~ZF0WH3QU~16 - Alessandra Leite}
alessandraleite.ld065.jpg,937663,ab96a753,\2021-02\16 - Alessandra Leite\,{TG40-05~2021-02~ZF0WH3QU~16 - Alessandra Leite}
alessandraleite.ld066.jpg,881401,5214ee5f,\2021-02\16 - Alessandra Leite\,{TG40-05~2021-02~ZF0WH3QU~16 - Alessandra Leite}
alessandraleite.ld067.jpg,927708,13a902fe,\2021-02\16 - Alessandra Leite\,{TG40-05~2021-02~ZF0WH3QU~16 - Alessandra Leite}
alessandraleite.ld068.jpg,967682,2a598fd4,\2021-02\16 - Alessandra Leite\,{TG40-05~2021-02~ZF0WH3QU~16 - Alessandra Leite}
alessandraleite.ld069.jpg,998514,2987c6d6,\2021-02\16 - Alessandra Leite\,{TG40-05~2021-02~ZF0WH3QU~16 - Alessandra Leite}
alessandraleite.ld070.jpg,953076,25e64478,\2021-02\16 - Alessandra Leite\,{TG40-05~2021-02~ZF0WH3QU~16 - Alessandra Leite}
alessandraleite.ld071.jpg,739421,e3b490b8,\2021-02\16 - Alessandra Leite\,{TG40-05~2021-02~ZF0WH3QU~16 - Alessandra Leite}
alessandraleite.ld072.jpg,819684,8739bfc0,\2021-02\16 - Alessandra Leite\,{TG40-05~2021-02~ZF0WH3QU~16 - Alessandra Leite}
alessandraleite.ld073.jpg,790598,3f2834e1,\2021-02\16 - Alessandra Leite\,{TG40-05~2021-02~ZF0WH3QU~16 - Alessandra Leite}
alessandraleite.ld074.jpg,717049,bdb1de6d,\2021-02\16 - Alessandra Leite\,{TG40-05~2021-02~ZF0WH3QU~16 - Alessandra Leite}
alessandraleite.ld075.jpg,759961,8b6f41de,\2021-02\16 - Alessandra Leite\,{TG40-05~2021-02~ZF0WH3QU~16 - Alessandra Leite}
alessandraleite.ld076.jpg,741338,8c5d9853,\2021-02\16 - Alessandra Leite\,{TG40-05~2021-02~ZF0WH3QU~16 - Alessandra Leite}
alessandraleite.ld077.jpg,884233,154d9b3d,\2021-02\16 - Alessandra Leite\,{TG40-05~2021-02~ZF0WH3QU~16 - Alessandra Leite}
alessandraleite.ld078.jpg,896768,2df2bb77,\2021-02\16 - Alessandra Leite\,{TG40-05~2021-02~ZF0WH3QU~16 - Alessandra Leite}
alessandraleite.ld079.jpg,930134,a741dc79,\2021-02\16 - Alessandra Leite\,{TG40-05~2021-02~ZF0WH3QU~16 - Alessandra Leite}
alessandraleite.ld080.jpg,924626,d88ce64c,\2021-02\16 - Alessandra Leite\,{TG40-05~2021-02~ZF0WH3QU~16 - Alessandra Leite}
alessandraleite.ld081.jpg,737947,2578cfda,\2021-02\16 - Alessandra Leite\,{TG40-05~2021-02~ZF0WH3QU~16 - Alessandra Leite}
alessandraleite.ld082.jpg,960213,d1b77c5d,\2021-02\16 - Alessandra Leite\,{TG40-05~2021-02~ZF0WH3QU~16 - Alessandra Leite}
alessandraleite.ld083.jpg,862094,8eb2a6d4,\2021-02\16 - Alessandra Leite\,{TG40-05~2021-02~ZF0WH3QU~16 - Alessandra Leite}
alessandraleite.ld084.jpg,1116205,83962b76,\2021-02\16 - Alessandra Leite\,{TG40-05~2021-02~ZF0WH3QU~16 - Alessandra Leite}
alessandraleite.ld085.jpg,1065215,5094e9d7,\2021-02\16 - Alessandra Leite\,{TG40-05~2021-02~ZF0WH3QU~16 - Alessandra Leite}
alessandraleite.ld086.jpg,797360,894dded4,\2021-02\16 - Alessandra Leite\,{TG40-05~2021-02~ZF0WH3QU~16 - Alessandra Leite}
alessandraleite.ld087.jpg,1007364,2015cfc5,\2021-02\16 - Alessandra Leite\,{TG40-05~2021-02~ZF0WH3QU~16 - Alessandra Leite}
alessandraleite.ld088.jpg,1130086,a52b9b33,\2021-02\16 - Alessandra Leite\,{TG40-05~2021-02~ZF0WH3QU~16 - Alessandra Leite}
alessandraleite.ld089.jpg,990790,d96cd352,\2021-02\16 - Alessandra Leite\,{TG40-05~2021-02~ZF0WH3QU~16 - Alessandra Leite}
alessandraleite.ld090.jpg,989337,ac417f2e,\2021-02\16 - Alessandra Leite\,{TG40-05~2021-02~ZF0WH3QU~16 - Alessandra Leite}
alessandraleite.ld091.jpg,1032852,61be4a39,\2021-02\16 - Alessandra Leite\,{TG40-05~2021-02~ZF0WH3QU~16 - Alessandra Leite}
alessandraleite.ld092.jpg,709140,558b0fc4,\2021-02\16 - Alessandra Leite\,{TG40-05~2021-02~ZF0WH3QU~16 - Alessandra Leite}
alessandraleite.ld093.jpg,992417,9e5a3b63,\2021-02\16 - Alessandra Leite\,{TG40-05~2021-02~ZF0WH3QU~16 - Alessandra Leite}
alessandraleite.ld094.jpg,920509,423817ed,\2021-02\16 - Alessandra Leite\,{TG40-05~2021-02~ZF0WH3QU~16 - Alessandra Leite}
alessandraleite.ld095.jpg,900403,e968366b,\2021-02\16 - Alessandra Leite\,{TG40-05~2021-02~ZF0WH3QU~16 - Alessandra Leite}
alessandraleite.ld096.jpg,1019097,3de31c76,\2021-02\16 - Alessandra Leite\,{TG40-05~2021-02~ZF0WH3QU~16 - Alessandra Leite}
alessandraleite.ld097.jpg,942657,00518687,\2021-02\16 - Alessandra Leite\,{TG40-05~2021-02~ZF0WH3QU~16 - Alessandra Leite}
alessandraleite.ld098.jpg,945355,1ef9125f,\2021-02\16 - Alessandra Leite\,{TG40-05~2021-02~ZF0WH3QU~16 - Alessandra Leite}
alessandraleite.ld099.jpg,1006089,4bde1292,\2021-02\16 - Alessandra Leite\,{TG40-05~2021-02~ZF0WH3QU~16 - Alessandra Leite}
alessandraleite.ld100.jpg,810414,9bbe4537,\2021-02\16 - Alessandra Leite\,{TG40-05~2021-02~ZF0WH3QU~16 - Alessandra Leite}
alessandraleite.ld101.jpg,825762,c5a86138,\2021-02\16 - Alessandra Leite\,{TG40-05~2021-02~ZF0WH3QU~16 - Alessandra Leite}
alessandraleite.ld102.jpg,874745,68a6b133,\2021-02\16 - Alessandra Leite\,{TG40-05~2021-02~ZF0WH3QU~16 - Alessandra Leite}
alessandraleite.ld103.jpg,990141,f0623cc2,\2021-02\16 - Alessandra Leite\,{TG40-05~2021-02~ZF0WH3QU~16 - Alessandra Leite}
alessandraleite.ld104.jpg,940702,12fca0f5,\2021-02\16 - Alessandra Leite\,{TG40-05~2021-02~ZF0WH3QU~16 - Alessandra Leite}
alessandraleite.ld105.jpg,857831,33193fc0,\2021-02\16 - Alessandra Leite\,{TG40-05~2021-02~ZF0WH3QU~16 - Alessandra Leite}
alessandraleite.ld106.jpg,976933,b3d8205b,\2021-02\16 - Alessandra Leite\,{TG40-05~2021-02~ZF0WH3QU~16 - Alessandra Leite}
alessandraleite.ld107.jpg,711677,c3c316d4,\2021-02\16 - Alessandra Leite\,{TG40-05~2021-02~ZF0WH3QU~16 - Alessandra Leite}
alessandraleite.ld108.jpg,923117,9a33794d,\2021-02\16 - Alessandra Leite\,{TG40-05~2021-02~ZF0WH3QU~16 - Alessandra Leite}
alessandraleite.ld109.jpg,909570,8b830df3,\2021-02\16 - Alessandra Leite\,{TG40-05~2021-02~ZF0WH3QU~16 - Alessandra Leite}
alessandraleite.ld110.jpg,915290,51f676f1,\2021-02\16 - Alessandra Leite\,{TG40-05~2021-02~ZF0WH3QU~16 - Alessandra Leite}
alessandraleite.ld111.jpg,1054022,67d58f30,\2021-02\16 - Alessandra Leite\,{TG40-05~2021-02~ZF0WH3QU~16 - Alessandra Leite}
alessandraleite.ld112.jpg,906739,8decb552,\2021-02\16 - Alessandra Leite\,{TG40-05~2021-02~ZF0WH3QU~16 - Alessandra Leite}
alessandraleite.ld113.jpg,858361,ade749f9,\2021-02\16 - Alessandra Leite\,{TG40-05~2021-02~ZF0WH3QU~16 - Alessandra Leite}