1.jpg,420078,648F7BBB,\2023-12\11 - Madame Morgan - Madame Morgan Cums After Good Sex\,{TMN02~2023-12~818DEA9D~11 - Madame Morgan - Madame Morgan Cums After Good Sex}
10.jpg,504718,5F8697BD,\2023-12\11 - Madame Morgan - Madame Morgan Cums After Good Sex\,{TMN02~2023-12~818DEA9D~11 - Madame Morgan - Madame Morgan Cums After Good Sex}
100.jpg,878677,6466EAF6,\2023-12\11 - Madame Morgan - Madame Morgan Cums After Good Sex\,{TMN02~2023-12~818DEA9D~11 - Madame Morgan - Madame Morgan Cums After Good Sex}
101.jpg,773954,69C281B5,\2023-12\11 - Madame Morgan - Madame Morgan Cums After Good Sex\,{TMN02~2023-12~818DEA9D~11 - Madame Morgan - Madame Morgan Cums After Good Sex}
102.jpg,932815,D5BD43B5,\2023-12\11 - Madame Morgan - Madame Morgan Cums After Good Sex\,{TMN02~2023-12~818DEA9D~11 - Madame Morgan - Madame Morgan Cums After Good Sex}
103.jpg,926395,0381746B,\2023-12\11 - Madame Morgan - Madame Morgan Cums After Good Sex\,{TMN02~2023-12~818DEA9D~11 - Madame Morgan - Madame Morgan Cums After Good Sex}
104.jpg,998454,9C2B5A65,\2023-12\11 - Madame Morgan - Madame Morgan Cums After Good Sex\,{TMN02~2023-12~818DEA9D~11 - Madame Morgan - Madame Morgan Cums After Good Sex}
105.jpg,996307,B8807848,\2023-12\11 - Madame Morgan - Madame Morgan Cums After Good Sex\,{TMN02~2023-12~818DEA9D~11 - Madame Morgan - Madame Morgan Cums After Good Sex}
106.jpg,974823,6216F148,\2023-12\11 - Madame Morgan - Madame Morgan Cums After Good Sex\,{TMN02~2023-12~818DEA9D~11 - Madame Morgan - Madame Morgan Cums After Good Sex}
107.jpg,970786,15A8E0AE,\2023-12\11 - Madame Morgan - Madame Morgan Cums After Good Sex\,{TMN02~2023-12~818DEA9D~11 - Madame Morgan - Madame Morgan Cums After Good Sex}
108.jpg,963610,AC45C7F9,\2023-12\11 - Madame Morgan - Madame Morgan Cums After Good Sex\,{TMN02~2023-12~818DEA9D~11 - Madame Morgan - Madame Morgan Cums After Good Sex}
109.jpg,902017,2F92E9ED,\2023-12\11 - Madame Morgan - Madame Morgan Cums After Good Sex\,{TMN02~2023-12~818DEA9D~11 - Madame Morgan - Madame Morgan Cums After Good Sex}
11.jpg,536156,4A29CBFC,\2023-12\11 - Madame Morgan - Madame Morgan Cums After Good Sex\,{TMN02~2023-12~818DEA9D~11 - Madame Morgan - Madame Morgan Cums After Good Sex}
110.jpg,1033312,FFF1F9EB,\2023-12\11 - Madame Morgan - Madame Morgan Cums After Good Sex\,{TMN02~2023-12~818DEA9D~11 - Madame Morgan - Madame Morgan Cums After Good Sex}
111.jpg,1079725,896445EC,\2023-12\11 - Madame Morgan - Madame Morgan Cums After Good Sex\,{TMN02~2023-12~818DEA9D~11 - Madame Morgan - Madame Morgan Cums After Good Sex}
112.jpg,733730,A28BE904,\2023-12\11 - Madame Morgan - Madame Morgan Cums After Good Sex\,{TMN02~2023-12~818DEA9D~11 - Madame Morgan - Madame Morgan Cums After Good Sex}
113.jpg,621426,FC835D24,\2023-12\11 - Madame Morgan - Madame Morgan Cums After Good Sex\,{TMN02~2023-12~818DEA9D~11 - Madame Morgan - Madame Morgan Cums After Good Sex}
114.jpg,624051,3D969671,\2023-12\11 - Madame Morgan - Madame Morgan Cums After Good Sex\,{TMN02~2023-12~818DEA9D~11 - Madame Morgan - Madame Morgan Cums After Good Sex}
115.jpg,776144,1C276DEE,\2023-12\11 - Madame Morgan - Madame Morgan Cums After Good Sex\,{TMN02~2023-12~818DEA9D~11 - Madame Morgan - Madame Morgan Cums After Good Sex}
116.jpg,786105,6429643B,\2023-12\11 - Madame Morgan - Madame Morgan Cums After Good Sex\,{TMN02~2023-12~818DEA9D~11 - Madame Morgan - Madame Morgan Cums After Good Sex}
117.jpg,772474,1F7DE9BF,\2023-12\11 - Madame Morgan - Madame Morgan Cums After Good Sex\,{TMN02~2023-12~818DEA9D~11 - Madame Morgan - Madame Morgan Cums After Good Sex}
118.jpg,486304,04E16111,\2023-12\11 - Madame Morgan - Madame Morgan Cums After Good Sex\,{TMN02~2023-12~818DEA9D~11 - Madame Morgan - Madame Morgan Cums After Good Sex}
119.jpg,788920,B154E97A,\2023-12\11 - Madame Morgan - Madame Morgan Cums After Good Sex\,{TMN02~2023-12~818DEA9D~11 - Madame Morgan - Madame Morgan Cums After Good Sex}
12.jpg,519632,C0564301,\2023-12\11 - Madame Morgan - Madame Morgan Cums After Good Sex\,{TMN02~2023-12~818DEA9D~11 - Madame Morgan - Madame Morgan Cums After Good Sex}
120.jpg,658388,1DEA6C33,\2023-12\11 - Madame Morgan - Madame Morgan Cums After Good Sex\,{TMN02~2023-12~818DEA9D~11 - Madame Morgan - Madame Morgan Cums After Good Sex}
121.jpg,606125,C320C046,\2023-12\11 - Madame Morgan - Madame Morgan Cums After Good Sex\,{TMN02~2023-12~818DEA9D~11 - Madame Morgan - Madame Morgan Cums After Good Sex}
122.jpg,714189,B76EC3A1,\2023-12\11 - Madame Morgan - Madame Morgan Cums After Good Sex\,{TMN02~2023-12~818DEA9D~11 - Madame Morgan - Madame Morgan Cums After Good Sex}
123.jpg,700784,B077CF1F,\2023-12\11 - Madame Morgan - Madame Morgan Cums After Good Sex\,{TMN02~2023-12~818DEA9D~11 - Madame Morgan - Madame Morgan Cums After Good Sex}
124.jpg,786547,64198E4D,\2023-12\11 - Madame Morgan - Madame Morgan Cums After Good Sex\,{TMN02~2023-12~818DEA9D~11 - Madame Morgan - Madame Morgan Cums After Good Sex}
125.jpg,698697,A19F233B,\2023-12\11 - Madame Morgan - Madame Morgan Cums After Good Sex\,{TMN02~2023-12~818DEA9D~11 - Madame Morgan - Madame Morgan Cums After Good Sex}
126.jpg,598763,C2809814,\2023-12\11 - Madame Morgan - Madame Morgan Cums After Good Sex\,{TMN02~2023-12~818DEA9D~11 - Madame Morgan - Madame Morgan Cums After Good Sex}
127.jpg,653743,E5D1CE1B,\2023-12\11 - Madame Morgan - Madame Morgan Cums After Good Sex\,{TMN02~2023-12~818DEA9D~11 - Madame Morgan - Madame Morgan Cums After Good Sex}
128.jpg,639317,8770212D,\2023-12\11 - Madame Morgan - Madame Morgan Cums After Good Sex\,{TMN02~2023-12~818DEA9D~11 - Madame Morgan - Madame Morgan Cums After Good Sex}
129.jpg,666283,51DC9F4B,\2023-12\11 - Madame Morgan - Madame Morgan Cums After Good Sex\,{TMN02~2023-12~818DEA9D~11 - Madame Morgan - Madame Morgan Cums After Good Sex}
13.jpg,660849,C975FFFD,\2023-12\11 - Madame Morgan - Madame Morgan Cums After Good Sex\,{TMN02~2023-12~818DEA9D~11 - Madame Morgan - Madame Morgan Cums After Good Sex}
130.jpg,659341,F5E07A66,\2023-12\11 - Madame Morgan - Madame Morgan Cums After Good Sex\,{TMN02~2023-12~818DEA9D~11 - Madame Morgan - Madame Morgan Cums After Good Sex}
131.jpg,660745,C94ED597,\2023-12\11 - Madame Morgan - Madame Morgan Cums After Good Sex\,{TMN02~2023-12~818DEA9D~11 - Madame Morgan - Madame Morgan Cums After Good Sex}
132.jpg,653133,27BDA0BE,\2023-12\11 - Madame Morgan - Madame Morgan Cums After Good Sex\,{TMN02~2023-12~818DEA9D~11 - Madame Morgan - Madame Morgan Cums After Good Sex}
133.jpg,640899,CCDF1DBB,\2023-12\11 - Madame Morgan - Madame Morgan Cums After Good Sex\,{TMN02~2023-12~818DEA9D~11 - Madame Morgan - Madame Morgan Cums After Good Sex}
134.jpg,606724,17666748,\2023-12\11 - Madame Morgan - Madame Morgan Cums After Good Sex\,{TMN02~2023-12~818DEA9D~11 - Madame Morgan - Madame Morgan Cums After Good Sex}
135.jpg,519948,25BDC779,\2023-12\11 - Madame Morgan - Madame Morgan Cums After Good Sex\,{TMN02~2023-12~818DEA9D~11 - Madame Morgan - Madame Morgan Cums After Good Sex}
136.jpg,714282,A2513AF4,\2023-12\11 - Madame Morgan - Madame Morgan Cums After Good Sex\,{TMN02~2023-12~818DEA9D~11 - Madame Morgan - Madame Morgan Cums After Good Sex}
137.jpg,726251,5BDD6F6E,\2023-12\11 - Madame Morgan - Madame Morgan Cums After Good Sex\,{TMN02~2023-12~818DEA9D~11 - Madame Morgan - Madame Morgan Cums After Good Sex}
138.jpg,734299,ED0C8FDE,\2023-12\11 - Madame Morgan - Madame Morgan Cums After Good Sex\,{TMN02~2023-12~818DEA9D~11 - Madame Morgan - Madame Morgan Cums After Good Sex}
139.jpg,654214,416AF0DC,\2023-12\11 - Madame Morgan - Madame Morgan Cums After Good Sex\,{TMN02~2023-12~818DEA9D~11 - Madame Morgan - Madame Morgan Cums After Good Sex}
14.jpg,604692,294EA8DA,\2023-12\11 - Madame Morgan - Madame Morgan Cums After Good Sex\,{TMN02~2023-12~818DEA9D~11 - Madame Morgan - Madame Morgan Cums After Good Sex}
140.jpg,684465,7FF5A458,\2023-12\11 - Madame Morgan - Madame Morgan Cums After Good Sex\,{TMN02~2023-12~818DEA9D~11 - Madame Morgan - Madame Morgan Cums After Good Sex}
141.jpg,747012,0C9E805B,\2023-12\11 - Madame Morgan - Madame Morgan Cums After Good Sex\,{TMN02~2023-12~818DEA9D~11 - Madame Morgan - Madame Morgan Cums After Good Sex}
142.jpg,890218,C2A8E5B7,\2023-12\11 - Madame Morgan - Madame Morgan Cums After Good Sex\,{TMN02~2023-12~818DEA9D~11 - Madame Morgan - Madame Morgan Cums After Good Sex}
143.jpg,745513,361DFC10,\2023-12\11 - Madame Morgan - Madame Morgan Cums After Good Sex\,{TMN02~2023-12~818DEA9D~11 - Madame Morgan - Madame Morgan Cums After Good Sex}
144.jpg,730091,4533CF6C,\2023-12\11 - Madame Morgan - Madame Morgan Cums After Good Sex\,{TMN02~2023-12~818DEA9D~11 - Madame Morgan - Madame Morgan Cums After Good Sex}
145.jpg,719992,4E8E52B0,\2023-12\11 - Madame Morgan - Madame Morgan Cums After Good Sex\,{TMN02~2023-12~818DEA9D~11 - Madame Morgan - Madame Morgan Cums After Good Sex}
146.jpg,704206,2BFDEF4A,\2023-12\11 - Madame Morgan - Madame Morgan Cums After Good Sex\,{TMN02~2023-12~818DEA9D~11 - Madame Morgan - Madame Morgan Cums After Good Sex}
147.jpg,487154,9E079169,\2023-12\11 - Madame Morgan - Madame Morgan Cums After Good Sex\,{TMN02~2023-12~818DEA9D~11 - Madame Morgan - Madame Morgan Cums After Good Sex}
148.jpg,483188,F9D91E10,\2023-12\11 - Madame Morgan - Madame Morgan Cums After Good Sex\,{TMN02~2023-12~818DEA9D~11 - Madame Morgan - Madame Morgan Cums After Good Sex}
149.jpg,478186,822F2C04,\2023-12\11 - Madame Morgan - Madame Morgan Cums After Good Sex\,{TMN02~2023-12~818DEA9D~11 - Madame Morgan - Madame Morgan Cums After Good Sex}
15.jpg,456741,5EC387CA,\2023-12\11 - Madame Morgan - Madame Morgan Cums After Good Sex\,{TMN02~2023-12~818DEA9D~11 - Madame Morgan - Madame Morgan Cums After Good Sex}
150.jpg,771036,6B0567A1,\2023-12\11 - Madame Morgan - Madame Morgan Cums After Good Sex\,{TMN02~2023-12~818DEA9D~11 - Madame Morgan - Madame Morgan Cums After Good Sex}
151.jpg,700202,1E7F229E,\2023-12\11 - Madame Morgan - Madame Morgan Cums After Good Sex\,{TMN02~2023-12~818DEA9D~11 - Madame Morgan - Madame Morgan Cums After Good Sex}
152.jpg,621062,E2A188F8,\2023-12\11 - Madame Morgan - Madame Morgan Cums After Good Sex\,{TMN02~2023-12~818DEA9D~11 - Madame Morgan - Madame Morgan Cums After Good Sex}
153.jpg,713874,F2FEC6C0,\2023-12\11 - Madame Morgan - Madame Morgan Cums After Good Sex\,{TMN02~2023-12~818DEA9D~11 - Madame Morgan - Madame Morgan Cums After Good Sex}
154.jpg,638657,927074D5,\2023-12\11 - Madame Morgan - Madame Morgan Cums After Good Sex\,{TMN02~2023-12~818DEA9D~11 - Madame Morgan - Madame Morgan Cums After Good Sex}
155.jpg,626683,A0C8769D,\2023-12\11 - Madame Morgan - Madame Morgan Cums After Good Sex\,{TMN02~2023-12~818DEA9D~11 - Madame Morgan - Madame Morgan Cums After Good Sex}
156.jpg,720039,A47C0698,\2023-12\11 - Madame Morgan - Madame Morgan Cums After Good Sex\,{TMN02~2023-12~818DEA9D~11 - Madame Morgan - Madame Morgan Cums After Good Sex}
157.jpg,697826,55CFD020,\2023-12\11 - Madame Morgan - Madame Morgan Cums After Good Sex\,{TMN02~2023-12~818DEA9D~11 - Madame Morgan - Madame Morgan Cums After Good Sex}
158.jpg,713913,A858171F,\2023-12\11 - Madame Morgan - Madame Morgan Cums After Good Sex\,{TMN02~2023-12~818DEA9D~11 - Madame Morgan - Madame Morgan Cums After Good Sex}
159.jpg,776393,4D972919,\2023-12\11 - Madame Morgan - Madame Morgan Cums After Good Sex\,{TMN02~2023-12~818DEA9D~11 - Madame Morgan - Madame Morgan Cums After Good Sex}
16.jpg,489218,372B8D40,\2023-12\11 - Madame Morgan - Madame Morgan Cums After Good Sex\,{TMN02~2023-12~818DEA9D~11 - Madame Morgan - Madame Morgan Cums After Good Sex}
160.jpg,789607,06A1792F,\2023-12\11 - Madame Morgan - Madame Morgan Cums After Good Sex\,{TMN02~2023-12~818DEA9D~11 - Madame Morgan - Madame Morgan Cums After Good Sex}
161.jpg,792205,266D6061,\2023-12\11 - Madame Morgan - Madame Morgan Cums After Good Sex\,{TMN02~2023-12~818DEA9D~11 - Madame Morgan - Madame Morgan Cums After Good Sex}
162.jpg,837971,AB200998,\2023-12\11 - Madame Morgan - Madame Morgan Cums After Good Sex\,{TMN02~2023-12~818DEA9D~11 - Madame Morgan - Madame Morgan Cums After Good Sex}
163.jpg,629143,09236891,\2023-12\11 - Madame Morgan - Madame Morgan Cums After Good Sex\,{TMN02~2023-12~818DEA9D~11 - Madame Morgan - Madame Morgan Cums After Good Sex}
164.jpg,491131,749D05DE,\2023-12\11 - Madame Morgan - Madame Morgan Cums After Good Sex\,{TMN02~2023-12~818DEA9D~11 - Madame Morgan - Madame Morgan Cums After Good Sex}
165.jpg,653892,555B5302,\2023-12\11 - Madame Morgan - Madame Morgan Cums After Good Sex\,{TMN02~2023-12~818DEA9D~11 - Madame Morgan - Madame Morgan Cums After Good Sex}
166.jpg,754803,7FD155D2,\2023-12\11 - Madame Morgan - Madame Morgan Cums After Good Sex\,{TMN02~2023-12~818DEA9D~11 - Madame Morgan - Madame Morgan Cums After Good Sex}
167.jpg,767313,877DCC53,\2023-12\11 - Madame Morgan - Madame Morgan Cums After Good Sex\,{TMN02~2023-12~818DEA9D~11 - Madame Morgan - Madame Morgan Cums After Good Sex}
168.jpg,805628,0EC28EFE,\2023-12\11 - Madame Morgan - Madame Morgan Cums After Good Sex\,{TMN02~2023-12~818DEA9D~11 - Madame Morgan - Madame Morgan Cums After Good Sex}
169.jpg,780840,664C75FA,\2023-12\11 - Madame Morgan - Madame Morgan Cums After Good Sex\,{TMN02~2023-12~818DEA9D~11 - Madame Morgan - Madame Morgan Cums After Good Sex}
17.jpg,519089,A8873044,\2023-12\11 - Madame Morgan - Madame Morgan Cums After Good Sex\,{TMN02~2023-12~818DEA9D~11 - Madame Morgan - Madame Morgan Cums After Good Sex}
170.jpg,829829,33C6ACFE,\2023-12\11 - Madame Morgan - Madame Morgan Cums After Good Sex\,{TMN02~2023-12~818DEA9D~11 - Madame Morgan - Madame Morgan Cums After Good Sex}
171.jpg,709116,530DD6FE,\2023-12\11 - Madame Morgan - Madame Morgan Cums After Good Sex\,{TMN02~2023-12~818DEA9D~11 - Madame Morgan - Madame Morgan Cums After Good Sex}
18.jpg,529466,7D0A119F,\2023-12\11 - Madame Morgan - Madame Morgan Cums After Good Sex\,{TMN02~2023-12~818DEA9D~11 - Madame Morgan - Madame Morgan Cums After Good Sex}
19.jpg,456925,CA7367C8,\2023-12\11 - Madame Morgan - Madame Morgan Cums After Good Sex\,{TMN02~2023-12~818DEA9D~11 - Madame Morgan - Madame Morgan Cums After Good Sex}
2.jpg,482464,C092BBC0,\2023-12\11 - Madame Morgan - Madame Morgan Cums After Good Sex\,{TMN02~2023-12~818DEA9D~11 - Madame Morgan - Madame Morgan Cums After Good Sex}
20.jpg,545391,E2A71E69,\2023-12\11 - Madame Morgan - Madame Morgan Cums After Good Sex\,{TMN02~2023-12~818DEA9D~11 - Madame Morgan - Madame Morgan Cums After Good Sex}
21.jpg,579132,CDFB6784,\2023-12\11 - Madame Morgan - Madame Morgan Cums After Good Sex\,{TMN02~2023-12~818DEA9D~11 - Madame Morgan - Madame Morgan Cums After Good Sex}
22.jpg,518493,276D17CB,\2023-12\11 - Madame Morgan - Madame Morgan Cums After Good Sex\,{TMN02~2023-12~818DEA9D~11 - Madame Morgan - Madame Morgan Cums After Good Sex}
23.jpg,551675,98F90543,\2023-12\11 - Madame Morgan - Madame Morgan Cums After Good Sex\,{TMN02~2023-12~818DEA9D~11 - Madame Morgan - Madame Morgan Cums After Good Sex}
24.jpg,545805,DB2DB918,\2023-12\11 - Madame Morgan - Madame Morgan Cums After Good Sex\,{TMN02~2023-12~818DEA9D~11 - Madame Morgan - Madame Morgan Cums After Good Sex}
25.jpg,548002,B1FCDA85,\2023-12\11 - Madame Morgan - Madame Morgan Cums After Good Sex\,{TMN02~2023-12~818DEA9D~11 - Madame Morgan - Madame Morgan Cums After Good Sex}
26.jpg,513769,7361C55E,\2023-12\11 - Madame Morgan - Madame Morgan Cums After Good Sex\,{TMN02~2023-12~818DEA9D~11 - Madame Morgan - Madame Morgan Cums After Good Sex}
27.jpg,594871,9DDC823D,\2023-12\11 - Madame Morgan - Madame Morgan Cums After Good Sex\,{TMN02~2023-12~818DEA9D~11 - Madame Morgan - Madame Morgan Cums After Good Sex}
28.jpg,555763,ADEE3F50,\2023-12\11 - Madame Morgan - Madame Morgan Cums After Good Sex\,{TMN02~2023-12~818DEA9D~11 - Madame Morgan - Madame Morgan Cums After Good Sex}
29.jpg,543958,A2D28696,\2023-12\11 - Madame Morgan - Madame Morgan Cums After Good Sex\,{TMN02~2023-12~818DEA9D~11 - Madame Morgan - Madame Morgan Cums After Good Sex}
3.jpg,420620,4D84FC1F,\2023-12\11 - Madame Morgan - Madame Morgan Cums After Good Sex\,{TMN02~2023-12~818DEA9D~11 - Madame Morgan - Madame Morgan Cums After Good Sex}
30.jpg,572768,417A54A5,\2023-12\11 - Madame Morgan - Madame Morgan Cums After Good Sex\,{TMN02~2023-12~818DEA9D~11 - Madame Morgan - Madame Morgan Cums After Good Sex}
31.jpg,558505,D32D43BC,\2023-12\11 - Madame Morgan - Madame Morgan Cums After Good Sex\,{TMN02~2023-12~818DEA9D~11 - Madame Morgan - Madame Morgan Cums After Good Sex}
32.jpg,625767,FC9A5833,\2023-12\11 - Madame Morgan - Madame Morgan Cums After Good Sex\,{TMN02~2023-12~818DEA9D~11 - Madame Morgan - Madame Morgan Cums After Good Sex}
33.jpg,628236,1C18789A,\2023-12\11 - Madame Morgan - Madame Morgan Cums After Good Sex\,{TMN02~2023-12~818DEA9D~11 - Madame Morgan - Madame Morgan Cums After Good Sex}
34.jpg,601866,64DE0F06,\2023-12\11 - Madame Morgan - Madame Morgan Cums After Good Sex\,{TMN02~2023-12~818DEA9D~11 - Madame Morgan - Madame Morgan Cums After Good Sex}
35.jpg,565467,68999612,\2023-12\11 - Madame Morgan - Madame Morgan Cums After Good Sex\,{TMN02~2023-12~818DEA9D~11 - Madame Morgan - Madame Morgan Cums After Good Sex}
36.jpg,812476,5D7F59D2,\2023-12\11 - Madame Morgan - Madame Morgan Cums After Good Sex\,{TMN02~2023-12~818DEA9D~11 - Madame Morgan - Madame Morgan Cums After Good Sex}
37.jpg,773460,338E8905,\2023-12\11 - Madame Morgan - Madame Morgan Cums After Good Sex\,{TMN02~2023-12~818DEA9D~11 - Madame Morgan - Madame Morgan Cums After Good Sex}
38.jpg,822425,82580934,\2023-12\11 - Madame Morgan - Madame Morgan Cums After Good Sex\,{TMN02~2023-12~818DEA9D~11 - Madame Morgan - Madame Morgan Cums After Good Sex}
39.jpg,813154,975A46E9,\2023-12\11 - Madame Morgan - Madame Morgan Cums After Good Sex\,{TMN02~2023-12~818DEA9D~11 - Madame Morgan - Madame Morgan Cums After Good Sex}
4.jpg,373546,18773256,\2023-12\11 - Madame Morgan - Madame Morgan Cums After Good Sex\,{TMN02~2023-12~818DEA9D~11 - Madame Morgan - Madame Morgan Cums After Good Sex}
40.jpg,430357,4279D862,\2023-12\11 - Madame Morgan - Madame Morgan Cums After Good Sex\,{TMN02~2023-12~818DEA9D~11 - Madame Morgan - Madame Morgan Cums After Good Sex}
41.jpg,490298,4D9B1083,\2023-12\11 - Madame Morgan - Madame Morgan Cums After Good Sex\,{TMN02~2023-12~818DEA9D~11 - Madame Morgan - Madame Morgan Cums After Good Sex}
42.jpg,831617,396F0316,\2023-12\11 - Madame Morgan - Madame Morgan Cums After Good Sex\,{TMN02~2023-12~818DEA9D~11 - Madame Morgan - Madame Morgan Cums After Good Sex}
43.jpg,775640,7F60A849,\2023-12\11 - Madame Morgan - Madame Morgan Cums After Good Sex\,{TMN02~2023-12~818DEA9D~11 - Madame Morgan - Madame Morgan Cums After Good Sex}
44.jpg,689450,961006D1,\2023-12\11 - Madame Morgan - Madame Morgan Cums After Good Sex\,{TMN02~2023-12~818DEA9D~11 - Madame Morgan - Madame Morgan Cums After Good Sex}
45.jpg,707113,5C9C197E,\2023-12\11 - Madame Morgan - Madame Morgan Cums After Good Sex\,{TMN02~2023-12~818DEA9D~11 - Madame Morgan - Madame Morgan Cums After Good Sex}
46.jpg,760835,B7A31ADB,\2023-12\11 - Madame Morgan - Madame Morgan Cums After Good Sex\,{TMN02~2023-12~818DEA9D~11 - Madame Morgan - Madame Morgan Cums After Good Sex}
47.jpg,774275,D2A57564,\2023-12\11 - Madame Morgan - Madame Morgan Cums After Good Sex\,{TMN02~2023-12~818DEA9D~11 - Madame Morgan - Madame Morgan Cums After Good Sex}
48.jpg,780352,BE42D988,\2023-12\11 - Madame Morgan - Madame Morgan Cums After Good Sex\,{TMN02~2023-12~818DEA9D~11 - Madame Morgan - Madame Morgan Cums After Good Sex}
49.jpg,782433,DCAD5EF3,\2023-12\11 - Madame Morgan - Madame Morgan Cums After Good Sex\,{TMN02~2023-12~818DEA9D~11 - Madame Morgan - Madame Morgan Cums After Good Sex}
5.jpg,431436,DF683FAF,\2023-12\11 - Madame Morgan - Madame Morgan Cums After Good Sex\,{TMN02~2023-12~818DEA9D~11 - Madame Morgan - Madame Morgan Cums After Good Sex}
50.jpg,722660,CC8C56DD,\2023-12\11 - Madame Morgan - Madame Morgan Cums After Good Sex\,{TMN02~2023-12~818DEA9D~11 - Madame Morgan - Madame Morgan Cums After Good Sex}
51.jpg,690878,B8C4AF0B,\2023-12\11 - Madame Morgan - Madame Morgan Cums After Good Sex\,{TMN02~2023-12~818DEA9D~11 - Madame Morgan - Madame Morgan Cums After Good Sex}
52.jpg,641293,FB9087F8,\2023-12\11 - Madame Morgan - Madame Morgan Cums After Good Sex\,{TMN02~2023-12~818DEA9D~11 - Madame Morgan - Madame Morgan Cums After Good Sex}
53.jpg,568190,EA00B7CF,\2023-12\11 - Madame Morgan - Madame Morgan Cums After Good Sex\,{TMN02~2023-12~818DEA9D~11 - Madame Morgan - Madame Morgan Cums After Good Sex}
54.jpg,470361,C5766D58,\2023-12\11 - Madame Morgan - Madame Morgan Cums After Good Sex\,{TMN02~2023-12~818DEA9D~11 - Madame Morgan - Madame Morgan Cums After Good Sex}
55.jpg,557141,03183C1D,\2023-12\11 - Madame Morgan - Madame Morgan Cums After Good Sex\,{TMN02~2023-12~818DEA9D~11 - Madame Morgan - Madame Morgan Cums After Good Sex}
56.jpg,703304,502E67B5,\2023-12\11 - Madame Morgan - Madame Morgan Cums After Good Sex\,{TMN02~2023-12~818DEA9D~11 - Madame Morgan - Madame Morgan Cums After Good Sex}
57.jpg,727555,B535877B,\2023-12\11 - Madame Morgan - Madame Morgan Cums After Good Sex\,{TMN02~2023-12~818DEA9D~11 - Madame Morgan - Madame Morgan Cums After Good Sex}
58.jpg,594312,85507962,\2023-12\11 - Madame Morgan - Madame Morgan Cums After Good Sex\,{TMN02~2023-12~818DEA9D~11 - Madame Morgan - Madame Morgan Cums After Good Sex}
59.jpg,610975,EADC8722,\2023-12\11 - Madame Morgan - Madame Morgan Cums After Good Sex\,{TMN02~2023-12~818DEA9D~11 - Madame Morgan - Madame Morgan Cums After Good Sex}
6.jpg,484948,D285265B,\2023-12\11 - Madame Morgan - Madame Morgan Cums After Good Sex\,{TMN02~2023-12~818DEA9D~11 - Madame Morgan - Madame Morgan Cums After Good Sex}
60.jpg,666560,D5DEC4D3,\2023-12\11 - Madame Morgan - Madame Morgan Cums After Good Sex\,{TMN02~2023-12~818DEA9D~11 - Madame Morgan - Madame Morgan Cums After Good Sex}
61.jpg,692862,BFB406A6,\2023-12\11 - Madame Morgan - Madame Morgan Cums After Good Sex\,{TMN02~2023-12~818DEA9D~11 - Madame Morgan - Madame Morgan Cums After Good Sex}
62.jpg,648238,C4852CAD,\2023-12\11 - Madame Morgan - Madame Morgan Cums After Good Sex\,{TMN02~2023-12~818DEA9D~11 - Madame Morgan - Madame Morgan Cums After Good Sex}
63.jpg,754395,ECC7EC57,\2023-12\11 - Madame Morgan - Madame Morgan Cums After Good Sex\,{TMN02~2023-12~818DEA9D~11 - Madame Morgan - Madame Morgan Cums After Good Sex}
64.jpg,769085,253F88F8,\2023-12\11 - Madame Morgan - Madame Morgan Cums After Good Sex\,{TMN02~2023-12~818DEA9D~11 - Madame Morgan - Madame Morgan Cums After Good Sex}
65.jpg,748758,8B1B90D6,\2023-12\11 - Madame Morgan - Madame Morgan Cums After Good Sex\,{TMN02~2023-12~818DEA9D~11 - Madame Morgan - Madame Morgan Cums After Good Sex}
66.jpg,729865,4863830A,\2023-12\11 - Madame Morgan - Madame Morgan Cums After Good Sex\,{TMN02~2023-12~818DEA9D~11 - Madame Morgan - Madame Morgan Cums After Good Sex}
67.jpg,630827,AF45EFE9,\2023-12\11 - Madame Morgan - Madame Morgan Cums After Good Sex\,{TMN02~2023-12~818DEA9D~11 - Madame Morgan - Madame Morgan Cums After Good Sex}
68.jpg,654116,50889A3D,\2023-12\11 - Madame Morgan - Madame Morgan Cums After Good Sex\,{TMN02~2023-12~818DEA9D~11 - Madame Morgan - Madame Morgan Cums After Good Sex}
69.jpg,678653,9140C98D,\2023-12\11 - Madame Morgan - Madame Morgan Cums After Good Sex\,{TMN02~2023-12~818DEA9D~11 - Madame Morgan - Madame Morgan Cums After Good Sex}
7.jpg,544689,D06D7D52,\2023-12\11 - Madame Morgan - Madame Morgan Cums After Good Sex\,{TMN02~2023-12~818DEA9D~11 - Madame Morgan - Madame Morgan Cums After Good Sex}
70.jpg,565162,0F1ECD20,\2023-12\11 - Madame Morgan - Madame Morgan Cums After Good Sex\,{TMN02~2023-12~818DEA9D~11 - Madame Morgan - Madame Morgan Cums After Good Sex}
71.jpg,566421,0FE807F9,\2023-12\11 - Madame Morgan - Madame Morgan Cums After Good Sex\,{TMN02~2023-12~818DEA9D~11 - Madame Morgan - Madame Morgan Cums After Good Sex}
72.jpg,498964,B633D036,\2023-12\11 - Madame Morgan - Madame Morgan Cums After Good Sex\,{TMN02~2023-12~818DEA9D~11 - Madame Morgan - Madame Morgan Cums After Good Sex}
73.jpg,508005,495387E3,\2023-12\11 - Madame Morgan - Madame Morgan Cums After Good Sex\,{TMN02~2023-12~818DEA9D~11 - Madame Morgan - Madame Morgan Cums After Good Sex}
74.jpg,551880,1DA282A1,\2023-12\11 - Madame Morgan - Madame Morgan Cums After Good Sex\,{TMN02~2023-12~818DEA9D~11 - Madame Morgan - Madame Morgan Cums After Good Sex}
75.jpg,526397,A00654EB,\2023-12\11 - Madame Morgan - Madame Morgan Cums After Good Sex\,{TMN02~2023-12~818DEA9D~11 - Madame Morgan - Madame Morgan Cums After Good Sex}
76.jpg,570138,C1202B22,\2023-12\11 - Madame Morgan - Madame Morgan Cums After Good Sex\,{TMN02~2023-12~818DEA9D~11 - Madame Morgan - Madame Morgan Cums After Good Sex}
77.jpg,642625,8EA866D1,\2023-12\11 - Madame Morgan - Madame Morgan Cums After Good Sex\,{TMN02~2023-12~818DEA9D~11 - Madame Morgan - Madame Morgan Cums After Good Sex}
78.jpg,659272,00C67239,\2023-12\11 - Madame Morgan - Madame Morgan Cums After Good Sex\,{TMN02~2023-12~818DEA9D~11 - Madame Morgan - Madame Morgan Cums After Good Sex}
79.jpg,633157,9D43E3AF,\2023-12\11 - Madame Morgan - Madame Morgan Cums After Good Sex\,{TMN02~2023-12~818DEA9D~11 - Madame Morgan - Madame Morgan Cums After Good Sex}
8.jpg,513892,7AD09CA0,\2023-12\11 - Madame Morgan - Madame Morgan Cums After Good Sex\,{TMN02~2023-12~818DEA9D~11 - Madame Morgan - Madame Morgan Cums After Good Sex}
80.jpg,684992,CBFEDA2D,\2023-12\11 - Madame Morgan - Madame Morgan Cums After Good Sex\,{TMN02~2023-12~818DEA9D~11 - Madame Morgan - Madame Morgan Cums After Good Sex}
81.jpg,667195,F70FD0CF,\2023-12\11 - Madame Morgan - Madame Morgan Cums After Good Sex\,{TMN02~2023-12~818DEA9D~11 - Madame Morgan - Madame Morgan Cums After Good Sex}
82.jpg,870351,57B732D2,\2023-12\11 - Madame Morgan - Madame Morgan Cums After Good Sex\,{TMN02~2023-12~818DEA9D~11 - Madame Morgan - Madame Morgan Cums After Good Sex}
83.jpg,868029,0FDE257B,\2023-12\11 - Madame Morgan - Madame Morgan Cums After Good Sex\,{TMN02~2023-12~818DEA9D~11 - Madame Morgan - Madame Morgan Cums After Good Sex}
84.jpg,766405,9FE85A12,\2023-12\11 - Madame Morgan - Madame Morgan Cums After Good Sex\,{TMN02~2023-12~818DEA9D~11 - Madame Morgan - Madame Morgan Cums After Good Sex}
85.jpg,767520,B7EF26D2,\2023-12\11 - Madame Morgan - Madame Morgan Cums After Good Sex\,{TMN02~2023-12~818DEA9D~11 - Madame Morgan - Madame Morgan Cums After Good Sex}
86.jpg,970172,633E67BB,\2023-12\11 - Madame Morgan - Madame Morgan Cums After Good Sex\,{TMN02~2023-12~818DEA9D~11 - Madame Morgan - Madame Morgan Cums After Good Sex}
87.jpg,977962,B564B3C6,\2023-12\11 - Madame Morgan - Madame Morgan Cums After Good Sex\,{TMN02~2023-12~818DEA9D~11 - Madame Morgan - Madame Morgan Cums After Good Sex}
88.jpg,970796,A1B799F4,\2023-12\11 - Madame Morgan - Madame Morgan Cums After Good Sex\,{TMN02~2023-12~818DEA9D~11 - Madame Morgan - Madame Morgan Cums After Good Sex}
89.jpg,940903,B8EDB52A,\2023-12\11 - Madame Morgan - Madame Morgan Cums After Good Sex\,{TMN02~2023-12~818DEA9D~11 - Madame Morgan - Madame Morgan Cums After Good Sex}
9.jpg,569935,DCA50A53,\2023-12\11 - Madame Morgan - Madame Morgan Cums After Good Sex\,{TMN02~2023-12~818DEA9D~11 - Madame Morgan - Madame Morgan Cums After Good Sex}
90.jpg,937985,97BC8035,\2023-12\11 - Madame Morgan - Madame Morgan Cums After Good Sex\,{TMN02~2023-12~818DEA9D~11 - Madame Morgan - Madame Morgan Cums After Good Sex}
91.jpg,941655,AAC6163E,\2023-12\11 - Madame Morgan - Madame Morgan Cums After Good Sex\,{TMN02~2023-12~818DEA9D~11 - Madame Morgan - Madame Morgan Cums After Good Sex}
92.jpg,942656,12D40C41,\2023-12\11 - Madame Morgan - Madame Morgan Cums After Good Sex\,{TMN02~2023-12~818DEA9D~11 - Madame Morgan - Madame Morgan Cums After Good Sex}
93.jpg,935034,3A2828EC,\2023-12\11 - Madame Morgan - Madame Morgan Cums After Good Sex\,{TMN02~2023-12~818DEA9D~11 - Madame Morgan - Madame Morgan Cums After Good Sex}
94.jpg,950173,AAAB238A,\2023-12\11 - Madame Morgan - Madame Morgan Cums After Good Sex\,{TMN02~2023-12~818DEA9D~11 - Madame Morgan - Madame Morgan Cums After Good Sex}
95.jpg,967649,7211692E,\2023-12\11 - Madame Morgan - Madame Morgan Cums After Good Sex\,{TMN02~2023-12~818DEA9D~11 - Madame Morgan - Madame Morgan Cums After Good Sex}
96.jpg,862500,232D0A46,\2023-12\11 - Madame Morgan - Madame Morgan Cums After Good Sex\,{TMN02~2023-12~818DEA9D~11 - Madame Morgan - Madame Morgan Cums After Good Sex}
97.jpg,869414,73BD09FD,\2023-12\11 - Madame Morgan - Madame Morgan Cums After Good Sex\,{TMN02~2023-12~818DEA9D~11 - Madame Morgan - Madame Morgan Cums After Good Sex}
98.jpg,874442,1EDB2DAC,\2023-12\11 - Madame Morgan - Madame Morgan Cums After Good Sex\,{TMN02~2023-12~818DEA9D~11 - Madame Morgan - Madame Morgan Cums After Good Sex}
99.jpg,895943,D492BBC5,\2023-12\11 - Madame Morgan - Madame Morgan Cums After Good Sex\,{TMN02~2023-12~818DEA9D~11 - Madame Morgan - Madame Morgan Cums After Good Sex}
1.jpg,676515,3FEC41B7,\2023-12\18 - Haven Rose - Blonde Beauty Haven Rose Is So Hard For Sex\,{TMN02~2023-12~F80BB998~18 - Haven Rose - Blonde Beauty Haven Rose Is So Hard For Sex}
10.jpg,581116,058F88DF,\2023-12\18 - Haven Rose - Blonde Beauty Haven Rose Is So Hard For Sex\,{TMN02~2023-12~F80BB998~18 - Haven Rose - Blonde Beauty Haven Rose Is So Hard For Sex}
100.jpg,789411,CBDFBFC5,\2023-12\18 - Haven Rose - Blonde Beauty Haven Rose Is So Hard For Sex\,{TMN02~2023-12~F80BB998~18 - Haven Rose - Blonde Beauty Haven Rose Is So Hard For Sex}
101.jpg,718704,0CCC8D90,\2023-12\18 - Haven Rose - Blonde Beauty Haven Rose Is So Hard For Sex\,{TMN02~2023-12~F80BB998~18 - Haven Rose - Blonde Beauty Haven Rose Is So Hard For Sex}
102.jpg,670747,6FF6FC0D,\2023-12\18 - Haven Rose - Blonde Beauty Haven Rose Is So Hard For Sex\,{TMN02~2023-12~F80BB998~18 - Haven Rose - Blonde Beauty Haven Rose Is So Hard For Sex}
103.jpg,764882,ADE41150,\2023-12\18 - Haven Rose - Blonde Beauty Haven Rose Is So Hard For Sex\,{TMN02~2023-12~F80BB998~18 - Haven Rose - Blonde Beauty Haven Rose Is So Hard For Sex}
104.jpg,752359,C4BF3C78,\2023-12\18 - Haven Rose - Blonde Beauty Haven Rose Is So Hard For Sex\,{TMN02~2023-12~F80BB998~18 - Haven Rose - Blonde Beauty Haven Rose Is So Hard For Sex}
105.jpg,753501,C318ECB4,\2023-12\18 - Haven Rose - Blonde Beauty Haven Rose Is So Hard For Sex\,{TMN02~2023-12~F80BB998~18 - Haven Rose - Blonde Beauty Haven Rose Is So Hard For Sex}
106.jpg,679189,EE07C128,\2023-12\18 - Haven Rose - Blonde Beauty Haven Rose Is So Hard For Sex\,{TMN02~2023-12~F80BB998~18 - Haven Rose - Blonde Beauty Haven Rose Is So Hard For Sex}
107.jpg,606599,CE426181,\2023-12\18 - Haven Rose - Blonde Beauty Haven Rose Is So Hard For Sex\,{TMN02~2023-12~F80BB998~18 - Haven Rose - Blonde Beauty Haven Rose Is So Hard For Sex}
108.jpg,608564,B04575DB,\2023-12\18 - Haven Rose - Blonde Beauty Haven Rose Is So Hard For Sex\,{TMN02~2023-12~F80BB998~18 - Haven Rose - Blonde Beauty Haven Rose Is So Hard For Sex}
109.jpg,676710,A737E96A,\2023-12\18 - Haven Rose - Blonde Beauty Haven Rose Is So Hard For Sex\,{TMN02~2023-12~F80BB998~18 - Haven Rose - Blonde Beauty Haven Rose Is So Hard For Sex}
11.jpg,776929,FF9BEE95,\2023-12\18 - Haven Rose - Blonde Beauty Haven Rose Is So Hard For Sex\,{TMN02~2023-12~F80BB998~18 - Haven Rose - Blonde Beauty Haven Rose Is So Hard For Sex}
110.jpg,512320,50B2EBF0,\2023-12\18 - Haven Rose - Blonde Beauty Haven Rose Is So Hard For Sex\,{TMN02~2023-12~F80BB998~18 - Haven Rose - Blonde Beauty Haven Rose Is So Hard For Sex}
111.jpg,574546,16F79D82,\2023-12\18 - Haven Rose - Blonde Beauty Haven Rose Is So Hard For Sex\,{TMN02~2023-12~F80BB998~18 - Haven Rose - Blonde Beauty Haven Rose Is So Hard For Sex}
112.jpg,514528,790CA6E8,\2023-12\18 - Haven Rose - Blonde Beauty Haven Rose Is So Hard For Sex\,{TMN02~2023-12~F80BB998~18 - Haven Rose - Blonde Beauty Haven Rose Is So Hard For Sex}
113.jpg,591813,F2576A07,\2023-12\18 - Haven Rose - Blonde Beauty Haven Rose Is So Hard For Sex\,{TMN02~2023-12~F80BB998~18 - Haven Rose - Blonde Beauty Haven Rose Is So Hard For Sex}
114.jpg,636340,89E738A5,\2023-12\18 - Haven Rose - Blonde Beauty Haven Rose Is So Hard For Sex\,{TMN02~2023-12~F80BB998~18 - Haven Rose - Blonde Beauty Haven Rose Is So Hard For Sex}
115.jpg,614383,2F2C3F0B,\2023-12\18 - Haven Rose - Blonde Beauty Haven Rose Is So Hard For Sex\,{TMN02~2023-12~F80BB998~18 - Haven Rose - Blonde Beauty Haven Rose Is So Hard For Sex}
116.jpg,628037,3265EA82,\2023-12\18 - Haven Rose - Blonde Beauty Haven Rose Is So Hard For Sex\,{TMN02~2023-12~F80BB998~18 - Haven Rose - Blonde Beauty Haven Rose Is So Hard For Sex}
117.jpg,621383,55A5917A,\2023-12\18 - Haven Rose - Blonde Beauty Haven Rose Is So Hard For Sex\,{TMN02~2023-12~F80BB998~18 - Haven Rose - Blonde Beauty Haven Rose Is So Hard For Sex}
118.jpg,638155,E21C9031,\2023-12\18 - Haven Rose - Blonde Beauty Haven Rose Is So Hard For Sex\,{TMN02~2023-12~F80BB998~18 - Haven Rose - Blonde Beauty Haven Rose Is So Hard For Sex}
119.jpg,631858,4934F2B0,\2023-12\18 - Haven Rose - Blonde Beauty Haven Rose Is So Hard For Sex\,{TMN02~2023-12~F80BB998~18 - Haven Rose - Blonde Beauty Haven Rose Is So Hard For Sex}
12.jpg,823294,F0A264F7,\2023-12\18 - Haven Rose - Blonde Beauty Haven Rose Is So Hard For Sex\,{TMN02~2023-12~F80BB998~18 - Haven Rose - Blonde Beauty Haven Rose Is So Hard For Sex}
120.jpg,661982,3F249D36,\2023-12\18 - Haven Rose - Blonde Beauty Haven Rose Is So Hard For Sex\,{TMN02~2023-12~F80BB998~18 - Haven Rose - Blonde Beauty Haven Rose Is So Hard For Sex}
121.jpg,660971,EF4BD07B,\2023-12\18 - Haven Rose - Blonde Beauty Haven Rose Is So Hard For Sex\,{TMN02~2023-12~F80BB998~18 - Haven Rose - Blonde Beauty Haven Rose Is So Hard For Sex}
122.jpg,578997,66094814,\2023-12\18 - Haven Rose - Blonde Beauty Haven Rose Is So Hard For Sex\,{TMN02~2023-12~F80BB998~18 - Haven Rose - Blonde Beauty Haven Rose Is So Hard For Sex}
123.jpg,677989,11A2F094,\2023-12\18 - Haven Rose - Blonde Beauty Haven Rose Is So Hard For Sex\,{TMN02~2023-12~F80BB998~18 - Haven Rose - Blonde Beauty Haven Rose Is So Hard For Sex}
124.jpg,517370,CEF3DEC0,\2023-12\18 - Haven Rose - Blonde Beauty Haven Rose Is So Hard For Sex\,{TMN02~2023-12~F80BB998~18 - Haven Rose - Blonde Beauty Haven Rose Is So Hard For Sex}
125.jpg,531477,D52B2A27,\2023-12\18 - Haven Rose - Blonde Beauty Haven Rose Is So Hard For Sex\,{TMN02~2023-12~F80BB998~18 - Haven Rose - Blonde Beauty Haven Rose Is So Hard For Sex}
126.jpg,743972,9CE2A127,\2023-12\18 - Haven Rose - Blonde Beauty Haven Rose Is So Hard For Sex\,{TMN02~2023-12~F80BB998~18 - Haven Rose - Blonde Beauty Haven Rose Is So Hard For Sex}
127.jpg,699141,09E066EC,\2023-12\18 - Haven Rose - Blonde Beauty Haven Rose Is So Hard For Sex\,{TMN02~2023-12~F80BB998~18 - Haven Rose - Blonde Beauty Haven Rose Is So Hard For Sex}
128.jpg,686220,F35A3628,\2023-12\18 - Haven Rose - Blonde Beauty Haven Rose Is So Hard For Sex\,{TMN02~2023-12~F80BB998~18 - Haven Rose - Blonde Beauty Haven Rose Is So Hard For Sex}
129.jpg,510014,573E8BF1,\2023-12\18 - Haven Rose - Blonde Beauty Haven Rose Is So Hard For Sex\,{TMN02~2023-12~F80BB998~18 - Haven Rose - Blonde Beauty Haven Rose Is So Hard For Sex}
13.jpg,567753,CD988BA1,\2023-12\18 - Haven Rose - Blonde Beauty Haven Rose Is So Hard For Sex\,{TMN02~2023-12~F80BB998~18 - Haven Rose - Blonde Beauty Haven Rose Is So Hard For Sex}
130.jpg,492510,494F2BF1,\2023-12\18 - Haven Rose - Blonde Beauty Haven Rose Is So Hard For Sex\,{TMN02~2023-12~F80BB998~18 - Haven Rose - Blonde Beauty Haven Rose Is So Hard For Sex}
131.jpg,477752,DB8345C1,\2023-12\18 - Haven Rose - Blonde Beauty Haven Rose Is So Hard For Sex\,{TMN02~2023-12~F80BB998~18 - Haven Rose - Blonde Beauty Haven Rose Is So Hard For Sex}
132.jpg,552105,D099AEDC,\2023-12\18 - Haven Rose - Blonde Beauty Haven Rose Is So Hard For Sex\,{TMN02~2023-12~F80BB998~18 - Haven Rose - Blonde Beauty Haven Rose Is So Hard For Sex}
133.jpg,552526,E388A766,\2023-12\18 - Haven Rose - Blonde Beauty Haven Rose Is So Hard For Sex\,{TMN02~2023-12~F80BB998~18 - Haven Rose - Blonde Beauty Haven Rose Is So Hard For Sex}
134.jpg,542982,CDD299F3,\2023-12\18 - Haven Rose - Blonde Beauty Haven Rose Is So Hard For Sex\,{TMN02~2023-12~F80BB998~18 - Haven Rose - Blonde Beauty Haven Rose Is So Hard For Sex}
135.jpg,369157,4BD017CE,\2023-12\18 - Haven Rose - Blonde Beauty Haven Rose Is So Hard For Sex\,{TMN02~2023-12~F80BB998~18 - Haven Rose - Blonde Beauty Haven Rose Is So Hard For Sex}
136.jpg,457574,408FF9CF,\2023-12\18 - Haven Rose - Blonde Beauty Haven Rose Is So Hard For Sex\,{TMN02~2023-12~F80BB998~18 - Haven Rose - Blonde Beauty Haven Rose Is So Hard For Sex}
137.jpg,567112,D2DD778A,\2023-12\18 - Haven Rose - Blonde Beauty Haven Rose Is So Hard For Sex\,{TMN02~2023-12~F80BB998~18 - Haven Rose - Blonde Beauty Haven Rose Is So Hard For Sex}
138.jpg,564239,948F2E21,\2023-12\18 - Haven Rose - Blonde Beauty Haven Rose Is So Hard For Sex\,{TMN02~2023-12~F80BB998~18 - Haven Rose - Blonde Beauty Haven Rose Is So Hard For Sex}
139.jpg,540355,0A3CD2DB,\2023-12\18 - Haven Rose - Blonde Beauty Haven Rose Is So Hard For Sex\,{TMN02~2023-12~F80BB998~18 - Haven Rose - Blonde Beauty Haven Rose Is So Hard For Sex}
14.jpg,555185,9B955153,\2023-12\18 - Haven Rose - Blonde Beauty Haven Rose Is So Hard For Sex\,{TMN02~2023-12~F80BB998~18 - Haven Rose - Blonde Beauty Haven Rose Is So Hard For Sex}
140.jpg,510192,7AACF253,\2023-12\18 - Haven Rose - Blonde Beauty Haven Rose Is So Hard For Sex\,{TMN02~2023-12~F80BB998~18 - Haven Rose - Blonde Beauty Haven Rose Is So Hard For Sex}
141.jpg,439179,3A979BE3,\2023-12\18 - Haven Rose - Blonde Beauty Haven Rose Is So Hard For Sex\,{TMN02~2023-12~F80BB998~18 - Haven Rose - Blonde Beauty Haven Rose Is So Hard For Sex}
142.jpg,499336,217C580C,\2023-12\18 - Haven Rose - Blonde Beauty Haven Rose Is So Hard For Sex\,{TMN02~2023-12~F80BB998~18 - Haven Rose - Blonde Beauty Haven Rose Is So Hard For Sex}
143.jpg,552739,ED1B18F4,\2023-12\18 - Haven Rose - Blonde Beauty Haven Rose Is So Hard For Sex\,{TMN02~2023-12~F80BB998~18 - Haven Rose - Blonde Beauty Haven Rose Is So Hard For Sex}
144.jpg,611824,89441558,\2023-12\18 - Haven Rose - Blonde Beauty Haven Rose Is So Hard For Sex\,{TMN02~2023-12~F80BB998~18 - Haven Rose - Blonde Beauty Haven Rose Is So Hard For Sex}
145.jpg,631921,51124950,\2023-12\18 - Haven Rose - Blonde Beauty Haven Rose Is So Hard For Sex\,{TMN02~2023-12~F80BB998~18 - Haven Rose - Blonde Beauty Haven Rose Is So Hard For Sex}
146.jpg,513645,AEB368D6,\2023-12\18 - Haven Rose - Blonde Beauty Haven Rose Is So Hard For Sex\,{TMN02~2023-12~F80BB998~18 - Haven Rose - Blonde Beauty Haven Rose Is So Hard For Sex}
147.jpg,480295,7D5EBBA7,\2023-12\18 - Haven Rose - Blonde Beauty Haven Rose Is So Hard For Sex\,{TMN02~2023-12~F80BB998~18 - Haven Rose - Blonde Beauty Haven Rose Is So Hard For Sex}
148.jpg,474207,7688CA0D,\2023-12\18 - Haven Rose - Blonde Beauty Haven Rose Is So Hard For Sex\,{TMN02~2023-12~F80BB998~18 - Haven Rose - Blonde Beauty Haven Rose Is So Hard For Sex}
149.jpg,468426,91288CD5,\2023-12\18 - Haven Rose - Blonde Beauty Haven Rose Is So Hard For Sex\,{TMN02~2023-12~F80BB998~18 - Haven Rose - Blonde Beauty Haven Rose Is So Hard For Sex}
15.jpg,629284,328937C2,\2023-12\18 - Haven Rose - Blonde Beauty Haven Rose Is So Hard For Sex\,{TMN02~2023-12~F80BB998~18 - Haven Rose - Blonde Beauty Haven Rose Is So Hard For Sex}
150.jpg,548185,9C26081B,\2023-12\18 - Haven Rose - Blonde Beauty Haven Rose Is So Hard For Sex\,{TMN02~2023-12~F80BB998~18 - Haven Rose - Blonde Beauty Haven Rose Is So Hard For Sex}
151.jpg,529460,A10FAF21,\2023-12\18 - Haven Rose - Blonde Beauty Haven Rose Is So Hard For Sex\,{TMN02~2023-12~F80BB998~18 - Haven Rose - Blonde Beauty Haven Rose Is So Hard For Sex}
152.jpg,577626,0EF1A9A6,\2023-12\18 - Haven Rose - Blonde Beauty Haven Rose Is So Hard For Sex\,{TMN02~2023-12~F80BB998~18 - Haven Rose - Blonde Beauty Haven Rose Is So Hard For Sex}
153.jpg,561214,07C2F6E0,\2023-12\18 - Haven Rose - Blonde Beauty Haven Rose Is So Hard For Sex\,{TMN02~2023-12~F80BB998~18 - Haven Rose - Blonde Beauty Haven Rose Is So Hard For Sex}
154.jpg,491962,62B43C5C,\2023-12\18 - Haven Rose - Blonde Beauty Haven Rose Is So Hard For Sex\,{TMN02~2023-12~F80BB998~18 - Haven Rose - Blonde Beauty Haven Rose Is So Hard For Sex}
155.jpg,668277,C4F9AD9E,\2023-12\18 - Haven Rose - Blonde Beauty Haven Rose Is So Hard For Sex\,{TMN02~2023-12~F80BB998~18 - Haven Rose - Blonde Beauty Haven Rose Is So Hard For Sex}
156.jpg,567635,2CC1CF85,\2023-12\18 - Haven Rose - Blonde Beauty Haven Rose Is So Hard For Sex\,{TMN02~2023-12~F80BB998~18 - Haven Rose - Blonde Beauty Haven Rose Is So Hard For Sex}
157.jpg,514841,711A1A04,\2023-12\18 - Haven Rose - Blonde Beauty Haven Rose Is So Hard For Sex\,{TMN02~2023-12~F80BB998~18 - Haven Rose - Blonde Beauty Haven Rose Is So Hard For Sex}
158.jpg,356781,D223DB66,\2023-12\18 - Haven Rose - Blonde Beauty Haven Rose Is So Hard For Sex\,{TMN02~2023-12~F80BB998~18 - Haven Rose - Blonde Beauty Haven Rose Is So Hard For Sex}
159.jpg,413731,DBAFF1EE,\2023-12\18 - Haven Rose - Blonde Beauty Haven Rose Is So Hard For Sex\,{TMN02~2023-12~F80BB998~18 - Haven Rose - Blonde Beauty Haven Rose Is So Hard For Sex}
16.jpg,580463,E944AA90,\2023-12\18 - Haven Rose - Blonde Beauty Haven Rose Is So Hard For Sex\,{TMN02~2023-12~F80BB998~18 - Haven Rose - Blonde Beauty Haven Rose Is So Hard For Sex}
160.jpg,375714,E6140F6D,\2023-12\18 - Haven Rose - Blonde Beauty Haven Rose Is So Hard For Sex\,{TMN02~2023-12~F80BB998~18 - Haven Rose - Blonde Beauty Haven Rose Is So Hard For Sex}
161.jpg,356987,48DC1FDC,\2023-12\18 - Haven Rose - Blonde Beauty Haven Rose Is So Hard For Sex\,{TMN02~2023-12~F80BB998~18 - Haven Rose - Blonde Beauty Haven Rose Is So Hard For Sex}
162.jpg,474635,2A754F87,\2023-12\18 - Haven Rose - Blonde Beauty Haven Rose Is So Hard For Sex\,{TMN02~2023-12~F80BB998~18 - Haven Rose - Blonde Beauty Haven Rose Is So Hard For Sex}
163.jpg,541768,815B498C,\2023-12\18 - Haven Rose - Blonde Beauty Haven Rose Is So Hard For Sex\,{TMN02~2023-12~F80BB998~18 - Haven Rose - Blonde Beauty Haven Rose Is So Hard For Sex}
164.jpg,318422,3018E5EB,\2023-12\18 - Haven Rose - Blonde Beauty Haven Rose Is So Hard For Sex\,{TMN02~2023-12~F80BB998~18 - Haven Rose - Blonde Beauty Haven Rose Is So Hard For Sex}
165.jpg,344662,B6975CCC,\2023-12\18 - Haven Rose - Blonde Beauty Haven Rose Is So Hard For Sex\,{TMN02~2023-12~F80BB998~18 - Haven Rose - Blonde Beauty Haven Rose Is So Hard For Sex}
166.jpg,429598,93C5F646,\2023-12\18 - Haven Rose - Blonde Beauty Haven Rose Is So Hard For Sex\,{TMN02~2023-12~F80BB998~18 - Haven Rose - Blonde Beauty Haven Rose Is So Hard For Sex}
167.jpg,356806,E4B7321A,\2023-12\18 - Haven Rose - Blonde Beauty Haven Rose Is So Hard For Sex\,{TMN02~2023-12~F80BB998~18 - Haven Rose - Blonde Beauty Haven Rose Is So Hard For Sex}
168.jpg,410682,B1D03294,\2023-12\18 - Haven Rose - Blonde Beauty Haven Rose Is So Hard For Sex\,{TMN02~2023-12~F80BB998~18 - Haven Rose - Blonde Beauty Haven Rose Is So Hard For Sex}
169.jpg,313289,CA54FE5D,\2023-12\18 - Haven Rose - Blonde Beauty Haven Rose Is So Hard For Sex\,{TMN02~2023-12~F80BB998~18 - Haven Rose - Blonde Beauty Haven Rose Is So Hard For Sex}
17.jpg,551508,9DD6B52C,\2023-12\18 - Haven Rose - Blonde Beauty Haven Rose Is So Hard For Sex\,{TMN02~2023-12~F80BB998~18 - Haven Rose - Blonde Beauty Haven Rose Is So Hard For Sex}
170.jpg,316404,0AA457C7,\2023-12\18 - Haven Rose - Blonde Beauty Haven Rose Is So Hard For Sex\,{TMN02~2023-12~F80BB998~18 - Haven Rose - Blonde Beauty Haven Rose Is So Hard For Sex}
171.jpg,314398,E0C42182,\2023-12\18 - Haven Rose - Blonde Beauty Haven Rose Is So Hard For Sex\,{TMN02~2023-12~F80BB998~18 - Haven Rose - Blonde Beauty Haven Rose Is So Hard For Sex}
18.jpg,606236,25BF60A8,\2023-12\18 - Haven Rose - Blonde Beauty Haven Rose Is So Hard For Sex\,{TMN02~2023-12~F80BB998~18 - Haven Rose - Blonde Beauty Haven Rose Is So Hard For Sex}
19.jpg,562826,EB33BDDA,\2023-12\18 - Haven Rose - Blonde Beauty Haven Rose Is So Hard For Sex\,{TMN02~2023-12~F80BB998~18 - Haven Rose - Blonde Beauty Haven Rose Is So Hard For Sex}
2.jpg,628703,28FDB5EB,\2023-12\18 - Haven Rose - Blonde Beauty Haven Rose Is So Hard For Sex\,{TMN02~2023-12~F80BB998~18 - Haven Rose - Blonde Beauty Haven Rose Is So Hard For Sex}
20.jpg,559514,D6A86F9D,\2023-12\18 - Haven Rose - Blonde Beauty Haven Rose Is So Hard For Sex\,{TMN02~2023-12~F80BB998~18 - Haven Rose - Blonde Beauty Haven Rose Is So Hard For Sex}
21.jpg,605478,507FF789,\2023-12\18 - Haven Rose - Blonde Beauty Haven Rose Is So Hard For Sex\,{TMN02~2023-12~F80BB998~18 - Haven Rose - Blonde Beauty Haven Rose Is So Hard For Sex}
22.jpg,506315,61F7CFE9,\2023-12\18 - Haven Rose - Blonde Beauty Haven Rose Is So Hard For Sex\,{TMN02~2023-12~F80BB998~18 - Haven Rose - Blonde Beauty Haven Rose Is So Hard For Sex}
23.jpg,495205,1EF9287C,\2023-12\18 - Haven Rose - Blonde Beauty Haven Rose Is So Hard For Sex\,{TMN02~2023-12~F80BB998~18 - Haven Rose - Blonde Beauty Haven Rose Is So Hard For Sex}
24.jpg,558331,D2549394,\2023-12\18 - Haven Rose - Blonde Beauty Haven Rose Is So Hard For Sex\,{TMN02~2023-12~F80BB998~18 - Haven Rose - Blonde Beauty Haven Rose Is So Hard For Sex}
25.jpg,377149,E1920E61,\2023-12\18 - Haven Rose - Blonde Beauty Haven Rose Is So Hard For Sex\,{TMN02~2023-12~F80BB998~18 - Haven Rose - Blonde Beauty Haven Rose Is So Hard For Sex}
26.jpg,383892,6C882D49,\2023-12\18 - Haven Rose - Blonde Beauty Haven Rose Is So Hard For Sex\,{TMN02~2023-12~F80BB998~18 - Haven Rose - Blonde Beauty Haven Rose Is So Hard For Sex}
27.jpg,391377,DCD5BAA6,\2023-12\18 - Haven Rose - Blonde Beauty Haven Rose Is So Hard For Sex\,{TMN02~2023-12~F80BB998~18 - Haven Rose - Blonde Beauty Haven Rose Is So Hard For Sex}
28.jpg,645733,94DF8B6C,\2023-12\18 - Haven Rose - Blonde Beauty Haven Rose Is So Hard For Sex\,{TMN02~2023-12~F80BB998~18 - Haven Rose - Blonde Beauty Haven Rose Is So Hard For Sex}
29.jpg,843836,1237678A,\2023-12\18 - Haven Rose - Blonde Beauty Haven Rose Is So Hard For Sex\,{TMN02~2023-12~F80BB998~18 - Haven Rose - Blonde Beauty Haven Rose Is So Hard For Sex}
3.jpg,634007,88AB1B54,\2023-12\18 - Haven Rose - Blonde Beauty Haven Rose Is So Hard For Sex\,{TMN02~2023-12~F80BB998~18 - Haven Rose - Blonde Beauty Haven Rose Is So Hard For Sex}
30.jpg,788851,61D4165A,\2023-12\18 - Haven Rose - Blonde Beauty Haven Rose Is So Hard For Sex\,{TMN02~2023-12~F80BB998~18 - Haven Rose - Blonde Beauty Haven Rose Is So Hard For Sex}
31.jpg,728436,D3769151,\2023-12\18 - Haven Rose - Blonde Beauty Haven Rose Is So Hard For Sex\,{TMN02~2023-12~F80BB998~18 - Haven Rose - Blonde Beauty Haven Rose Is So Hard For Sex}
32.jpg,806314,5DD928F5,\2023-12\18 - Haven Rose - Blonde Beauty Haven Rose Is So Hard For Sex\,{TMN02~2023-12~F80BB998~18 - Haven Rose - Blonde Beauty Haven Rose Is So Hard For Sex}
33.jpg,656117,85126599,\2023-12\18 - Haven Rose - Blonde Beauty Haven Rose Is So Hard For Sex\,{TMN02~2023-12~F80BB998~18 - Haven Rose - Blonde Beauty Haven Rose Is So Hard For Sex}
34.jpg,618748,2D9B7708,\2023-12\18 - Haven Rose - Blonde Beauty Haven Rose Is So Hard For Sex\,{TMN02~2023-12~F80BB998~18 - Haven Rose - Blonde Beauty Haven Rose Is So Hard For Sex}
35.jpg,670637,7043D5BE,\2023-12\18 - Haven Rose - Blonde Beauty Haven Rose Is So Hard For Sex\,{TMN02~2023-12~F80BB998~18 - Haven Rose - Blonde Beauty Haven Rose Is So Hard For Sex}
36.jpg,792591,2034FFB4,\2023-12\18 - Haven Rose - Blonde Beauty Haven Rose Is So Hard For Sex\,{TMN02~2023-12~F80BB998~18 - Haven Rose - Blonde Beauty Haven Rose Is So Hard For Sex}
37.jpg,689169,EE8E35F0,\2023-12\18 - Haven Rose - Blonde Beauty Haven Rose Is So Hard For Sex\,{TMN02~2023-12~F80BB998~18 - Haven Rose - Blonde Beauty Haven Rose Is So Hard For Sex}
38.jpg,716374,F8CF38EF,\2023-12\18 - Haven Rose - Blonde Beauty Haven Rose Is So Hard For Sex\,{TMN02~2023-12~F80BB998~18 - Haven Rose - Blonde Beauty Haven Rose Is So Hard For Sex}
39.jpg,603142,432109C5,\2023-12\18 - Haven Rose - Blonde Beauty Haven Rose Is So Hard For Sex\,{TMN02~2023-12~F80BB998~18 - Haven Rose - Blonde Beauty Haven Rose Is So Hard For Sex}
4.jpg,604431,730185F4,\2023-12\18 - Haven Rose - Blonde Beauty Haven Rose Is So Hard For Sex\,{TMN02~2023-12~F80BB998~18 - Haven Rose - Blonde Beauty Haven Rose Is So Hard For Sex}
40.jpg,671317,A6DB24CF,\2023-12\18 - Haven Rose - Blonde Beauty Haven Rose Is So Hard For Sex\,{TMN02~2023-12~F80BB998~18 - Haven Rose - Blonde Beauty Haven Rose Is So Hard For Sex}
41.jpg,650576,22650DC1,\2023-12\18 - Haven Rose - Blonde Beauty Haven Rose Is So Hard For Sex\,{TMN02~2023-12~F80BB998~18 - Haven Rose - Blonde Beauty Haven Rose Is So Hard For Sex}
42.jpg,657869,B982ED62,\2023-12\18 - Haven Rose - Blonde Beauty Haven Rose Is So Hard For Sex\,{TMN02~2023-12~F80BB998~18 - Haven Rose - Blonde Beauty Haven Rose Is So Hard For Sex}
43.jpg,681098,80DA9070,\2023-12\18 - Haven Rose - Blonde Beauty Haven Rose Is So Hard For Sex\,{TMN02~2023-12~F80BB998~18 - Haven Rose - Blonde Beauty Haven Rose Is So Hard For Sex}
44.jpg,653044,1C297276,\2023-12\18 - Haven Rose - Blonde Beauty Haven Rose Is So Hard For Sex\,{TMN02~2023-12~F80BB998~18 - Haven Rose - Blonde Beauty Haven Rose Is So Hard For Sex}
45.jpg,752855,9C877455,\2023-12\18 - Haven Rose - Blonde Beauty Haven Rose Is So Hard For Sex\,{TMN02~2023-12~F80BB998~18 - Haven Rose - Blonde Beauty Haven Rose Is So Hard For Sex}
46.jpg,756172,24CC783A,\2023-12\18 - Haven Rose - Blonde Beauty Haven Rose Is So Hard For Sex\,{TMN02~2023-12~F80BB998~18 - Haven Rose - Blonde Beauty Haven Rose Is So Hard For Sex}
47.jpg,633371,F0339FEF,\2023-12\18 - Haven Rose - Blonde Beauty Haven Rose Is So Hard For Sex\,{TMN02~2023-12~F80BB998~18 - Haven Rose - Blonde Beauty Haven Rose Is So Hard For Sex}
48.jpg,475875,574F872D,\2023-12\18 - Haven Rose - Blonde Beauty Haven Rose Is So Hard For Sex\,{TMN02~2023-12~F80BB998~18 - Haven Rose - Blonde Beauty Haven Rose Is So Hard For Sex}
49.jpg,591430,C391E47D,\2023-12\18 - Haven Rose - Blonde Beauty Haven Rose Is So Hard For Sex\,{TMN02~2023-12~F80BB998~18 - Haven Rose - Blonde Beauty Haven Rose Is So Hard For Sex}
5.jpg,465853,7BF2AC3F,\2023-12\18 - Haven Rose - Blonde Beauty Haven Rose Is So Hard For Sex\,{TMN02~2023-12~F80BB998~18 - Haven Rose - Blonde Beauty Haven Rose Is So Hard For Sex}
50.jpg,534139,AD6A7805,\2023-12\18 - Haven Rose - Blonde Beauty Haven Rose Is So Hard For Sex\,{TMN02~2023-12~F80BB998~18 - Haven Rose - Blonde Beauty Haven Rose Is So Hard For Sex}
51.jpg,521686,AD91FF51,\2023-12\18 - Haven Rose - Blonde Beauty Haven Rose Is So Hard For Sex\,{TMN02~2023-12~F80BB998~18 - Haven Rose - Blonde Beauty Haven Rose Is So Hard For Sex}
52.jpg,423584,5B74463E,\2023-12\18 - Haven Rose - Blonde Beauty Haven Rose Is So Hard For Sex\,{TMN02~2023-12~F80BB998~18 - Haven Rose - Blonde Beauty Haven Rose Is So Hard For Sex}
53.jpg,417961,6449BE16,\2023-12\18 - Haven Rose - Blonde Beauty Haven Rose Is So Hard For Sex\,{TMN02~2023-12~F80BB998~18 - Haven Rose - Blonde Beauty Haven Rose Is So Hard For Sex}
54.jpg,703877,4854EA25,\2023-12\18 - Haven Rose - Blonde Beauty Haven Rose Is So Hard For Sex\,{TMN02~2023-12~F80BB998~18 - Haven Rose - Blonde Beauty Haven Rose Is So Hard For Sex}
55.jpg,682563,5D1B5B4E,\2023-12\18 - Haven Rose - Blonde Beauty Haven Rose Is So Hard For Sex\,{TMN02~2023-12~F80BB998~18 - Haven Rose - Blonde Beauty Haven Rose Is So Hard For Sex}
56.jpg,728935,35D81314,\2023-12\18 - Haven Rose - Blonde Beauty Haven Rose Is So Hard For Sex\,{TMN02~2023-12~F80BB998~18 - Haven Rose - Blonde Beauty Haven Rose Is So Hard For Sex}
57.jpg,739284,398EB12C,\2023-12\18 - Haven Rose - Blonde Beauty Haven Rose Is So Hard For Sex\,{TMN02~2023-12~F80BB998~18 - Haven Rose - Blonde Beauty Haven Rose Is So Hard For Sex}
58.jpg,742147,3E64B34C,\2023-12\18 - Haven Rose - Blonde Beauty Haven Rose Is So Hard For Sex\,{TMN02~2023-12~F80BB998~18 - Haven Rose - Blonde Beauty Haven Rose Is So Hard For Sex}
59.jpg,663014,63E251DA,\2023-12\18 - Haven Rose - Blonde Beauty Haven Rose Is So Hard For Sex\,{TMN02~2023-12~F80BB998~18 - Haven Rose - Blonde Beauty Haven Rose Is So Hard For Sex}
6.jpg,611985,794FBAD1,\2023-12\18 - Haven Rose - Blonde Beauty Haven Rose Is So Hard For Sex\,{TMN02~2023-12~F80BB998~18 - Haven Rose - Blonde Beauty Haven Rose Is So Hard For Sex}
60.jpg,590114,BC9AD93F,\2023-12\18 - Haven Rose - Blonde Beauty Haven Rose Is So Hard For Sex\,{TMN02~2023-12~F80BB998~18 - Haven Rose - Blonde Beauty Haven Rose Is So Hard For Sex}
61.jpg,638780,2BAC5220,\2023-12\18 - Haven Rose - Blonde Beauty Haven Rose Is So Hard For Sex\,{TMN02~2023-12~F80BB998~18 - Haven Rose - Blonde Beauty Haven Rose Is So Hard For Sex}
62.jpg,648537,AF44ABDB,\2023-12\18 - Haven Rose - Blonde Beauty Haven Rose Is So Hard For Sex\,{TMN02~2023-12~F80BB998~18 - Haven Rose - Blonde Beauty Haven Rose Is So Hard For Sex}
63.jpg,598797,32749441,\2023-12\18 - Haven Rose - Blonde Beauty Haven Rose Is So Hard For Sex\,{TMN02~2023-12~F80BB998~18 - Haven Rose - Blonde Beauty Haven Rose Is So Hard For Sex}
64.jpg,648624,A0BF10D5,\2023-12\18 - Haven Rose - Blonde Beauty Haven Rose Is So Hard For Sex\,{TMN02~2023-12~F80BB998~18 - Haven Rose - Blonde Beauty Haven Rose Is So Hard For Sex}
65.jpg,423041,43D2CCD9,\2023-12\18 - Haven Rose - Blonde Beauty Haven Rose Is So Hard For Sex\,{TMN02~2023-12~F80BB998~18 - Haven Rose - Blonde Beauty Haven Rose Is So Hard For Sex}
66.jpg,563434,6923F851,\2023-12\18 - Haven Rose - Blonde Beauty Haven Rose Is So Hard For Sex\,{TMN02~2023-12~F80BB998~18 - Haven Rose - Blonde Beauty Haven Rose Is So Hard For Sex}
67.jpg,568940,5099DEFE,\2023-12\18 - Haven Rose - Blonde Beauty Haven Rose Is So Hard For Sex\,{TMN02~2023-12~F80BB998~18 - Haven Rose - Blonde Beauty Haven Rose Is So Hard For Sex}
68.jpg,538329,1FC2EB33,\2023-12\18 - Haven Rose - Blonde Beauty Haven Rose Is So Hard For Sex\,{TMN02~2023-12~F80BB998~18 - Haven Rose - Blonde Beauty Haven Rose Is So Hard For Sex}
69.jpg,756664,9B4E7F6C,\2023-12\18 - Haven Rose - Blonde Beauty Haven Rose Is So Hard For Sex\,{TMN02~2023-12~F80BB998~18 - Haven Rose - Blonde Beauty Haven Rose Is So Hard For Sex}
7.jpg,518296,A0F2365B,\2023-12\18 - Haven Rose - Blonde Beauty Haven Rose Is So Hard For Sex\,{TMN02~2023-12~F80BB998~18 - Haven Rose - Blonde Beauty Haven Rose Is So Hard For Sex}
70.jpg,773499,27DE5E82,\2023-12\18 - Haven Rose - Blonde Beauty Haven Rose Is So Hard For Sex\,{TMN02~2023-12~F80BB998~18 - Haven Rose - Blonde Beauty Haven Rose Is So Hard For Sex}
71.jpg,876291,670AC7C0,\2023-12\18 - Haven Rose - Blonde Beauty Haven Rose Is So Hard For Sex\,{TMN02~2023-12~F80BB998~18 - Haven Rose - Blonde Beauty Haven Rose Is So Hard For Sex}
72.jpg,790888,D5D001A0,\2023-12\18 - Haven Rose - Blonde Beauty Haven Rose Is So Hard For Sex\,{TMN02~2023-12~F80BB998~18 - Haven Rose - Blonde Beauty Haven Rose Is So Hard For Sex}
73.jpg,599970,3DAC09A7,\2023-12\18 - Haven Rose - Blonde Beauty Haven Rose Is So Hard For Sex\,{TMN02~2023-12~F80BB998~18 - Haven Rose - Blonde Beauty Haven Rose Is So Hard For Sex}
74.jpg,649513,8098BEB4,\2023-12\18 - Haven Rose - Blonde Beauty Haven Rose Is So Hard For Sex\,{TMN02~2023-12~F80BB998~18 - Haven Rose - Blonde Beauty Haven Rose Is So Hard For Sex}
75.jpg,601390,E4B47F67,\2023-12\18 - Haven Rose - Blonde Beauty Haven Rose Is So Hard For Sex\,{TMN02~2023-12~F80BB998~18 - Haven Rose - Blonde Beauty Haven Rose Is So Hard For Sex}
76.jpg,591115,85014FBA,\2023-12\18 - Haven Rose - Blonde Beauty Haven Rose Is So Hard For Sex\,{TMN02~2023-12~F80BB998~18 - Haven Rose - Blonde Beauty Haven Rose Is So Hard For Sex}
77.jpg,677902,236F05C5,\2023-12\18 - Haven Rose - Blonde Beauty Haven Rose Is So Hard For Sex\,{TMN02~2023-12~F80BB998~18 - Haven Rose - Blonde Beauty Haven Rose Is So Hard For Sex}
78.jpg,667687,F3EF2266,\2023-12\18 - Haven Rose - Blonde Beauty Haven Rose Is So Hard For Sex\,{TMN02~2023-12~F80BB998~18 - Haven Rose - Blonde Beauty Haven Rose Is So Hard For Sex}
79.jpg,670048,A95219A5,\2023-12\18 - Haven Rose - Blonde Beauty Haven Rose Is So Hard For Sex\,{TMN02~2023-12~F80BB998~18 - Haven Rose - Blonde Beauty Haven Rose Is So Hard For Sex}
8.jpg,510732,A7B8F69A,\2023-12\18 - Haven Rose - Blonde Beauty Haven Rose Is So Hard For Sex\,{TMN02~2023-12~F80BB998~18 - Haven Rose - Blonde Beauty Haven Rose Is So Hard For Sex}
80.jpg,700334,8A9476C1,\2023-12\18 - Haven Rose - Blonde Beauty Haven Rose Is So Hard For Sex\,{TMN02~2023-12~F80BB998~18 - Haven Rose - Blonde Beauty Haven Rose Is So Hard For Sex}
81.jpg,681743,5FF898A7,\2023-12\18 - Haven Rose - Blonde Beauty Haven Rose Is So Hard For Sex\,{TMN02~2023-12~F80BB998~18 - Haven Rose - Blonde Beauty Haven Rose Is So Hard For Sex}
82.jpg,672910,53344AFE,\2023-12\18 - Haven Rose - Blonde Beauty Haven Rose Is So Hard For Sex\,{TMN02~2023-12~F80BB998~18 - Haven Rose - Blonde Beauty Haven Rose Is So Hard For Sex}
83.jpg,689215,9314E4DB,\2023-12\18 - Haven Rose - Blonde Beauty Haven Rose Is So Hard For Sex\,{TMN02~2023-12~F80BB998~18 - Haven Rose - Blonde Beauty Haven Rose Is So Hard For Sex}
84.jpg,690559,FC0783CC,\2023-12\18 - Haven Rose - Blonde Beauty Haven Rose Is So Hard For Sex\,{TMN02~2023-12~F80BB998~18 - Haven Rose - Blonde Beauty Haven Rose Is So Hard For Sex}
85.jpg,672613,32754357,\2023-12\18 - Haven Rose - Blonde Beauty Haven Rose Is So Hard For Sex\,{TMN02~2023-12~F80BB998~18 - Haven Rose - Blonde Beauty Haven Rose Is So Hard For Sex}
86.jpg,687267,68CF2D98,\2023-12\18 - Haven Rose - Blonde Beauty Haven Rose Is So Hard For Sex\,{TMN02~2023-12~F80BB998~18 - Haven Rose - Blonde Beauty Haven Rose Is So Hard For Sex}
87.jpg,678434,16F6ABDD,\2023-12\18 - Haven Rose - Blonde Beauty Haven Rose Is So Hard For Sex\,{TMN02~2023-12~F80BB998~18 - Haven Rose - Blonde Beauty Haven Rose Is So Hard For Sex}
88.jpg,659912,392FB7E1,\2023-12\18 - Haven Rose - Blonde Beauty Haven Rose Is So Hard For Sex\,{TMN02~2023-12~F80BB998~18 - Haven Rose - Blonde Beauty Haven Rose Is So Hard For Sex}
89.jpg,643901,13F375DA,\2023-12\18 - Haven Rose - Blonde Beauty Haven Rose Is So Hard For Sex\,{TMN02~2023-12~F80BB998~18 - Haven Rose - Blonde Beauty Haven Rose Is So Hard For Sex}
9.jpg,589499,3FF757B9,\2023-12\18 - Haven Rose - Blonde Beauty Haven Rose Is So Hard For Sex\,{TMN02~2023-12~F80BB998~18 - Haven Rose - Blonde Beauty Haven Rose Is So Hard For Sex}
90.jpg,786132,0F201493,\2023-12\18 - Haven Rose - Blonde Beauty Haven Rose Is So Hard For Sex\,{TMN02~2023-12~F80BB998~18 - Haven Rose - Blonde Beauty Haven Rose Is So Hard For Sex}
91.jpg,678269,F39FCF2E,\2023-12\18 - Haven Rose - Blonde Beauty Haven Rose Is So Hard For Sex\,{TMN02~2023-12~F80BB998~18 - Haven Rose - Blonde Beauty Haven Rose Is So Hard For Sex}
92.jpg,677701,CBC52B7C,\2023-12\18 - Haven Rose - Blonde Beauty Haven Rose Is So Hard For Sex\,{TMN02~2023-12~F80BB998~18 - Haven Rose - Blonde Beauty Haven Rose Is So Hard For Sex}
93.jpg,721969,74A405A5,\2023-12\18 - Haven Rose - Blonde Beauty Haven Rose Is So Hard For Sex\,{TMN02~2023-12~F80BB998~18 - Haven Rose - Blonde Beauty Haven Rose Is So Hard For Sex}
94.jpg,710777,8B7CCA94,\2023-12\18 - Haven Rose - Blonde Beauty Haven Rose Is So Hard For Sex\,{TMN02~2023-12~F80BB998~18 - Haven Rose - Blonde Beauty Haven Rose Is So Hard For Sex}
95.jpg,705951,6D515AE1,\2023-12\18 - Haven Rose - Blonde Beauty Haven Rose Is So Hard For Sex\,{TMN02~2023-12~F80BB998~18 - Haven Rose - Blonde Beauty Haven Rose Is So Hard For Sex}
96.jpg,691080,01727A4C,\2023-12\18 - Haven Rose - Blonde Beauty Haven Rose Is So Hard For Sex\,{TMN02~2023-12~F80BB998~18 - Haven Rose - Blonde Beauty Haven Rose Is So Hard For Sex}
97.jpg,641537,6EBE7A68,\2023-12\18 - Haven Rose - Blonde Beauty Haven Rose Is So Hard For Sex\,{TMN02~2023-12~F80BB998~18 - Haven Rose - Blonde Beauty Haven Rose Is So Hard For Sex}
98.jpg,693543,4477973F,\2023-12\18 - Haven Rose - Blonde Beauty Haven Rose Is So Hard For Sex\,{TMN02~2023-12~F80BB998~18 - Haven Rose - Blonde Beauty Haven Rose Is So Hard For Sex}
99.jpg,570921,A61F6AB3,\2023-12\18 - Haven Rose - Blonde Beauty Haven Rose Is So Hard For Sex\,{TMN02~2023-12~F80BB998~18 - Haven Rose - Blonde Beauty Haven Rose Is So Hard For Sex}
1.jpg,644720,07549036,\2023-12\25 - Naomi Madness - Slender Naomi Madness Worships Cock Bareback\,{TMN02~2023-12~3CAE0624~25 - Naomi Madness - Slender Naomi Madness Worships Cock Bareback}
10.jpg,707061,38A4E688,\2023-12\25 - Naomi Madness - Slender Naomi Madness Worships Cock Bareback\,{TMN02~2023-12~3CAE0624~25 - Naomi Madness - Slender Naomi Madness Worships Cock Bareback}
100.jpg,673219,54AD5360,\2023-12\25 - Naomi Madness - Slender Naomi Madness Worships Cock Bareback\,{TMN02~2023-12~3CAE0624~25 - Naomi Madness - Slender Naomi Madness Worships Cock Bareback}
101.jpg,677012,0414E4EA,\2023-12\25 - Naomi Madness - Slender Naomi Madness Worships Cock Bareback\,{TMN02~2023-12~3CAE0624~25 - Naomi Madness - Slender Naomi Madness Worships Cock Bareback}
102.jpg,613333,A798602B,\2023-12\25 - Naomi Madness - Slender Naomi Madness Worships Cock Bareback\,{TMN02~2023-12~3CAE0624~25 - Naomi Madness - Slender Naomi Madness Worships Cock Bareback}
103.jpg,525519,C4F90488,\2023-12\25 - Naomi Madness - Slender Naomi Madness Worships Cock Bareback\,{TMN02~2023-12~3CAE0624~25 - Naomi Madness - Slender Naomi Madness Worships Cock Bareback}
104.jpg,728352,9D8E3F8A,\2023-12\25 - Naomi Madness - Slender Naomi Madness Worships Cock Bareback\,{TMN02~2023-12~3CAE0624~25 - Naomi Madness - Slender Naomi Madness Worships Cock Bareback}
105.jpg,739842,EC788066,\2023-12\25 - Naomi Madness - Slender Naomi Madness Worships Cock Bareback\,{TMN02~2023-12~3CAE0624~25 - Naomi Madness - Slender Naomi Madness Worships Cock Bareback}
106.jpg,498193,38873C12,\2023-12\25 - Naomi Madness - Slender Naomi Madness Worships Cock Bareback\,{TMN02~2023-12~3CAE0624~25 - Naomi Madness - Slender Naomi Madness Worships Cock Bareback}
107.jpg,502460,A0838D09,\2023-12\25 - Naomi Madness - Slender Naomi Madness Worships Cock Bareback\,{TMN02~2023-12~3CAE0624~25 - Naomi Madness - Slender Naomi Madness Worships Cock Bareback}
108.jpg,517345,FB3A9252,\2023-12\25 - Naomi Madness - Slender Naomi Madness Worships Cock Bareback\,{TMN02~2023-12~3CAE0624~25 - Naomi Madness - Slender Naomi Madness Worships Cock Bareback}
109.jpg,437888,019275C9,\2023-12\25 - Naomi Madness - Slender Naomi Madness Worships Cock Bareback\,{TMN02~2023-12~3CAE0624~25 - Naomi Madness - Slender Naomi Madness Worships Cock Bareback}
11.jpg,602514,0A2068DF,\2023-12\25 - Naomi Madness - Slender Naomi Madness Worships Cock Bareback\,{TMN02~2023-12~3CAE0624~25 - Naomi Madness - Slender Naomi Madness Worships Cock Bareback}
110.jpg,540978,D1D81C1E,\2023-12\25 - Naomi Madness - Slender Naomi Madness Worships Cock Bareback\,{TMN02~2023-12~3CAE0624~25 - Naomi Madness - Slender Naomi Madness Worships Cock Bareback}
111.jpg,498348,4DAFA0FD,\2023-12\25 - Naomi Madness - Slender Naomi Madness Worships Cock Bareback\,{TMN02~2023-12~3CAE0624~25 - Naomi Madness - Slender Naomi Madness Worships Cock Bareback}
112.jpg,499195,EA3E92ED,\2023-12\25 - Naomi Madness - Slender Naomi Madness Worships Cock Bareback\,{TMN02~2023-12~3CAE0624~25 - Naomi Madness - Slender Naomi Madness Worships Cock Bareback}
113.jpg,513183,ED68101A,\2023-12\25 - Naomi Madness - Slender Naomi Madness Worships Cock Bareback\,{TMN02~2023-12~3CAE0624~25 - Naomi Madness - Slender Naomi Madness Worships Cock Bareback}
114.jpg,484055,24C4DF3E,\2023-12\25 - Naomi Madness - Slender Naomi Madness Worships Cock Bareback\,{TMN02~2023-12~3CAE0624~25 - Naomi Madness - Slender Naomi Madness Worships Cock Bareback}
115.jpg,492235,4365E1FD,\2023-12\25 - Naomi Madness - Slender Naomi Madness Worships Cock Bareback\,{TMN02~2023-12~3CAE0624~25 - Naomi Madness - Slender Naomi Madness Worships Cock Bareback}
116.jpg,613608,0EA8FAAA,\2023-12\25 - Naomi Madness - Slender Naomi Madness Worships Cock Bareback\,{TMN02~2023-12~3CAE0624~25 - Naomi Madness - Slender Naomi Madness Worships Cock Bareback}
117.jpg,513468,FDBCBE92,\2023-12\25 - Naomi Madness - Slender Naomi Madness Worships Cock Bareback\,{TMN02~2023-12~3CAE0624~25 - Naomi Madness - Slender Naomi Madness Worships Cock Bareback}
118.jpg,527628,17355908,\2023-12\25 - Naomi Madness - Slender Naomi Madness Worships Cock Bareback\,{TMN02~2023-12~3CAE0624~25 - Naomi Madness - Slender Naomi Madness Worships Cock Bareback}
119.jpg,592910,569B0F20,\2023-12\25 - Naomi Madness - Slender Naomi Madness Worships Cock Bareback\,{TMN02~2023-12~3CAE0624~25 - Naomi Madness - Slender Naomi Madness Worships Cock Bareback}
12.jpg,701675,04BC64E9,\2023-12\25 - Naomi Madness - Slender Naomi Madness Worships Cock Bareback\,{TMN02~2023-12~3CAE0624~25 - Naomi Madness - Slender Naomi Madness Worships Cock Bareback}
120.jpg,614267,90E0B7FA,\2023-12\25 - Naomi Madness - Slender Naomi Madness Worships Cock Bareback\,{TMN02~2023-12~3CAE0624~25 - Naomi Madness - Slender Naomi Madness Worships Cock Bareback}
121.jpg,706721,ED8C2208,\2023-12\25 - Naomi Madness - Slender Naomi Madness Worships Cock Bareback\,{TMN02~2023-12~3CAE0624~25 - Naomi Madness - Slender Naomi Madness Worships Cock Bareback}
122.jpg,686564,17BFE509,\2023-12\25 - Naomi Madness - Slender Naomi Madness Worships Cock Bareback\,{TMN02~2023-12~3CAE0624~25 - Naomi Madness - Slender Naomi Madness Worships Cock Bareback}
123.jpg,669133,B114173B,\2023-12\25 - Naomi Madness - Slender Naomi Madness Worships Cock Bareback\,{TMN02~2023-12~3CAE0624~25 - Naomi Madness - Slender Naomi Madness Worships Cock Bareback}
124.jpg,621576,830B0805,\2023-12\25 - Naomi Madness - Slender Naomi Madness Worships Cock Bareback\,{TMN02~2023-12~3CAE0624~25 - Naomi Madness - Slender Naomi Madness Worships Cock Bareback}
125.jpg,620821,0387C080,\2023-12\25 - Naomi Madness - Slender Naomi Madness Worships Cock Bareback\,{TMN02~2023-12~3CAE0624~25 - Naomi Madness - Slender Naomi Madness Worships Cock Bareback}
126.jpg,672471,968192C8,\2023-12\25 - Naomi Madness - Slender Naomi Madness Worships Cock Bareback\,{TMN02~2023-12~3CAE0624~25 - Naomi Madness - Slender Naomi Madness Worships Cock Bareback}
127.jpg,661417,4EBDB24F,\2023-12\25 - Naomi Madness - Slender Naomi Madness Worships Cock Bareback\,{TMN02~2023-12~3CAE0624~25 - Naomi Madness - Slender Naomi Madness Worships Cock Bareback}
128.jpg,708362,0090CF23,\2023-12\25 - Naomi Madness - Slender Naomi Madness Worships Cock Bareback\,{TMN02~2023-12~3CAE0624~25 - Naomi Madness - Slender Naomi Madness Worships Cock Bareback}
129.jpg,621561,7D75DF23,\2023-12\25 - Naomi Madness - Slender Naomi Madness Worships Cock Bareback\,{TMN02~2023-12~3CAE0624~25 - Naomi Madness - Slender Naomi Madness Worships Cock Bareback}
13.jpg,672078,A653CA29,\2023-12\25 - Naomi Madness - Slender Naomi Madness Worships Cock Bareback\,{TMN02~2023-12~3CAE0624~25 - Naomi Madness - Slender Naomi Madness Worships Cock Bareback}
130.jpg,568457,D228FEC8,\2023-12\25 - Naomi Madness - Slender Naomi Madness Worships Cock Bareback\,{TMN02~2023-12~3CAE0624~25 - Naomi Madness - Slender Naomi Madness Worships Cock Bareback}
131.jpg,581648,DE8A9542,\2023-12\25 - Naomi Madness - Slender Naomi Madness Worships Cock Bareback\,{TMN02~2023-12~3CAE0624~25 - Naomi Madness - Slender Naomi Madness Worships Cock Bareback}
132.jpg,542392,40C98DA6,\2023-12\25 - Naomi Madness - Slender Naomi Madness Worships Cock Bareback\,{TMN02~2023-12~3CAE0624~25 - Naomi Madness - Slender Naomi Madness Worships Cock Bareback}
133.jpg,566470,C55D04A5,\2023-12\25 - Naomi Madness - Slender Naomi Madness Worships Cock Bareback\,{TMN02~2023-12~3CAE0624~25 - Naomi Madness - Slender Naomi Madness Worships Cock Bareback}
134.jpg,555241,473EA4F6,\2023-12\25 - Naomi Madness - Slender Naomi Madness Worships Cock Bareback\,{TMN02~2023-12~3CAE0624~25 - Naomi Madness - Slender Naomi Madness Worships Cock Bareback}
135.jpg,615960,B6310F23,\2023-12\25 - Naomi Madness - Slender Naomi Madness Worships Cock Bareback\,{TMN02~2023-12~3CAE0624~25 - Naomi Madness - Slender Naomi Madness Worships Cock Bareback}
136.jpg,608617,4A51A12C,\2023-12\25 - Naomi Madness - Slender Naomi Madness Worships Cock Bareback\,{TMN02~2023-12~3CAE0624~25 - Naomi Madness - Slender Naomi Madness Worships Cock Bareback}
137.jpg,611488,F33ED015,\2023-12\25 - Naomi Madness - Slender Naomi Madness Worships Cock Bareback\,{TMN02~2023-12~3CAE0624~25 - Naomi Madness - Slender Naomi Madness Worships Cock Bareback}
138.jpg,564134,1416ECDB,\2023-12\25 - Naomi Madness - Slender Naomi Madness Worships Cock Bareback\,{TMN02~2023-12~3CAE0624~25 - Naomi Madness - Slender Naomi Madness Worships Cock Bareback}
139.jpg,605061,BC29E77D,\2023-12\25 - Naomi Madness - Slender Naomi Madness Worships Cock Bareback\,{TMN02~2023-12~3CAE0624~25 - Naomi Madness - Slender Naomi Madness Worships Cock Bareback}
14.jpg,595267,B721FCB6,\2023-12\25 - Naomi Madness - Slender Naomi Madness Worships Cock Bareback\,{TMN02~2023-12~3CAE0624~25 - Naomi Madness - Slender Naomi Madness Worships Cock Bareback}
140.jpg,686402,E8BA3A49,\2023-12\25 - Naomi Madness - Slender Naomi Madness Worships Cock Bareback\,{TMN02~2023-12~3CAE0624~25 - Naomi Madness - Slender Naomi Madness Worships Cock Bareback}
141.jpg,417573,60FD09DB,\2023-12\25 - Naomi Madness - Slender Naomi Madness Worships Cock Bareback\,{TMN02~2023-12~3CAE0624~25 - Naomi Madness - Slender Naomi Madness Worships Cock Bareback}
142.jpg,556449,6F723C9A,\2023-12\25 - Naomi Madness - Slender Naomi Madness Worships Cock Bareback\,{TMN02~2023-12~3CAE0624~25 - Naomi Madness - Slender Naomi Madness Worships Cock Bareback}
143.jpg,526085,E14F491F,\2023-12\25 - Naomi Madness - Slender Naomi Madness Worships Cock Bareback\,{TMN02~2023-12~3CAE0624~25 - Naomi Madness - Slender Naomi Madness Worships Cock Bareback}
15.jpg,827597,C8D09E07,\2023-12\25 - Naomi Madness - Slender Naomi Madness Worships Cock Bareback\,{TMN02~2023-12~3CAE0624~25 - Naomi Madness - Slender Naomi Madness Worships Cock Bareback}
16.jpg,675905,119BC53E,\2023-12\25 - Naomi Madness - Slender Naomi Madness Worships Cock Bareback\,{TMN02~2023-12~3CAE0624~25 - Naomi Madness - Slender Naomi Madness Worships Cock Bareback}
17.jpg,699613,7A69BA8E,\2023-12\25 - Naomi Madness - Slender Naomi Madness Worships Cock Bareback\,{TMN02~2023-12~3CAE0624~25 - Naomi Madness - Slender Naomi Madness Worships Cock Bareback}
18.jpg,622383,9080BC26,\2023-12\25 - Naomi Madness - Slender Naomi Madness Worships Cock Bareback\,{TMN02~2023-12~3CAE0624~25 - Naomi Madness - Slender Naomi Madness Worships Cock Bareback}
19.jpg,681025,688BC5AE,\2023-12\25 - Naomi Madness - Slender Naomi Madness Worships Cock Bareback\,{TMN02~2023-12~3CAE0624~25 - Naomi Madness - Slender Naomi Madness Worships Cock Bareback}
2.jpg,671746,EF402AE6,\2023-12\25 - Naomi Madness - Slender Naomi Madness Worships Cock Bareback\,{TMN02~2023-12~3CAE0624~25 - Naomi Madness - Slender Naomi Madness Worships Cock Bareback}
20.jpg,847226,A09FBD52,\2023-12\25 - Naomi Madness - Slender Naomi Madness Worships Cock Bareback\,{TMN02~2023-12~3CAE0624~25 - Naomi Madness - Slender Naomi Madness Worships Cock Bareback}
21.jpg,643772,1DA62BC8,\2023-12\25 - Naomi Madness - Slender Naomi Madness Worships Cock Bareback\,{TMN02~2023-12~3CAE0624~25 - Naomi Madness - Slender Naomi Madness Worships Cock Bareback}
22.jpg,593160,A7C03373,\2023-12\25 - Naomi Madness - Slender Naomi Madness Worships Cock Bareback\,{TMN02~2023-12~3CAE0624~25 - Naomi Madness - Slender Naomi Madness Worships Cock Bareback}
23.jpg,724100,027A65F8,\2023-12\25 - Naomi Madness - Slender Naomi Madness Worships Cock Bareback\,{TMN02~2023-12~3CAE0624~25 - Naomi Madness - Slender Naomi Madness Worships Cock Bareback}
24.jpg,690674,E2C6A208,\2023-12\25 - Naomi Madness - Slender Naomi Madness Worships Cock Bareback\,{TMN02~2023-12~3CAE0624~25 - Naomi Madness - Slender Naomi Madness Worships Cock Bareback}
25.jpg,657141,7B917692,\2023-12\25 - Naomi Madness - Slender Naomi Madness Worships Cock Bareback\,{TMN02~2023-12~3CAE0624~25 - Naomi Madness - Slender Naomi Madness Worships Cock Bareback}
26.jpg,691109,29277D14,\2023-12\25 - Naomi Madness - Slender Naomi Madness Worships Cock Bareback\,{TMN02~2023-12~3CAE0624~25 - Naomi Madness - Slender Naomi Madness Worships Cock Bareback}
27.jpg,756195,532FAEDD,\2023-12\25 - Naomi Madness - Slender Naomi Madness Worships Cock Bareback\,{TMN02~2023-12~3CAE0624~25 - Naomi Madness - Slender Naomi Madness Worships Cock Bareback}
28.jpg,808318,CF5443D8,\2023-12\25 - Naomi Madness - Slender Naomi Madness Worships Cock Bareback\,{TMN02~2023-12~3CAE0624~25 - Naomi Madness - Slender Naomi Madness Worships Cock Bareback}
29.jpg,719157,8508DF9A,\2023-12\25 - Naomi Madness - Slender Naomi Madness Worships Cock Bareback\,{TMN02~2023-12~3CAE0624~25 - Naomi Madness - Slender Naomi Madness Worships Cock Bareback}
3.jpg,731230,A1E3F2AC,\2023-12\25 - Naomi Madness - Slender Naomi Madness Worships Cock Bareback\,{TMN02~2023-12~3CAE0624~25 - Naomi Madness - Slender Naomi Madness Worships Cock Bareback}
30.jpg,563129,D7E1F439,\2023-12\25 - Naomi Madness - Slender Naomi Madness Worships Cock Bareback\,{TMN02~2023-12~3CAE0624~25 - Naomi Madness - Slender Naomi Madness Worships Cock Bareback}
31.jpg,793284,E0FA026B,\2023-12\25 - Naomi Madness - Slender Naomi Madness Worships Cock Bareback\,{TMN02~2023-12~3CAE0624~25 - Naomi Madness - Slender Naomi Madness Worships Cock Bareback}
32.jpg,638472,88C026E2,\2023-12\25 - Naomi Madness - Slender Naomi Madness Worships Cock Bareback\,{TMN02~2023-12~3CAE0624~25 - Naomi Madness - Slender Naomi Madness Worships Cock Bareback}
33.jpg,543328,5E9C4DFD,\2023-12\25 - Naomi Madness - Slender Naomi Madness Worships Cock Bareback\,{TMN02~2023-12~3CAE0624~25 - Naomi Madness - Slender Naomi Madness Worships Cock Bareback}
34.jpg,784091,A74F09E3,\2023-12\25 - Naomi Madness - Slender Naomi Madness Worships Cock Bareback\,{TMN02~2023-12~3CAE0624~25 - Naomi Madness - Slender Naomi Madness Worships Cock Bareback}
35.jpg,595746,4583802B,\2023-12\25 - Naomi Madness - Slender Naomi Madness Worships Cock Bareback\,{TMN02~2023-12~3CAE0624~25 - Naomi Madness - Slender Naomi Madness Worships Cock Bareback}
36.jpg,538434,49F08987,\2023-12\25 - Naomi Madness - Slender Naomi Madness Worships Cock Bareback\,{TMN02~2023-12~3CAE0624~25 - Naomi Madness - Slender Naomi Madness Worships Cock Bareback}
37.jpg,687147,C60A5064,\2023-12\25 - Naomi Madness - Slender Naomi Madness Worships Cock Bareback\,{TMN02~2023-12~3CAE0624~25 - Naomi Madness - Slender Naomi Madness Worships Cock Bareback}
38.jpg,708103,F42CC0CA,\2023-12\25 - Naomi Madness - Slender Naomi Madness Worships Cock Bareback\,{TMN02~2023-12~3CAE0624~25 - Naomi Madness - Slender Naomi Madness Worships Cock Bareback}
39.jpg,482219,2D47B19C,\2023-12\25 - Naomi Madness - Slender Naomi Madness Worships Cock Bareback\,{TMN02~2023-12~3CAE0624~25 - Naomi Madness - Slender Naomi Madness Worships Cock Bareback}
4.jpg,736984,C5DF50FC,\2023-12\25 - Naomi Madness - Slender Naomi Madness Worships Cock Bareback\,{TMN02~2023-12~3CAE0624~25 - Naomi Madness - Slender Naomi Madness Worships Cock Bareback}
40.jpg,564514,73D54467,\2023-12\25 - Naomi Madness - Slender Naomi Madness Worships Cock Bareback\,{TMN02~2023-12~3CAE0624~25 - Naomi Madness - Slender Naomi Madness Worships Cock Bareback}
41.jpg,561743,963A3CA5,\2023-12\25 - Naomi Madness - Slender Naomi Madness Worships Cock Bareback\,{TMN02~2023-12~3CAE0624~25 - Naomi Madness - Slender Naomi Madness Worships Cock Bareback}
42.jpg,470791,F265E001,\2023-12\25 - Naomi Madness - Slender Naomi Madness Worships Cock Bareback\,{TMN02~2023-12~3CAE0624~25 - Naomi Madness - Slender Naomi Madness Worships Cock Bareback}
43.jpg,501251,F29AFC17,\2023-12\25 - Naomi Madness - Slender Naomi Madness Worships Cock Bareback\,{TMN02~2023-12~3CAE0624~25 - Naomi Madness - Slender Naomi Madness Worships Cock Bareback}
44.jpg,607718,7DBE9115,\2023-12\25 - Naomi Madness - Slender Naomi Madness Worships Cock Bareback\,{TMN02~2023-12~3CAE0624~25 - Naomi Madness - Slender Naomi Madness Worships Cock Bareback}
45.jpg,504284,6EBE2DBB,\2023-12\25 - Naomi Madness - Slender Naomi Madness Worships Cock Bareback\,{TMN02~2023-12~3CAE0624~25 - Naomi Madness - Slender Naomi Madness Worships Cock Bareback}
46.jpg,521419,D18797B4,\2023-12\25 - Naomi Madness - Slender Naomi Madness Worships Cock Bareback\,{TMN02~2023-12~3CAE0624~25 - Naomi Madness - Slender Naomi Madness Worships Cock Bareback}
47.jpg,431603,FB2F427F,\2023-12\25 - Naomi Madness - Slender Naomi Madness Worships Cock Bareback\,{TMN02~2023-12~3CAE0624~25 - Naomi Madness - Slender Naomi Madness Worships Cock Bareback}
48.jpg,524468,91182B55,\2023-12\25 - Naomi Madness - Slender Naomi Madness Worships Cock Bareback\,{TMN02~2023-12~3CAE0624~25 - Naomi Madness - Slender Naomi Madness Worships Cock Bareback}
49.jpg,427877,724177A8,\2023-12\25 - Naomi Madness - Slender Naomi Madness Worships Cock Bareback\,{TMN02~2023-12~3CAE0624~25 - Naomi Madness - Slender Naomi Madness Worships Cock Bareback}
5.jpg,705030,B65E9C72,\2023-12\25 - Naomi Madness - Slender Naomi Madness Worships Cock Bareback\,{TMN02~2023-12~3CAE0624~25 - Naomi Madness - Slender Naomi Madness Worships Cock Bareback}
50.jpg,418309,20DE9B8C,\2023-12\25 - Naomi Madness - Slender Naomi Madness Worships Cock Bareback\,{TMN02~2023-12~3CAE0624~25 - Naomi Madness - Slender Naomi Madness Worships Cock Bareback}
51.jpg,382235,4B2B0C95,\2023-12\25 - Naomi Madness - Slender Naomi Madness Worships Cock Bareback\,{TMN02~2023-12~3CAE0624~25 - Naomi Madness - Slender Naomi Madness Worships Cock Bareback}
52.jpg,480737,634DC235,\2023-12\25 - Naomi Madness - Slender Naomi Madness Worships Cock Bareback\,{TMN02~2023-12~3CAE0624~25 - Naomi Madness - Slender Naomi Madness Worships Cock Bareback}
53.jpg,379313,6434B884,\2023-12\25 - Naomi Madness - Slender Naomi Madness Worships Cock Bareback\,{TMN02~2023-12~3CAE0624~25 - Naomi Madness - Slender Naomi Madness Worships Cock Bareback}
54.jpg,584902,01A70B82,\2023-12\25 - Naomi Madness - Slender Naomi Madness Worships Cock Bareback\,{TMN02~2023-12~3CAE0624~25 - Naomi Madness - Slender Naomi Madness Worships Cock Bareback}
55.jpg,555081,47DF9061,\2023-12\25 - Naomi Madness - Slender Naomi Madness Worships Cock Bareback\,{TMN02~2023-12~3CAE0624~25 - Naomi Madness - Slender Naomi Madness Worships Cock Bareback}
56.jpg,653989,E33BE11D,\2023-12\25 - Naomi Madness - Slender Naomi Madness Worships Cock Bareback\,{TMN02~2023-12~3CAE0624~25 - Naomi Madness - Slender Naomi Madness Worships Cock Bareback}
57.jpg,645104,87564976,\2023-12\25 - Naomi Madness - Slender Naomi Madness Worships Cock Bareback\,{TMN02~2023-12~3CAE0624~25 - Naomi Madness - Slender Naomi Madness Worships Cock Bareback}
58.jpg,565979,ABDA7EE4,\2023-12\25 - Naomi Madness - Slender Naomi Madness Worships Cock Bareback\,{TMN02~2023-12~3CAE0624~25 - Naomi Madness - Slender Naomi Madness Worships Cock Bareback}
59.jpg,526494,69FED77B,\2023-12\25 - Naomi Madness - Slender Naomi Madness Worships Cock Bareback\,{TMN02~2023-12~3CAE0624~25 - Naomi Madness - Slender Naomi Madness Worships Cock Bareback}
6.jpg,711545,2731E057,\2023-12\25 - Naomi Madness - Slender Naomi Madness Worships Cock Bareback\,{TMN02~2023-12~3CAE0624~25 - Naomi Madness - Slender Naomi Madness Worships Cock Bareback}
60.jpg,414765,7264D485,\2023-12\25 - Naomi Madness - Slender Naomi Madness Worships Cock Bareback\,{TMN02~2023-12~3CAE0624~25 - Naomi Madness - Slender Naomi Madness Worships Cock Bareback}
61.jpg,398622,DB46C3D3,\2023-12\25 - Naomi Madness - Slender Naomi Madness Worships Cock Bareback\,{TMN02~2023-12~3CAE0624~25 - Naomi Madness - Slender Naomi Madness Worships Cock Bareback}
62.jpg,387012,2C59C7FF,\2023-12\25 - Naomi Madness - Slender Naomi Madness Worships Cock Bareback\,{TMN02~2023-12~3CAE0624~25 - Naomi Madness - Slender Naomi Madness Worships Cock Bareback}
63.jpg,344277,08AD003B,\2023-12\25 - Naomi Madness - Slender Naomi Madness Worships Cock Bareback\,{TMN02~2023-12~3CAE0624~25 - Naomi Madness - Slender Naomi Madness Worships Cock Bareback}
64.jpg,558776,DAF2638D,\2023-12\25 - Naomi Madness - Slender Naomi Madness Worships Cock Bareback\,{TMN02~2023-12~3CAE0624~25 - Naomi Madness - Slender Naomi Madness Worships Cock Bareback}
65.jpg,386954,DAA086B6,\2023-12\25 - Naomi Madness - Slender Naomi Madness Worships Cock Bareback\,{TMN02~2023-12~3CAE0624~25 - Naomi Madness - Slender Naomi Madness Worships Cock Bareback}
66.jpg,622542,0C92DF6D,\2023-12\25 - Naomi Madness - Slender Naomi Madness Worships Cock Bareback\,{TMN02~2023-12~3CAE0624~25 - Naomi Madness - Slender Naomi Madness Worships Cock Bareback}
67.jpg,300044,E446E538,\2023-12\25 - Naomi Madness - Slender Naomi Madness Worships Cock Bareback\,{TMN02~2023-12~3CAE0624~25 - Naomi Madness - Slender Naomi Madness Worships Cock Bareback}
68.jpg,299545,0558642C,\2023-12\25 - Naomi Madness - Slender Naomi Madness Worships Cock Bareback\,{TMN02~2023-12~3CAE0624~25 - Naomi Madness - Slender Naomi Madness Worships Cock Bareback}
69.jpg,590326,C4427C9F,\2023-12\25 - Naomi Madness - Slender Naomi Madness Worships Cock Bareback\,{TMN02~2023-12~3CAE0624~25 - Naomi Madness - Slender Naomi Madness Worships Cock Bareback}
7.jpg,599868,2145441F,\2023-12\25 - Naomi Madness - Slender Naomi Madness Worships Cock Bareback\,{TMN02~2023-12~3CAE0624~25 - Naomi Madness - Slender Naomi Madness Worships Cock Bareback}
70.jpg,538487,6A21468E,\2023-12\25 - Naomi Madness - Slender Naomi Madness Worships Cock Bareback\,{TMN02~2023-12~3CAE0624~25 - Naomi Madness - Slender Naomi Madness Worships Cock Bareback}
71.jpg,521228,E10AA679,\2023-12\25 - Naomi Madness - Slender Naomi Madness Worships Cock Bareback\,{TMN02~2023-12~3CAE0624~25 - Naomi Madness - Slender Naomi Madness Worships Cock Bareback}
72.jpg,644853,2FF8E340,\2023-12\25 - Naomi Madness - Slender Naomi Madness Worships Cock Bareback\,{TMN02~2023-12~3CAE0624~25 - Naomi Madness - Slender Naomi Madness Worships Cock Bareback}
73.jpg,586109,70D033A1,\2023-12\25 - Naomi Madness - Slender Naomi Madness Worships Cock Bareback\,{TMN02~2023-12~3CAE0624~25 - Naomi Madness - Slender Naomi Madness Worships Cock Bareback}
74.jpg,640426,7CE18E20,\2023-12\25 - Naomi Madness - Slender Naomi Madness Worships Cock Bareback\,{TMN02~2023-12~3CAE0624~25 - Naomi Madness - Slender Naomi Madness Worships Cock Bareback}
75.jpg,593787,27BC4E86,\2023-12\25 - Naomi Madness - Slender Naomi Madness Worships Cock Bareback\,{TMN02~2023-12~3CAE0624~25 - Naomi Madness - Slender Naomi Madness Worships Cock Bareback}
76.jpg,579575,DF2FFC68,\2023-12\25 - Naomi Madness - Slender Naomi Madness Worships Cock Bareback\,{TMN02~2023-12~3CAE0624~25 - Naomi Madness - Slender Naomi Madness Worships Cock Bareback}
77.jpg,637483,F995ABAF,\2023-12\25 - Naomi Madness - Slender Naomi Madness Worships Cock Bareback\,{TMN02~2023-12~3CAE0624~25 - Naomi Madness - Slender Naomi Madness Worships Cock Bareback}
78.jpg,564435,A5FBB7E6,\2023-12\25 - Naomi Madness - Slender Naomi Madness Worships Cock Bareback\,{TMN02~2023-12~3CAE0624~25 - Naomi Madness - Slender Naomi Madness Worships Cock Bareback}
79.jpg,588629,0BED57BE,\2023-12\25 - Naomi Madness - Slender Naomi Madness Worships Cock Bareback\,{TMN02~2023-12~3CAE0624~25 - Naomi Madness - Slender Naomi Madness Worships Cock Bareback}
8.jpg,872333,9269F128,\2023-12\25 - Naomi Madness - Slender Naomi Madness Worships Cock Bareback\,{TMN02~2023-12~3CAE0624~25 - Naomi Madness - Slender Naomi Madness Worships Cock Bareback}
80.jpg,536121,6EFC489A,\2023-12\25 - Naomi Madness - Slender Naomi Madness Worships Cock Bareback\,{TMN02~2023-12~3CAE0624~25 - Naomi Madness - Slender Naomi Madness Worships Cock Bareback}
81.jpg,539600,A6D22F73,\2023-12\25 - Naomi Madness - Slender Naomi Madness Worships Cock Bareback\,{TMN02~2023-12~3CAE0624~25 - Naomi Madness - Slender Naomi Madness Worships Cock Bareback}
82.jpg,400937,B14F2F4B,\2023-12\25 - Naomi Madness - Slender Naomi Madness Worships Cock Bareback\,{TMN02~2023-12~3CAE0624~25 - Naomi Madness - Slender Naomi Madness Worships Cock Bareback}
83.jpg,530319,16C36E43,\2023-12\25 - Naomi Madness - Slender Naomi Madness Worships Cock Bareback\,{TMN02~2023-12~3CAE0624~25 - Naomi Madness - Slender Naomi Madness Worships Cock Bareback}
84.jpg,859141,379D1145,\2023-12\25 - Naomi Madness - Slender Naomi Madness Worships Cock Bareback\,{TMN02~2023-12~3CAE0624~25 - Naomi Madness - Slender Naomi Madness Worships Cock Bareback}
85.jpg,759192,625AEAF6,\2023-12\25 - Naomi Madness - Slender Naomi Madness Worships Cock Bareback\,{TMN02~2023-12~3CAE0624~25 - Naomi Madness - Slender Naomi Madness Worships Cock Bareback}
86.jpg,770559,9ACC08E6,\2023-12\25 - Naomi Madness - Slender Naomi Madness Worships Cock Bareback\,{TMN02~2023-12~3CAE0624~25 - Naomi Madness - Slender Naomi Madness Worships Cock Bareback}
87.jpg,546154,03ECA257,\2023-12\25 - Naomi Madness - Slender Naomi Madness Worships Cock Bareback\,{TMN02~2023-12~3CAE0624~25 - Naomi Madness - Slender Naomi Madness Worships Cock Bareback}
88.jpg,640348,B2F20B92,\2023-12\25 - Naomi Madness - Slender Naomi Madness Worships Cock Bareback\,{TMN02~2023-12~3CAE0624~25 - Naomi Madness - Slender Naomi Madness Worships Cock Bareback}
89.jpg,631191,83F718B6,\2023-12\25 - Naomi Madness - Slender Naomi Madness Worships Cock Bareback\,{TMN02~2023-12~3CAE0624~25 - Naomi Madness - Slender Naomi Madness Worships Cock Bareback}
9.jpg,685023,676ABDA8,\2023-12\25 - Naomi Madness - Slender Naomi Madness Worships Cock Bareback\,{TMN02~2023-12~3CAE0624~25 - Naomi Madness - Slender Naomi Madness Worships Cock Bareback}
90.jpg,361140,8515D471,\2023-12\25 - Naomi Madness - Slender Naomi Madness Worships Cock Bareback\,{TMN02~2023-12~3CAE0624~25 - Naomi Madness - Slender Naomi Madness Worships Cock Bareback}
91.jpg,422776,C54EC8D4,\2023-12\25 - Naomi Madness - Slender Naomi Madness Worships Cock Bareback\,{TMN02~2023-12~3CAE0624~25 - Naomi Madness - Slender Naomi Madness Worships Cock Bareback}
92.jpg,472222,427ABD24,\2023-12\25 - Naomi Madness - Slender Naomi Madness Worships Cock Bareback\,{TMN02~2023-12~3CAE0624~25 - Naomi Madness - Slender Naomi Madness Worships Cock Bareback}
93.jpg,460745,2C18781A,\2023-12\25 - Naomi Madness - Slender Naomi Madness Worships Cock Bareback\,{TMN02~2023-12~3CAE0624~25 - Naomi Madness - Slender Naomi Madness Worships Cock Bareback}
94.jpg,618566,08BC5228,\2023-12\25 - Naomi Madness - Slender Naomi Madness Worships Cock Bareback\,{TMN02~2023-12~3CAE0624~25 - Naomi Madness - Slender Naomi Madness Worships Cock Bareback}
95.jpg,446489,1EFC5106,\2023-12\25 - Naomi Madness - Slender Naomi Madness Worships Cock Bareback\,{TMN02~2023-12~3CAE0624~25 - Naomi Madness - Slender Naomi Madness Worships Cock Bareback}
96.jpg,563115,F01A3AA5,\2023-12\25 - Naomi Madness - Slender Naomi Madness Worships Cock Bareback\,{TMN02~2023-12~3CAE0624~25 - Naomi Madness - Slender Naomi Madness Worships Cock Bareback}
97.jpg,596675,C4F8E1D4,\2023-12\25 - Naomi Madness - Slender Naomi Madness Worships Cock Bareback\,{TMN02~2023-12~3CAE0624~25 - Naomi Madness - Slender Naomi Madness Worships Cock Bareback}
98.jpg,527131,AC4D69F2,\2023-12\25 - Naomi Madness - Slender Naomi Madness Worships Cock Bareback\,{TMN02~2023-12~3CAE0624~25 - Naomi Madness - Slender Naomi Madness Worships Cock Bareback}
99.jpg,562036,DA05D6B3,\2023-12\25 - Naomi Madness - Slender Naomi Madness Worships Cock Bareback\,{TMN02~2023-12~3CAE0624~25 - Naomi Madness - Slender Naomi Madness Worships Cock Bareback}
