1.jpg,13005,3a92276c,\Th001 - Rachelle\Th001 - Rachelle\,{TH1~1~1~Th001 - Rachelle}
2.jpg,7838,71dce822,\Th001 - Rachelle\Th001 - Rachelle\,{TH1~1~1~Th001 - Rachelle}
3.jpg,7164,fdc9a594,\Th001 - Rachelle\Th001 - Rachelle\,{TH1~1~1~Th001 - Rachelle}
4.jpg,5734,485a5b0c,\Th001 - Rachelle\Th001 - Rachelle\,{TH1~1~1~Th001 - Rachelle}
5.jpg,7056,ce0e23b9,\Th001 - Rachelle\Th001 - Rachelle\,{TH1~1~1~Th001 - Rachelle}
6.jpg,6465,4600a91f,\Th001 - Rachelle\Th001 - Rachelle\,{TH1~1~1~Th001 - Rachelle}
th-001_768k.wmv,33957186,0534b8df,\Th001 - Rachelle\Th001 - Rachelle\,{TH1~1~1~Th001 - Rachelle}
th-002_768k.wmv,34445186,8fe93d61,\Th001 - Rachelle\Th001 - Rachelle\,{TH1~1~1~Th001 - Rachelle}
th-003_768k.wmv,34429186,77c516e3,\Th001 - Rachelle\Th001 - Rachelle\,{TH1~1~1~Th001 - Rachelle}
th-004_768k.wmv,34437186,880e080c,\Th001 - Rachelle\Th001 - Rachelle\,{TH1~1~1~Th001 - Rachelle}
th-005_768k.wmv,34437186,2e18c734,\Th001 - Rachelle\Th001 - Rachelle\,{TH1~1~1~Th001 - Rachelle}
th-006_768k.wmv,41773702,f494960d,\Th001 - Rachelle\Th001 - Rachelle\,{TH1~1~1~Th001 - Rachelle}
1.jpg,7048,cf0f68f6,\Th002 - Tilly\Th002 - Tilly\,{TH1~2~1~Th002 - Tilly}
2.jpg,7608,2ee16287,\Th002 - Tilly\Th002 - Tilly\,{TH1~2~1~Th002 - Tilly}
3.jpg,7759,2318d415,\Th002 - Tilly\Th002 - Tilly\,{TH1~2~1~Th002 - Tilly}
4.jpg,7576,9b04c2be,\Th002 - Tilly\Th002 - Tilly\,{TH1~2~1~Th002 - Tilly}
5.jpg,6155,7c15821a,\Th002 - Tilly\Th002 - Tilly\,{TH1~2~1~Th002 - Tilly}
6.jpg,47213,73965a2b,\Th002 - Tilly\Th002 - Tilly\,{TH1~2~1~Th002 - Tilly}
th-001_768k.wmv,28292796,3f3e5f76,\Th002 - Tilly\Th002 - Tilly\,{TH1~2~1~Th002 - Tilly}
th-002_768k.wmv,28780796,c16f0374,\Th002 - Tilly\Th002 - Tilly\,{TH1~2~1~Th002 - Tilly}
th-003_768k.wmv,28772796,056b218e,\Th002 - Tilly\Th002 - Tilly\,{TH1~2~1~Th002 - Tilly}
th-004_768k.wmv,28772796,4759a56b,\Th002 - Tilly\Th002 - Tilly\,{TH1~2~1~Th002 - Tilly}
th-005_768k.wmv,28788796,7a7d3532,\Th002 - Tilly\Th002 - Tilly\,{TH1~2~1~Th002 - Tilly}
th-006_768k.wmv,35125252,d2da24c1,\Th002 - Tilly\Th002 - Tilly\,{TH1~2~1~Th002 - Tilly}
1.jpg,7083,0e9a3ac6,\Th003 - Kristin\Th003 - Kristin\,{TH1~3~1~Th003 - Kristin}
2.jpg,9287,fe46bd03,\Th003 - Kristin\Th003 - Kristin\,{TH1~3~1~Th003 - Kristin}
3.jpg,7424,5fca4a0f,\Th003 - Kristin\Th003 - Kristin\,{TH1~3~1~Th003 - Kristin}
4.jpg,6679,f71b8073,\Th003 - Kristin\Th003 - Kristin\,{TH1~3~1~Th003 - Kristin}
5.jpg,8493,1a25c6fa,\Th003 - Kristin\Th003 - Kristin\,{TH1~3~1~Th003 - Kristin}
6.jpg,9257,5579d964,\Th003 - Kristin\Th003 - Kristin\,{TH1~3~1~Th003 - Kristin}
th-001_768k.wmv,29844916,737a47ff,\Th003 - Kristin\Th003 - Kristin\,{TH1~3~1~Th003 - Kristin}
th-002_768k.wmv,30516916,e3656f8f,\Th003 - Kristin\Th003 - Kristin\,{TH1~3~1~Th003 - Kristin}
th-003_768k.wmv,30524916,6541c86e,\Th003 - Kristin\Th003 - Kristin\,{TH1~3~1~Th003 - Kristin}
th-004_768k.wmv,30532916,520c6d9c,\Th003 - Kristin\Th003 - Kristin\,{TH1~3~1~Th003 - Kristin}
th-005_768k.wmv,30540916,cd862d8f,\Th003 - Kristin\Th003 - Kristin\,{TH1~3~1~Th003 - Kristin}
th-006_768k.wmv,31925036,1706db96,\Th003 - Kristin\Th003 - Kristin\,{TH1~3~1~Th003 - Kristin}
1.jpg,6985,8b09145f,\Th004 - Meria\Th004 - Meria\,{TH1~1~1~Th004 - Meria}
2.jpg,7417,8564cc7c,\Th004 - Meria\Th004 - Meria\,{TH1~1~1~Th004 - Meria}
3.jpg,6554,edccb784,\Th004 - Meria\Th004 - Meria\,{TH1~1~1~Th004 - Meria}
4.jpg,7357,dc1e021a,\Th004 - Meria\Th004 - Meria\,{TH1~1~1~Th004 - Meria}
5.jpg,6367,1a4a34e5,\Th004 - Meria\Th004 - Meria\,{TH1~1~1~Th004 - Meria}
6.jpg,7197,f6a3e0e4,\Th004 - Meria\Th004 - Meria\,{TH1~1~1~Th004 - Meria}
th-001_768k.wmv,31228976,d03b5476,\Th004 - Meria\Th004 - Meria\,{TH1~1~1~Th004 - Meria}
th-002_768k.wmv,31388976,9bbaa776,\Th004 - Meria\Th004 - Meria\,{TH1~1~1~Th004 - Meria}
th-003_768k.wmv,31380976,40f7c357,\Th004 - Meria\Th004 - Meria\,{TH1~1~1~Th004 - Meria}
th-004_768k.wmv,31380976,0b770070,\Th004 - Meria\Th004 - Meria\,{TH1~1~1~Th004 - Meria}
th-005_768k.wmv,31388976,60452d6f,\Th004 - Meria\Th004 - Meria\,{TH1~1~1~Th004 - Meria}
th-006_768k.wmv,30980976,aa8eefe9,\Th004 - Meria\Th004 - Meria\,{TH1~1~1~Th004 - Meria}
1.jpg,8425,ca020897,\Th005 - Alberta\Th005 - Alberta\,{TH1~2~1~Th005 - Alberta}
2.jpg,7862,b08877ea,\Th005 - Alberta\Th005 - Alberta\,{TH1~2~1~Th005 - Alberta}
3.jpg,8403,3995518d,\Th005 - Alberta\Th005 - Alberta\,{TH1~2~1~Th005 - Alberta}
4.jpg,6846,23d3f270,\Th005 - Alberta\Th005 - Alberta\,{TH1~2~1~Th005 - Alberta}
5.jpg,9302,693ae03c,\Th005 - Alberta\Th005 - Alberta\,{TH1~2~1~Th005 - Alberta}
6.jpg,9702,64b70f46,\Th005 - Alberta\Th005 - Alberta\,{TH1~2~1~Th005 - Alberta}
th-001_768k.wmv,23300436,b9d89893,\Th005 - Alberta\Th005 - Alberta\,{TH1~2~1~Th005 - Alberta}
th-002_768k.wmv,23580436,63774974,\Th005 - Alberta\Th005 - Alberta\,{TH1~2~1~Th005 - Alberta}
th-003_768k.wmv,23572436,4370fadd,\Th005 - Alberta\Th005 - Alberta\,{TH1~2~1~Th005 - Alberta}
th-004_768k.wmv,23580436,d254442a,\Th005 - Alberta\Th005 - Alberta\,{TH1~2~1~Th005 - Alberta}
th-005_768k.wmv,23580436,543a89ab,\Th005 - Alberta\Th005 - Alberta\,{TH1~2~1~Th005 - Alberta}
th-006_768k.wmv,23596442,8777ea72,\Th005 - Alberta\Th005 - Alberta\,{TH1~2~1~Th005 - Alberta}
1.jpg,8273,c35e8227,\Th006 - Carmen\Th006 - Carmen\,{TH1~3~1~Th006 - Carmen}
2.jpg,9910,5cb2141b,\Th006 - Carmen\Th006 - Carmen\,{TH1~3~1~Th006 - Carmen}
3.jpg,8135,cd8c4914,\Th006 - Carmen\Th006 - Carmen\,{TH1~3~1~Th006 - Carmen}
4.jpg,9088,91d36083,\Th006 - Carmen\Th006 - Carmen\,{TH1~3~1~Th006 - Carmen}
5.jpg,9412,b03283f1,\Th006 - Carmen\Th006 - Carmen\,{TH1~3~1~Th006 - Carmen}
6.jpg,9392,ed1a3658,\Th006 - Carmen\Th006 - Carmen\,{TH1~3~1~Th006 - Carmen}
th-001_768k.wmv,28508796,ac92c3c0,\Th006 - Carmen\Th006 - Carmen\,{TH1~3~1~Th006 - Carmen}
th-002_768k.wmv,28796796,2d8a6ea8,\Th006 - Carmen\Th006 - Carmen\,{TH1~3~1~Th006 - Carmen}
th-003_768k.wmv,28788796,1d686fda,\Th006 - Carmen\Th006 - Carmen\,{TH1~3~1~Th006 - Carmen}
th-004_768k.wmv,28780796,94c46441,\Th006 - Carmen\Th006 - Carmen\,{TH1~3~1~Th006 - Carmen}
th-005_768k.wmv,28756796,8dff0922,\Th006 - Carmen\Th006 - Carmen\,{TH1~3~1~Th006 - Carmen}
th-006_768k.wmv,29892880,82ae9261,\Th006 - Carmen\Th006 - Carmen\,{TH1~3~1~Th006 - Carmen}
1.jpg,9574,283f23f3,\Th007 - Sally\Th007 - Sally\,{TH1~4~1~Th007 - Sally}
2.jpg,10044,5e7d6443,\Th007 - Sally\Th007 - Sally\,{TH1~4~1~Th007 - Sally}
3.jpg,7228,0950bcf0,\Th007 - Sally\Th007 - Sally\,{TH1~4~1~Th007 - Sally}
4.jpg,5938,376765c2,\Th007 - Sally\Th007 - Sally\,{TH1~4~1~Th007 - Sally}
5.jpg,9509,2d4dff20,\Th007 - Sally\Th007 - Sally\,{TH1~4~1~Th007 - Sally}
6.jpg,12247,13df0d8d,\Th007 - Sally\Th007 - Sally\,{TH1~4~1~Th007 - Sally}
th-001_768k.wmv,28564796,3896ab0c,\Th007 - Sally\Th007 - Sally\,{TH1~4~1~Th007 - Sally}
th-002_768k.wmv,28756796,68ab256c,\Th007 - Sally\Th007 - Sally\,{TH1~4~1~Th007 - Sally}
th-003_768k.wmv,28772796,a7aa4ed2,\Th007 - Sally\Th007 - Sally\,{TH1~4~1~Th007 - Sally}
th-004_384k.wmv,13997156,6ebc4c9f,\Th007 - Sally\Th007 - Sally\,{TH1~4~1~Th007 - Sally}
th-005_768k.wmv,28780796,6b17d4b4,\Th007 - Sally\Th007 - Sally\,{TH1~4~1~Th007 - Sally}
th-006_768k.wmv,29676862,4a71ea6a,\Th007 - Sally\Th007 - Sally\,{TH1~4~1~Th007 - Sally}
1.jpg,9970,ff49e5ca,\Th008 - Kristina\Th008 - Kristina\,{TH1~1~1~Th008 - Kristina}
2.jpg,8143,879f178d,\Th008 - Kristina\Th008 - Kristina\,{TH1~1~1~Th008 - Kristina}
3.jpg,9754,e3596688,\Th008 - Kristina\Th008 - Kristina\,{TH1~1~1~Th008 - Kristina}
4.jpg,7359,00a65169,\Th008 - Kristina\Th008 - Kristina\,{TH1~1~1~Th008 - Kristina}
5.jpg,7472,c3196b2c,\Th008 - Kristina\Th008 - Kristina\,{TH1~1~1~Th008 - Kristina}
6.jpg,7516,f7d3cf40,\Th008 - Kristina\Th008 - Kristina\,{TH1~1~1~Th008 - Kristina}
th-001_768k.wmv,26748676,5e12fb5d,\Th008 - Kristina\Th008 - Kristina\,{TH1~1~1~Th008 - Kristina}
th-002_768k.wmv,27036676,e846271e,\Th008 - Kristina\Th008 - Kristina\,{TH1~1~1~Th008 - Kristina}
th-003_768k.wmv,27020676,45b7b02c,\Th008 - Kristina\Th008 - Kristina\,{TH1~1~1~Th008 - Kristina}
th-004_768k.wmv,27052676,c3541bfe,\Th008 - Kristina\Th008 - Kristina\,{TH1~1~1~Th008 - Kristina}
th-005_768k.wmv,27044676,a21684cf,\Th008 - Kristina\Th008 - Kristina\,{TH1~1~1~Th008 - Kristina}
th-006_768k.wmv,28492802,f572b45e,\Th008 - Kristina\Th008 - Kristina\,{TH1~1~1~Th008 - Kristina}
1.jpg,11506,2338adfc,\Th009 - Carolina & Leticia\Th009 - Carolina & Leticia\,{TH1~2~1~Th009 - Carolina & Leticia}
2.jpg,10690,4a0c15ae,\Th009 - Carolina & Leticia\Th009 - Carolina & Leticia\,{TH1~2~1~Th009 - Carolina & Leticia}
3.jpg,10371,8cc59239,\Th009 - Carolina & Leticia\Th009 - Carolina & Leticia\,{TH1~2~1~Th009 - Carolina & Leticia}
4.jpg,10346,ccc90394,\Th009 - Carolina & Leticia\Th009 - Carolina & Leticia\,{TH1~2~1~Th009 - Carolina & Leticia}
5.jpg,10450,bc36c74e,\Th009 - Carolina & Leticia\Th009 - Carolina & Leticia\,{TH1~2~1~Th009 - Carolina & Leticia}
6.jpg,9419,5fad821d,\Th009 - Carolina & Leticia\Th009 - Carolina & Leticia\,{TH1~2~1~Th009 - Carolina & Leticia}
th-001_768k.wmv,30084886,5757a2c3,\Th009 - Carolina & Leticia\Th009 - Carolina & Leticia\,{TH1~2~1~Th009 - Carolina & Leticia}
th-002_768k.wmv,30092886,b3adde91,\Th009 - Carolina & Leticia\Th009 - Carolina & Leticia\,{TH1~2~1~Th009 - Carolina & Leticia}
th-003_768k.wmv,30084886,8533e04e,\Th009 - Carolina & Leticia\Th009 - Carolina & Leticia\,{TH1~2~1~Th009 - Carolina & Leticia}
th-004_768k.wmv,30076886,243b87ff,\Th009 - Carolina & Leticia\Th009 - Carolina & Leticia\,{TH1~2~1~Th009 - Carolina & Leticia}
th-005_768k.wmv,30068886,6aec693f,\Th009 - Carolina & Leticia\Th009 - Carolina & Leticia\,{TH1~2~1~Th009 - Carolina & Leticia}
th-006_768k.wmv,35005270,2327a3c0,\Th009 - Carolina & Leticia\Th009 - Carolina & Leticia\,{TH1~2~1~Th009 - Carolina & Leticia}
1.jpg,16182,c51aef34,\Th010 - Carla\Th010 - Carla\,{TH1~3~1~Th010 - Carla}
2.jpg,13890,aa8a8fd4,\Th010 - Carla\Th010 - Carla\,{TH1~3~1~Th010 - Carla}
3.jpg,12886,e84bccd2,\Th010 - Carla\Th010 - Carla\,{TH1~3~1~Th010 - Carla}
4.jpg,6229,281ed8c9,\Th010 - Carla\Th010 - Carla\,{TH1~3~1~Th010 - Carla}
5.jpg,7084,9520a177,\Th010 - Carla\Th010 - Carla\,{TH1~3~1~Th010 - Carla}
6.jpg,11149,80cedcb7,\Th010 - Carla\Th010 - Carla\,{TH1~3~1~Th010 - Carla}
th-001_768k.wmv,31028976,bdfe9b10,\Th010 - Carla\Th010 - Carla\,{TH1~3~1~Th010 - Carla}
th-002_768k.wmv,31396976,5df53448,\Th010 - Carla\Th010 - Carla\,{TH1~3~1~Th010 - Carla}
th-003_768k.wmv,31396976,38c515c6,\Th010 - Carla\Th010 - Carla\,{TH1~3~1~Th010 - Carla}
th-004_768k.wmv,31396976,18912c97,\Th010 - Carla\Th010 - Carla\,{TH1~3~1~Th010 - Carla}
th-005_768k.wmv,31396976,460e3bed,\Th010 - Carla\Th010 - Carla\,{TH1~3~1~Th010 - Carla}
th-006_384k.wmv,7467008,1f47c25e,\Th010 - Carla\Th010 - Carla\,{TH1~3~1~Th010 - Carla}
1.jpg,9925,571de4e7,\Th011 - Fabiana\Th011 - Fabiana\,{TH1~4~1~Th011 - Fabiana}
2.jpg,11371,29f56e31,\Th011 - Fabiana\Th011 - Fabiana\,{TH1~4~1~Th011 - Fabiana}
3.jpg,8504,af8f2dd2,\Th011 - Fabiana\Th011 - Fabiana\,{TH1~4~1~Th011 - Fabiana}
4.jpg,10416,17367119,\Th011 - Fabiana\Th011 - Fabiana\,{TH1~4~1~Th011 - Fabiana}
5.jpg,11884,d7e35520,\Th011 - Fabiana\Th011 - Fabiana\,{TH1~4~1~Th011 - Fabiana}
6.jpg,9608,a741724e,\Th011 - Fabiana\Th011 - Fabiana\,{TH1~4~1~Th011 - Fabiana}
th-001_768k.wmv,30988976,f0b3b2d8,\Th011 - Fabiana\Th011 - Fabiana\,{TH1~4~1~Th011 - Fabiana}
th-002_768k.wmv,31380976,f439e83a,\Th011 - Fabiana\Th011 - Fabiana\,{TH1~4~1~Th011 - Fabiana}
th-003_768k.wmv,31380976,1d7098e4,\Th011 - Fabiana\Th011 - Fabiana\,{TH1~4~1~Th011 - Fabiana}
th-004_768k.wmv,31380976,ab8ba207,\Th011 - Fabiana\Th011 - Fabiana\,{TH1~4~1~Th011 - Fabiana}
th-005_768k.wmv,31380976,74f7a157,\Th011 - Fabiana\Th011 - Fabiana\,{TH1~4~1~Th011 - Fabiana}
th-006_768k.wmv,34189186,057248db,\Th011 - Fabiana\Th011 - Fabiana\,{TH1~4~1~Th011 - Fabiana}
1.jpg,11850,abbf5f19,\Th012 - Ragina\Th012 - Ragina\,{TH1~1~1~Th012 - Ragina}
2.jpg,8544,41b935e1,\Th012 - Ragina\Th012 - Ragina\,{TH1~1~1~Th012 - Ragina}
3.jpg,8071,a6bf6cdb,\Th012 - Ragina\Th012 - Ragina\,{TH1~1~1~Th012 - Ragina}
4.jpg,5970,13a183a0,\Th012 - Ragina\Th012 - Ragina\,{TH1~1~1~Th012 - Ragina}
5.jpg,6150,593a57a5,\Th012 - Ragina\Th012 - Ragina\,{TH1~1~1~Th012 - Ragina}
6.jpg,7766,033192ec,\Th012 - Ragina\Th012 - Ragina\,{TH1~1~1~Th012 - Ragina}
th-001_768k.wmv,30500916,44061623,\Th012 - Ragina\Th012 - Ragina\,{TH1~1~1~Th012 - Ragina}
th-002_768k.wmv,30508916,912c21ef,\Th012 - Ragina\Th012 - Ragina\,{TH1~1~1~Th012 - Ragina}
th-003_768k.wmv,30516916,ab09fa16,\Th012 - Ragina\Th012 - Ragina\,{TH1~1~1~Th012 - Ragina}
th-004_768k.wmv,30540916,d8df819e,\Th012 - Ragina\Th012 - Ragina\,{TH1~1~1~Th012 - Ragina}
th-005_768k.wmv,30532916,392e32cb,\Th012 - Ragina\Th012 - Ragina\,{TH1~1~1~Th012 - Ragina}
th-006_768k.wmv,29892880,17f8bda6,\Th012 - Ragina\Th012 - Ragina\,{TH1~1~1~Th012 - Ragina}
01.jpg,18163,b46a3fd3,\Th013 - Candis\Th013 - Candis\,{TH1~2~1~Th013 - Candis}
01_768k.wmv,14387806,5a40d8ce,\Th013 - Candis\Th013 - Candis\,{TH1~2~1~Th013 - Candis}
02.jpg,23369,017cbdd1,\Th013 - Candis\Th013 - Candis\,{TH1~2~1~Th013 - Candis}
02_768k.wmv,14451806,cc2ddc78,\Th013 - Candis\Th013 - Candis\,{TH1~2~1~Th013 - Candis}
03.jpg,19205,4bf49e54,\Th013 - Candis\Th013 - Candis\,{TH1~2~1~Th013 - Candis}
03_768k.wmv,14435806,53f65039,\Th013 - Candis\Th013 - Candis\,{TH1~2~1~Th013 - Candis}
04.jpg,21630,9f5d98f9,\Th013 - Candis\Th013 - Candis\,{TH1~2~1~Th013 - Candis}
04_768k.wmv,14435806,e1d9bd28,\Th013 - Candis\Th013 - Candis\,{TH1~2~1~Th013 - Candis}
05.jpg,18991,8653ec2c,\Th013 - Candis\Th013 - Candis\,{TH1~2~1~Th013 - Candis}
05_768k.wmv,14467806,69bad96a,\Th013 - Candis\Th013 - Candis\,{TH1~2~1~Th013 - Candis}
06.jpg,21791,98833102,\Th013 - Candis\Th013 - Candis\,{TH1~2~1~Th013 - Candis}
06_768k.wmv,15067860,b146ede9,\Th013 - Candis\Th013 - Candis\,{TH1~2~1~Th013 - Candis}
01.jpg,23726,6467d2e6,\Th014 - Sherry\Th014 - Sherry\,{TH1~3~1~Th014 - Sherry}
01_768k.wmv,22716388,18744f19,\Th014 - Sherry\Th014 - Sherry\,{TH1~3~1~Th014 - Sherry}
02.jpg,22390,88755731,\Th014 - Sherry\Th014 - Sherry\,{TH1~3~1~Th014 - Sherry}
02_768k.wmv,22876388,4a91137e,\Th014 - Sherry\Th014 - Sherry\,{TH1~3~1~Th014 - Sherry}
03.jpg,21226,6195ca86,\Th014 - Sherry\Th014 - Sherry\,{TH1~3~1~Th014 - Sherry}
03_768k.wmv,22860388,36a93147,\Th014 - Sherry\Th014 - Sherry\,{TH1~3~1~Th014 - Sherry}
04.jpg,21524,f8f3e01a,\Th014 - Sherry\Th014 - Sherry\,{TH1~3~1~Th014 - Sherry}
04_768k.wmv,22852388,cfe442f4,\Th014 - Sherry\Th014 - Sherry\,{TH1~3~1~Th014 - Sherry}
05.jpg,22349,e9293e9c,\Th014 - Sherry\Th014 - Sherry\,{TH1~3~1~Th014 - Sherry}
05_768k.wmv,22892388,8b63bfbb,\Th014 - Sherry\Th014 - Sherry\,{TH1~3~1~Th014 - Sherry}
06.jpg,21708,2547ca4a,\Th014 - Sherry\Th014 - Sherry\,{TH1~3~1~Th014 - Sherry}
06_768k.wmv,20964262,bdfcdfe9,\Th014 - Sherry\Th014 - Sherry\,{TH1~3~1~Th014 - Sherry}
01.jpg,21626,38c1b937,\Th015 - Johnetta & Bria\Th015 - Johnetta & Bria\,{TH1~4~1~Th015 - Johnetta & Bria}
01_768k.wmv,19604166,9940fc3e,\Th015 - Johnetta & Bria\Th015 - Johnetta & Bria\,{TH1~4~1~Th015 - Johnetta & Bria}
02.jpg,23681,2acfb0c0,\Th015 - Johnetta & Bria\Th015 - Johnetta & Bria\,{TH1~4~1~Th015 - Johnetta & Bria}
02_768k.wmv,19668166,3d1e0fe8,\Th015 - Johnetta & Bria\Th015 - Johnetta & Bria\,{TH1~4~1~Th015 - Johnetta & Bria}
03.jpg,22036,12d2b344,\Th015 - Johnetta & Bria\Th015 - Johnetta & Bria\,{TH1~4~1~Th015 - Johnetta & Bria}
03_768k.wmv,19660166,fefde0ae,\Th015 - Johnetta & Bria\Th015 - Johnetta & Bria\,{TH1~4~1~Th015 - Johnetta & Bria}
04.jpg,20994,5d2f202c,\Th015 - Johnetta & Bria\Th015 - Johnetta & Bria\,{TH1~4~1~Th015 - Johnetta & Bria}
04_768k.wmv,19660166,d9cc39ed,\Th015 - Johnetta & Bria\Th015 - Johnetta & Bria\,{TH1~4~1~Th015 - Johnetta & Bria}
05.jpg,22179,3f16ddbc,\Th015 - Johnetta & Bria\Th015 - Johnetta & Bria\,{TH1~4~1~Th015 - Johnetta & Bria}
05_768k.wmv,19676166,81d46cc5,\Th015 - Johnetta & Bria\Th015 - Johnetta & Bria\,{TH1~4~1~Th015 - Johnetta & Bria}
06.jpg,22249,53d67bad,\Th015 - Johnetta & Bria\Th015 - Johnetta & Bria\,{TH1~4~1~Th015 - Johnetta & Bria}
06_768k.wmv,15427878,c35b1e98,\Th015 - Johnetta & Bria\Th015 - Johnetta & Bria\,{TH1~4~1~Th015 - Johnetta & Bria}
01.jpg,20726,29de4ba2,\Th016 - Samantha\Th016 - Samantha\,{TH1~5~1~Th016 - Samantha}
01_768k.wmv,16099926,8a5f7117,\Th016 - Samantha\Th016 - Samantha\,{TH1~5~1~Th016 - Samantha}
02.jpg,18134,42e17e2d,\Th016 - Samantha\Th016 - Samantha\,{TH1~5~1~Th016 - Samantha}
02_768k.wmv,16179926,418ccd97,\Th016 - Samantha\Th016 - Samantha\,{TH1~5~1~Th016 - Samantha}
03.jpg,19937,0cff8bc2,\Th016 - Samantha\Th016 - Samantha\,{TH1~5~1~Th016 - Samantha}
03_768k.wmv,16163926,26829b82,\Th016 - Samantha\Th016 - Samantha\,{TH1~5~1~Th016 - Samantha}
04.jpg,20294,b99605cc,\Th016 - Samantha\Th016 - Samantha\,{TH1~5~1~Th016 - Samantha}
04_768k.wmv,16187926,304c2be8,\Th016 - Samantha\Th016 - Samantha\,{TH1~5~1~Th016 - Samantha}
05.jpg,18518,19f25021,\Th016 - Samantha\Th016 - Samantha\,{TH1~5~1~Th016 - Samantha}
05_768k.wmv,16195926,b52c1675,\Th016 - Samantha\Th016 - Samantha\,{TH1~5~1~Th016 - Samantha}
06.jpg,18787,d379b330,\Th016 - Samantha\Th016 - Samantha\,{TH1~5~1~Th016 - Samantha}
06_768k.wmv,17452022,b77dd29d,\Th016 - Samantha\Th016 - Samantha\,{TH1~5~1~Th016 - Samantha}
01.jpg,5095,a942a4f1,\Th017 - Mary Ann\Th017 - Mary Ann\,{TH1~1~1~Th017 - Mary Ann}
01_768k.wmv,23988466,75150a54,\Th017 - Mary Ann\Th017 - Mary Ann\,{TH1~1~1~Th017 - Mary Ann}
02.jpg,6437,399637be,\Th017 - Mary Ann\Th017 - Mary Ann\,{TH1~1~1~Th017 - Mary Ann}
02_768k.wmv,24004466,629c163b,\Th017 - Mary Ann\Th017 - Mary Ann\,{TH1~1~1~Th017 - Mary Ann}
03.jpg,4695,ab710517,\Th017 - Mary Ann\Th017 - Mary Ann\,{TH1~1~1~Th017 - Mary Ann}
03_768k.wmv,23988466,1b4b8db1,\Th017 - Mary Ann\Th017 - Mary Ann\,{TH1~1~1~Th017 - Mary Ann}
04.jpg,7016,0be878ed,\Th017 - Mary Ann\Th017 - Mary Ann\,{TH1~1~1~Th017 - Mary Ann}
04_768k.wmv,24020466,0a180068,\Th017 - Mary Ann\Th017 - Mary Ann\,{TH1~1~1~Th017 - Mary Ann}
05.jpg,5624,493bfdbb,\Th017 - Mary Ann\Th017 - Mary Ann\,{TH1~1~1~Th017 - Mary Ann}
05_768k.wmv,24012466,04487f2b,\Th017 - Mary Ann\Th017 - Mary Ann\,{TH1~1~1~Th017 - Mary Ann}
06.jpg,7873,4d01699f,\Th017 - Mary Ann\Th017 - Mary Ann\,{TH1~1~1~Th017 - Mary Ann}
06_768k.wmv,25956616,2173370c,\Th017 - Mary Ann\Th017 - Mary Ann\,{TH1~1~1~Th017 - Mary Ann}
01.jpg,16546,a2b51a28,\Th018 - Pampita\Th018 - Pampita\,{TH1~2~1~Th018 - Pampita}
01_768k.wmv,26156616,a2dea7e3,\Th018 - Pampita\Th018 - Pampita\,{TH1~2~1~Th018 - Pampita}
02.jpg,9329,e0c8b0f4,\Th018 - Pampita\Th018 - Pampita\,{TH1~2~1~Th018 - Pampita}
02_768k.wmv,26172616,cfb2c0db,\Th018 - Pampita\Th018 - Pampita\,{TH1~2~1~Th018 - Pampita}
03.jpg,12583,6d780a2d,\Th018 - Pampita\Th018 - Pampita\,{TH1~2~1~Th018 - Pampita}
03_768k.wmv,26180616,c39fa019,\Th018 - Pampita\Th018 - Pampita\,{TH1~2~1~Th018 - Pampita}
04.jpg,16644,b0d8e3de,\Th018 - Pampita\Th018 - Pampita\,{TH1~2~1~Th018 - Pampita}
04_768k.wmv,26180616,b913ad26,\Th018 - Pampita\Th018 - Pampita\,{TH1~2~1~Th018 - Pampita}
05.jpg,8437,fe8f06a3,\Th018 - Pampita\Th018 - Pampita\,{TH1~2~1~Th018 - Pampita}
05_768k.wmv,26204616,1b8c300b,\Th018 - Pampita\Th018 - Pampita\,{TH1~2~1~Th018 - Pampita}
06.jpg,9666,8a4e7e57,\Th018 - Pampita\Th018 - Pampita\,{TH1~2~1~Th018 - Pampita}
06_768k.wmv,20594688,c51e1599,\Th018 - Pampita\Th018 - Pampita\,{TH1~2~1~Th018 - Pampita}
01.jpg,11035,968673eb,\Th019 - Gladice\Th019 - Gladice\,{TH1~3~1~Th019 - Gladice}
01_768k.wmv,17187998,557adf6f,\Th019 - Gladice\Th019 - Gladice\,{TH1~3~1~Th019 - Gladice}
02.jpg,10591,b515cf79,\Th019 - Gladice\Th019 - Gladice\,{TH1~3~1~Th019 - Gladice}
02_768k.wmv,17235998,da74613e,\Th019 - Gladice\Th019 - Gladice\,{TH1~3~1~Th019 - Gladice}
03.jpg,9080,05ce261a,\Th019 - Gladice\Th019 - Gladice\,{TH1~3~1~Th019 - Gladice}
03_768k.wmv,17195998,0598921e,\Th019 - Gladice\Th019 - Gladice\,{TH1~3~1~Th019 - Gladice}
04.jpg,8352,a953d32f,\Th019 - Gladice\Th019 - Gladice\,{TH1~3~1~Th019 - Gladice}
04_768k.wmv,17235998,30e57133,\Th019 - Gladice\Th019 - Gladice\,{TH1~3~1~Th019 - Gladice}
05.jpg,9988,ef77e1c1,\Th019 - Gladice\Th019 - Gladice\,{TH1~3~1~Th019 - Gladice}
05_768k.wmv,17227998,76d077b8,\Th019 - Gladice\Th019 - Gladice\,{TH1~3~1~Th019 - Gladice}
06.jpg,8023,6fbc0e7c,\Th019 - Gladice\Th019 - Gladice\,{TH1~3~1~Th019 - Gladice}
06_768k.wmv,13531746,3a82483a,\Th019 - Gladice\Th019 - Gladice\,{TH1~3~1~Th019 - Gladice}
01.jpg,7760,16a24433,\Th020 - Dora & Denise\Th020 - Dora & Denise\,{TH1~4~1~Th020 - Dora & Denise}
01_768k.wmv,14867836,4fdd321a,\Th020 - Dora & Denise\Th020 - Dora & Denise\,{TH1~4~1~Th020 - Dora & Denise}
02.jpg,14295,fa23e78a,\Th020 - Dora & Denise\Th020 - Dora & Denise\,{TH1~4~1~Th020 - Dora & Denise}
02_768k.wmv,14883836,bb00eb2a,\Th020 - Dora & Denise\Th020 - Dora & Denise\,{TH1~4~1~Th020 - Dora & Denise}
03.jpg,10956,e9d9e1f5,\Th020 - Dora & Denise\Th020 - Dora & Denise\,{TH1~4~1~Th020 - Dora & Denise}
03_768k.wmv,14891836,a5275ef2,\Th020 - Dora & Denise\Th020 - Dora & Denise\,{TH1~4~1~Th020 - Dora & Denise}
04.jpg,10204,d67e45cc,\Th020 - Dora & Denise\Th020 - Dora & Denise\,{TH1~4~1~Th020 - Dora & Denise}
04_768k.wmv,14883836,0fc199ac,\Th020 - Dora & Denise\Th020 - Dora & Denise\,{TH1~4~1~Th020 - Dora & Denise}
05.jpg,10049,2fe0d7a0,\Th020 - Dora & Denise\Th020 - Dora & Denise\,{TH1~4~1~Th020 - Dora & Denise}
05_768k.wmv,14875836,7234806c,\Th020 - Dora & Denise\Th020 - Dora & Denise\,{TH1~4~1~Th020 - Dora & Denise}
06.jpg,11068,1d5c9cf7,\Th020 - Dora & Denise\Th020 - Dora & Denise\,{TH1~4~1~Th020 - Dora & Denise}
06_768k.wmv,18756106,423642c6,\Th020 - Dora & Denise\Th020 - Dora & Denise\,{TH1~4~1~Th020 - Dora & Denise}
01.jpg,10691,306159ea,\Th021 - Hot Tgirl\Th021 - Hot Tgirl\,{TH1~5~1~Th021 - Hot Tgirl}
01_768k.wmv,17988076,69a8cb95,\Th021 - Hot Tgirl\Th021 - Hot Tgirl\,{TH1~5~1~Th021 - Hot Tgirl}
02.jpg,9841,3df60211,\Th021 - Hot Tgirl\Th021 - Hot Tgirl\,{TH1~5~1~Th021 - Hot Tgirl}
02_768k.wmv,18404076,5ac3d898,\Th021 - Hot Tgirl\Th021 - Hot Tgirl\,{TH1~5~1~Th021 - Hot Tgirl}
03.jpg,13480,728f114a,\Th021 - Hot Tgirl\Th021 - Hot Tgirl\,{TH1~5~1~Th021 - Hot Tgirl}
03_768k.wmv,18396076,459e9386,\Th021 - Hot Tgirl\Th021 - Hot Tgirl\,{TH1~5~1~Th021 - Hot Tgirl}
04.jpg,12195,85216126,\Th021 - Hot Tgirl\Th021 - Hot Tgirl\,{TH1~5~1~Th021 - Hot Tgirl}
04_768k.wmv,18420076,15a5106c,\Th021 - Hot Tgirl\Th021 - Hot Tgirl\,{TH1~5~1~Th021 - Hot Tgirl}
05.jpg,9681,e86d01a4,\Th021 - Hot Tgirl\Th021 - Hot Tgirl\,{TH1~5~1~Th021 - Hot Tgirl}
05_768k.wmv,18412076,6bd9cf67,\Th021 - Hot Tgirl\Th021 - Hot Tgirl\,{TH1~5~1~Th021 - Hot Tgirl}
06.jpg,12284,e440f4f9,\Th021 - Hot Tgirl\Th021 - Hot Tgirl\,{TH1~5~1~Th021 - Hot Tgirl}
06_768k.wmv,14131788,3c3dbcf0,\Th021 - Hot Tgirl\Th021 - Hot Tgirl\,{TH1~5~1~Th021 - Hot Tgirl}
01.jpg,11236,9eb768a6,\Th022 - Nightowl\Th022 - Nightowl\,{TH1~6~1~Th022 - Nightowl}
01_768k.wmv,14667818,f6ce72fd,\Th022 - Nightowl\Th022 - Nightowl\,{TH1~6~1~Th022 - Nightowl}
02.jpg,8166,0a58f6e7,\Th022 - Nightowl\Th022 - Nightowl\,{TH1~6~1~Th022 - Nightowl}
02_768k.wmv,14923836,4a2ff939,\Th022 - Nightowl\Th022 - Nightowl\,{TH1~6~1~Th022 - Nightowl}
03.jpg,10736,a20197eb,\Th022 - Nightowl\Th022 - Nightowl\,{TH1~6~1~Th022 - Nightowl}
03_768k.wmv,15603884,8f2163c6,\Th022 - Nightowl\Th022 - Nightowl\,{TH1~6~1~Th022 - Nightowl}
04.jpg,9759,b8773299,\Th022 - Nightowl\Th022 - Nightowl\,{TH1~6~1~Th022 - Nightowl}
04_768k.wmv,14099776,05a3c03a,\Th022 - Nightowl\Th022 - Nightowl\,{TH1~6~1~Th022 - Nightowl}
05.jpg,9149,f85ad8ef,\Th022 - Nightowl\Th022 - Nightowl\,{TH1~6~1~Th022 - Nightowl}
05_768k.wmv,14819830,0d7366ea,\Th022 - Nightowl\Th022 - Nightowl\,{TH1~6~1~Th022 - Nightowl}
06.jpg,9653,f3f59c50,\Th022 - Nightowl\Th022 - Nightowl\,{TH1~6~1~Th022 - Nightowl}
06_768k.wmv,17259998,68ee3de1,\Th022 - Nightowl\Th022 - Nightowl\,{TH1~6~1~Th022 - Nightowl}
01.jpg,12436,a659ab19,\Th023 - Socorro\Th023 - Socorro\,{TH1~1~1~Th023 - Socorro}
01_768k.wmv,12411662,8d5b8dd1,\Th023 - Socorro\Th023 - Socorro\,{TH1~1~1~Th023 - Socorro}
02.jpg,11574,7414ba24,\Th023 - Socorro\Th023 - Socorro\,{TH1~1~1~Th023 - Socorro}
02_768k.wmv,12347656,e169975e,\Th023 - Socorro\Th023 - Socorro\,{TH1~1~1~Th023 - Socorro}
03.jpg,9302,0a92ac02,\Th023 - Socorro\Th023 - Socorro\,{TH1~1~1~Th023 - Socorro}
03_768k.wmv,17756034,5d49a95d,\Th023 - Socorro\Th023 - Socorro\,{TH1~1~1~Th023 - Socorro}
04.jpg,11305,1c285519,\Th023 - Socorro\Th023 - Socorro\,{TH1~1~1~Th023 - Socorro}
04_768k.wmv,12387662,c8443176,\Th023 - Socorro\Th023 - Socorro\,{TH1~1~1~Th023 - Socorro}
05.jpg,15581,fc4453b4,\Th023 - Socorro\Th023 - Socorro\,{TH1~1~1~Th023 - Socorro}
05_768k.wmv,10939560,beb3a021,\Th023 - Socorro\Th023 - Socorro\,{TH1~1~1~Th023 - Socorro}
06.jpg,10452,1aae3ea5,\Th023 - Socorro\Th023 - Socorro\,{TH1~1~1~Th023 - Socorro}
06_768k.wmv,13267722,d90dafcc,\Th023 - Socorro\Th023 - Socorro\,{TH1~1~1~Th023 - Socorro}
01.jpg,11304,bc2a7394,\Th025 - Urban Tranny\Th025 - Urban Tranny\,{TH1~2~1~Th025 - Urban Tranny}
01_768k.wmv,15747890,a9049f41,\Th025 - Urban Tranny\Th025 - Urban Tranny\,{TH1~2~1~Th025 - Urban Tranny}
02.jpg,10549,bb9c6a6e,\Th025 - Urban Tranny\Th025 - Urban Tranny\,{TH1~2~1~Th025 - Urban Tranny}
02_768k.wmv,15747890,2b515a52,\Th025 - Urban Tranny\Th025 - Urban Tranny\,{TH1~2~1~Th025 - Urban Tranny}
03.jpg,10013,7a894bb8,\Th025 - Urban Tranny\Th025 - Urban Tranny\,{TH1~2~1~Th025 - Urban Tranny}
03_768k.wmv,15739896,22287db4,\Th025 - Urban Tranny\Th025 - Urban Tranny\,{TH1~2~1~Th025 - Urban Tranny}
04.jpg,10597,9cc79215,\Th025 - Urban Tranny\Th025 - Urban Tranny\,{TH1~2~1~Th025 - Urban Tranny}
04_768k.wmv,15731890,9507f8c0,\Th025 - Urban Tranny\Th025 - Urban Tranny\,{TH1~2~1~Th025 - Urban Tranny}
05.jpg,9701,a90990c7,\Th025 - Urban Tranny\Th025 - Urban Tranny\,{TH1~2~1~Th025 - Urban Tranny}
05_768k.wmv,15779896,37bf45d5,\Th025 - Urban Tranny\Th025 - Urban Tranny\,{TH1~2~1~Th025 - Urban Tranny}
06.jpg,9332,313d8cc9,\Th025 - Urban Tranny\Th025 - Urban Tranny\,{TH1~2~1~Th025 - Urban Tranny}
06_768k.wmv,15475872,728bc02b,\Th025 - Urban Tranny\Th025 - Urban Tranny\,{TH1~2~1~Th025 - Urban Tranny}
01.jpg,58206,be264fe9,\Th026 - Hottie Boombilatie\Th026 - Hottie Boombilatie\,{TH1~3~1~Th026 - Hottie Boombilatie}
01_768k.wmv,17540016,315f096c,\Th026 - Hottie Boombilatie\Th026 - Hottie Boombilatie\,{TH1~3~1~Th026 - Hottie Boombilatie}
02.jpg,58833,4087cea9,\Th026 - Hottie Boombilatie\Th026 - Hottie Boombilatie\,{TH1~3~1~Th026 - Hottie Boombilatie}
02_768k.wmv,18428076,96e2b1d6,\Th026 - Hottie Boombilatie\Th026 - Hottie Boombilatie\,{TH1~3~1~Th026 - Hottie Boombilatie}
03.jpg,58794,be8f40f1,\Th026 - Hottie Boombilatie\Th026 - Hottie Boombilatie\,{TH1~3~1~Th026 - Hottie Boombilatie}
03_768k.wmv,17468010,14ebecb4,\Th026 - Hottie Boombilatie\Th026 - Hottie Boombilatie\,{TH1~3~1~Th026 - Hottie Boombilatie}
04.jpg,59943,aa781b3b,\Th026 - Hottie Boombilatie\Th026 - Hottie Boombilatie\,{TH1~3~1~Th026 - Hottie Boombilatie}
04_768k.wmv,18444076,c81ce5ee,\Th026 - Hottie Boombilatie\Th026 - Hottie Boombilatie\,{TH1~3~1~Th026 - Hottie Boombilatie}
05.jpg,58781,867f91ea,\Th026 - Hottie Boombilatie\Th026 - Hottie Boombilatie\,{TH1~3~1~Th026 - Hottie Boombilatie}
05_768k.wmv,17508016,3837ee57,\Th026 - Hottie Boombilatie\Th026 - Hottie Boombilatie\,{TH1~3~1~Th026 - Hottie Boombilatie}
06.jpg,57360,25fe9876,\Th026 - Hottie Boombilatie\Th026 - Hottie Boombilatie\,{TH1~3~1~Th026 - Hottie Boombilatie}
06_768k.wmv,22796382,20220e9c,\Th026 - Hottie Boombilatie\Th026 - Hottie Boombilatie\,{TH1~3~1~Th026 - Hottie Boombilatie}
01.jpg,5848,f5cf3f44,\Th027 - Hot Petite Tranny\Th027 - Hot Petite Tranny\,{TH1~4~1~Th027 - Hot Petite Tranny}
01_768k.wmv,14939836,68fc1447,\Th027 - Hot Petite Tranny\Th027 - Hot Petite Tranny\,{TH1~4~1~Th027 - Hot Petite Tranny}
02.jpg,7080,97df78ba,\Th027 - Hot Petite Tranny\Th027 - Hot Petite Tranny\,{TH1~4~1~Th027 - Hot Petite Tranny}
02_768k.wmv,14875830,a1ad8db1,\Th027 - Hot Petite Tranny\Th027 - Hot Petite Tranny\,{TH1~4~1~Th027 - Hot Petite Tranny}
03.jpg,9892,614c6590,\Th027 - Hot Petite Tranny\Th027 - Hot Petite Tranny\,{TH1~4~1~Th027 - Hot Petite Tranny}
03_768k.wmv,19684166,e082ca2e,\Th027 - Hot Petite Tranny\Th027 - Hot Petite Tranny\,{TH1~4~1~Th027 - Hot Petite Tranny}
04.jpg,7778,dda2694c,\Th027 - Hot Petite Tranny\Th027 - Hot Petite Tranny\,{TH1~4~1~Th027 - Hot Petite Tranny}
04_768k.wmv,14523806,8cfe9a3e,\Th027 - Hot Petite Tranny\Th027 - Hot Petite Tranny\,{TH1~4~1~Th027 - Hot Petite Tranny}
05.jpg,9374,a845bdac,\Th027 - Hot Petite Tranny\Th027 - Hot Petite Tranny\,{TH1~4~1~Th027 - Hot Petite Tranny}
05_768k.wmv,14491806,4bf76de9,\Th027 - Hot Petite Tranny\Th027 - Hot Petite Tranny\,{TH1~4~1~Th027 - Hot Petite Tranny}
06.jpg,9514,e5e276bb,\Th027 - Hot Petite Tranny\Th027 - Hot Petite Tranny\,{TH1~4~1~Th027 - Hot Petite Tranny}
06_768k.wmv,14715824,3f61fb66,\Th027 - Hot Petite Tranny\Th027 - Hot Petite Tranny\,{TH1~4~1~Th027 - Hot Petite Tranny}
01.jpg,9605,6891c7fb,\Th028 - Light Skin Tranny\Th028 - Light Skin Tranny\,{TH1~5~1~Th028 - Light Skin Tranny}
01_768k.wmv,13115710,59ed0356,\Th028 - Light Skin Tranny\Th028 - Light Skin Tranny\,{TH1~5~1~Th028 - Light Skin Tranny}
02.jpg,6411,f6633948,\Th028 - Light Skin Tranny\Th028 - Light Skin Tranny\,{TH1~5~1~Th028 - Light Skin Tranny}
02_768k.wmv,14083776,f4f805bf,\Th028 - Light Skin Tranny\Th028 - Light Skin Tranny\,{TH1~5~1~Th028 - Light Skin Tranny}
03.jpg,7493,f65ad253,\Th028 - Light Skin Tranny\Th028 - Light Skin Tranny\,{TH1~5~1~Th028 - Light Skin Tranny}
03_768k.wmv,13171716,151ed621,\Th028 - Light Skin Tranny\Th028 - Light Skin Tranny\,{TH1~5~1~Th028 - Light Skin Tranny}
04.jpg,6086,fd32fef2,\Th028 - Light Skin Tranny\Th028 - Light Skin Tranny\,{TH1~5~1~Th028 - Light Skin Tranny}
04_768k.wmv,14003776,f30102e6,\Th028 - Light Skin Tranny\Th028 - Light Skin Tranny\,{TH1~5~1~Th028 - Light Skin Tranny}
05.jpg,7797,767a1d67,\Th028 - Light Skin Tranny\Th028 - Light Skin Tranny\,{TH1~5~1~Th028 - Light Skin Tranny}
05_768k.wmv,14451806,8a60285d,\Th028 - Light Skin Tranny\Th028 - Light Skin Tranny\,{TH1~5~1~Th028 - Light Skin Tranny}
06.jpg,7607,f814888d,\Th028 - Light Skin Tranny\Th028 - Light Skin Tranny\,{TH1~5~1~Th028 - Light Skin Tranny}
06_768k.wmv,16331932,c305f960,\Th028 - Light Skin Tranny\Th028 - Light Skin Tranny\,{TH1~5~1~Th028 - Light Skin Tranny}
01.jpg,8934,279fc356,\Th029 - Nice & Tall Tranny\Th029 - Nice & Tall Tranny\,{TH1~6~1~Th029 - Nice & Tall Tranny}
01_768k.wmv,16691956,086723e5,\Th029 - Nice & Tall Tranny\Th029 - Nice & Tall Tranny\,{TH1~6~1~Th029 - Nice & Tall Tranny}
02.jpg,7792,a2319f49,\Th029 - Nice & Tall Tranny\Th029 - Nice & Tall Tranny\,{TH1~6~1~Th029 - Nice & Tall Tranny}
02_768k.wmv,16667956,d0d64801,\Th029 - Nice & Tall Tranny\Th029 - Nice & Tall Tranny\,{TH1~6~1~Th029 - Nice & Tall Tranny}
03.jpg,9201,b9b7b06e,\Th029 - Nice & Tall Tranny\Th029 - Nice & Tall Tranny\,{TH1~6~1~Th029 - Nice & Tall Tranny}
03_768k.wmv,16675956,999e056d,\Th029 - Nice & Tall Tranny\Th029 - Nice & Tall Tranny\,{TH1~6~1~Th029 - Nice & Tall Tranny}
04.jpg,8498,09028edc,\Th029 - Nice & Tall Tranny\Th029 - Nice & Tall Tranny\,{TH1~6~1~Th029 - Nice & Tall Tranny}
04_768k.wmv,16619956,6fa2cc40,\Th029 - Nice & Tall Tranny\Th029 - Nice & Tall Tranny\,{TH1~6~1~Th029 - Nice & Tall Tranny}
05.jpg,8760,faca8fbe,\Th029 - Nice & Tall Tranny\Th029 - Nice & Tall Tranny\,{TH1~6~1~Th029 - Nice & Tall Tranny}
05_768k.wmv,16675956,80049f6b,\Th029 - Nice & Tall Tranny\Th029 - Nice & Tall Tranny\,{TH1~6~1~Th029 - Nice & Tall Tranny}
06.jpg,8488,f40b3fc6,\Th029 - Nice & Tall Tranny\Th029 - Nice & Tall Tranny\,{TH1~6~1~Th029 - Nice & Tall Tranny}
06_768k.wmv,15587878,f3c7af6d,\Th029 - Nice & Tall Tranny\Th029 - Nice & Tall Tranny\,{TH1~6~1~Th029 - Nice & Tall Tranny}
01.jpg,8782,5c8a4dc5,\Th030 - Nice & Tall Tranny1\Th030 - Nice & Tall Tranny1\,{TH1~7~1~Th030 - Nice & Tall Tranny1}
01_768k.wmv,14963836,257bb54f,\Th030 - Nice & Tall Tranny1\Th030 - Nice & Tall Tranny1\,{TH1~7~1~Th030 - Nice & Tall Tranny1}
02.jpg,8348,a1e8fac1,\Th030 - Nice & Tall Tranny1\Th030 - Nice & Tall Tranny1\,{TH1~7~1~Th030 - Nice & Tall Tranny1}
02_768k.wmv,15819896,2b74f683,\Th030 - Nice & Tall Tranny1\Th030 - Nice & Tall Tranny1\,{TH1~7~1~Th030 - Nice & Tall Tranny1}
03.jpg,7954,77b4bf1c,\Th030 - Nice & Tall Tranny1\Th030 - Nice & Tall Tranny1\,{TH1~7~1~Th030 - Nice & Tall Tranny1}
03_768k.wmv,15171854,2d17fa48,\Th030 - Nice & Tall Tranny1\Th030 - Nice & Tall Tranny1\,{TH1~7~1~Th030 - Nice & Tall Tranny1}
04.jpg,11159,14c1b87c,\Th030 - Nice & Tall Tranny1\Th030 - Nice & Tall Tranny1\,{TH1~7~1~Th030 - Nice & Tall Tranny1}
04_768k.wmv,15339866,9fe85521,\Th030 - Nice & Tall Tranny1\Th030 - Nice & Tall Tranny1\,{TH1~7~1~Th030 - Nice & Tall Tranny1}
05.jpg,9542,095e3f39,\Th030 - Nice & Tall Tranny1\Th030 - Nice & Tall Tranny1\,{TH1~7~1~Th030 - Nice & Tall Tranny1}
05_768k.wmv,15131854,1cffb847,\Th030 - Nice & Tall Tranny1\Th030 - Nice & Tall Tranny1\,{TH1~7~1~Th030 - Nice & Tall Tranny1}
06.jpg,7866,5c62893c,\Th030 - Nice & Tall Tranny1\Th030 - Nice & Tall Tranny1\,{TH1~7~1~Th030 - Nice & Tall Tranny1}
06_768k.wmv,15795896,c090ae6f,\Th030 - Nice & Tall Tranny1\Th030 - Nice & Tall Tranny1\,{TH1~7~1~Th030 - Nice & Tall Tranny1}