carolpenelope2-001.jpg,3465154,c63a3f61,\2016-10\Carol Penelope\,{TSP11~2016-10~45512523~Carol Penelope}
carolpenelope2-002.jpg,2844230,bb12d81b,\2016-10\Carol Penelope\,{TSP11~2016-10~45512523~Carol Penelope}
carolpenelope2-003.jpg,2974585,9d6d565a,\2016-10\Carol Penelope\,{TSP11~2016-10~45512523~Carol Penelope}
carolpenelope2-004.jpg,3331206,419e028c,\2016-10\Carol Penelope\,{TSP11~2016-10~45512523~Carol Penelope}
carolpenelope2-005.jpg,2825134,4fe6d8b3,\2016-10\Carol Penelope\,{TSP11~2016-10~45512523~Carol Penelope}
carolpenelope2-006.jpg,2797988,3155cb1f,\2016-10\Carol Penelope\,{TSP11~2016-10~45512523~Carol Penelope}
carolpenelope2-007.jpg,2713157,8dc42019,\2016-10\Carol Penelope\,{TSP11~2016-10~45512523~Carol Penelope}
carolpenelope2-008.jpg,3294329,9bdec911,\2016-10\Carol Penelope\,{TSP11~2016-10~45512523~Carol Penelope}
carolpenelope2-009.jpg,3288871,8a3c9af3,\2016-10\Carol Penelope\,{TSP11~2016-10~45512523~Carol Penelope}
carolpenelope2-010.jpg,3438119,25684e87,\2016-10\Carol Penelope\,{TSP11~2016-10~45512523~Carol Penelope}
carolpenelope2-011.jpg,2711514,8e3649aa,\2016-10\Carol Penelope\,{TSP11~2016-10~45512523~Carol Penelope}
carolpenelope2-012.jpg,3624271,4dba7d3b,\2016-10\Carol Penelope\,{TSP11~2016-10~45512523~Carol Penelope}
carolpenelope2-013.jpg,3240315,f435cbd4,\2016-10\Carol Penelope\,{TSP11~2016-10~45512523~Carol Penelope}
carolpenelope2-014.jpg,3457702,448cd35c,\2016-10\Carol Penelope\,{TSP11~2016-10~45512523~Carol Penelope}
carolpenelope2-015.jpg,3652044,0999b6ce,\2016-10\Carol Penelope\,{TSP11~2016-10~45512523~Carol Penelope}
carolpenelope2-016.jpg,3749202,0ee57f0f,\2016-10\Carol Penelope\,{TSP11~2016-10~45512523~Carol Penelope}
carolpenelope2-017.jpg,2734331,d8d94bc1,\2016-10\Carol Penelope\,{TSP11~2016-10~45512523~Carol Penelope}
carolpenelope2-018.jpg,2856697,d97c5b88,\2016-10\Carol Penelope\,{TSP11~2016-10~45512523~Carol Penelope}
carolpenelope2-019.jpg,2704331,caa655a6,\2016-10\Carol Penelope\,{TSP11~2016-10~45512523~Carol Penelope}
carolpenelope2-020.jpg,2639901,fdf168fe,\2016-10\Carol Penelope\,{TSP11~2016-10~45512523~Carol Penelope}
carolpenelope2-021.jpg,3339533,dbd5235b,\2016-10\Carol Penelope\,{TSP11~2016-10~45512523~Carol Penelope}
carolpenelope2-022.jpg,3607651,ea6b8bb2,\2016-10\Carol Penelope\,{TSP11~2016-10~45512523~Carol Penelope}
carolpenelope2-023.jpg,3256567,f3f428ad,\2016-10\Carol Penelope\,{TSP11~2016-10~45512523~Carol Penelope}
carolpenelope2-024.jpg,3513610,670ec784,\2016-10\Carol Penelope\,{TSP11~2016-10~45512523~Carol Penelope}
carolpenelope2-025.jpg,3247180,6834e226,\2016-10\Carol Penelope\,{TSP11~2016-10~45512523~Carol Penelope}
carolpenelope2-026.jpg,3441851,dc590a85,\2016-10\Carol Penelope\,{TSP11~2016-10~45512523~Carol Penelope}
carolpenelope2-027.jpg,3299299,f1314ac2,\2016-10\Carol Penelope\,{TSP11~2016-10~45512523~Carol Penelope}
carolpenelope2-028.jpg,3578357,11e3fe71,\2016-10\Carol Penelope\,{TSP11~2016-10~45512523~Carol Penelope}
carolpenelope2-029.jpg,3481967,01476400,\2016-10\Carol Penelope\,{TSP11~2016-10~45512523~Carol Penelope}
carolpenelope2-030.jpg,2690690,5efa0dad,\2016-10\Carol Penelope\,{TSP11~2016-10~45512523~Carol Penelope}
carolpenelope2-031.jpg,3534259,af902c9a,\2016-10\Carol Penelope\,{TSP11~2016-10~45512523~Carol Penelope}
carolpenelope2-032.jpg,3207077,df99e3e8,\2016-10\Carol Penelope\,{TSP11~2016-10~45512523~Carol Penelope}
carolpenelope2-033.jpg,3370286,b17e7546,\2016-10\Carol Penelope\,{TSP11~2016-10~45512523~Carol Penelope}
carolpenelope2-034.jpg,2839799,51bc5de2,\2016-10\Carol Penelope\,{TSP11~2016-10~45512523~Carol Penelope}
carolpenelope2-035.jpg,3303438,82d32526,\2016-10\Carol Penelope\,{TSP11~2016-10~45512523~Carol Penelope}
carolpenelope2-036.jpg,3326395,db2bdf6e,\2016-10\Carol Penelope\,{TSP11~2016-10~45512523~Carol Penelope}
carolpenelope2-037.jpg,2881984,1fd3494c,\2016-10\Carol Penelope\,{TSP11~2016-10~45512523~Carol Penelope}
carolpenelope2-038.jpg,3241414,f3f5f8dc,\2016-10\Carol Penelope\,{TSP11~2016-10~45512523~Carol Penelope}
carolpenelope2-039.jpg,3172358,53bf3eef,\2016-10\Carol Penelope\,{TSP11~2016-10~45512523~Carol Penelope}
carolpenelope2-040.jpg,3172274,f9ff8c04,\2016-10\Carol Penelope\,{TSP11~2016-10~45512523~Carol Penelope}
carolpenelope2-041.jpg,3533225,d9478b9e,\2016-10\Carol Penelope\,{TSP11~2016-10~45512523~Carol Penelope}
carolpenelope2-042.jpg,2673955,64ce2716,\2016-10\Carol Penelope\,{TSP11~2016-10~45512523~Carol Penelope}
carolpenelope2-043.jpg,3355653,82b853d0,\2016-10\Carol Penelope\,{TSP11~2016-10~45512523~Carol Penelope}
carolpenelope2-044.jpg,3417237,e3fc8513,\2016-10\Carol Penelope\,{TSP11~2016-10~45512523~Carol Penelope}
carolpenelope2-045.jpg,3482982,2f7ce0d1,\2016-10\Carol Penelope\,{TSP11~2016-10~45512523~Carol Penelope}
carolpenelope2-046.jpg,3530208,6c8ff1ae,\2016-10\Carol Penelope\,{TSP11~2016-10~45512523~Carol Penelope}
carolpenelope2-047.jpg,2707437,4cf88be6,\2016-10\Carol Penelope\,{TSP11~2016-10~45512523~Carol Penelope}
carolpenelope2-048.jpg,2795714,e50e6317,\2016-10\Carol Penelope\,{TSP11~2016-10~45512523~Carol Penelope}
carolpenelope2-049.jpg,3564243,aab371dd,\2016-10\Carol Penelope\,{TSP11~2016-10~45512523~Carol Penelope}
carolpenelope2-050.jpg,3330001,d575fdec,\2016-10\Carol Penelope\,{TSP11~2016-10~45512523~Carol Penelope}
carolpenelope2-051.jpg,3200548,8278a9fc,\2016-10\Carol Penelope\,{TSP11~2016-10~45512523~Carol Penelope}
carolpenelope2-052.jpg,3405593,73dde9be,\2016-10\Carol Penelope\,{TSP11~2016-10~45512523~Carol Penelope}
carolpenelope2-053.jpg,3197209,d438cf45,\2016-10\Carol Penelope\,{TSP11~2016-10~45512523~Carol Penelope}
carolpenelope2-054.jpg,3509647,c94bb154,\2016-10\Carol Penelope\,{TSP11~2016-10~45512523~Carol Penelope}
carolpenelope2-055.jpg,2892582,d3ce1280,\2016-10\Carol Penelope\,{TSP11~2016-10~45512523~Carol Penelope}
carolpenelope2-056.jpg,3711721,d49fdfbf,\2016-10\Carol Penelope\,{TSP11~2016-10~45512523~Carol Penelope}
carolpenelope2-057.jpg,3460380,2649e21b,\2016-10\Carol Penelope\,{TSP11~2016-10~45512523~Carol Penelope}
carolpenelope2-058.jpg,3102942,1146959a,\2016-10\Carol Penelope\,{TSP11~2016-10~45512523~Carol Penelope}
carolpenelope2-059.jpg,3063588,ee46059f,\2016-10\Carol Penelope\,{TSP11~2016-10~45512523~Carol Penelope}
carolpenelope2-060.jpg,2516931,76513912,\2016-10\Carol Penelope\,{TSP11~2016-10~45512523~Carol Penelope}
carolpenelope2-061.jpg,2580741,7f063722,\2016-10\Carol Penelope\,{TSP11~2016-10~45512523~Carol Penelope}
carolpenelope2-062.jpg,3092930,6908c287,\2016-10\Carol Penelope\,{TSP11~2016-10~45512523~Carol Penelope}
carolpenelope2-063.jpg,3479522,3224fc3b,\2016-10\Carol Penelope\,{TSP11~2016-10~45512523~Carol Penelope}
carolpenelope2-064.jpg,3347615,a8bde162,\2016-10\Carol Penelope\,{TSP11~2016-10~45512523~Carol Penelope}
carolpenelope2-065.jpg,2642615,3eefef42,\2016-10\Carol Penelope\,{TSP11~2016-10~45512523~Carol Penelope}
carolpenelope2-066.jpg,3521615,22fe9648,\2016-10\Carol Penelope\,{TSP11~2016-10~45512523~Carol Penelope}
carolpenelope2-067.jpg,3310313,572bf60c,\2016-10\Carol Penelope\,{TSP11~2016-10~45512523~Carol Penelope}
carolpenelope2-068.jpg,3081126,3717d52a,\2016-10\Carol Penelope\,{TSP11~2016-10~45512523~Carol Penelope}
carolpenelope2-069.jpg,2772997,7adb302d,\2016-10\Carol Penelope\,{TSP11~2016-10~45512523~Carol Penelope}
carolpenelope2-070.jpg,2977916,0ae08733,\2016-10\Carol Penelope\,{TSP11~2016-10~45512523~Carol Penelope}
carolpenelope2-071.jpg,3109940,24f4ec8b,\2016-10\Carol Penelope\,{TSP11~2016-10~45512523~Carol Penelope}
carolpenelope2-072.jpg,3713759,c6a00acb,\2016-10\Carol Penelope\,{TSP11~2016-10~45512523~Carol Penelope}
carolpenelope2-073.jpg,3384769,707dfec5,\2016-10\Carol Penelope\,{TSP11~2016-10~45512523~Carol Penelope}
carolpenelope2-074.jpg,3511880,a0d92a66,\2016-10\Carol Penelope\,{TSP11~2016-10~45512523~Carol Penelope}
carolpenelope2-075.jpg,2824695,c387b6df,\2016-10\Carol Penelope\,{TSP11~2016-10~45512523~Carol Penelope}
carolpenelope2-076.jpg,2778583,2b5024b3,\2016-10\Carol Penelope\,{TSP11~2016-10~45512523~Carol Penelope}
carolpenelope2-077.jpg,3332816,fe59aa1a,\2016-10\Carol Penelope\,{TSP11~2016-10~45512523~Carol Penelope}
carolpenelope2-078.jpg,2586495,ffb990ef,\2016-10\Carol Penelope\,{TSP11~2016-10~45512523~Carol Penelope}
carolpenelope2-079.jpg,2610778,edf6fedb,\2016-10\Carol Penelope\,{TSP11~2016-10~45512523~Carol Penelope}
carolpenelope2-080.jpg,2587847,8079b438,\2016-10\Carol Penelope\,{TSP11~2016-10~45512523~Carol Penelope}
carolpenelope2-081.jpg,3246625,39ee8f6c,\2016-10\Carol Penelope\,{TSP11~2016-10~45512523~Carol Penelope}
carolpenelope2-082.jpg,2563937,2ca2c687,\2016-10\Carol Penelope\,{TSP11~2016-10~45512523~Carol Penelope}
carolpenelope2-083.jpg,3049314,872cc514,\2016-10\Carol Penelope\,{TSP11~2016-10~45512523~Carol Penelope}
carolpenelope2-084.jpg,3339973,6db923ba,\2016-10\Carol Penelope\,{TSP11~2016-10~45512523~Carol Penelope}
carolpenelope2-085.jpg,3111738,833ec021,\2016-10\Carol Penelope\,{TSP11~2016-10~45512523~Carol Penelope}
carolpenelope2-086.jpg,3473836,87e6e796,\2016-10\Carol Penelope\,{TSP11~2016-10~45512523~Carol Penelope}
carolpenelope2-087.jpg,3505287,d9662eb1,\2016-10\Carol Penelope\,{TSP11~2016-10~45512523~Carol Penelope}
carolpenelope2-088.jpg,3111656,20d2e012,\2016-10\Carol Penelope\,{TSP11~2016-10~45512523~Carol Penelope}
carolpenelope2-089.jpg,3287577,a9fef65e,\2016-10\Carol Penelope\,{TSP11~2016-10~45512523~Carol Penelope}
carolpenelope2-090.jpg,3140823,6d502957,\2016-10\Carol Penelope\,{TSP11~2016-10~45512523~Carol Penelope}
carolpenelope2-091.jpg,3253864,fd3d9762,\2016-10\Carol Penelope\,{TSP11~2016-10~45512523~Carol Penelope}
carolpenelope2-092.jpg,3197768,dd6aac75,\2016-10\Carol Penelope\,{TSP11~2016-10~45512523~Carol Penelope}
carolpenelope2-093.jpg,2574384,ecf20b03,\2016-10\Carol Penelope\,{TSP11~2016-10~45512523~Carol Penelope}
carolpenelope2-094.jpg,3413518,e85cb56d,\2016-10\Carol Penelope\,{TSP11~2016-10~45512523~Carol Penelope}
carolpenelope2-095.jpg,3440147,b2a456eb,\2016-10\Carol Penelope\,{TSP11~2016-10~45512523~Carol Penelope}
carolpenelope2-096.jpg,3485244,71513b81,\2016-10\Carol Penelope\,{TSP11~2016-10~45512523~Carol Penelope}
carolpenelope2-097.jpg,2552532,0899e135,\2016-10\Carol Penelope\,{TSP11~2016-10~45512523~Carol Penelope}
carolpenelope2-098.jpg,3278595,97360f55,\2016-10\Carol Penelope\,{TSP11~2016-10~45512523~Carol Penelope}
carolpenelope2-099.jpg,2642253,ed4b55c0,\2016-10\Carol Penelope\,{TSP11~2016-10~45512523~Carol Penelope}
carolpenelope2-100.jpg,2624311,3c045693,\2016-10\Carol Penelope\,{TSP11~2016-10~45512523~Carol Penelope}
carolpenelope2-101.jpg,2773819,03a3a40a,\2016-10\Carol Penelope\,{TSP11~2016-10~45512523~Carol Penelope}
carolpenelope2-102.jpg,3329919,5d1e0632,\2016-10\Carol Penelope\,{TSP11~2016-10~45512523~Carol Penelope}
carolpenelope2-103.jpg,2702055,67e5fda8,\2016-10\Carol Penelope\,{TSP11~2016-10~45512523~Carol Penelope}
carolpenelope2-104.jpg,2849339,6bae5e0b,\2016-10\Carol Penelope\,{TSP11~2016-10~45512523~Carol Penelope}
carolpenelope2-105.jpg,2581704,3d99a0e6,\2016-10\Carol Penelope\,{TSP11~2016-10~45512523~Carol Penelope}
carolpenelope2-106.jpg,2593878,7c555371,\2016-10\Carol Penelope\,{TSP11~2016-10~45512523~Carol Penelope}
carolpenelope2-107.jpg,2681506,d4eca5b3,\2016-10\Carol Penelope\,{TSP11~2016-10~45512523~Carol Penelope}
carolpenelope2-108.jpg,2788322,8902da68,\2016-10\Carol Penelope\,{TSP11~2016-10~45512523~Carol Penelope}
carolpenelope2-109.jpg,2913644,1ba64797,\2016-10\Carol Penelope\,{TSP11~2016-10~45512523~Carol Penelope}
carolpenelope2-110.jpg,2868154,361a42ea,\2016-10\Carol Penelope\,{TSP11~2016-10~45512523~Carol Penelope}
carolpenelope2-111.jpg,2888932,fc9e2bff,\2016-10\Carol Penelope\,{TSP11~2016-10~45512523~Carol Penelope}
carolpenelope2-112.jpg,2805738,11efb8a2,\2016-10\Carol Penelope\,{TSP11~2016-10~45512523~Carol Penelope}
carolpenelope2-113.jpg,2996202,b1ddc3b5,\2016-10\Carol Penelope\,{TSP11~2016-10~45512523~Carol Penelope}
carolpenelope2-114.jpg,2769601,5180eb90,\2016-10\Carol Penelope\,{TSP11~2016-10~45512523~Carol Penelope}
carolpenelope2-115.jpg,2550997,b35eac00,\2016-10\Carol Penelope\,{TSP11~2016-10~45512523~Carol Penelope}
carolpenelope2-116.jpg,2575790,5d1be431,\2016-10\Carol Penelope\,{TSP11~2016-10~45512523~Carol Penelope}
carolpenelope2-117.jpg,2631104,66dd0d3b,\2016-10\Carol Penelope\,{TSP11~2016-10~45512523~Carol Penelope}
carolpenelope2-118.jpg,2628538,b331cea8,\2016-10\Carol Penelope\,{TSP11~2016-10~45512523~Carol Penelope}
carolpenelope2-119.jpg,2580372,106138d0,\2016-10\Carol Penelope\,{TSP11~2016-10~45512523~Carol Penelope}
carolpenelope2-120.jpg,2630179,e8901008,\2016-10\Carol Penelope\,{TSP11~2016-10~45512523~Carol Penelope}
carolpenelope2-121.jpg,2543279,382c8782,\2016-10\Carol Penelope\,{TSP11~2016-10~45512523~Carol Penelope}
carolpenelope2-122.jpg,2955425,0c4d927f,\2016-10\Carol Penelope\,{TSP11~2016-10~45512523~Carol Penelope}
carolpenelope2-123.jpg,2736244,f12e3567,\2016-10\Carol Penelope\,{TSP11~2016-10~45512523~Carol Penelope}
carolpenelope2-124.jpg,2702061,f9be18bc,\2016-10\Carol Penelope\,{TSP11~2016-10~45512523~Carol Penelope}
carolpenelope2-125.jpg,2633989,b9fce395,\2016-10\Carol Penelope\,{TSP11~2016-10~45512523~Carol Penelope}
carolpenelope2-126.jpg,2630779,10bddfcf,\2016-10\Carol Penelope\,{TSP11~2016-10~45512523~Carol Penelope}
carolpenelope2-127.jpg,3808449,d46672cf,\2016-10\Carol Penelope\,{TSP11~2016-10~45512523~Carol Penelope}
carolpenelope2-128.jpg,2988026,bca5977b,\2016-10\Carol Penelope\,{TSP11~2016-10~45512523~Carol Penelope}
carolpenelope2-129.jpg,2909785,331b9f28,\2016-10\Carol Penelope\,{TSP11~2016-10~45512523~Carol Penelope}
carolpenelope2-130.jpg,3285041,e1a817fe,\2016-10\Carol Penelope\,{TSP11~2016-10~45512523~Carol Penelope}
carolpenelope2-131.jpg,3192338,609cb266,\2016-10\Carol Penelope\,{TSP11~2016-10~45512523~Carol Penelope}
carolpenelope2-132.jpg,3296874,f8989f20,\2016-10\Carol Penelope\,{TSP11~2016-10~45512523~Carol Penelope}
carolpenelope2-133.jpg,2948387,51f65d16,\2016-10\Carol Penelope\,{TSP11~2016-10~45512523~Carol Penelope}
carolpenelope2-134.jpg,2722419,0d93ba0d,\2016-10\Carol Penelope\,{TSP11~2016-10~45512523~Carol Penelope}
carolpenelope2-135.jpg,2803969,9a3716e1,\2016-10\Carol Penelope\,{TSP11~2016-10~45512523~Carol Penelope}
carolpenelope2-136.jpg,2721241,329693f9,\2016-10\Carol Penelope\,{TSP11~2016-10~45512523~Carol Penelope}
carolpenelope2-137.jpg,2969969,4fb27600,\2016-10\Carol Penelope\,{TSP11~2016-10~45512523~Carol Penelope}
carolpenelope2-138.jpg,2744858,ac179443,\2016-10\Carol Penelope\,{TSP11~2016-10~45512523~Carol Penelope}
carolpenelope2-139.jpg,2751684,b5841b7e,\2016-10\Carol Penelope\,{TSP11~2016-10~45512523~Carol Penelope}
carolpenelope2-140.jpg,3031459,9c4229ee,\2016-10\Carol Penelope\,{TSP11~2016-10~45512523~Carol Penelope}
carolpenelope2-141.jpg,2864947,4f511667,\2016-10\Carol Penelope\,{TSP11~2016-10~45512523~Carol Penelope}
carolpenelope2-142.jpg,2693486,ce02078f,\2016-10\Carol Penelope\,{TSP11~2016-10~45512523~Carol Penelope}
carolpenelope2-143.jpg,2781398,cdc6a4a1,\2016-10\Carol Penelope\,{TSP11~2016-10~45512523~Carol Penelope}
carolpenelope2-144.jpg,2938049,1073d4d9,\2016-10\Carol Penelope\,{TSP11~2016-10~45512523~Carol Penelope}
carolpenelope2-145.jpg,3103964,515832f9,\2016-10\Carol Penelope\,{TSP11~2016-10~45512523~Carol Penelope}
carolpenelope2-146.jpg,3125593,ecdd6dae,\2016-10\Carol Penelope\,{TSP11~2016-10~45512523~Carol Penelope}
carolpenelope2-147.jpg,2960336,230179dd,\2016-10\Carol Penelope\,{TSP11~2016-10~45512523~Carol Penelope}
carolpenelope2-148.jpg,2996586,688b4198,\2016-10\Carol Penelope\,{TSP11~2016-10~45512523~Carol Penelope}
carolpenelope2-149.jpg,2800673,f5fe36f7,\2016-10\Carol Penelope\,{TSP11~2016-10~45512523~Carol Penelope}
carolpenelope2-150.jpg,2863817,7533952a,\2016-10\Carol Penelope\,{TSP11~2016-10~45512523~Carol Penelope}
carolpenelope2-151.jpg,2809495,b54ccbce,\2016-10\Carol Penelope\,{TSP11~2016-10~45512523~Carol Penelope}
carolpenelope2-152.jpg,2721503,5de81e29,\2016-10\Carol Penelope\,{TSP11~2016-10~45512523~Carol Penelope}
carolpenelope2-153.jpg,2555851,a51a52ac,\2016-10\Carol Penelope\,{TSP11~2016-10~45512523~Carol Penelope}
carolpenelope2-154.jpg,2787952,c7b4a9fc,\2016-10\Carol Penelope\,{TSP11~2016-10~45512523~Carol Penelope}
carolpenelope2-155.jpg,2975125,f807542a,\2016-10\Carol Penelope\,{TSP11~2016-10~45512523~Carol Penelope}
carolpenelope2-156.jpg,2753230,f9e29a28,\2016-10\Carol Penelope\,{TSP11~2016-10~45512523~Carol Penelope}
carolpenelope2-157.jpg,2689297,3a5a6c36,\2016-10\Carol Penelope\,{TSP11~2016-10~45512523~Carol Penelope}
carolpenelope2-158.jpg,2745274,e1a0fe4d,\2016-10\Carol Penelope\,{TSP11~2016-10~45512523~Carol Penelope}
carolpenelope2-159.jpg,2557040,7ac789eb,\2016-10\Carol Penelope\,{TSP11~2016-10~45512523~Carol Penelope}
carolpenelope2-160.jpg,2430245,3a2a5e10,\2016-10\Carol Penelope\,{TSP11~2016-10~45512523~Carol Penelope}
carolpenelope2-161.jpg,2674695,eb9fd02e,\2016-10\Carol Penelope\,{TSP11~2016-10~45512523~Carol Penelope}
carolpenelope2-162.jpg,2502622,acc8bbdd,\2016-10\Carol Penelope\,{TSP11~2016-10~45512523~Carol Penelope}
carolpenelope2-163.jpg,2756583,23fd3068,\2016-10\Carol Penelope\,{TSP11~2016-10~45512523~Carol Penelope}
carolpenelope2-164.jpg,2475131,d1fecf9f,\2016-10\Carol Penelope\,{TSP11~2016-10~45512523~Carol Penelope}
carolpenelope2-165.jpg,2746462,78ac037f,\2016-10\Carol Penelope\,{TSP11~2016-10~45512523~Carol Penelope}
carolpenelope2-166.jpg,2617185,fec96381,\2016-10\Carol Penelope\,{TSP11~2016-10~45512523~Carol Penelope}
carolpenelope2-167.jpg,2817132,f96fbdd1,\2016-10\Carol Penelope\,{TSP11~2016-10~45512523~Carol Penelope}
carolpenelope2-168.jpg,2810780,f17c9acc,\2016-10\Carol Penelope\,{TSP11~2016-10~45512523~Carol Penelope}
carolpenelope2-169.jpg,2694528,543b4f92,\2016-10\Carol Penelope\,{TSP11~2016-10~45512523~Carol Penelope}
carolpenelope2-170.jpg,2786676,e395b74d,\2016-10\Carol Penelope\,{TSP11~2016-10~45512523~Carol Penelope}
carolpenelope2-171.jpg,2770609,1bc05c26,\2016-10\Carol Penelope\,{TSP11~2016-10~45512523~Carol Penelope}
carolpenelope2-172.jpg,2753674,a8d32987,\2016-10\Carol Penelope\,{TSP11~2016-10~45512523~Carol Penelope}
carolpenelope2-173.jpg,2981569,007c9ae0,\2016-10\Carol Penelope\,{TSP11~2016-10~45512523~Carol Penelope}
carolpenelope2-174.jpg,2636222,c78af56c,\2016-10\Carol Penelope\,{TSP11~2016-10~45512523~Carol Penelope}
carolpenelope2-175.jpg,2768185,826af3c3,\2016-10\Carol Penelope\,{TSP11~2016-10~45512523~Carol Penelope}
carolpenelope2-176.jpg,2753182,c2f647d3,\2016-10\Carol Penelope\,{TSP11~2016-10~45512523~Carol Penelope}
carolpenelope2-177.jpg,2441621,2aa7940a,\2016-10\Carol Penelope\,{TSP11~2016-10~45512523~Carol Penelope}
carolpenelope2-178.jpg,3038129,bdb2d419,\2016-10\Carol Penelope\,{TSP11~2016-10~45512523~Carol Penelope}
carolpenelope2-179.jpg,2633975,0aff98d6,\2016-10\Carol Penelope\,{TSP11~2016-10~45512523~Carol Penelope}
carolpenelope2-180.jpg,2781247,49c5a5c2,\2016-10\Carol Penelope\,{TSP11~2016-10~45512523~Carol Penelope}
carolpenelope2-181.jpg,2700407,dab2b23f,\2016-10\Carol Penelope\,{TSP11~2016-10~45512523~Carol Penelope}
carolpenelope2-182.jpg,2570146,7c838ad9,\2016-10\Carol Penelope\,{TSP11~2016-10~45512523~Carol Penelope}
carolpenelope2-183.jpg,2578779,e72446b6,\2016-10\Carol Penelope\,{TSP11~2016-10~45512523~Carol Penelope}
carolpenelope2-184.jpg,3120637,a99ddcb6,\2016-10\Carol Penelope\,{TSP11~2016-10~45512523~Carol Penelope}
carolpenelope2-185.jpg,2950078,4231ad58,\2016-10\Carol Penelope\,{TSP11~2016-10~45512523~Carol Penelope}
carolpenelope2-186.jpg,2837457,cafa07be,\2016-10\Carol Penelope\,{TSP11~2016-10~45512523~Carol Penelope}
carolpenelope2-187.jpg,2852136,240544fe,\2016-10\Carol Penelope\,{TSP11~2016-10~45512523~Carol Penelope}
carolpenelope2-188.jpg,2972173,7b637a89,\2016-10\Carol Penelope\,{TSP11~2016-10~45512523~Carol Penelope}
carolpenelope2-189.jpg,3022999,2d5ca353,\2016-10\Carol Penelope\,{TSP11~2016-10~45512523~Carol Penelope}
carolpenelope2-190.jpg,2718676,1763198b,\2016-10\Carol Penelope\,{TSP11~2016-10~45512523~Carol Penelope}
carolpenelope2-191.jpg,3123252,524f89b7,\2016-10\Carol Penelope\,{TSP11~2016-10~45512523~Carol Penelope}
carolpenelope2-192.jpg,3082347,bf07b8fe,\2016-10\Carol Penelope\,{TSP11~2016-10~45512523~Carol Penelope}
carolpenelope2-193.jpg,2667136,9ec65965,\2016-10\Carol Penelope\,{TSP11~2016-10~45512523~Carol Penelope}
carolpenelope2-194.jpg,2669992,fcc988b8,\2016-10\Carol Penelope\,{TSP11~2016-10~45512523~Carol Penelope}
carolpenelope2-195.jpg,2667083,1b385d78,\2016-10\Carol Penelope\,{TSP11~2016-10~45512523~Carol Penelope}
carolpenelope2-196.jpg,2653876,4e6bed58,\2016-10\Carol Penelope\,{TSP11~2016-10~45512523~Carol Penelope}
carolpenelope2-197.jpg,2488745,e5a0eb99,\2016-10\Carol Penelope\,{TSP11~2016-10~45512523~Carol Penelope}
carolpenelope2-198.jpg,2687242,fe5c31fe,\2016-10\Carol Penelope\,{TSP11~2016-10~45512523~Carol Penelope}
carolpenelope2-199.jpg,2591411,8520b293,\2016-10\Carol Penelope\,{TSP11~2016-10~45512523~Carol Penelope}
carolpenelope2-200.jpg,2626806,b62d612f,\2016-10\Carol Penelope\,{TSP11~2016-10~45512523~Carol Penelope}
carolpenelope2-201.jpg,3037715,3a947163,\2016-10\Carol Penelope\,{TSP11~2016-10~45512523~Carol Penelope}
carolpenelope2-202.jpg,3089624,9a1b7966,\2016-10\Carol Penelope\,{TSP11~2016-10~45512523~Carol Penelope}
carolpenelope2-203.jpg,2961041,fdc1fcdf,\2016-10\Carol Penelope\,{TSP11~2016-10~45512523~Carol Penelope}
carolpenelope2-204.jpg,2888135,867dd06c,\2016-10\Carol Penelope\,{TSP11~2016-10~45512523~Carol Penelope}
carolpenelope2-205.jpg,2529499,9883710d,\2016-10\Carol Penelope\,{TSP11~2016-10~45512523~Carol Penelope}
carolpenelope2-206.jpg,2842544,4279f856,\2016-10\Carol Penelope\,{TSP11~2016-10~45512523~Carol Penelope}
carolpenelope2-207.jpg,2720677,57f5bba0,\2016-10\Carol Penelope\,{TSP11~2016-10~45512523~Carol Penelope}
carolpenelope2-208.jpg,2722301,521ba02f,\2016-10\Carol Penelope\,{TSP11~2016-10~45512523~Carol Penelope}
carolpenelope2-209.jpg,2911439,8f8be9e9,\2016-10\Carol Penelope\,{TSP11~2016-10~45512523~Carol Penelope}
carolpenelope2-210.jpg,2821560,57842ad9,\2016-10\Carol Penelope\,{TSP11~2016-10~45512523~Carol Penelope}
carolpenelope2-211.jpg,2911528,0e20692a,\2016-10\Carol Penelope\,{TSP11~2016-10~45512523~Carol Penelope}
barbaraperez-001.jpg,3179477,c5515b74,\2016-11\Barbara Perez\,{TSP11~2016-11~46347524~Barbara Perez}
barbaraperez-002.jpg,3334559,78e65485,\2016-11\Barbara Perez\,{TSP11~2016-11~46347524~Barbara Perez}
barbaraperez-003.jpg,3610515,6d5b767b,\2016-11\Barbara Perez\,{TSP11~2016-11~46347524~Barbara Perez}
barbaraperez-004.jpg,3153079,a1bd110d,\2016-11\Barbara Perez\,{TSP11~2016-11~46347524~Barbara Perez}
barbaraperez-005.jpg,3978065,4ea51749,\2016-11\Barbara Perez\,{TSP11~2016-11~46347524~Barbara Perez}
barbaraperez-006.jpg,3340202,8836ed94,\2016-11\Barbara Perez\,{TSP11~2016-11~46347524~Barbara Perez}
barbaraperez-007.jpg,2777108,e026ada9,\2016-11\Barbara Perez\,{TSP11~2016-11~46347524~Barbara Perez}
barbaraperez-008.jpg,2552629,85f71c19,\2016-11\Barbara Perez\,{TSP11~2016-11~46347524~Barbara Perez}
barbaraperez-009.jpg,3554234,0e1d3020,\2016-11\Barbara Perez\,{TSP11~2016-11~46347524~Barbara Perez}
barbaraperez-010.jpg,3759530,dd9b125b,\2016-11\Barbara Perez\,{TSP11~2016-11~46347524~Barbara Perez}
barbaraperez-011.jpg,3097020,08ea4eef,\2016-11\Barbara Perez\,{TSP11~2016-11~46347524~Barbara Perez}
barbaraperez-012.jpg,4179290,4bacc4c8,\2016-11\Barbara Perez\,{TSP11~2016-11~46347524~Barbara Perez}
barbaraperez-013.jpg,3457004,247172cc,\2016-11\Barbara Perez\,{TSP11~2016-11~46347524~Barbara Perez}
barbaraperez-014.jpg,3084484,252869fc,\2016-11\Barbara Perez\,{TSP11~2016-11~46347524~Barbara Perez}
barbaraperez-015.jpg,3470252,ca49d41f,\2016-11\Barbara Perez\,{TSP11~2016-11~46347524~Barbara Perez}
barbaraperez-016.jpg,3267050,bff47562,\2016-11\Barbara Perez\,{TSP11~2016-11~46347524~Barbara Perez}
barbaraperez-017.jpg,3031918,756f47ca,\2016-11\Barbara Perez\,{TSP11~2016-11~46347524~Barbara Perez}
barbaraperez-018.jpg,3362517,8fc20f9e,\2016-11\Barbara Perez\,{TSP11~2016-11~46347524~Barbara Perez}
barbaraperez-019.jpg,3273201,8c7a7ffe,\2016-11\Barbara Perez\,{TSP11~2016-11~46347524~Barbara Perez}
barbaraperez-020.jpg,3501539,888be0e8,\2016-11\Barbara Perez\,{TSP11~2016-11~46347524~Barbara Perez}
barbaraperez-021.jpg,3261594,807d6841,\2016-11\Barbara Perez\,{TSP11~2016-11~46347524~Barbara Perez}
barbaraperez-022.jpg,3236597,f696e2bb,\2016-11\Barbara Perez\,{TSP11~2016-11~46347524~Barbara Perez}
barbaraperez-023.jpg,3163229,cc2c5437,\2016-11\Barbara Perez\,{TSP11~2016-11~46347524~Barbara Perez}
barbaraperez-024.jpg,3314982,9bb75be6,\2016-11\Barbara Perez\,{TSP11~2016-11~46347524~Barbara Perez}
barbaraperez-025.jpg,3214493,8e9c8f54,\2016-11\Barbara Perez\,{TSP11~2016-11~46347524~Barbara Perez}
barbaraperez-026.jpg,3466243,538c8e8b,\2016-11\Barbara Perez\,{TSP11~2016-11~46347524~Barbara Perez}
barbaraperez-027.jpg,2993033,fe05dda1,\2016-11\Barbara Perez\,{TSP11~2016-11~46347524~Barbara Perez}
barbaraperez-028.jpg,2830160,aa474295,\2016-11\Barbara Perez\,{TSP11~2016-11~46347524~Barbara Perez}
barbaraperez-029.jpg,3081133,338cf616,\2016-11\Barbara Perez\,{TSP11~2016-11~46347524~Barbara Perez}
barbaraperez-030.jpg,3284290,4d86082f,\2016-11\Barbara Perez\,{TSP11~2016-11~46347524~Barbara Perez}
barbaraperez-031.jpg,3169538,b148ad58,\2016-11\Barbara Perez\,{TSP11~2016-11~46347524~Barbara Perez}
barbaraperez-032.jpg,3618248,d4770983,\2016-11\Barbara Perez\,{TSP11~2016-11~46347524~Barbara Perez}
barbaraperez-033.jpg,3343604,64d147dc,\2016-11\Barbara Perez\,{TSP11~2016-11~46347524~Barbara Perez}
barbaraperez-034.jpg,3080835,cdd925d3,\2016-11\Barbara Perez\,{TSP11~2016-11~46347524~Barbara Perez}
barbaraperez-035.jpg,3125580,a8b07ad9,\2016-11\Barbara Perez\,{TSP11~2016-11~46347524~Barbara Perez}
barbaraperez-036.jpg,2479223,8246432c,\2016-11\Barbara Perez\,{TSP11~2016-11~46347524~Barbara Perez}
barbaraperez-037.jpg,2990779,2769ced3,\2016-11\Barbara Perez\,{TSP11~2016-11~46347524~Barbara Perez}
barbaraperez-038.jpg,3767629,87f57af2,\2016-11\Barbara Perez\,{TSP11~2016-11~46347524~Barbara Perez}
barbaraperez-039.jpg,2735657,52b771ae,\2016-11\Barbara Perez\,{TSP11~2016-11~46347524~Barbara Perez}
barbaraperez-040.jpg,3352652,2dcfd120,\2016-11\Barbara Perez\,{TSP11~2016-11~46347524~Barbara Perez}
barbaraperez-041.jpg,3434292,43690433,\2016-11\Barbara Perez\,{TSP11~2016-11~46347524~Barbara Perez}
barbaraperez-042.jpg,3376165,53ad1ba2,\2016-11\Barbara Perez\,{TSP11~2016-11~46347524~Barbara Perez}
barbaraperez-043.jpg,2565574,82227283,\2016-11\Barbara Perez\,{TSP11~2016-11~46347524~Barbara Perez}
barbaraperez-044.jpg,3331262,2268f963,\2016-11\Barbara Perez\,{TSP11~2016-11~46347524~Barbara Perez}
barbaraperez-045.jpg,3027003,744aa181,\2016-11\Barbara Perez\,{TSP11~2016-11~46347524~Barbara Perez}
barbaraperez-046.jpg,3757753,df7f47f4,\2016-11\Barbara Perez\,{TSP11~2016-11~46347524~Barbara Perez}
barbaraperez-047.jpg,3528146,725b7cf3,\2016-11\Barbara Perez\,{TSP11~2016-11~46347524~Barbara Perez}
barbaraperez-048.jpg,2710230,75cf8929,\2016-11\Barbara Perez\,{TSP11~2016-11~46347524~Barbara Perez}
barbaraperez-049.jpg,2848364,34884c3c,\2016-11\Barbara Perez\,{TSP11~2016-11~46347524~Barbara Perez}
barbaraperez-050.jpg,3057626,ce4d35f3,\2016-11\Barbara Perez\,{TSP11~2016-11~46347524~Barbara Perez}
barbaraperez-051.jpg,2575411,242450fe,\2016-11\Barbara Perez\,{TSP11~2016-11~46347524~Barbara Perez}
barbaraperez-052.jpg,3294165,82cd3e1d,\2016-11\Barbara Perez\,{TSP11~2016-11~46347524~Barbara Perez}
barbaraperez-053.jpg,3372425,f7590cad,\2016-11\Barbara Perez\,{TSP11~2016-11~46347524~Barbara Perez}
barbaraperez-054.jpg,3129673,f3b43644,\2016-11\Barbara Perez\,{TSP11~2016-11~46347524~Barbara Perez}
barbaraperez-055.jpg,3404894,688e3079,\2016-11\Barbara Perez\,{TSP11~2016-11~46347524~Barbara Perez}
barbaraperez-056.jpg,3611795,9aaf2049,\2016-11\Barbara Perez\,{TSP11~2016-11~46347524~Barbara Perez}
barbaraperez-057.jpg,3702646,bef6f8dc,\2016-11\Barbara Perez\,{TSP11~2016-11~46347524~Barbara Perez}
barbaraperez-058.jpg,3877617,202c3720,\2016-11\Barbara Perez\,{TSP11~2016-11~46347524~Barbara Perez}
barbaraperez-059.jpg,3086629,ebb07557,\2016-11\Barbara Perez\,{TSP11~2016-11~46347524~Barbara Perez}
barbaraperez-060.jpg,3166765,2b6b5c44,\2016-11\Barbara Perez\,{TSP11~2016-11~46347524~Barbara Perez}
barbaraperez-061.jpg,3045436,0d70940d,\2016-11\Barbara Perez\,{TSP11~2016-11~46347524~Barbara Perez}
barbaraperez-062.jpg,3081420,aa67154c,\2016-11\Barbara Perez\,{TSP11~2016-11~46347524~Barbara Perez}
barbaraperez-063.jpg,3037407,5eb2d014,\2016-11\Barbara Perez\,{TSP11~2016-11~46347524~Barbara Perez}
barbaraperez-064.jpg,3353471,8ce3bffd,\2016-11\Barbara Perez\,{TSP11~2016-11~46347524~Barbara Perez}
barbaraperez-065.jpg,2840735,55c8d11e,\2016-11\Barbara Perez\,{TSP11~2016-11~46347524~Barbara Perez}
barbaraperez-066.jpg,3445518,ec452f70,\2016-11\Barbara Perez\,{TSP11~2016-11~46347524~Barbara Perez}
barbaraperez-067.jpg,3177831,96494791,\2016-11\Barbara Perez\,{TSP11~2016-11~46347524~Barbara Perez}
barbaraperez-068.jpg,2924188,2830585b,\2016-11\Barbara Perez\,{TSP11~2016-11~46347524~Barbara Perez}
barbaraperez-069.jpg,3254970,cb1d9c05,\2016-11\Barbara Perez\,{TSP11~2016-11~46347524~Barbara Perez}
barbaraperez-070.jpg,3437570,5f047213,\2016-11\Barbara Perez\,{TSP11~2016-11~46347524~Barbara Perez}
barbaraperez-071.jpg,3006350,022da29c,\2016-11\Barbara Perez\,{TSP11~2016-11~46347524~Barbara Perez}
barbaraperez-072.jpg,2975117,0d27c4ad,\2016-11\Barbara Perez\,{TSP11~2016-11~46347524~Barbara Perez}
barbaraperez-073.jpg,2763091,c2a62d46,\2016-11\Barbara Perez\,{TSP11~2016-11~46347524~Barbara Perez}
barbaraperez-074.jpg,2873092,b00fc699,\2016-11\Barbara Perez\,{TSP11~2016-11~46347524~Barbara Perez}
barbaraperez-075.jpg,3057389,21046117,\2016-11\Barbara Perez\,{TSP11~2016-11~46347524~Barbara Perez}
barbaraperez-076.jpg,2824711,36815af1,\2016-11\Barbara Perez\,{TSP11~2016-11~46347524~Barbara Perez}
barbaraperez-077.jpg,2744781,1e6baae8,\2016-11\Barbara Perez\,{TSP11~2016-11~46347524~Barbara Perez}
barbaraperez-078.jpg,3185165,5b170ca2,\2016-11\Barbara Perez\,{TSP11~2016-11~46347524~Barbara Perez}
barbaraperez-079.jpg,3249041,1233b8d6,\2016-11\Barbara Perez\,{TSP11~2016-11~46347524~Barbara Perez}
barbaraperez-080.jpg,3014402,d91fa69a,\2016-11\Barbara Perez\,{TSP11~2016-11~46347524~Barbara Perez}
barbaraperez-081.jpg,3082893,88b4b02c,\2016-11\Barbara Perez\,{TSP11~2016-11~46347524~Barbara Perez}
barbaraperez-082.jpg,3189667,be66e272,\2016-11\Barbara Perez\,{TSP11~2016-11~46347524~Barbara Perez}
barbaraperez-083.jpg,3301685,accd2a56,\2016-11\Barbara Perez\,{TSP11~2016-11~46347524~Barbara Perez}
barbaraperez-084.jpg,3056828,48e727cf,\2016-11\Barbara Perez\,{TSP11~2016-11~46347524~Barbara Perez}
barbaraperez-085.jpg,2962147,dc13c186,\2016-11\Barbara Perez\,{TSP11~2016-11~46347524~Barbara Perez}
barbaraperez-086.jpg,2899852,4af37b5c,\2016-11\Barbara Perez\,{TSP11~2016-11~46347524~Barbara Perez}
barbaraperez-087.jpg,3209766,26bb9783,\2016-11\Barbara Perez\,{TSP11~2016-11~46347524~Barbara Perez}
barbaraperez-088.jpg,2947626,bb332ed5,\2016-11\Barbara Perez\,{TSP11~2016-11~46347524~Barbara Perez}
barbaraperez-089.jpg,3046086,4d5dc43e,\2016-11\Barbara Perez\,{TSP11~2016-11~46347524~Barbara Perez}
barbaraperez-090.jpg,3612166,d6dd5cf8,\2016-11\Barbara Perez\,{TSP11~2016-11~46347524~Barbara Perez}
barbaraperez-091.jpg,3704549,21412573,\2016-11\Barbara Perez\,{TSP11~2016-11~46347524~Barbara Perez}
barbaraperez-092.jpg,3604155,11309351,\2016-11\Barbara Perez\,{TSP11~2016-11~46347524~Barbara Perez}
barbaraperez-093.jpg,3002691,84909559,\2016-11\Barbara Perez\,{TSP11~2016-11~46347524~Barbara Perez}
barbaraperez-094.jpg,2882435,15c00c9b,\2016-11\Barbara Perez\,{TSP11~2016-11~46347524~Barbara Perez}
barbaraperez-095.jpg,3274155,a69c7efe,\2016-11\Barbara Perez\,{TSP11~2016-11~46347524~Barbara Perez}
barbaraperez-096.jpg,3038200,5186a3b6,\2016-11\Barbara Perez\,{TSP11~2016-11~46347524~Barbara Perez}
barbaraperez-097.jpg,3367638,fbf4c1f6,\2016-11\Barbara Perez\,{TSP11~2016-11~46347524~Barbara Perez}
barbaraperez-098.jpg,3271455,5d752458,\2016-11\Barbara Perez\,{TSP11~2016-11~46347524~Barbara Perez}
barbaraperez-099.jpg,3236047,b30739f7,\2016-11\Barbara Perez\,{TSP11~2016-11~46347524~Barbara Perez}
barbaraperez-100.jpg,3398804,bb9fc521,\2016-11\Barbara Perez\,{TSP11~2016-11~46347524~Barbara Perez}
barbaraperez-101.jpg,3439461,75186ae4,\2016-11\Barbara Perez\,{TSP11~2016-11~46347524~Barbara Perez}
barbaraperez-102.jpg,3566053,3e1d9dca,\2016-11\Barbara Perez\,{TSP11~2016-11~46347524~Barbara Perez}
barbaraperez-103.jpg,3081646,e83570fe,\2016-11\Barbara Perez\,{TSP11~2016-11~46347524~Barbara Perez}
barbaraperez-104.jpg,3011075,ef3b6ba2,\2016-11\Barbara Perez\,{TSP11~2016-11~46347524~Barbara Perez}
barbaraperez-105.jpg,3624166,138fa731,\2016-11\Barbara Perez\,{TSP11~2016-11~46347524~Barbara Perez}
barbaraperez-106.jpg,3613410,000927c9,\2016-11\Barbara Perez\,{TSP11~2016-11~46347524~Barbara Perez}
barbaraperez-107.jpg,3355185,ebd711fc,\2016-11\Barbara Perez\,{TSP11~2016-11~46347524~Barbara Perez}
barbaraperez-108.jpg,2946257,aa31fc17,\2016-11\Barbara Perez\,{TSP11~2016-11~46347524~Barbara Perez}
barbaraperez-109.jpg,3434236,1264d66c,\2016-11\Barbara Perez\,{TSP11~2016-11~46347524~Barbara Perez}
barbaraperez-110.jpg,3483901,317a5ee4,\2016-11\Barbara Perez\,{TSP11~2016-11~46347524~Barbara Perez}
barbaraperez-111.jpg,3553308,6ebe61d8,\2016-11\Barbara Perez\,{TSP11~2016-11~46347524~Barbara Perez}
barbaraperez-112.jpg,3295658,234177a8,\2016-11\Barbara Perez\,{TSP11~2016-11~46347524~Barbara Perez}
barbaraperez-113.jpg,3495629,73a577d0,\2016-11\Barbara Perez\,{TSP11~2016-11~46347524~Barbara Perez}
barbaraperez-114.jpg,2734567,a8643f94,\2016-11\Barbara Perez\,{TSP11~2016-11~46347524~Barbara Perez}
barbaraperez-115.jpg,2835858,b28d513a,\2016-11\Barbara Perez\,{TSP11~2016-11~46347524~Barbara Perez}
barbaraperez-116.jpg,3113300,1612f259,\2016-11\Barbara Perez\,{TSP11~2016-11~46347524~Barbara Perez}
barbaraperez-117.jpg,2619528,f86ed525,\2016-11\Barbara Perez\,{TSP11~2016-11~46347524~Barbara Perez}
barbaraperez-118.jpg,2664330,8d370e8f,\2016-11\Barbara Perez\,{TSP11~2016-11~46347524~Barbara Perez}
barbaraperez-119.jpg,3011253,c68b7365,\2016-11\Barbara Perez\,{TSP11~2016-11~46347524~Barbara Perez}
barbaraperez-120.jpg,2887985,31b9e5c9,\2016-11\Barbara Perez\,{TSP11~2016-11~46347524~Barbara Perez}
barbaraperez-121.jpg,3648736,caca1845,\2016-11\Barbara Perez\,{TSP11~2016-11~46347524~Barbara Perez}
barbaraperez-122.jpg,2650726,9feba53b,\2016-11\Barbara Perez\,{TSP11~2016-11~46347524~Barbara Perez}
barbaraperez-123.jpg,3156315,50679bca,\2016-11\Barbara Perez\,{TSP11~2016-11~46347524~Barbara Perez}
barbaraperez-124.jpg,3418235,952fd61c,\2016-11\Barbara Perez\,{TSP11~2016-11~46347524~Barbara Perez}
barbaraperez-125.jpg,3411382,bdd3b372,\2016-11\Barbara Perez\,{TSP11~2016-11~46347524~Barbara Perez}
barbaraperez-126.jpg,2971585,83e73ae2,\2016-11\Barbara Perez\,{TSP11~2016-11~46347524~Barbara Perez}
barbaraperez-127.jpg,3235588,6b6fa80d,\2016-11\Barbara Perez\,{TSP11~2016-11~46347524~Barbara Perez}
barbaraperez-128.jpg,3036618,0e4c2a10,\2016-11\Barbara Perez\,{TSP11~2016-11~46347524~Barbara Perez}
barbaraperez-129.jpg,2998505,deced989,\2016-11\Barbara Perez\,{TSP11~2016-11~46347524~Barbara Perez}
barbaraperez-130.jpg,3288436,5fd83c88,\2016-11\Barbara Perez\,{TSP11~2016-11~46347524~Barbara Perez}
barbaraperez-131.jpg,3134489,7d95f958,\2016-11\Barbara Perez\,{TSP11~2016-11~46347524~Barbara Perez}
barbaraperez-132.jpg,3887775,135a9831,\2016-11\Barbara Perez\,{TSP11~2016-11~46347524~Barbara Perez}
barbaraperez-133.jpg,3968407,2ac34cbb,\2016-11\Barbara Perez\,{TSP11~2016-11~46347524~Barbara Perez}
barbaraperez-134.jpg,3651859,377c7990,\2016-11\Barbara Perez\,{TSP11~2016-11~46347524~Barbara Perez}
barbaraperez-135.jpg,3806402,ed647b5b,\2016-11\Barbara Perez\,{TSP11~2016-11~46347524~Barbara Perez}
barbaraperez-136.jpg,3372444,4dfe99ff,\2016-11\Barbara Perez\,{TSP11~2016-11~46347524~Barbara Perez}
barbaraperez-137.jpg,3336075,07e9f934,\2016-11\Barbara Perez\,{TSP11~2016-11~46347524~Barbara Perez}
barbaraperez-138.jpg,3341310,168e487d,\2016-11\Barbara Perez\,{TSP11~2016-11~46347524~Barbara Perez}
barbaraperez-139.jpg,3281254,78d4275d,\2016-11\Barbara Perez\,{TSP11~2016-11~46347524~Barbara Perez}
barbaraperez-140.jpg,3217390,c766e08d,\2016-11\Barbara Perez\,{TSP11~2016-11~46347524~Barbara Perez}
barbaraperez-141.jpg,2978074,f715e2a8,\2016-11\Barbara Perez\,{TSP11~2016-11~46347524~Barbara Perez}
barbaraperez-142.jpg,2994691,e1ffc7d5,\2016-11\Barbara Perez\,{TSP11~2016-11~46347524~Barbara Perez}
barbaraperez-143.jpg,3092285,57fa56f8,\2016-11\Barbara Perez\,{TSP11~2016-11~46347524~Barbara Perez}
barbaraperez-144.jpg,3375692,48f0d12a,\2016-11\Barbara Perez\,{TSP11~2016-11~46347524~Barbara Perez}
barbaraperez-145.jpg,3253454,90c8dd73,\2016-11\Barbara Perez\,{TSP11~2016-11~46347524~Barbara Perez}
barbaraperez-146.jpg,3833097,e5f9c94a,\2016-11\Barbara Perez\,{TSP11~2016-11~46347524~Barbara Perez}
barbaraperez-147.jpg,3334209,68553d8b,\2016-11\Barbara Perez\,{TSP11~2016-11~46347524~Barbara Perez}
barbaraperez-148.jpg,3412153,d4088ad5,\2016-11\Barbara Perez\,{TSP11~2016-11~46347524~Barbara Perez}
barbaraperez-149.jpg,3164927,9c060e47,\2016-11\Barbara Perez\,{TSP11~2016-11~46347524~Barbara Perez}
barbaraperez-150.jpg,2908080,4b93cdb3,\2016-11\Barbara Perez\,{TSP11~2016-11~46347524~Barbara Perez}
barbaraperez-151.jpg,3495914,690d784c,\2016-11\Barbara Perez\,{TSP11~2016-11~46347524~Barbara Perez}
barbaraperez-152.jpg,3524964,d9aca822,\2016-11\Barbara Perez\,{TSP11~2016-11~46347524~Barbara Perez}
barbaraperez-153.jpg,3265611,c6a96457,\2016-11\Barbara Perez\,{TSP11~2016-11~46347524~Barbara Perez}
barbaraperez-154.jpg,2881624,2d826bc4,\2016-11\Barbara Perez\,{TSP11~2016-11~46347524~Barbara Perez}
barbaraperez-155.jpg,2805272,34f253ea,\2016-11\Barbara Perez\,{TSP11~2016-11~46347524~Barbara Perez}
barbaraperez-156.jpg,2929738,1ed6468e,\2016-11\Barbara Perez\,{TSP11~2016-11~46347524~Barbara Perez}
barbaraperez-157.jpg,3589453,942c8856,\2016-11\Barbara Perez\,{TSP11~2016-11~46347524~Barbara Perez}
barbaraperez-158.jpg,3695226,44ca32e9,\2016-11\Barbara Perez\,{TSP11~2016-11~46347524~Barbara Perez}
barbaraperez-159.jpg,2785712,24f2a891,\2016-11\Barbara Perez\,{TSP11~2016-11~46347524~Barbara Perez}
barbaraperez-160.jpg,2851424,6c33b26e,\2016-11\Barbara Perez\,{TSP11~2016-11~46347524~Barbara Perez}
barbaraperez-161.jpg,2525102,5a04672c,\2016-11\Barbara Perez\,{TSP11~2016-11~46347524~Barbara Perez}
barbaraperez-162.jpg,2311604,0e9f43bc,\2016-11\Barbara Perez\,{TSP11~2016-11~46347524~Barbara Perez}
barbaraperez-163.jpg,2943417,04c032c4,\2016-11\Barbara Perez\,{TSP11~2016-11~46347524~Barbara Perez}
barbaraperez-164.jpg,2765153,f78a702a,\2016-11\Barbara Perez\,{TSP11~2016-11~46347524~Barbara Perez}
barbaraperez-165.jpg,2748178,d960eaf3,\2016-11\Barbara Perez\,{TSP11~2016-11~46347524~Barbara Perez}
barbaraperez-166.jpg,2922300,81c06592,\2016-11\Barbara Perez\,{TSP11~2016-11~46347524~Barbara Perez}
barbaraperez-167.jpg,2746637,e4355f50,\2016-11\Barbara Perez\,{TSP11~2016-11~46347524~Barbara Perez}
barbaraperez-168.jpg,3109602,42a07660,\2016-11\Barbara Perez\,{TSP11~2016-11~46347524~Barbara Perez}
barbaraperez-169.jpg,3182665,05756ee5,\2016-11\Barbara Perez\,{TSP11~2016-11~46347524~Barbara Perez}
barbaraperez-170.jpg,2993901,2d3ba66d,\2016-11\Barbara Perez\,{TSP11~2016-11~46347524~Barbara Perez}
barbaraperez-171.jpg,2927646,18845874,\2016-11\Barbara Perez\,{TSP11~2016-11~46347524~Barbara Perez}
barbaraperez-172.jpg,2973086,2f93125c,\2016-11\Barbara Perez\,{TSP11~2016-11~46347524~Barbara Perez}
barbaraperez-173.jpg,2848685,c20708f1,\2016-11\Barbara Perez\,{TSP11~2016-11~46347524~Barbara Perez}
barbaraperez-174.jpg,3011122,5b151a07,\2016-11\Barbara Perez\,{TSP11~2016-11~46347524~Barbara Perez}
barbaraperez-175.jpg,3000323,359deadb,\2016-11\Barbara Perez\,{TSP11~2016-11~46347524~Barbara Perez}
barbaraperez-176.jpg,2662596,1780dc9b,\2016-11\Barbara Perez\,{TSP11~2016-11~46347524~Barbara Perez}
barbaraperez-177.jpg,2926766,46ed8394,\2016-11\Barbara Perez\,{TSP11~2016-11~46347524~Barbara Perez}
barbaraperez-178.jpg,2947240,53d22d9c,\2016-11\Barbara Perez\,{TSP11~2016-11~46347524~Barbara Perez}
barbaraperez-179.jpg,2913884,dfaccdfa,\2016-11\Barbara Perez\,{TSP11~2016-11~46347524~Barbara Perez}
barbaraperez-180.jpg,2843442,4dca9a14,\2016-11\Barbara Perez\,{TSP11~2016-11~46347524~Barbara Perez}
barbaraperez-181.jpg,2518569,9578b068,\2016-11\Barbara Perez\,{TSP11~2016-11~46347524~Barbara Perez}
barbaraperez-182.jpg,2606586,9654832d,\2016-11\Barbara Perez\,{TSP11~2016-11~46347524~Barbara Perez}
barbaraperez-183.jpg,2551477,bffd2368,\2016-11\Barbara Perez\,{TSP11~2016-11~46347524~Barbara Perez}
barbaraperez-184.jpg,2438410,fcd6e6ac,\2016-11\Barbara Perez\,{TSP11~2016-11~46347524~Barbara Perez}
barbaraperez-185.jpg,2762301,f55c8f08,\2016-11\Barbara Perez\,{TSP11~2016-11~46347524~Barbara Perez}
barbaraperez-186.jpg,2604109,f1c28066,\2016-11\Barbara Perez\,{TSP11~2016-11~46347524~Barbara Perez}
barbaraperez-187.jpg,3221462,1b6f38c8,\2016-11\Barbara Perez\,{TSP11~2016-11~46347524~Barbara Perez}
barbaraperez-188.jpg,3049936,8fb03c65,\2016-11\Barbara Perez\,{TSP11~2016-11~46347524~Barbara Perez}
barbaraperez-189.jpg,3173853,c1e2ae84,\2016-11\Barbara Perez\,{TSP11~2016-11~46347524~Barbara Perez}
barbaraperez-190.jpg,3086817,ce6cbe51,\2016-11\Barbara Perez\,{TSP11~2016-11~46347524~Barbara Perez}
barbaraperez-191.jpg,2678844,3c786fb2,\2016-11\Barbara Perez\,{TSP11~2016-11~46347524~Barbara Perez}
barbaraperez-192.jpg,2964525,aecb9c4b,\2016-11\Barbara Perez\,{TSP11~2016-11~46347524~Barbara Perez}
barbaraperez-193.jpg,2727648,09e55dc1,\2016-11\Barbara Perez\,{TSP11~2016-11~46347524~Barbara Perez}
barbaraperez-194.jpg,2899006,f2d387ad,\2016-11\Barbara Perez\,{TSP11~2016-11~46347524~Barbara Perez}
barbaraperez-195.jpg,2956158,f547b6d7,\2016-11\Barbara Perez\,{TSP11~2016-11~46347524~Barbara Perez}
barbaraperez-196.jpg,3178041,ce4edc7d,\2016-11\Barbara Perez\,{TSP11~2016-11~46347524~Barbara Perez}
barbaraperez-197.jpg,3104397,fe20011d,\2016-11\Barbara Perez\,{TSP11~2016-11~46347524~Barbara Perez}
barbaraperez-198.jpg,3164393,9318149c,\2016-11\Barbara Perez\,{TSP11~2016-11~46347524~Barbara Perez}
barbaraperez-199.jpg,3357378,ce6bbfd5,\2016-11\Barbara Perez\,{TSP11~2016-11~46347524~Barbara Perez}
barbaraperez-200.jpg,3247463,72061898,\2016-11\Barbara Perez\,{TSP11~2016-11~46347524~Barbara Perez}
barbaraperez-201.jpg,3283034,44a87435,\2016-11\Barbara Perez\,{TSP11~2016-11~46347524~Barbara Perez}
barbaraperez-202.jpg,2993186,a3f05607,\2016-11\Barbara Perez\,{TSP11~2016-11~46347524~Barbara Perez}
barbaraperez-203.jpg,2916951,791a2e53,\2016-11\Barbara Perez\,{TSP11~2016-11~46347524~Barbara Perez}
barbaraperez-204.jpg,3168961,99980577,\2016-11\Barbara Perez\,{TSP11~2016-11~46347524~Barbara Perez}
barbaraperez-205.jpg,2745265,5ba9100a,\2016-11\Barbara Perez\,{TSP11~2016-11~46347524~Barbara Perez}
barbaraperez-206.jpg,2784705,3f92aa34,\2016-11\Barbara Perez\,{TSP11~2016-11~46347524~Barbara Perez}
barbaraperez-207.jpg,3085154,50e58a56,\2016-11\Barbara Perez\,{TSP11~2016-11~46347524~Barbara Perez}
barbaraperez-208.jpg,3080089,87f428f1,\2016-11\Barbara Perez\,{TSP11~2016-11~46347524~Barbara Perez}
barbaraperez-209.jpg,3247774,21ff75b1,\2016-11\Barbara Perez\,{TSP11~2016-11~46347524~Barbara Perez}
barbaraperez-210.jpg,3257767,3ce37a68,\2016-11\Barbara Perez\,{TSP11~2016-11~46347524~Barbara Perez}
barbaraperez-211.jpg,3200113,1c5d88fb,\2016-11\Barbara Perez\,{TSP11~2016-11~46347524~Barbara Perez}
barbaraperez-212.jpg,3193291,9e8be4da,\2016-11\Barbara Perez\,{TSP11~2016-11~46347524~Barbara Perez}
barbaraperez-213.jpg,2962425,617e1406,\2016-11\Barbara Perez\,{TSP11~2016-11~46347524~Barbara Perez}
barbaraperez-214.jpg,2845574,93f84444,\2016-11\Barbara Perez\,{TSP11~2016-11~46347524~Barbara Perez}
barbaraperez-215.jpg,2915751,ed52bcb3,\2016-11\Barbara Perez\,{TSP11~2016-11~46347524~Barbara Perez}
juuhosmark2-001.jpg,2289808,69f75901,\2016-11\Juuh Osmark\,{TSP11~2016-11~47544666~Juuh Osmark}
juuhosmark2-002.jpg,2316219,daa3628c,\2016-11\Juuh Osmark\,{TSP11~2016-11~47544666~Juuh Osmark}
juuhosmark2-003.jpg,2505914,34fb991b,\2016-11\Juuh Osmark\,{TSP11~2016-11~47544666~Juuh Osmark}
juuhosmark2-004.jpg,2465479,7fbc7465,\2016-11\Juuh Osmark\,{TSP11~2016-11~47544666~Juuh Osmark}
juuhosmark2-005.jpg,2495759,57968d46,\2016-11\Juuh Osmark\,{TSP11~2016-11~47544666~Juuh Osmark}
juuhosmark2-006.jpg,2731214,2bdc04cc,\2016-11\Juuh Osmark\,{TSP11~2016-11~47544666~Juuh Osmark}
juuhosmark2-007.jpg,2423043,78f40b26,\2016-11\Juuh Osmark\,{TSP11~2016-11~47544666~Juuh Osmark}
juuhosmark2-008.jpg,2584410,341cafac,\2016-11\Juuh Osmark\,{TSP11~2016-11~47544666~Juuh Osmark}
juuhosmark2-009.jpg,2740445,9c8a3181,\2016-11\Juuh Osmark\,{TSP11~2016-11~47544666~Juuh Osmark}
juuhosmark2-010.jpg,2358906,2b1c15a0,\2016-11\Juuh Osmark\,{TSP11~2016-11~47544666~Juuh Osmark}
juuhosmark2-011.jpg,2142627,be9a6a0b,\2016-11\Juuh Osmark\,{TSP11~2016-11~47544666~Juuh Osmark}
juuhosmark2-012.jpg,2513770,8a403eb7,\2016-11\Juuh Osmark\,{TSP11~2016-11~47544666~Juuh Osmark}
juuhosmark2-013.jpg,2314949,9f3d8ca2,\2016-11\Juuh Osmark\,{TSP11~2016-11~47544666~Juuh Osmark}
juuhosmark2-014.jpg,2246331,9e03d746,\2016-11\Juuh Osmark\,{TSP11~2016-11~47544666~Juuh Osmark}
juuhosmark2-015.jpg,2336083,2e0f6b23,\2016-11\Juuh Osmark\,{TSP11~2016-11~47544666~Juuh Osmark}
juuhosmark2-016.jpg,2606742,f5c9af7f,\2016-11\Juuh Osmark\,{TSP11~2016-11~47544666~Juuh Osmark}
juuhosmark2-017.jpg,2359480,c90cdde3,\2016-11\Juuh Osmark\,{TSP11~2016-11~47544666~Juuh Osmark}
juuhosmark2-018.jpg,2601644,5d3cb25e,\2016-11\Juuh Osmark\,{TSP11~2016-11~47544666~Juuh Osmark}
juuhosmark2-019.jpg,2535234,472e3a08,\2016-11\Juuh Osmark\,{TSP11~2016-11~47544666~Juuh Osmark}
juuhosmark2-020.jpg,2903560,421ce7ee,\2016-11\Juuh Osmark\,{TSP11~2016-11~47544666~Juuh Osmark}
juuhosmark2-021.jpg,2541081,ed7fb59f,\2016-11\Juuh Osmark\,{TSP11~2016-11~47544666~Juuh Osmark}
juuhosmark2-022.jpg,2688943,adc6d0e3,\2016-11\Juuh Osmark\,{TSP11~2016-11~47544666~Juuh Osmark}
juuhosmark2-023.jpg,2773914,56cefa72,\2016-11\Juuh Osmark\,{TSP11~2016-11~47544666~Juuh Osmark}
juuhosmark2-024.jpg,2358108,1adad919,\2016-11\Juuh Osmark\,{TSP11~2016-11~47544666~Juuh Osmark}
juuhosmark2-025.jpg,2356555,c4efca04,\2016-11\Juuh Osmark\,{TSP11~2016-11~47544666~Juuh Osmark}
juuhosmark2-026.jpg,2523409,481198ef,\2016-11\Juuh Osmark\,{TSP11~2016-11~47544666~Juuh Osmark}
juuhosmark2-027.jpg,2496259,3f139f0a,\2016-11\Juuh Osmark\,{TSP11~2016-11~47544666~Juuh Osmark}
juuhosmark2-028.jpg,2564911,5d310631,\2016-11\Juuh Osmark\,{TSP11~2016-11~47544666~Juuh Osmark}
juuhosmark2-029.jpg,2772221,e9654509,\2016-11\Juuh Osmark\,{TSP11~2016-11~47544666~Juuh Osmark}
juuhosmark2-030.jpg,2583337,ff3acd48,\2016-11\Juuh Osmark\,{TSP11~2016-11~47544666~Juuh Osmark}
juuhosmark2-031.jpg,2173730,b1178ecf,\2016-11\Juuh Osmark\,{TSP11~2016-11~47544666~Juuh Osmark}
juuhosmark2-032.jpg,2243279,124e81ae,\2016-11\Juuh Osmark\,{TSP11~2016-11~47544666~Juuh Osmark}
juuhosmark2-033.jpg,2460545,f035e233,\2016-11\Juuh Osmark\,{TSP11~2016-11~47544666~Juuh Osmark}
juuhosmark2-034.jpg,2391931,3b97fe68,\2016-11\Juuh Osmark\,{TSP11~2016-11~47544666~Juuh Osmark}
juuhosmark2-035.jpg,2493982,04a07909,\2016-11\Juuh Osmark\,{TSP11~2016-11~47544666~Juuh Osmark}
juuhosmark2-036.jpg,2488588,bc9ed161,\2016-11\Juuh Osmark\,{TSP11~2016-11~47544666~Juuh Osmark}
juuhosmark2-037.jpg,2570753,268455b6,\2016-11\Juuh Osmark\,{TSP11~2016-11~47544666~Juuh Osmark}
juuhosmark2-038.jpg,2501934,247e9637,\2016-11\Juuh Osmark\,{TSP11~2016-11~47544666~Juuh Osmark}
juuhosmark2-039.jpg,2369893,844d44c2,\2016-11\Juuh Osmark\,{TSP11~2016-11~47544666~Juuh Osmark}
juuhosmark2-040.jpg,2794577,2afad5e7,\2016-11\Juuh Osmark\,{TSP11~2016-11~47544666~Juuh Osmark}
juuhosmark2-041.jpg,2609229,14d02a0c,\2016-11\Juuh Osmark\,{TSP11~2016-11~47544666~Juuh Osmark}
juuhosmark2-042.jpg,2499632,4b20ba1e,\2016-11\Juuh Osmark\,{TSP11~2016-11~47544666~Juuh Osmark}
juuhosmark2-043.jpg,2507489,c6263711,\2016-11\Juuh Osmark\,{TSP11~2016-11~47544666~Juuh Osmark}
juuhosmark2-044.jpg,2448343,3fe0b493,\2016-11\Juuh Osmark\,{TSP11~2016-11~47544666~Juuh Osmark}
juuhosmark2-045.jpg,2423096,876b5562,\2016-11\Juuh Osmark\,{TSP11~2016-11~47544666~Juuh Osmark}
juuhosmark2-046.jpg,2774348,dce4908d,\2016-11\Juuh Osmark\,{TSP11~2016-11~47544666~Juuh Osmark}
juuhosmark2-047.jpg,2435688,b21810c1,\2016-11\Juuh Osmark\,{TSP11~2016-11~47544666~Juuh Osmark}
juuhosmark2-048.jpg,2444264,cc08de70,\2016-11\Juuh Osmark\,{TSP11~2016-11~47544666~Juuh Osmark}
juuhosmark2-049.jpg,2690491,af4a0445,\2016-11\Juuh Osmark\,{TSP11~2016-11~47544666~Juuh Osmark}
juuhosmark2-050.jpg,2394190,4d3c0823,\2016-11\Juuh Osmark\,{TSP11~2016-11~47544666~Juuh Osmark}
juuhosmark2-051.jpg,2034180,080379db,\2016-11\Juuh Osmark\,{TSP11~2016-11~47544666~Juuh Osmark}
juuhosmark2-052.jpg,2536147,c55ff5b4,\2016-11\Juuh Osmark\,{TSP11~2016-11~47544666~Juuh Osmark}
juuhosmark2-053.jpg,2657407,35e1abed,\2016-11\Juuh Osmark\,{TSP11~2016-11~47544666~Juuh Osmark}
juuhosmark2-054.jpg,3050115,01c0661e,\2016-11\Juuh Osmark\,{TSP11~2016-11~47544666~Juuh Osmark}
juuhosmark2-055.jpg,2508871,a4d52be3,\2016-11\Juuh Osmark\,{TSP11~2016-11~47544666~Juuh Osmark}
juuhosmark2-056.jpg,2717706,8dbfcef9,\2016-11\Juuh Osmark\,{TSP11~2016-11~47544666~Juuh Osmark}
juuhosmark2-057.jpg,2558321,5ebd5466,\2016-11\Juuh Osmark\,{TSP11~2016-11~47544666~Juuh Osmark}
juuhosmark2-058.jpg,2639749,079b41c0,\2016-11\Juuh Osmark\,{TSP11~2016-11~47544666~Juuh Osmark}
juuhosmark2-059.jpg,2770187,828b1670,\2016-11\Juuh Osmark\,{TSP11~2016-11~47544666~Juuh Osmark}
juuhosmark2-060.jpg,2599466,605dc2f9,\2016-11\Juuh Osmark\,{TSP11~2016-11~47544666~Juuh Osmark}
juuhosmark2-061.jpg,2818183,152e3965,\2016-11\Juuh Osmark\,{TSP11~2016-11~47544666~Juuh Osmark}
juuhosmark2-062.jpg,2507104,85e34f9b,\2016-11\Juuh Osmark\,{TSP11~2016-11~47544666~Juuh Osmark}
juuhosmark2-063.jpg,2421789,afa0f28f,\2016-11\Juuh Osmark\,{TSP11~2016-11~47544666~Juuh Osmark}
juuhosmark2-064.jpg,2232029,8e82ef9d,\2016-11\Juuh Osmark\,{TSP11~2016-11~47544666~Juuh Osmark}
juuhosmark2-065.jpg,2421167,c416afe5,\2016-11\Juuh Osmark\,{TSP11~2016-11~47544666~Juuh Osmark}
juuhosmark2-066.jpg,2140417,260bfe5a,\2016-11\Juuh Osmark\,{TSP11~2016-11~47544666~Juuh Osmark}
juuhosmark2-067.jpg,2243875,d0786a21,\2016-11\Juuh Osmark\,{TSP11~2016-11~47544666~Juuh Osmark}
juuhosmark2-068.jpg,2126746,a4438e27,\2016-11\Juuh Osmark\,{TSP11~2016-11~47544666~Juuh Osmark}
juuhosmark2-069.jpg,2697089,27d4512a,\2016-11\Juuh Osmark\,{TSP11~2016-11~47544666~Juuh Osmark}
juuhosmark2-070.jpg,2836541,f36d0d82,\2016-11\Juuh Osmark\,{TSP11~2016-11~47544666~Juuh Osmark}
juuhosmark2-071.jpg,2417780,1c76510b,\2016-11\Juuh Osmark\,{TSP11~2016-11~47544666~Juuh Osmark}
juuhosmark2-072.jpg,2587031,e7c38278,\2016-11\Juuh Osmark\,{TSP11~2016-11~47544666~Juuh Osmark}
juuhosmark2-073.jpg,2170771,fd73a55d,\2016-11\Juuh Osmark\,{TSP11~2016-11~47544666~Juuh Osmark}
juuhosmark2-074.jpg,2303390,812b1d73,\2016-11\Juuh Osmark\,{TSP11~2016-11~47544666~Juuh Osmark}
juuhosmark2-075.jpg,2435684,5118bdfc,\2016-11\Juuh Osmark\,{TSP11~2016-11~47544666~Juuh Osmark}
juuhosmark2-076.jpg,2525945,e75edf92,\2016-11\Juuh Osmark\,{TSP11~2016-11~47544666~Juuh Osmark}
juuhosmark2-077.jpg,2403628,f97a22a3,\2016-11\Juuh Osmark\,{TSP11~2016-11~47544666~Juuh Osmark}
juuhosmark2-078.jpg,2448708,14dc87e5,\2016-11\Juuh Osmark\,{TSP11~2016-11~47544666~Juuh Osmark}
juuhosmark2-079.jpg,2534822,c6fb1be7,\2016-11\Juuh Osmark\,{TSP11~2016-11~47544666~Juuh Osmark}
juuhosmark2-080.jpg,2676999,8edc0a61,\2016-11\Juuh Osmark\,{TSP11~2016-11~47544666~Juuh Osmark}
juuhosmark2-081.jpg,2091916,20284252,\2016-11\Juuh Osmark\,{TSP11~2016-11~47544666~Juuh Osmark}
juuhosmark2-082.jpg,2688905,7db26f55,\2016-11\Juuh Osmark\,{TSP11~2016-11~47544666~Juuh Osmark}
juuhosmark2-083.jpg,2685514,6465b70d,\2016-11\Juuh Osmark\,{TSP11~2016-11~47544666~Juuh Osmark}
juuhosmark2-084.jpg,2622153,f2c8973f,\2016-11\Juuh Osmark\,{TSP11~2016-11~47544666~Juuh Osmark}
juuhosmark2-085.jpg,2732861,ae2bec4b,\2016-11\Juuh Osmark\,{TSP11~2016-11~47544666~Juuh Osmark}
juuhosmark2-086.jpg,2603455,9a33b69f,\2016-11\Juuh Osmark\,{TSP11~2016-11~47544666~Juuh Osmark}
juuhosmark2-087.jpg,2743881,75f7ee5d,\2016-11\Juuh Osmark\,{TSP11~2016-11~47544666~Juuh Osmark}
juuhosmark2-088.jpg,2623732,2b138464,\2016-11\Juuh Osmark\,{TSP11~2016-11~47544666~Juuh Osmark}
juuhosmark2-089.jpg,2761506,7a66fb97,\2016-11\Juuh Osmark\,{TSP11~2016-11~47544666~Juuh Osmark}
juuhosmark2-090.jpg,2527423,01b91d59,\2016-11\Juuh Osmark\,{TSP11~2016-11~47544666~Juuh Osmark}
juuhosmark2-091.jpg,2524964,0479ac83,\2016-11\Juuh Osmark\,{TSP11~2016-11~47544666~Juuh Osmark}
juuhosmark2-092.jpg,2789389,9d54955d,\2016-11\Juuh Osmark\,{TSP11~2016-11~47544666~Juuh Osmark}
juuhosmark2-093.jpg,2553880,b85fc2c6,\2016-11\Juuh Osmark\,{TSP11~2016-11~47544666~Juuh Osmark}
juuhosmark2-094.jpg,2672835,41eeecd1,\2016-11\Juuh Osmark\,{TSP11~2016-11~47544666~Juuh Osmark}
juuhosmark2-095.jpg,2759884,4e7fa5bd,\2016-11\Juuh Osmark\,{TSP11~2016-11~47544666~Juuh Osmark}
juuhosmark2-096.jpg,2655151,4ef9715b,\2016-11\Juuh Osmark\,{TSP11~2016-11~47544666~Juuh Osmark}
juuhosmark2-097.jpg,2567065,1c07c2b6,\2016-11\Juuh Osmark\,{TSP11~2016-11~47544666~Juuh Osmark}
juuhosmark2-098.jpg,2671519,03335055,\2016-11\Juuh Osmark\,{TSP11~2016-11~47544666~Juuh Osmark}
juuhosmark2-099.jpg,2570573,69912670,\2016-11\Juuh Osmark\,{TSP11~2016-11~47544666~Juuh Osmark}
juuhosmark2-100.jpg,2687064,8fe2de8c,\2016-11\Juuh Osmark\,{TSP11~2016-11~47544666~Juuh Osmark}
juuhosmark2-101.jpg,2412002,260ce7c0,\2016-11\Juuh Osmark\,{TSP11~2016-11~47544666~Juuh Osmark}
juuhosmark2-102.jpg,2345339,d71c1c33,\2016-11\Juuh Osmark\,{TSP11~2016-11~47544666~Juuh Osmark}
juuhosmark2-103.jpg,2722541,427b262d,\2016-11\Juuh Osmark\,{TSP11~2016-11~47544666~Juuh Osmark}
juuhosmark2-104.jpg,2207547,150a9d8e,\2016-11\Juuh Osmark\,{TSP11~2016-11~47544666~Juuh Osmark}
juuhosmark2-105.jpg,2518485,b2a05bca,\2016-11\Juuh Osmark\,{TSP11~2016-11~47544666~Juuh Osmark}
juuhosmark2-106.jpg,2389248,e3db43ab,\2016-11\Juuh Osmark\,{TSP11~2016-11~47544666~Juuh Osmark}
juuhosmark2-107.jpg,2464881,a14db075,\2016-11\Juuh Osmark\,{TSP11~2016-11~47544666~Juuh Osmark}
juuhosmark2-108.jpg,2389456,0f8b45d0,\2016-11\Juuh Osmark\,{TSP11~2016-11~47544666~Juuh Osmark}
juuhosmark2-109.jpg,2910868,0caccfbe,\2016-11\Juuh Osmark\,{TSP11~2016-11~47544666~Juuh Osmark}
juuhosmark2-110.jpg,2759723,24859990,\2016-11\Juuh Osmark\,{TSP11~2016-11~47544666~Juuh Osmark}
juuhosmark2-111.jpg,2827070,4bd337b4,\2016-11\Juuh Osmark\,{TSP11~2016-11~47544666~Juuh Osmark}
juuhosmark2-112.jpg,2051183,063e88f0,\2016-11\Juuh Osmark\,{TSP11~2016-11~47544666~Juuh Osmark}
juuhosmark2-113.jpg,2544682,3bf1aea5,\2016-11\Juuh Osmark\,{TSP11~2016-11~47544666~Juuh Osmark}
juuhosmark2-114.jpg,2639317,439d13b2,\2016-11\Juuh Osmark\,{TSP11~2016-11~47544666~Juuh Osmark}
juuhosmark2-115.jpg,2532855,05c40dd4,\2016-11\Juuh Osmark\,{TSP11~2016-11~47544666~Juuh Osmark}
juuhosmark2-116.jpg,2233901,f2cca957,\2016-11\Juuh Osmark\,{TSP11~2016-11~47544666~Juuh Osmark}
juuhosmark2-117.jpg,2516524,e046d87f,\2016-11\Juuh Osmark\,{TSP11~2016-11~47544666~Juuh Osmark}
juuhosmark2-118.jpg,2579412,b0761092,\2016-11\Juuh Osmark\,{TSP11~2016-11~47544666~Juuh Osmark}
juuhosmark2-119.jpg,2579666,23953678,\2016-11\Juuh Osmark\,{TSP11~2016-11~47544666~Juuh Osmark}
juuhosmark2-120.jpg,2661126,920bfbfd,\2016-11\Juuh Osmark\,{TSP11~2016-11~47544666~Juuh Osmark}
juuhosmark2-121.jpg,2611668,cadaeba2,\2016-11\Juuh Osmark\,{TSP11~2016-11~47544666~Juuh Osmark}
juuhosmark2-122.jpg,2578727,1a5780a4,\2016-11\Juuh Osmark\,{TSP11~2016-11~47544666~Juuh Osmark}
juuhosmark2-123.jpg,2655545,47b56846,\2016-11\Juuh Osmark\,{TSP11~2016-11~47544666~Juuh Osmark}
juuhosmark2-124.jpg,2582590,f31ed888,\2016-11\Juuh Osmark\,{TSP11~2016-11~47544666~Juuh Osmark}
juuhosmark2-125.jpg,2556108,b19f7015,\2016-11\Juuh Osmark\,{TSP11~2016-11~47544666~Juuh Osmark}
juuhosmark2-126.jpg,2559935,6251c3d2,\2016-11\Juuh Osmark\,{TSP11~2016-11~47544666~Juuh Osmark}
juuhosmark2-127.jpg,2534639,77e10a8a,\2016-11\Juuh Osmark\,{TSP11~2016-11~47544666~Juuh Osmark}
juuhosmark2-128.jpg,2293852,ff7961d3,\2016-11\Juuh Osmark\,{TSP11~2016-11~47544666~Juuh Osmark}
juuhosmark2-129.jpg,2379052,ae34e1d3,\2016-11\Juuh Osmark\,{TSP11~2016-11~47544666~Juuh Osmark}
juuhosmark2-130.jpg,2372041,09785856,\2016-11\Juuh Osmark\,{TSP11~2016-11~47544666~Juuh Osmark}
juuhosmark2-131.jpg,2447786,6402940a,\2016-11\Juuh Osmark\,{TSP11~2016-11~47544666~Juuh Osmark}
juuhosmark2-132.jpg,2163286,828554b7,\2016-11\Juuh Osmark\,{TSP11~2016-11~47544666~Juuh Osmark}
juuhosmark2-133.jpg,2116653,7ec77492,\2016-11\Juuh Osmark\,{TSP11~2016-11~47544666~Juuh Osmark}
juuhosmark2-134.jpg,2094703,66d37ed0,\2016-11\Juuh Osmark\,{TSP11~2016-11~47544666~Juuh Osmark}
juuhosmark2-135.jpg,2216801,9a5b1a8f,\2016-11\Juuh Osmark\,{TSP11~2016-11~47544666~Juuh Osmark}
juuhosmark2-136.jpg,2663429,ffc4b5eb,\2016-11\Juuh Osmark\,{TSP11~2016-11~47544666~Juuh Osmark}
juuhosmark2-137.jpg,2737994,0c0f02b5,\2016-11\Juuh Osmark\,{TSP11~2016-11~47544666~Juuh Osmark}
juuhosmark2-138.jpg,2490847,b86efd97,\2016-11\Juuh Osmark\,{TSP11~2016-11~47544666~Juuh Osmark}
juuhosmark2-139.jpg,3067058,0af818b2,\2016-11\Juuh Osmark\,{TSP11~2016-11~47544666~Juuh Osmark}
juuhosmark2-140.jpg,2999429,b7f288df,\2016-11\Juuh Osmark\,{TSP11~2016-11~47544666~Juuh Osmark}
juuhosmark2-141.jpg,3328943,9314075d,\2016-11\Juuh Osmark\,{TSP11~2016-11~47544666~Juuh Osmark}
juuhosmark2-142.jpg,2378029,5821de8e,\2016-11\Juuh Osmark\,{TSP11~2016-11~47544666~Juuh Osmark}
juuhosmark2-143.jpg,2890267,6b1fb389,\2016-11\Juuh Osmark\,{TSP11~2016-11~47544666~Juuh Osmark}
juuhosmark2-144.jpg,2736293,47ecb72f,\2016-11\Juuh Osmark\,{TSP11~2016-11~47544666~Juuh Osmark}
juuhosmark2-145.jpg,2401016,ab9d15d0,\2016-11\Juuh Osmark\,{TSP11~2016-11~47544666~Juuh Osmark}
juuhosmark2-146.jpg,3038221,f2b4efa0,\2016-11\Juuh Osmark\,{TSP11~2016-11~47544666~Juuh Osmark}
juuhosmark2-147.jpg,2523737,41424d41,\2016-11\Juuh Osmark\,{TSP11~2016-11~47544666~Juuh Osmark}
juuhosmark2-148.jpg,2656351,f79d7189,\2016-11\Juuh Osmark\,{TSP11~2016-11~47544666~Juuh Osmark}
juuhosmark2-149.jpg,2434754,4d34f846,\2016-11\Juuh Osmark\,{TSP11~2016-11~47544666~Juuh Osmark}
juuhosmark2-150.jpg,2437493,c2684eab,\2016-11\Juuh Osmark\,{TSP11~2016-11~47544666~Juuh Osmark}
juuhosmark2-151.jpg,2637549,4b53905d,\2016-11\Juuh Osmark\,{TSP11~2016-11~47544666~Juuh Osmark}
juuhosmark2-152.jpg,2556766,f67e4f70,\2016-11\Juuh Osmark\,{TSP11~2016-11~47544666~Juuh Osmark}
juuhosmark2-153.jpg,2464024,6951f6f7,\2016-11\Juuh Osmark\,{TSP11~2016-11~47544666~Juuh Osmark}
juuhosmark2-154.jpg,2376678,de4e727c,\2016-11\Juuh Osmark\,{TSP11~2016-11~47544666~Juuh Osmark}
juuhosmark2-155.jpg,2334603,ea7d0f30,\2016-11\Juuh Osmark\,{TSP11~2016-11~47544666~Juuh Osmark}
juuhosmark2-156.jpg,2272848,0b1ebed1,\2016-11\Juuh Osmark\,{TSP11~2016-11~47544666~Juuh Osmark}
juuhosmark2-157.jpg,2319608,7467c828,\2016-11\Juuh Osmark\,{TSP11~2016-11~47544666~Juuh Osmark}
juuhosmark2-158.jpg,2482420,14e733ea,\2016-11\Juuh Osmark\,{TSP11~2016-11~47544666~Juuh Osmark}
juuhosmark2-159.jpg,2241529,9ba0eca7,\2016-11\Juuh Osmark\,{TSP11~2016-11~47544666~Juuh Osmark}
juuhosmark2-160.jpg,2497144,57ccb1b2,\2016-11\Juuh Osmark\,{TSP11~2016-11~47544666~Juuh Osmark}
juuhosmark2-161.jpg,2176167,32c458fa,\2016-11\Juuh Osmark\,{TSP11~2016-11~47544666~Juuh Osmark}
juuhosmark2-162.jpg,2497845,5a1e3c7c,\2016-11\Juuh Osmark\,{TSP11~2016-11~47544666~Juuh Osmark}
juuhosmark2-163.jpg,2479493,c2e77647,\2016-11\Juuh Osmark\,{TSP11~2016-11~47544666~Juuh Osmark}
juuhosmark2-164.jpg,2787271,37ef48a6,\2016-11\Juuh Osmark\,{TSP11~2016-11~47544666~Juuh Osmark}
juuhosmark2-165.jpg,2459753,efbb9045,\2016-11\Juuh Osmark\,{TSP11~2016-11~47544666~Juuh Osmark}
juuhosmark2-166.jpg,2520760,7a705473,\2016-11\Juuh Osmark\,{TSP11~2016-11~47544666~Juuh Osmark}
juuhosmark2-167.jpg,2364045,e670e825,\2016-11\Juuh Osmark\,{TSP11~2016-11~47544666~Juuh Osmark}
juuhosmark2-168.jpg,2775146,8bacf881,\2016-11\Juuh Osmark\,{TSP11~2016-11~47544666~Juuh Osmark}
juuhosmark2-169.jpg,2292395,1110fe6a,\2016-11\Juuh Osmark\,{TSP11~2016-11~47544666~Juuh Osmark}
juuhosmark2-170.jpg,2466156,2d19bdff,\2016-11\Juuh Osmark\,{TSP11~2016-11~47544666~Juuh Osmark}
juuhosmark2-171.jpg,2486385,42eb88e4,\2016-11\Juuh Osmark\,{TSP11~2016-11~47544666~Juuh Osmark}
juuhosmark2-172.jpg,2525576,57d7f808,\2016-11\Juuh Osmark\,{TSP11~2016-11~47544666~Juuh Osmark}
juuhosmark2-173.jpg,2438515,c60ddd57,\2016-11\Juuh Osmark\,{TSP11~2016-11~47544666~Juuh Osmark}
juuhosmark2-174.jpg,2278011,0e1735f1,\2016-11\Juuh Osmark\,{TSP11~2016-11~47544666~Juuh Osmark}
juuhosmark2-175.jpg,2496760,b93e1d3d,\2016-11\Juuh Osmark\,{TSP11~2016-11~47544666~Juuh Osmark}
juuhosmark2-176.jpg,3500786,1a110550,\2016-11\Juuh Osmark\,{TSP11~2016-11~47544666~Juuh Osmark}
juuhosmark2-177.jpg,2411647,29678ae9,\2016-11\Juuh Osmark\,{TSP11~2016-11~47544666~Juuh Osmark}
juuhosmark2-178.jpg,2338106,65c97084,\2016-11\Juuh Osmark\,{TSP11~2016-11~47544666~Juuh Osmark}
juuhosmark2-179.jpg,2224556,9ad9ed9a,\2016-11\Juuh Osmark\,{TSP11~2016-11~47544666~Juuh Osmark}
juuhosmark2-180.jpg,2451858,fb4a9a57,\2016-11\Juuh Osmark\,{TSP11~2016-11~47544666~Juuh Osmark}
juuhosmark2-181.jpg,2505694,93319437,\2016-11\Juuh Osmark\,{TSP11~2016-11~47544666~Juuh Osmark}
juuhosmark2-182.jpg,2685636,45cfd126,\2016-11\Juuh Osmark\,{TSP11~2016-11~47544666~Juuh Osmark}
juuhosmark2-183.jpg,2486352,16c5f07c,\2016-11\Juuh Osmark\,{TSP11~2016-11~47544666~Juuh Osmark}
juuhosmark2-184.jpg,2471043,bcb75046,\2016-11\Juuh Osmark\,{TSP11~2016-11~47544666~Juuh Osmark}
juuhosmark2-185.jpg,2297930,59beb67c,\2016-11\Juuh Osmark\,{TSP11~2016-11~47544666~Juuh Osmark}
juuhosmark2-186.jpg,2384591,0620062b,\2016-11\Juuh Osmark\,{TSP11~2016-11~47544666~Juuh Osmark}
juuhosmark2-187.jpg,2354532,620ac693,\2016-11\Juuh Osmark\,{TSP11~2016-11~47544666~Juuh Osmark}
juuhosmark2-188.jpg,2416415,b862019c,\2016-11\Juuh Osmark\,{TSP11~2016-11~47544666~Juuh Osmark}
juuhosmark2-189.jpg,2489467,b9f5b7d3,\2016-11\Juuh Osmark\,{TSP11~2016-11~47544666~Juuh Osmark}
juuhosmark2-190.jpg,2470179,3c59c007,\2016-11\Juuh Osmark\,{TSP11~2016-11~47544666~Juuh Osmark}
juuhosmark2-191.jpg,2396369,bab8ec11,\2016-11\Juuh Osmark\,{TSP11~2016-11~47544666~Juuh Osmark}
juuhosmark2-192.jpg,2527583,3cb63aeb,\2016-11\Juuh Osmark\,{TSP11~2016-11~47544666~Juuh Osmark}
juuhosmark2-193.jpg,2646341,f6b3c664,\2016-11\Juuh Osmark\,{TSP11~2016-11~47544666~Juuh Osmark}
juuhosmark2-194.jpg,2478579,f13b234f,\2016-11\Juuh Osmark\,{TSP11~2016-11~47544666~Juuh Osmark}
juuhosmark2-195.jpg,2647848,6cff67e8,\2016-11\Juuh Osmark\,{TSP11~2016-11~47544666~Juuh Osmark}
juuhosmark2-196.jpg,2586626,04f2211f,\2016-11\Juuh Osmark\,{TSP11~2016-11~47544666~Juuh Osmark}
juuhosmark2-197.jpg,2800983,591bd8e4,\2016-11\Juuh Osmark\,{TSP11~2016-11~47544666~Juuh Osmark}
juuhosmark2-198.jpg,2986840,e0e722d7,\2016-11\Juuh Osmark\,{TSP11~2016-11~47544666~Juuh Osmark}
juuhosmark2-199.jpg,2732182,cf1788c6,\2016-11\Juuh Osmark\,{TSP11~2016-11~47544666~Juuh Osmark}
juuhosmark2-200.jpg,2420857,a7d4e120,\2016-11\Juuh Osmark\,{TSP11~2016-11~47544666~Juuh Osmark}
juuhosmark2-201.jpg,2036256,37d04c78,\2016-11\Juuh Osmark\,{TSP11~2016-11~47544666~Juuh Osmark}
juuhosmark2-202.jpg,2440611,cbe617a5,\2016-11\Juuh Osmark\,{TSP11~2016-11~47544666~Juuh Osmark}
juuhosmark2-203.jpg,2419276,65d08f52,\2016-11\Juuh Osmark\,{TSP11~2016-11~47544666~Juuh Osmark}
juuhosmark2-204.jpg,2427628,015eccdc,\2016-11\Juuh Osmark\,{TSP11~2016-11~47544666~Juuh Osmark}
juuhosmark2-205.jpg,2719253,b2d0e8c6,\2016-11\Juuh Osmark\,{TSP11~2016-11~47544666~Juuh Osmark}
juuhosmark2-206.jpg,2375592,b5b16bec,\2016-11\Juuh Osmark\,{TSP11~2016-11~47544666~Juuh Osmark}
juuhosmark2-207.jpg,2736062,e5d71f95,\2016-11\Juuh Osmark\,{TSP11~2016-11~47544666~Juuh Osmark}
juuhosmark2-208.jpg,2502829,364606f0,\2016-11\Juuh Osmark\,{TSP11~2016-11~47544666~Juuh Osmark}
juuhosmark2-209.jpg,2487004,baf78d9f,\2016-11\Juuh Osmark\,{TSP11~2016-11~47544666~Juuh Osmark}
juuhosmark2-210.jpg,2541691,370d7572,\2016-11\Juuh Osmark\,{TSP11~2016-11~47544666~Juuh Osmark}
juuhosmark2-211.jpg,2393429,8f33ec9b,\2016-11\Juuh Osmark\,{TSP11~2016-11~47544666~Juuh Osmark}
juuhosmark2-212.jpg,2510984,bc387b0e,\2016-11\Juuh Osmark\,{TSP11~2016-11~47544666~Juuh Osmark}
juuhosmark2-213.jpg,2856252,4f5a78e0,\2016-11\Juuh Osmark\,{TSP11~2016-11~47544666~Juuh Osmark}
juuhosmark2-214.jpg,2742936,a55f9fcb,\2016-11\Juuh Osmark\,{TSP11~2016-11~47544666~Juuh Osmark}
juuhosmark2-215.jpg,2420015,c15d8754,\2016-11\Juuh Osmark\,{TSP11~2016-11~47544666~Juuh Osmark}
juuhosmark2-216.jpg,2622274,d9f00a34,\2016-11\Juuh Osmark\,{TSP11~2016-11~47544666~Juuh Osmark}
juuhosmark2-217.jpg,2346998,9c8ca097,\2016-11\Juuh Osmark\,{TSP11~2016-11~47544666~Juuh Osmark}
juuhosmark2-218.jpg,2596712,4c54cb21,\2016-11\Juuh Osmark\,{TSP11~2016-11~47544666~Juuh Osmark}
juuhosmark2-219.jpg,2590463,dbdafefc,\2016-11\Juuh Osmark\,{TSP11~2016-11~47544666~Juuh Osmark}
juuhosmark2-220.jpg,2759569,b5a22d09,\2016-11\Juuh Osmark\,{TSP11~2016-11~47544666~Juuh Osmark}
juuhosmark2-221.jpg,2468356,c4f66cc0,\2016-11\Juuh Osmark\,{TSP11~2016-11~47544666~Juuh Osmark}
juuhosmark2-222.jpg,2434782,a61a3687,\2016-11\Juuh Osmark\,{TSP11~2016-11~47544666~Juuh Osmark}
juuhosmark2-223.jpg,2676896,502d75f4,\2016-11\Juuh Osmark\,{TSP11~2016-11~47544666~Juuh Osmark}
juuhosmark2-224.jpg,2703808,339affef,\2016-11\Juuh Osmark\,{TSP11~2016-11~47544666~Juuh Osmark}
juuhosmark2-225.jpg,2653602,32fd62e0,\2016-11\Juuh Osmark\,{TSP11~2016-11~47544666~Juuh Osmark}
juuhosmark2-226.jpg,2726079,2ff6de9c,\2016-11\Juuh Osmark\,{TSP11~2016-11~47544666~Juuh Osmark}
juuhosmark2-227.jpg,2559523,13183b67,\2016-11\Juuh Osmark\,{TSP11~2016-11~47544666~Juuh Osmark}
juuhosmark2-228.jpg,2669990,37539407,\2016-11\Juuh Osmark\,{TSP11~2016-11~47544666~Juuh Osmark}
juuhosmark2-229.jpg,2632194,22f12e55,\2016-11\Juuh Osmark\,{TSP11~2016-11~47544666~Juuh Osmark}
juuhosmark2-230.jpg,2639293,6667944e,\2016-11\Juuh Osmark\,{TSP11~2016-11~47544666~Juuh Osmark}
juuhosmark2-231.jpg,3239805,49af5933,\2016-11\Juuh Osmark\,{TSP11~2016-11~47544666~Juuh Osmark}
juuhosmark2-232.jpg,2916215,37350122,\2016-11\Juuh Osmark\,{TSP11~2016-11~47544666~Juuh Osmark}
juuhosmark2-233.jpg,2591145,56cee530,\2016-11\Juuh Osmark\,{TSP11~2016-11~47544666~Juuh Osmark}
juuhosmark2-234.jpg,2800222,a2e6a8dd,\2016-11\Juuh Osmark\,{TSP11~2016-11~47544666~Juuh Osmark}
juuhosmark2-235.jpg,2792830,e3b30aa3,\2016-11\Juuh Osmark\,{TSP11~2016-11~47544666~Juuh Osmark}
juuhosmark2-236.jpg,2898313,eff67429,\2016-11\Juuh Osmark\,{TSP11~2016-11~47544666~Juuh Osmark}
juuhosmark2-237.jpg,2878679,c74aa23d,\2016-11\Juuh Osmark\,{TSP11~2016-11~47544666~Juuh Osmark}
juuhosmark2-238.jpg,2899869,352f93ae,\2016-11\Juuh Osmark\,{TSP11~2016-11~47544666~Juuh Osmark}
juuhosmark2-239.jpg,2799221,b54b81ed,\2016-11\Juuh Osmark\,{TSP11~2016-11~47544666~Juuh Osmark}
nataliacastro2-001.jpg,3212322,3b7a4e44,\2016-12\Natalia Castro\,{TSP11~2016-12~57476138~Natalia Castro}
nataliacastro2-002.jpg,2702633,4c422c9c,\2016-12\Natalia Castro\,{TSP11~2016-12~57476138~Natalia Castro}
nataliacastro2-003.jpg,3137025,973d421e,\2016-12\Natalia Castro\,{TSP11~2016-12~57476138~Natalia Castro}
nataliacastro2-004.jpg,3352101,ce83ff18,\2016-12\Natalia Castro\,{TSP11~2016-12~57476138~Natalia Castro}
nataliacastro2-005.jpg,3212207,8434512f,\2016-12\Natalia Castro\,{TSP11~2016-12~57476138~Natalia Castro}
nataliacastro2-006.jpg,3281961,5f821cea,\2016-12\Natalia Castro\,{TSP11~2016-12~57476138~Natalia Castro}
nataliacastro2-007.jpg,3149408,e871046a,\2016-12\Natalia Castro\,{TSP11~2016-12~57476138~Natalia Castro}
nataliacastro2-008.jpg,3718860,081c04a2,\2016-12\Natalia Castro\,{TSP11~2016-12~57476138~Natalia Castro}
nataliacastro2-009.jpg,3096121,90e73547,\2016-12\Natalia Castro\,{TSP11~2016-12~57476138~Natalia Castro}
nataliacastro2-010.jpg,3456261,34d37421,\2016-12\Natalia Castro\,{TSP11~2016-12~57476138~Natalia Castro}
nataliacastro2-011.jpg,3327533,ff76ca24,\2016-12\Natalia Castro\,{TSP11~2016-12~57476138~Natalia Castro}
nataliacastro2-012.jpg,3036251,c29167b7,\2016-12\Natalia Castro\,{TSP11~2016-12~57476138~Natalia Castro}
nataliacastro2-013.jpg,2817621,d08c1de3,\2016-12\Natalia Castro\,{TSP11~2016-12~57476138~Natalia Castro}
nataliacastro2-014.jpg,3533701,6b11f598,\2016-12\Natalia Castro\,{TSP11~2016-12~57476138~Natalia Castro}
nataliacastro2-015.jpg,3268560,631f4857,\2016-12\Natalia Castro\,{TSP11~2016-12~57476138~Natalia Castro}
nataliacastro2-016.jpg,3129780,b6a289a9,\2016-12\Natalia Castro\,{TSP11~2016-12~57476138~Natalia Castro}
nataliacastro2-017.jpg,3217015,12cd7857,\2016-12\Natalia Castro\,{TSP11~2016-12~57476138~Natalia Castro}
nataliacastro2-018.jpg,2893456,4fa43c3b,\2016-12\Natalia Castro\,{TSP11~2016-12~57476138~Natalia Castro}
nataliacastro2-019.jpg,2481968,f077afc7,\2016-12\Natalia Castro\,{TSP11~2016-12~57476138~Natalia Castro}
nataliacastro2-020.jpg,2660825,a273e522,\2016-12\Natalia Castro\,{TSP11~2016-12~57476138~Natalia Castro}
nataliacastro2-021.jpg,3466952,3adf0ac5,\2016-12\Natalia Castro\,{TSP11~2016-12~57476138~Natalia Castro}
nataliacastro2-022.jpg,3247224,769afcd2,\2016-12\Natalia Castro\,{TSP11~2016-12~57476138~Natalia Castro}
nataliacastro2-023.jpg,3015505,3836b0c0,\2016-12\Natalia Castro\,{TSP11~2016-12~57476138~Natalia Castro}
nataliacastro2-024.jpg,2716284,37e202b8,\2016-12\Natalia Castro\,{TSP11~2016-12~57476138~Natalia Castro}
nataliacastro2-025.jpg,3678424,946d41b8,\2016-12\Natalia Castro\,{TSP11~2016-12~57476138~Natalia Castro}
nataliacastro2-026.jpg,3418559,969ad478,\2016-12\Natalia Castro\,{TSP11~2016-12~57476138~Natalia Castro}
nataliacastro2-027.jpg,3997801,f8b5d793,\2016-12\Natalia Castro\,{TSP11~2016-12~57476138~Natalia Castro}
nataliacastro2-028.jpg,3529307,0abb9549,\2016-12\Natalia Castro\,{TSP11~2016-12~57476138~Natalia Castro}
nataliacastro2-029.jpg,3160504,325a9911,\2016-12\Natalia Castro\,{TSP11~2016-12~57476138~Natalia Castro}
nataliacastro2-030.jpg,3505272,a3616268,\2016-12\Natalia Castro\,{TSP11~2016-12~57476138~Natalia Castro}
nataliacastro2-031.jpg,2962328,4b714480,\2016-12\Natalia Castro\,{TSP11~2016-12~57476138~Natalia Castro}
nataliacastro2-032.jpg,3639858,95db7625,\2016-12\Natalia Castro\,{TSP11~2016-12~57476138~Natalia Castro}
nataliacastro2-033.jpg,2912885,ef11314c,\2016-12\Natalia Castro\,{TSP11~2016-12~57476138~Natalia Castro}
nataliacastro2-034.jpg,3193089,9ce6f765,\2016-12\Natalia Castro\,{TSP11~2016-12~57476138~Natalia Castro}
nataliacastro2-035.jpg,2951416,4a838042,\2016-12\Natalia Castro\,{TSP11~2016-12~57476138~Natalia Castro}
nataliacastro2-036.jpg,2933009,6bad276f,\2016-12\Natalia Castro\,{TSP11~2016-12~57476138~Natalia Castro}
nataliacastro2-037.jpg,2844876,b2dd2d53,\2016-12\Natalia Castro\,{TSP11~2016-12~57476138~Natalia Castro}
nataliacastro2-038.jpg,3126457,eee8001a,\2016-12\Natalia Castro\,{TSP11~2016-12~57476138~Natalia Castro}
nataliacastro2-039.jpg,2776763,bb1eec26,\2016-12\Natalia Castro\,{TSP11~2016-12~57476138~Natalia Castro}
nataliacastro2-040.jpg,3404004,ba0b3e0f,\2016-12\Natalia Castro\,{TSP11~2016-12~57476138~Natalia Castro}
nataliacastro2-041.jpg,3246695,d6ad65d8,\2016-12\Natalia Castro\,{TSP11~2016-12~57476138~Natalia Castro}
nataliacastro2-042.jpg,3165607,40cd5f10,\2016-12\Natalia Castro\,{TSP11~2016-12~57476138~Natalia Castro}
nataliacastro2-043.jpg,3269139,9ce750bc,\2016-12\Natalia Castro\,{TSP11~2016-12~57476138~Natalia Castro}
nataliacastro2-044.jpg,3591746,bc7f4673,\2016-12\Natalia Castro\,{TSP11~2016-12~57476138~Natalia Castro}
nataliacastro2-045.jpg,3865942,f7b3047d,\2016-12\Natalia Castro\,{TSP11~2016-12~57476138~Natalia Castro}
nataliacastro2-046.jpg,2596889,15a8fb17,\2016-12\Natalia Castro\,{TSP11~2016-12~57476138~Natalia Castro}
nataliacastro2-047.jpg,2401206,e1cc3d00,\2016-12\Natalia Castro\,{TSP11~2016-12~57476138~Natalia Castro}
nataliacastro2-048.jpg,2396327,4aefec49,\2016-12\Natalia Castro\,{TSP11~2016-12~57476138~Natalia Castro}
nataliacastro2-049.jpg,2504495,e8c762f5,\2016-12\Natalia Castro\,{TSP11~2016-12~57476138~Natalia Castro}
nataliacastro2-050.jpg,2788659,962eb60e,\2016-12\Natalia Castro\,{TSP11~2016-12~57476138~Natalia Castro}
nataliacastro2-051.jpg,2840796,69d9d501,\2016-12\Natalia Castro\,{TSP11~2016-12~57476138~Natalia Castro}
nataliacastro2-052.jpg,3176909,eaa419fc,\2016-12\Natalia Castro\,{TSP11~2016-12~57476138~Natalia Castro}
nataliacastro2-053.jpg,3276527,286a3238,\2016-12\Natalia Castro\,{TSP11~2016-12~57476138~Natalia Castro}
nataliacastro2-054.jpg,3781902,fc9c6339,\2016-12\Natalia Castro\,{TSP11~2016-12~57476138~Natalia Castro}
nataliacastro2-055.jpg,3245240,4b0b9c29,\2016-12\Natalia Castro\,{TSP11~2016-12~57476138~Natalia Castro}
nataliacastro2-056.jpg,3332551,77b151cd,\2016-12\Natalia Castro\,{TSP11~2016-12~57476138~Natalia Castro}
nataliacastro2-057.jpg,3136948,b9ae9558,\2016-12\Natalia Castro\,{TSP11~2016-12~57476138~Natalia Castro}
nataliacastro2-058.jpg,3338105,1ff1e793,\2016-12\Natalia Castro\,{TSP11~2016-12~57476138~Natalia Castro}
nataliacastro2-059.jpg,2389722,220ee670,\2016-12\Natalia Castro\,{TSP11~2016-12~57476138~Natalia Castro}
nataliacastro2-060.jpg,2559471,580af8ef,\2016-12\Natalia Castro\,{TSP11~2016-12~57476138~Natalia Castro}
nataliacastro2-061.jpg,3189157,c1240e68,\2016-12\Natalia Castro\,{TSP11~2016-12~57476138~Natalia Castro}
nataliacastro2-062.jpg,3868926,ed0d0156,\2016-12\Natalia Castro\,{TSP11~2016-12~57476138~Natalia Castro}
nataliacastro2-063.jpg,2583201,ae8a4d77,\2016-12\Natalia Castro\,{TSP11~2016-12~57476138~Natalia Castro}
nataliacastro2-064.jpg,2688071,aa5893f3,\2016-12\Natalia Castro\,{TSP11~2016-12~57476138~Natalia Castro}
nataliacastro2-065.jpg,2707715,1278595c,\2016-12\Natalia Castro\,{TSP11~2016-12~57476138~Natalia Castro}
nataliacastro2-066.jpg,2840336,6167588f,\2016-12\Natalia Castro\,{TSP11~2016-12~57476138~Natalia Castro}
nataliacastro2-067.jpg,2505322,d125e387,\2016-12\Natalia Castro\,{TSP11~2016-12~57476138~Natalia Castro}
nataliacastro2-068.jpg,2767030,205256c0,\2016-12\Natalia Castro\,{TSP11~2016-12~57476138~Natalia Castro}
nataliacastro2-069.jpg,2812966,a2a085e7,\2016-12\Natalia Castro\,{TSP11~2016-12~57476138~Natalia Castro}
nataliacastro2-070.jpg,2543931,bfb6415e,\2016-12\Natalia Castro\,{TSP11~2016-12~57476138~Natalia Castro}
nataliacastro2-071.jpg,2656972,d6117a36,\2016-12\Natalia Castro\,{TSP11~2016-12~57476138~Natalia Castro}
nataliacastro2-072.jpg,2868630,a34860aa,\2016-12\Natalia Castro\,{TSP11~2016-12~57476138~Natalia Castro}
nataliacastro2-073.jpg,2730565,05bd0c93,\2016-12\Natalia Castro\,{TSP11~2016-12~57476138~Natalia Castro}
nataliacastro2-074.jpg,3240006,e3aedd48,\2016-12\Natalia Castro\,{TSP11~2016-12~57476138~Natalia Castro}
nataliacastro2-075.jpg,2302252,06e8ad54,\2016-12\Natalia Castro\,{TSP11~2016-12~57476138~Natalia Castro}
nataliacastro2-076.jpg,2406804,b7e9ea6c,\2016-12\Natalia Castro\,{TSP11~2016-12~57476138~Natalia Castro}
nataliacastro2-077.jpg,2847237,14b8e794,\2016-12\Natalia Castro\,{TSP11~2016-12~57476138~Natalia Castro}
nataliacastro2-078.jpg,3235970,918113fc,\2016-12\Natalia Castro\,{TSP11~2016-12~57476138~Natalia Castro}
nataliacastro2-079.jpg,3208026,a934d5c8,\2016-12\Natalia Castro\,{TSP11~2016-12~57476138~Natalia Castro}
nataliacastro2-080.jpg,3167960,e082c9b4,\2016-12\Natalia Castro\,{TSP11~2016-12~57476138~Natalia Castro}
nataliacastro2-081.jpg,3378666,9058c0d6,\2016-12\Natalia Castro\,{TSP11~2016-12~57476138~Natalia Castro}
nataliacastro2-082.jpg,3372946,563cbedb,\2016-12\Natalia Castro\,{TSP11~2016-12~57476138~Natalia Castro}
nataliacastro2-083.jpg,3337013,326b5596,\2016-12\Natalia Castro\,{TSP11~2016-12~57476138~Natalia Castro}
nataliacastro2-084.jpg,3281201,f4f4875d,\2016-12\Natalia Castro\,{TSP11~2016-12~57476138~Natalia Castro}
nataliacastro2-085.jpg,3170616,cabc39f3,\2016-12\Natalia Castro\,{TSP11~2016-12~57476138~Natalia Castro}
nataliacastro2-086.jpg,3521012,3aa1dc8b,\2016-12\Natalia Castro\,{TSP11~2016-12~57476138~Natalia Castro}
nataliacastro2-087.jpg,3724599,329e161d,\2016-12\Natalia Castro\,{TSP11~2016-12~57476138~Natalia Castro}
nataliacastro2-088.jpg,2672922,f34fbf80,\2016-12\Natalia Castro\,{TSP11~2016-12~57476138~Natalia Castro}
nataliacastro2-089.jpg,3148770,21cd0fdc,\2016-12\Natalia Castro\,{TSP11~2016-12~57476138~Natalia Castro}
nataliacastro2-090.jpg,3166535,f5531a3a,\2016-12\Natalia Castro\,{TSP11~2016-12~57476138~Natalia Castro}
nataliacastro2-091.jpg,2652604,b29fb140,\2016-12\Natalia Castro\,{TSP11~2016-12~57476138~Natalia Castro}
nataliacastro2-092.jpg,2650076,135573c9,\2016-12\Natalia Castro\,{TSP11~2016-12~57476138~Natalia Castro}
nataliacastro2-093.jpg,2805754,f730ec8b,\2016-12\Natalia Castro\,{TSP11~2016-12~57476138~Natalia Castro}
nataliacastro2-094.jpg,2793144,7db0f40c,\2016-12\Natalia Castro\,{TSP11~2016-12~57476138~Natalia Castro}
nataliacastro2-095.jpg,2815323,7b6adff4,\2016-12\Natalia Castro\,{TSP11~2016-12~57476138~Natalia Castro}
nataliacastro2-096.jpg,3234097,c3282902,\2016-12\Natalia Castro\,{TSP11~2016-12~57476138~Natalia Castro}
nataliacastro2-097.jpg,3220271,b4fccdec,\2016-12\Natalia Castro\,{TSP11~2016-12~57476138~Natalia Castro}
nataliacastro2-098.jpg,3017786,309db720,\2016-12\Natalia Castro\,{TSP11~2016-12~57476138~Natalia Castro}
nataliacastro2-099.jpg,3112053,ec0e9952,\2016-12\Natalia Castro\,{TSP11~2016-12~57476138~Natalia Castro}
nataliacastro2-100.jpg,3348304,fa441608,\2016-12\Natalia Castro\,{TSP11~2016-12~57476138~Natalia Castro}
nataliacastro2-101.jpg,3327771,9cd784d6,\2016-12\Natalia Castro\,{TSP11~2016-12~57476138~Natalia Castro}
nataliacastro2-102.jpg,3095310,686fa8b7,\2016-12\Natalia Castro\,{TSP11~2016-12~57476138~Natalia Castro}
nataliacastro2-103.jpg,3118571,e49ffa92,\2016-12\Natalia Castro\,{TSP11~2016-12~57476138~Natalia Castro}
nataliacastro2-104.jpg,4126667,4081ec2e,\2016-12\Natalia Castro\,{TSP11~2016-12~57476138~Natalia Castro}
nataliacastro2-105.jpg,3200003,e1f803bd,\2016-12\Natalia Castro\,{TSP11~2016-12~57476138~Natalia Castro}
nataliacastro2-106.jpg,3577913,be903c61,\2016-12\Natalia Castro\,{TSP11~2016-12~57476138~Natalia Castro}
nataliacastro2-107.jpg,3018309,29d69d6f,\2016-12\Natalia Castro\,{TSP11~2016-12~57476138~Natalia Castro}
nataliacastro2-108.jpg,3229221,817dfbfe,\2016-12\Natalia Castro\,{TSP11~2016-12~57476138~Natalia Castro}
nataliacastro2-109.jpg,3091020,720556be,\2016-12\Natalia Castro\,{TSP11~2016-12~57476138~Natalia Castro}
nataliacastro2-110.jpg,3149395,7e6c6419,\2016-12\Natalia Castro\,{TSP11~2016-12~57476138~Natalia Castro}
nataliacastro2-111.jpg,3881689,66b21e53,\2016-12\Natalia Castro\,{TSP11~2016-12~57476138~Natalia Castro}
nataliacastro2-112.jpg,3038443,ac7c42bc,\2016-12\Natalia Castro\,{TSP11~2016-12~57476138~Natalia Castro}
nataliacastro2-113.jpg,2999503,f0f35af5,\2016-12\Natalia Castro\,{TSP11~2016-12~57476138~Natalia Castro}
nataliacastro2-114.jpg,2547897,492cba0e,\2016-12\Natalia Castro\,{TSP11~2016-12~57476138~Natalia Castro}
nataliacastro2-115.jpg,2925941,c573041e,\2016-12\Natalia Castro\,{TSP11~2016-12~57476138~Natalia Castro}
nataliacastro2-116.jpg,2847359,f667b439,\2016-12\Natalia Castro\,{TSP11~2016-12~57476138~Natalia Castro}
nataliacastro2-117.jpg,2737000,67b10249,\2016-12\Natalia Castro\,{TSP11~2016-12~57476138~Natalia Castro}
nataliacastro2-118.jpg,2608787,e19d10ac,\2016-12\Natalia Castro\,{TSP11~2016-12~57476138~Natalia Castro}
nataliacastro2-119.jpg,2592322,6e00f5ef,\2016-12\Natalia Castro\,{TSP11~2016-12~57476138~Natalia Castro}
nataliacastro2-120.jpg,2518205,1dd8f3b4,\2016-12\Natalia Castro\,{TSP11~2016-12~57476138~Natalia Castro}
nataliacastro2-121.jpg,2646094,b134191a,\2016-12\Natalia Castro\,{TSP11~2016-12~57476138~Natalia Castro}
nataliacastro2-122.jpg,2767093,a6f51be4,\2016-12\Natalia Castro\,{TSP11~2016-12~57476138~Natalia Castro}
nataliacastro2-123.jpg,3262403,0bc6e61e,\2016-12\Natalia Castro\,{TSP11~2016-12~57476138~Natalia Castro}
nataliacastro2-124.jpg,3298681,07d08aa1,\2016-12\Natalia Castro\,{TSP11~2016-12~57476138~Natalia Castro}
nataliacastro2-125.jpg,2562029,547e1a34,\2016-12\Natalia Castro\,{TSP11~2016-12~57476138~Natalia Castro}
nataliacastro2-126.jpg,2913372,60dd948f,\2016-12\Natalia Castro\,{TSP11~2016-12~57476138~Natalia Castro}
nataliacastro2-127.jpg,2761685,485c5795,\2016-12\Natalia Castro\,{TSP11~2016-12~57476138~Natalia Castro}
nataliacastro2-128.jpg,2891001,8bd8c798,\2016-12\Natalia Castro\,{TSP11~2016-12~57476138~Natalia Castro}
nataliacastro2-129.jpg,2805551,906c5be8,\2016-12\Natalia Castro\,{TSP11~2016-12~57476138~Natalia Castro}
nataliacastro2-130.jpg,2965306,8f3da943,\2016-12\Natalia Castro\,{TSP11~2016-12~57476138~Natalia Castro}
nataliacastro2-131.jpg,2780661,4a80daec,\2016-12\Natalia Castro\,{TSP11~2016-12~57476138~Natalia Castro}
nataliacastro2-132.jpg,3237692,14b32b8c,\2016-12\Natalia Castro\,{TSP11~2016-12~57476138~Natalia Castro}
nataliacastro2-133.jpg,3111291,be0a858f,\2016-12\Natalia Castro\,{TSP11~2016-12~57476138~Natalia Castro}
nataliacastro2-134.jpg,2498232,291d365f,\2016-12\Natalia Castro\,{TSP11~2016-12~57476138~Natalia Castro}
nataliacastro2-135.jpg,2989335,1afd34e6,\2016-12\Natalia Castro\,{TSP11~2016-12~57476138~Natalia Castro}
nataliacastro2-136.jpg,3121374,3ec4a89f,\2016-12\Natalia Castro\,{TSP11~2016-12~57476138~Natalia Castro}
nataliacastro2-137.jpg,3112124,bf60655a,\2016-12\Natalia Castro\,{TSP11~2016-12~57476138~Natalia Castro}
nataliacastro2-138.jpg,2628254,cd8274d5,\2016-12\Natalia Castro\,{TSP11~2016-12~57476138~Natalia Castro}
nataliacastro2-139.jpg,2355884,dcd7ac42,\2016-12\Natalia Castro\,{TSP11~2016-12~57476138~Natalia Castro}
nataliacastro2-140.jpg,2561823,25080c39,\2016-12\Natalia Castro\,{TSP11~2016-12~57476138~Natalia Castro}
nataliacastro2-141.jpg,2616497,90960e9e,\2016-12\Natalia Castro\,{TSP11~2016-12~57476138~Natalia Castro}
nataliacastro2-142.jpg,2570036,3c887172,\2016-12\Natalia Castro\,{TSP11~2016-12~57476138~Natalia Castro}
nataliacastro2-143.jpg,2734095,7fed9fce,\2016-12\Natalia Castro\,{TSP11~2016-12~57476138~Natalia Castro}
nataliacastro2-144.jpg,2827976,f643f9c3,\2016-12\Natalia Castro\,{TSP11~2016-12~57476138~Natalia Castro}
nataliacastro2-145.jpg,2852789,0c86bd2e,\2016-12\Natalia Castro\,{TSP11~2016-12~57476138~Natalia Castro}
nataliacastro2-146.jpg,2833323,6f6be8b2,\2016-12\Natalia Castro\,{TSP11~2016-12~57476138~Natalia Castro}
nataliacastro2-147.jpg,3852152,10a95cf3,\2016-12\Natalia Castro\,{TSP11~2016-12~57476138~Natalia Castro}
nataliacastro2-148.jpg,3993422,df283d5a,\2016-12\Natalia Castro\,{TSP11~2016-12~57476138~Natalia Castro}
nataliacastro2-149.jpg,3009540,40ecc118,\2016-12\Natalia Castro\,{TSP11~2016-12~57476138~Natalia Castro}
nataliacastro2-150.jpg,2888145,66c9d4f2,\2016-12\Natalia Castro\,{TSP11~2016-12~57476138~Natalia Castro}
nataliacastro2-151.jpg,2838013,7ebc62eb,\2016-12\Natalia Castro\,{TSP11~2016-12~57476138~Natalia Castro}
nataliacastro2-152.jpg,3152597,bb7c8f2b,\2016-12\Natalia Castro\,{TSP11~2016-12~57476138~Natalia Castro}
nataliacastro2-153.jpg,2758104,6f474125,\2016-12\Natalia Castro\,{TSP11~2016-12~57476138~Natalia Castro}
nataliacastro2-154.jpg,3085114,e49f1b53,\2016-12\Natalia Castro\,{TSP11~2016-12~57476138~Natalia Castro}
nataliacastro2-155.jpg,3291821,d70b8fdf,\2016-12\Natalia Castro\,{TSP11~2016-12~57476138~Natalia Castro}
nataliacastro2-156.jpg,2972120,5e22620a,\2016-12\Natalia Castro\,{TSP11~2016-12~57476138~Natalia Castro}
nataliacastro2-157.jpg,3171728,c1ed1ac7,\2016-12\Natalia Castro\,{TSP11~2016-12~57476138~Natalia Castro}
nataliacastro2-158.jpg,3132492,62316ac7,\2016-12\Natalia Castro\,{TSP11~2016-12~57476138~Natalia Castro}
nataliacastro2-159.jpg,2811365,b1adbeec,\2016-12\Natalia Castro\,{TSP11~2016-12~57476138~Natalia Castro}
nataliacastro2-160.jpg,3058262,fe941751,\2016-12\Natalia Castro\,{TSP11~2016-12~57476138~Natalia Castro}
nataliacastro2-161.jpg,2756861,fa329b7a,\2016-12\Natalia Castro\,{TSP11~2016-12~57476138~Natalia Castro}
nataliacastro2-162.jpg,3207141,88280027,\2016-12\Natalia Castro\,{TSP11~2016-12~57476138~Natalia Castro}
nataliacastro2-163.jpg,2644225,d16b66b9,\2016-12\Natalia Castro\,{TSP11~2016-12~57476138~Natalia Castro}
nataliacastro2-164.jpg,2777355,21564648,\2016-12\Natalia Castro\,{TSP11~2016-12~57476138~Natalia Castro}
nataliacastro2-165.jpg,2951510,616221ec,\2016-12\Natalia Castro\,{TSP11~2016-12~57476138~Natalia Castro}
nataliacastro2-166.jpg,3076708,052cbbf6,\2016-12\Natalia Castro\,{TSP11~2016-12~57476138~Natalia Castro}
nataliacastro2-167.jpg,3102903,54bc72d7,\2016-12\Natalia Castro\,{TSP11~2016-12~57476138~Natalia Castro}
nataliacastro2-168.jpg,2787419,6c72170c,\2016-12\Natalia Castro\,{TSP11~2016-12~57476138~Natalia Castro}
nataliacastro2-169.jpg,2773673,7e030117,\2016-12\Natalia Castro\,{TSP11~2016-12~57476138~Natalia Castro}
nataliacastro2-170.jpg,3045142,e6da3508,\2016-12\Natalia Castro\,{TSP11~2016-12~57476138~Natalia Castro}
nataliacastro2-171.jpg,3456859,b773ed9c,\2016-12\Natalia Castro\,{TSP11~2016-12~57476138~Natalia Castro}
nataliacastro2-172.jpg,3031846,9ecd4eb0,\2016-12\Natalia Castro\,{TSP11~2016-12~57476138~Natalia Castro}
nataliacastro2-173.jpg,2567346,bd648a94,\2016-12\Natalia Castro\,{TSP11~2016-12~57476138~Natalia Castro}
nataliacastro2-174.jpg,3008100,fd57fb4d,\2016-12\Natalia Castro\,{TSP11~2016-12~57476138~Natalia Castro}
nataliacastro2-175.jpg,2831992,65ccbe3a,\2016-12\Natalia Castro\,{TSP11~2016-12~57476138~Natalia Castro}
nataliacastro2-176.jpg,2535902,14e3522d,\2016-12\Natalia Castro\,{TSP11~2016-12~57476138~Natalia Castro}
nataliacastro2-177.jpg,2650515,76c62552,\2016-12\Natalia Castro\,{TSP11~2016-12~57476138~Natalia Castro}
nataliacastro2-178.jpg,3123910,b6dc8726,\2016-12\Natalia Castro\,{TSP11~2016-12~57476138~Natalia Castro}
nataliacastro2-179.jpg,3150471,507ffdd9,\2016-12\Natalia Castro\,{TSP11~2016-12~57476138~Natalia Castro}
nataliacastro2-180.jpg,2653377,c7a87d98,\2016-12\Natalia Castro\,{TSP11~2016-12~57476138~Natalia Castro}
nataliacastro2-181.jpg,2764949,066d623c,\2016-12\Natalia Castro\,{TSP11~2016-12~57476138~Natalia Castro}
nataliacastro2-182.jpg,2668479,d26a6bfc,\2016-12\Natalia Castro\,{TSP11~2016-12~57476138~Natalia Castro}
nataliacastro2-183.jpg,3511536,3cc87859,\2016-12\Natalia Castro\,{TSP11~2016-12~57476138~Natalia Castro}
nataliacastro2-184.jpg,3185571,f3a5a51d,\2016-12\Natalia Castro\,{TSP11~2016-12~57476138~Natalia Castro}
nataliacastro2-185.jpg,3266333,4b7fb9ab,\2016-12\Natalia Castro\,{TSP11~2016-12~57476138~Natalia Castro}
nataliacastro2-186.jpg,3080695,c6278ba7,\2016-12\Natalia Castro\,{TSP11~2016-12~57476138~Natalia Castro}
nataliacastro2-187.jpg,2681196,ed0c1aae,\2016-12\Natalia Castro\,{TSP11~2016-12~57476138~Natalia Castro}
nataliacastro2-188.jpg,2902452,36eb0bf3,\2016-12\Natalia Castro\,{TSP11~2016-12~57476138~Natalia Castro}
nataliacastro2-189.jpg,3016581,0e3b89e7,\2016-12\Natalia Castro\,{TSP11~2016-12~57476138~Natalia Castro}
nataliacastro2-190.jpg,2740952,4574d391,\2016-12\Natalia Castro\,{TSP11~2016-12~57476138~Natalia Castro}
nataliacastro2-191.jpg,3416857,20941ea9,\2016-12\Natalia Castro\,{TSP11~2016-12~57476138~Natalia Castro}
nataliacastro2-192.jpg,2663607,01e7fa5d,\2016-12\Natalia Castro\,{TSP11~2016-12~57476138~Natalia Castro}
nataliacastro2-193.jpg,2899111,12ac1742,\2016-12\Natalia Castro\,{TSP11~2016-12~57476138~Natalia Castro}
nataliacastro2-194.jpg,2961985,f0b1154a,\2016-12\Natalia Castro\,{TSP11~2016-12~57476138~Natalia Castro}
nataliacastro2-195.jpg,3446058,11294f41,\2016-12\Natalia Castro\,{TSP11~2016-12~57476138~Natalia Castro}
nataliacastro2-196.jpg,2926371,4080865a,\2016-12\Natalia Castro\,{TSP11~2016-12~57476138~Natalia Castro}
nataliacastro2-197.jpg,3018648,5413060d,\2016-12\Natalia Castro\,{TSP11~2016-12~57476138~Natalia Castro}
nataliacastro2-198.jpg,3071934,439fc447,\2016-12\Natalia Castro\,{TSP11~2016-12~57476138~Natalia Castro}
nataliacastro2-199.jpg,3288778,6a72ebda,\2016-12\Natalia Castro\,{TSP11~2016-12~57476138~Natalia Castro}
nataliacastro2-200.jpg,3298790,96b0726c,\2016-12\Natalia Castro\,{TSP11~2016-12~57476138~Natalia Castro}
nataliacastro2-201.jpg,3315573,75fedb71,\2016-12\Natalia Castro\,{TSP11~2016-12~57476138~Natalia Castro}
nataliacastro2-202.jpg,2536404,7c71985b,\2016-12\Natalia Castro\,{TSP11~2016-12~57476138~Natalia Castro}
nataliacastro2-203.jpg,3299358,479edd94,\2016-12\Natalia Castro\,{TSP11~2016-12~57476138~Natalia Castro}
nataliacastro2-204.jpg,3316460,cccb859e,\2016-12\Natalia Castro\,{TSP11~2016-12~57476138~Natalia Castro}
nataliacastro2-205.jpg,3095023,959e272f,\2016-12\Natalia Castro\,{TSP11~2016-12~57476138~Natalia Castro}
nataliacastro2-206.jpg,3546370,7a94a48f,\2016-12\Natalia Castro\,{TSP11~2016-12~57476138~Natalia Castro}
nataliacastro2-207.jpg,3099515,18f5c1e0,\2016-12\Natalia Castro\,{TSP11~2016-12~57476138~Natalia Castro}
nataliacastro2-208.jpg,2741686,fb62215c,\2016-12\Natalia Castro\,{TSP11~2016-12~57476138~Natalia Castro}
nataliacastro2-209.jpg,2743961,b65a8db2,\2016-12\Natalia Castro\,{TSP11~2016-12~57476138~Natalia Castro}
nataliacastro2-210.jpg,2787510,a867ee8b,\2016-12\Natalia Castro\,{TSP11~2016-12~57476138~Natalia Castro}
nataliacastro2-211.jpg,2835443,b5c89139,\2016-12\Natalia Castro\,{TSP11~2016-12~57476138~Natalia Castro}
nataliacastro2-212.jpg,3102111,e375198b,\2016-12\Natalia Castro\,{TSP11~2016-12~57476138~Natalia Castro}
nataliacastro2-213.jpg,2924575,b7658966,\2016-12\Natalia Castro\,{TSP11~2016-12~57476138~Natalia Castro}
nataliacastro2-214.jpg,2656718,cbc5fc4b,\2016-12\Natalia Castro\,{TSP11~2016-12~57476138~Natalia Castro}
nataliacastro2-215.jpg,3006784,85b7449a,\2016-12\Natalia Castro\,{TSP11~2016-12~57476138~Natalia Castro}
nataliacastro2-216.jpg,3627954,21eff24e,\2016-12\Natalia Castro\,{TSP11~2016-12~57476138~Natalia Castro}
nataliacastro2-217.jpg,3141489,35652cb7,\2016-12\Natalia Castro\,{TSP11~2016-12~57476138~Natalia Castro}
nataliacastro2-218.jpg,3221649,3bbb9086,\2016-12\Natalia Castro\,{TSP11~2016-12~57476138~Natalia Castro}
nataliacastro2-219.jpg,3440413,1dab268c,\2016-12\Natalia Castro\,{TSP11~2016-12~57476138~Natalia Castro}
nataliacastro2-220.jpg,3448735,3c9b1329,\2016-12\Natalia Castro\,{TSP11~2016-12~57476138~Natalia Castro}
nataliacastro2-221.jpg,3411472,616e1e57,\2016-12\Natalia Castro\,{TSP11~2016-12~57476138~Natalia Castro}
nataliacastro2-222.jpg,3381215,f3786ec8,\2016-12\Natalia Castro\,{TSP11~2016-12~57476138~Natalia Castro}
nataliacastro2-223.jpg,3605427,0274f745,\2016-12\Natalia Castro\,{TSP11~2016-12~57476138~Natalia Castro}
nataliacastro2-224.jpg,3633121,0e65f8d6,\2016-12\Natalia Castro\,{TSP11~2016-12~57476138~Natalia Castro}
nataliacastro2-225.jpg,2735207,2f28fc9a,\2016-12\Natalia Castro\,{TSP11~2016-12~57476138~Natalia Castro}
nataliacastro2-226.jpg,3492715,89054804,\2016-12\Natalia Castro\,{TSP11~2016-12~57476138~Natalia Castro}
nataliacastro2-227.jpg,3433547,45d41d11,\2016-12\Natalia Castro\,{TSP11~2016-12~57476138~Natalia Castro}
nataliacastro2-228.jpg,3232141,87e001a5,\2016-12\Natalia Castro\,{TSP11~2016-12~57476138~Natalia Castro}
nataliacastro2-229.jpg,2931551,a151da5d,\2016-12\Natalia Castro\,{TSP11~2016-12~57476138~Natalia Castro}
nataliacastro2-230.jpg,3290140,d630692f,\2016-12\Natalia Castro\,{TSP11~2016-12~57476138~Natalia Castro}
nataliacastro2-231.jpg,2886472,95386d7b,\2016-12\Natalia Castro\,{TSP11~2016-12~57476138~Natalia Castro}
nataliacastro2-232.jpg,3176542,7b5997f6,\2016-12\Natalia Castro\,{TSP11~2016-12~57476138~Natalia Castro}
nataliacastro2-233.jpg,2897143,242819d7,\2016-12\Natalia Castro\,{TSP11~2016-12~57476138~Natalia Castro}
nataliacastro2-234.jpg,2718635,803bf4fc,\2016-12\Natalia Castro\,{TSP11~2016-12~57476138~Natalia Castro}
nataliacastro2-235.jpg,2731268,9f05e23d,\2016-12\Natalia Castro\,{TSP11~2016-12~57476138~Natalia Castro}
nataliacastro2-236.jpg,2931676,2c80dedd,\2016-12\Natalia Castro\,{TSP11~2016-12~57476138~Natalia Castro}
nataliacastro2-237.jpg,2694188,238a39b8,\2016-12\Natalia Castro\,{TSP11~2016-12~57476138~Natalia Castro}
nataliacastro2-238.jpg,2665677,3954076c,\2016-12\Natalia Castro\,{TSP11~2016-12~57476138~Natalia Castro}
nataliacastro2-239.jpg,2984220,cb428bfa,\2016-12\Natalia Castro\,{TSP11~2016-12~57476138~Natalia Castro}
nataliacastro2-240.jpg,3018344,b2c15f28,\2016-12\Natalia Castro\,{TSP11~2016-12~57476138~Natalia Castro}
nataliacastro2-241.jpg,3040423,ed585cb9,\2016-12\Natalia Castro\,{TSP11~2016-12~57476138~Natalia Castro}
nataliacastro2-242.jpg,2903002,b41db9c5,\2016-12\Natalia Castro\,{TSP11~2016-12~57476138~Natalia Castro}
nataliacastro2-243.jpg,3179446,17233797,\2016-12\Natalia Castro\,{TSP11~2016-12~57476138~Natalia Castro}
nataliacastro2-244.jpg,2669921,d17381a2,\2016-12\Natalia Castro\,{TSP11~2016-12~57476138~Natalia Castro}
nataliacastro2-245.jpg,2800366,0daffbc2,\2016-12\Natalia Castro\,{TSP11~2016-12~57476138~Natalia Castro}
nataliacastro2-246.jpg,3183268,9db87197,\2016-12\Natalia Castro\,{TSP11~2016-12~57476138~Natalia Castro}
nataliacastro2-247.jpg,2820359,3d2ef062,\2016-12\Natalia Castro\,{TSP11~2016-12~57476138~Natalia Castro}
nataliacastro2-248.jpg,3002262,2cb4ab47,\2016-12\Natalia Castro\,{TSP11~2016-12~57476138~Natalia Castro}
nataliacastro2-249.jpg,3392668,5952540d,\2016-12\Natalia Castro\,{TSP11~2016-12~57476138~Natalia Castro}
nataliacastro2-250.jpg,2707930,bc571c4d,\2016-12\Natalia Castro\,{TSP11~2016-12~57476138~Natalia Castro}
nataliacastro2-251.jpg,3033280,9587aadb,\2016-12\Natalia Castro\,{TSP11~2016-12~57476138~Natalia Castro}
nataliacastro2-252.jpg,2784447,c237adf1,\2016-12\Natalia Castro\,{TSP11~2016-12~57476138~Natalia Castro}
nataliacastro2-253.jpg,3463114,f8a7573d,\2016-12\Natalia Castro\,{TSP11~2016-12~57476138~Natalia Castro}
nataliacastro2-254.jpg,2859746,57f210b5,\2016-12\Natalia Castro\,{TSP11~2016-12~57476138~Natalia Castro}
nataliacastro2-255.jpg,2768983,da2fd90a,\2016-12\Natalia Castro\,{TSP11~2016-12~57476138~Natalia Castro}
nataliacastro2-256.jpg,2680983,c91e4d08,\2016-12\Natalia Castro\,{TSP11~2016-12~57476138~Natalia Castro}
nataliacastro2-257.jpg,2632022,607405dc,\2016-12\Natalia Castro\,{TSP11~2016-12~57476138~Natalia Castro}
nataliacastro2-258.jpg,2869113,84397681,\2016-12\Natalia Castro\,{TSP11~2016-12~57476138~Natalia Castro}
nataliacastro2-259.jpg,2824394,4684bf19,\2016-12\Natalia Castro\,{TSP11~2016-12~57476138~Natalia Castro}
nataliacastro2-260.jpg,2772428,81fca82d,\2016-12\Natalia Castro\,{TSP11~2016-12~57476138~Natalia Castro}
nataliacastro2-261.jpg,2705710,67c1a245,\2016-12\Natalia Castro\,{TSP11~2016-12~57476138~Natalia Castro}