02.jpg,12550,5c4c675f,\T-Girl Fantasies Vol1\T-Girl Fantasies Vol1\,{TH2~1~1~T - Girl Fantasies Vol1}
03.jpg,9378,14b1d703,\T-Girl Fantasies Vol1\T-Girl Fantasies Vol1\,{TH2~1~1~T - Girl Fantasies Vol1}
04.jpg,13533,80f8d2ea,\T-Girl Fantasies Vol1\T-Girl Fantasies Vol1\,{TH2~1~1~T - Girl Fantasies Vol1}
05.jpg,11884,c38cfc03,\T-Girl Fantasies Vol1\T-Girl Fantasies Vol1\,{TH2~1~1~T - Girl Fantasies Vol1}
01.wmv,8939548,5612aaff,\T-Girl Fantasies Vol1\Tgv1 1\,{TH2~1~2~Tgv1 1}
02.wmv,8965540,16a86f9f,\T-Girl Fantasies Vol1\Tgv1 1\,{TH2~1~2~Tgv1 1}
03.wmv,8942436,c63488cd,\T-Girl Fantasies Vol1\Tgv1 1\,{TH2~1~2~Tgv1 1}
04.wmv,8942436,6daeebaf,\T-Girl Fantasies Vol1\Tgv1 1\,{TH2~1~2~Tgv1 1}
05.wmv,8945324,25d6ba9f,\T-Girl Fantasies Vol1\Tgv1 1\,{TH2~1~2~Tgv1 1}
06.wmv,10308658,e9178113,\T-Girl Fantasies Vol1\Tgv1 1\,{TH2~1~2~Tgv1 1}
01.wmv,10824238,5d15b1f4,\T-Girl Fantasies Vol1\Tgv1 2\,{TH2~1~3~Tgv1 2}
02.wmv,10883442,53f2e095,\T-Girl Fantasies Vol1\Tgv1 2\,{TH2~1~3~Tgv1 2}
03.wmv,10840122,2d050678,\T-Girl Fantasies Vol1\Tgv1 2\,{TH2~1~3~Tgv1 2}
04.wmv,10843010,39b4398f,\T-Girl Fantasies Vol1\Tgv1 2\,{TH2~1~3~Tgv1 2}
05.wmv,10847342,b7817da4,\T-Girl Fantasies Vol1\Tgv1 2\,{TH2~1~3~Tgv1 2}
06.wmv,10590274,483cf62a,\T-Girl Fantasies Vol1\Tgv1 2\,{TH2~1~3~Tgv1 2}
01.wmv,7664316,1a4ba189,\T-Girl Fantasies Vol1\Tgv1 3\,{TH2~1~4~Tgv1 3}
02.wmv,7687420,ac98a5e1,\T-Girl Fantasies Vol1\Tgv1 3\,{TH2~1~4~Tgv1 3}
03.wmv,7683088,fa1abf85,\T-Girl Fantasies Vol1\Tgv1 3\,{TH2~1~4~Tgv1 3}
04.wmv,7720632,5e125b00,\T-Girl Fantasies Vol1\Tgv1 3\,{TH2~1~4~Tgv1 3}
05.wmv,7680200,bd4625f5,\T-Girl Fantasies Vol1\Tgv1 3\,{TH2~1~4~Tgv1 3}
06.wmv,7675868,a1bb129c,\T-Girl Fantasies Vol1\Tgv1 3\,{TH2~1~4~Tgv1 3}
01.wmv,8929440,1e39c132,\T-Girl Fantasies Vol1\Tgv1 4\,{TH2~1~5~Tgv1 4}
02.wmv,8990088,d22126b1,\T-Girl Fantasies Vol1\Tgv1 4\,{TH2~1~5~Tgv1 4}
03.wmv,8936660,c64c5280,\T-Girl Fantasies Vol1\Tgv1 4\,{TH2~1~5~Tgv1 4}
04.wmv,8942436,d77ae420,\T-Girl Fantasies Vol1\Tgv1 4\,{TH2~1~5~Tgv1 4}
05.wmv,8942436,bc2e04fb,\T-Girl Fantasies Vol1\Tgv1 4\,{TH2~1~5~Tgv1 4}
06.wmv,9102744,1936e298,\T-Girl Fantasies Vol1\Tgv1 4\,{TH2~1~5~Tgv1 4}
01.wmv,8929440,c94db3ca,\T-Girl Fantasies Vol1\Tgv1 5\,{TH2~1~6~Tgv1 5}
02.wmv,8952544,68837d83,\T-Girl Fantasies Vol1\Tgv1 5\,{TH2~1~6~Tgv1 5}
03.wmv,8939548,b42a1851,\T-Girl Fantasies Vol1\Tgv1 5\,{TH2~1~6~Tgv1 5}
04.wmv,8948212,a8049b52,\T-Girl Fantasies Vol1\Tgv1 5\,{TH2~1~6~Tgv1 5}
05.wmv,8951100,1df18b8b,\T-Girl Fantasies Vol1\Tgv1 5\,{TH2~1~6~Tgv1 5}
06.wmv,8477408,97140dd5,\T-Girl Fantasies Vol1\Tgv1 5\,{TH2~1~6~Tgv1 5}
01.jpg,11183,3bdfabfd,\T-Girl Fantasies Vol2\T-Girl Fantasies Vol2\,{TH2~2~1~T - Girl Fantasies Vol2}
02.jpg,11416,5e08a3c5,\T-Girl Fantasies Vol2\T-Girl Fantasies Vol2\,{TH2~2~1~T - Girl Fantasies Vol2}
03.jpg,11640,dd92eca2,\T-Girl Fantasies Vol2\T-Girl Fantasies Vol2\,{TH2~2~1~T - Girl Fantasies Vol2}
04.jpg,9142,d035f3e1,\T-Girl Fantasies Vol2\T-Girl Fantasies Vol2\,{TH2~2~1~T - Girl Fantasies Vol2}
05.jpg,9748,0c739d79,\T-Girl Fantasies Vol2\T-Girl Fantasies Vol2\,{TH2~2~1~T - Girl Fantasies Vol2}
01.wmv,6825232,04742e0e,\T-Girl Fantasies Vol2\Tgv2 1\,{TH2~2~2~Tgv2 1}
02.wmv,6822344,7e8f5c81,\T-Girl Fantasies Vol2\Tgv2 1\,{TH2~2~2~Tgv2 1}
03.wmv,6813680,c1b0a1fb,\T-Girl Fantasies Vol2\Tgv2 1\,{TH2~2~2~Tgv2 1}
04.wmv,6832452,65e8e185,\T-Girl Fantasies Vol2\Tgv2 1\,{TH2~2~2~Tgv2 1}
05.wmv,6836784,23ba0347,\T-Girl Fantasies Vol2\Tgv2 1\,{TH2~2~2~Tgv2 1}
06.wmv,8610274,88d43308,\T-Girl Fantasies Vol2\Tgv2 1\,{TH2~2~2~Tgv2 1}
01.wmv,9365588,ef546fd9,\T-Girl Fantasies Vol2\Tgv2 2\,{TH2~2~3~Tgv2 2}
02.wmv,9385804,268d3c8a,\T-Girl Fantasies Vol2\Tgv2 2\,{TH2~2~3~Tgv2 2}
03.wmv,9375696,be5fc7df,\T-Girl Fantasies Vol2\Tgv2 2\,{TH2~2~3~Tgv2 2}
04.wmv,9382916,811ba4e9,\T-Girl Fantasies Vol2\Tgv2 2\,{TH2~2~3~Tgv2 2}
05.wmv,9381472,2009fe72,\T-Girl Fantasies Vol2\Tgv2 2\,{TH2~2~3~Tgv2 2}
06.wmv,10928218,32fcb0c6,\T-Girl Fantasies Vol2\Tgv2 2\,{TH2~2~3~Tgv2 2}
01.wmv,10222000,5fe62c56,\T-Girl Fantasies Vol2\Tgv2 3\,{TH2~2~4~Tgv2 3}
02.wmv,10252324,b9b1cf78,\T-Girl Fantasies Vol2\Tgv2 3\,{TH2~2~4~Tgv2 3}
03.wmv,10210448,8d58e823,\T-Girl Fantasies Vol2\Tgv2 3\,{TH2~2~4~Tgv2 3}
04.wmv,10250880,ce84bc44,\T-Girl Fantasies Vol2\Tgv2 3\,{TH2~2~4~Tgv2 3}
05.wmv,10247992,2615293a,\T-Girl Fantasies Vol2\Tgv2 3\,{TH2~2~4~Tgv2 3}
06.wmv,12102358,234111ba,\T-Girl Fantasies Vol2\Tgv2 3\,{TH2~2~4~Tgv2 3}
01.wmv,7015870,c719949f,\T-Girl Fantasies Vol2\Tgv2 4\,{TH2~2~5~Tgv2 4}
02.wmv,7044750,bdea31ca,\T-Girl Fantasies Vol2\Tgv2 4\,{TH2~2~5~Tgv2 4}
03.wmv,7043306,f81b2bfd,\T-Girl Fantasies Vol2\Tgv2 4\,{TH2~2~5~Tgv2 4}
04.wmv,7036086,04361bd5,\T-Girl Fantasies Vol2\Tgv2 4\,{TH2~2~5~Tgv2 4}
05.wmv,7041862,0128a928,\T-Girl Fantasies Vol2\Tgv2 4\,{TH2~2~5~Tgv2 4}
06.wmv,10224894,df88d8e2,\T-Girl Fantasies Vol2\Tgv2 4\,{TH2~2~5~Tgv2 4}
01.wmv,8932328,4d8d6efe,\T-Girl Fantasies Vol2\Tgv2 5\,{TH2~2~6~Tgv2 5}
02.wmv,8943880,7f57ffc6,\T-Girl Fantasies Vol2\Tgv2 5\,{TH2~2~6~Tgv2 5}
03.wmv,8940992,e1b70e00,\T-Girl Fantasies Vol2\Tgv2 5\,{TH2~2~6~Tgv2 5}
04.wmv,8939548,c53a7376,\T-Girl Fantasies Vol2\Tgv2 5\,{TH2~2~6~Tgv2 5}
05.wmv,8951100,ff923451,\T-Girl Fantasies Vol2\Tgv2 5\,{TH2~2~6~Tgv2 5}
06.wmv,6181112,38f688c3,\T-Girl Fantasies Vol2\Tgv2 5\,{TH2~2~6~Tgv2 5}
01.jpg,10186,c4139adc,\Backseat Loving 2\Backseat Loving 2\,{TH2~1~1~Backseat Loving 2}
02.jpg,11299,80fec9ae,\Backseat Loving 2\Backseat Loving 2\,{TH2~1~1~Backseat Loving 2}
03.jpg,8071,ec195a9a,\Backseat Loving 2\Backseat Loving 2\,{TH2~1~1~Backseat Loving 2}
05.jpg,9600,7577be60,\Backseat Loving 2\Backseat Loving 2\,{TH2~1~1~Backseat Loving 2}
01.wmv,14829020,d798cb01,\Backseat Loving 2\Tgv4 1\,{TH2~1~2~Tgv4 1}
02.wmv,14855012,43244a9f,\Backseat Loving 2\Tgv4 1\,{TH2~1~2~Tgv4 1}
03.wmv,14844904,45c6d2dc,\Backseat Loving 2\Tgv4 1\,{TH2~1~2~Tgv4 1}
04.wmv,14849236,6ed19ec9,\Backseat Loving 2\Tgv4 1\,{TH2~1~2~Tgv4 1}
05.wmv,14846348,8082d3e9,\Backseat Loving 2\Tgv4 1\,{TH2~1~2~Tgv4 1}
06.wmv,14538728,102259f6,\Backseat Loving 2\Tgv4 1\,{TH2~1~2~Tgv4 1}
01.wmv,11875620,93363168,\Backseat Loving 2\Tgv4 2\,{TH2~1~3~Tgv4 2}
02.wmv,11898724,faed0373,\Backseat Loving 2\Tgv4 2\,{TH2~1~3~Tgv4 2}
03.wmv,11903056,feea3eda,\Backseat Loving 2\Tgv4 2\,{TH2~1~3~Tgv4 2}
04.wmv,11864068,89329cf4,\Backseat Loving 2\Tgv4 2\,{TH2~1~3~Tgv4 2}
05.wmv,11894392,6034cba8,\Backseat Loving 2\Tgv4 2\,{TH2~1~3~Tgv4 2}
06.wmv,9365606,57680700,\Backseat Loving 2\Tgv4 2\,{TH2~1~3~Tgv4 2}
01.wmv,32634694,816a4fd4,\Backseat Loving 2\Tgv4 3\,{TH2~1~4~Tgv4 3}
01.wmv,8815364,42e22b9f,\Backseat Loving 2\Tgv4 5\,{TH2~1~5~Tgv4 5}
02.wmv,8932328,24b457a8,\Backseat Loving 2\Tgv4 5\,{TH2~1~5~Tgv4 5}
03.wmv,8916444,db12beb7,\Backseat Loving 2\Tgv4 5\,{TH2~1~5~Tgv4 5}
04.wmv,8917888,42898c96,\Backseat Loving 2\Tgv4 5\,{TH2~1~5~Tgv4 5}
05.wmv,8945324,60ea73f0,\Backseat Loving 2\Tgv4 5\,{TH2~1~5~Tgv4 5}
06.wmv,8292552,25648374,\Backseat Loving 2\Tgv4 5\,{TH2~1~5~Tgv4 5}
01.jpg,31073,ea508236,\Solo Masturbation\Solo Mast01 - Julietta\,{TH2~2~1~Solo Mast01 - Julietta}
01_768k.wmv,7203356,43b79e46,\Solo Masturbation\Solo Mast01 - Julietta\,{TH2~2~1~Solo Mast01 - Julietta}
02.jpg,26494,768d2c79,\Solo Masturbation\Solo Mast01 - Julietta\,{TH2~2~1~Solo Mast01 - Julietta}
02_768k.wmv,7955356,8ea1a04d,\Solo Masturbation\Solo Mast01 - Julietta\,{TH2~2~1~Solo Mast01 - Julietta}
03.jpg,25210,77c1ea44,\Solo Masturbation\Solo Mast01 - Julietta\,{TH2~2~1~Solo Mast01 - Julietta}
03_768k.wmv,7947356,2c6bc270,\Solo Masturbation\Solo Mast01 - Julietta\,{TH2~2~1~Solo Mast01 - Julietta}
04.jpg,21533,732db701,\Solo Masturbation\Solo Mast01 - Julietta\,{TH2~2~1~Solo Mast01 - Julietta}
04_768k.wmv,7947356,8931ce00,\Solo Masturbation\Solo Mast01 - Julietta\,{TH2~2~1~Solo Mast01 - Julietta}
05.jpg,24239,561bbed5,\Solo Masturbation\Solo Mast01 - Julietta\,{TH2~2~1~Solo Mast01 - Julietta}
05_768k.wmv,7939356,d43fd445,\Solo Masturbation\Solo Mast01 - Julietta\,{TH2~2~1~Solo Mast01 - Julietta}
06.jpg,27730,41403030,\Solo Masturbation\Solo Mast01 - Julietta\,{TH2~2~1~Solo Mast01 - Julietta}
06_768k.wmv,9179446,7339725c,\Solo Masturbation\Solo Mast01 - Julietta\,{TH2~2~1~Solo Mast01 - Julietta}
01.jpg,23023,38539a4a,\Solo Masturbation\Solo Mast02 - Tamara\,{TH2~2~2~Solo Mast02 - Tamara}
01_768k.wmv,7259356,dca04b60,\Solo Masturbation\Solo Mast02 - Tamara\,{TH2~2~2~Solo Mast02 - Tamara}
02.jpg,26249,088d6025,\Solo Masturbation\Solo Mast02 - Tamara\,{TH2~2~2~Solo Mast02 - Tamara}
02_768k.wmv,7931356,18e08541,\Solo Masturbation\Solo Mast02 - Tamara\,{TH2~2~2~Solo Mast02 - Tamara}
03.jpg,23639,c94dad6b,\Solo Masturbation\Solo Mast02 - Tamara\,{TH2~2~2~Solo Mast02 - Tamara}
03_768k.wmv,7947356,10847564,\Solo Masturbation\Solo Mast02 - Tamara\,{TH2~2~2~Solo Mast02 - Tamara}
04.jpg,22828,5b951d5e,\Solo Masturbation\Solo Mast02 - Tamara\,{TH2~2~2~Solo Mast02 - Tamara}
04_768k.wmv,7955356,d87206cb,\Solo Masturbation\Solo Mast02 - Tamara\,{TH2~2~2~Solo Mast02 - Tamara}
05.jpg,20806,aa32f0fe,\Solo Masturbation\Solo Mast02 - Tamara\,{TH2~2~2~Solo Mast02 - Tamara}
05_768k.wmv,7947356,47208a05,\Solo Masturbation\Solo Mast02 - Tamara\,{TH2~2~2~Solo Mast02 - Tamara}
06.jpg,23749,59308a6f,\Solo Masturbation\Solo Mast02 - Tamara\,{TH2~2~2~Solo Mast02 - Tamara}
06_768k.wmv,7859362,b00cc8c1,\Solo Masturbation\Solo Mast02 - Tamara\,{TH2~2~2~Solo Mast02 - Tamara}
01.jpg,15768,d10e45e0,\Solo Masturbation\Solo Mast03 - Matilde\,{TH2~2~3~Solo Mast03 - Matilde}
01_768k.wmv,4579176,4a4b901a,\Solo Masturbation\Solo Mast03 - Matilde\,{TH2~2~3~Solo Mast03 - Matilde}
02.jpg,20012,83e0f592,\Solo Masturbation\Solo Mast03 - Matilde\,{TH2~2~3~Solo Mast03 - Matilde}
02_768k.wmv,5331176,7e3e63f9,\Solo Masturbation\Solo Mast03 - Matilde\,{TH2~2~3~Solo Mast03 - Matilde}
03.jpg,20085,fd31b2a9,\Solo Masturbation\Solo Mast03 - Matilde\,{TH2~2~3~Solo Mast03 - Matilde}
03_768k.wmv,5339176,76408dbe,\Solo Masturbation\Solo Mast03 - Matilde\,{TH2~2~3~Solo Mast03 - Matilde}
04.jpg,20893,37ffaf48,\Solo Masturbation\Solo Mast03 - Matilde\,{TH2~2~3~Solo Mast03 - Matilde}
04_768k.wmv,5331176,1930e512,\Solo Masturbation\Solo Mast03 - Matilde\,{TH2~2~3~Solo Mast03 - Matilde}
05.jpg,18333,ab889786,\Solo Masturbation\Solo Mast03 - Matilde\,{TH2~2~3~Solo Mast03 - Matilde}
05_768k.wmv,5339176,b83861f3,\Solo Masturbation\Solo Mast03 - Matilde\,{TH2~2~3~Solo Mast03 - Matilde}
06.jpg,19192,29f459ff,\Solo Masturbation\Solo Mast03 - Matilde\,{TH2~2~3~Solo Mast03 - Matilde}
06_768k.wmv,3883086,19f58014,\Solo Masturbation\Solo Mast03 - Matilde\,{TH2~2~3~Solo Mast03 - Matilde}
01.jpg,24990,d3307678,\Solo Masturbation\Solo Mast04 - Ana Lea\,{TH2~2~4~Solo Mast04 - Ana Lea}
01_768k.wmv,2147008,55fc7962,\Solo Masturbation\Solo Mast04 - Ana Lea\,{TH2~2~4~Solo Mast04 - Ana Lea}
02.jpg,20797,55b59909,\Solo Masturbation\Solo Mast04 - Ana Lea\,{TH2~2~4~Solo Mast04 - Ana Lea}
02_768k.wmv,2915008,4b07dea2,\Solo Masturbation\Solo Mast04 - Ana Lea\,{TH2~2~4~Solo Mast04 - Ana Lea}
03.jpg,21341,ac16d987,\Solo Masturbation\Solo Mast04 - Ana Lea\,{TH2~2~4~Solo Mast04 - Ana Lea}
03_768k.wmv,2891002,48193e61,\Solo Masturbation\Solo Mast04 - Ana Lea\,{TH2~2~4~Solo Mast04 - Ana Lea}
04.jpg,19631,1b87a809,\Solo Masturbation\Solo Mast04 - Ana Lea\,{TH2~2~4~Solo Mast04 - Ana Lea}
04_768k.wmv,2907008,11466dd9,\Solo Masturbation\Solo Mast04 - Ana Lea\,{TH2~2~4~Solo Mast04 - Ana Lea}
05.jpg,26672,04e5cc01,\Solo Masturbation\Solo Mast04 - Ana Lea\,{TH2~2~4~Solo Mast04 - Ana Lea}
05_768k.wmv,2907008,7fca882f,\Solo Masturbation\Solo Mast04 - Ana Lea\,{TH2~2~4~Solo Mast04 - Ana Lea}
06.jpg,24972,4df4ef99,\Solo Masturbation\Solo Mast04 - Ana Lea\,{TH2~2~4~Solo Mast04 - Ana Lea}
06_768k.wmv,4147104,115f1da0,\Solo Masturbation\Solo Mast04 - Ana Lea\,{TH2~2~4~Solo Mast04 - Ana Lea}
01.jpg,18972,4e3c862c,\Solo Masturbation\Solo Mast05 - Guadalupe\,{TH2~2~5~Solo Mast05 - Guadalupe}
01_768k.wmv,2026990,07b013c6,\Solo Masturbation\Solo Mast05 - Guadalupe\,{TH2~2~5~Solo Mast05 - Guadalupe}
02.jpg,20526,c5930608,\Solo Masturbation\Solo Mast05 - Guadalupe\,{TH2~2~5~Solo Mast05 - Guadalupe}
02_768k.wmv,2738996,0d275346,\Solo Masturbation\Solo Mast05 - Guadalupe\,{TH2~2~5~Solo Mast05 - Guadalupe}
03.jpg,23695,e9f36aa9,\Solo Masturbation\Solo Mast05 - Guadalupe\,{TH2~2~5~Solo Mast05 - Guadalupe}
03_768k.wmv,2746990,e523c3eb,\Solo Masturbation\Solo Mast05 - Guadalupe\,{TH2~2~5~Solo Mast05 - Guadalupe}
04.jpg,19115,3f3a35e1,\Solo Masturbation\Solo Mast05 - Guadalupe\,{TH2~2~5~Solo Mast05 - Guadalupe}
04_768k.wmv,2738990,9d380789,\Solo Masturbation\Solo Mast05 - Guadalupe\,{TH2~2~5~Solo Mast05 - Guadalupe}
05.jpg,24699,ff29d419,\Solo Masturbation\Solo Mast05 - Guadalupe\,{TH2~2~5~Solo Mast05 - Guadalupe}
05_768k.wmv,2714990,d1f47f48,\Solo Masturbation\Solo Mast05 - Guadalupe\,{TH2~2~5~Solo Mast05 - Guadalupe}
06.jpg,22562,1292e30d,\Solo Masturbation\Solo Mast05 - Guadalupe\,{TH2~2~5~Solo Mast05 - Guadalupe}
06_768k.wmv,4339110,af63096b,\Solo Masturbation\Solo Mast05 - Guadalupe\,{TH2~2~5~Solo Mast05 - Guadalupe}
01.jpg,17151,b08e201f,\Solo Masturbation\Solo Mast06 - Samira\,{TH2~2~6~Solo Mast06 - Samira}
01_768k.wmv,3315086,94551183,\Solo Masturbation\Solo Mast06 - Samira\,{TH2~2~6~Solo Mast06 - Samira}
02.jpg,19973,e86efc70,\Solo Masturbation\Solo Mast06 - Samira\,{TH2~2~6~Solo Mast06 - Samira}
02_768k.wmv,4027086,09716838,\Solo Masturbation\Solo Mast06 - Samira\,{TH2~2~6~Solo Mast06 - Samira}
03.jpg,16719,bcc8133e,\Solo Masturbation\Solo Mast06 - Samira\,{TH2~2~6~Solo Mast06 - Samira}
03_768k.wmv,4027086,4a7bf0ca,\Solo Masturbation\Solo Mast06 - Samira\,{TH2~2~6~Solo Mast06 - Samira}
04.jpg,19499,c5e37663,\Solo Masturbation\Solo Mast06 - Samira\,{TH2~2~6~Solo Mast06 - Samira}
04_768k.wmv,4027086,f540bdca,\Solo Masturbation\Solo Mast06 - Samira\,{TH2~2~6~Solo Mast06 - Samira}
05.jpg,18078,f2e67b61,\Solo Masturbation\Solo Mast06 - Samira\,{TH2~2~6~Solo Mast06 - Samira}
05_768k.wmv,4019086,fc9e08b4,\Solo Masturbation\Solo Mast06 - Samira\,{TH2~2~6~Solo Mast06 - Samira}
06.jpg,20744,1cc1a118,\Solo Masturbation\Solo Mast06 - Samira\,{TH2~2~6~Solo Mast06 - Samira}
06_768k.wmv,4971158,51e863df,\Solo Masturbation\Solo Mast06 - Samira\,{TH2~2~6~Solo Mast06 - Samira}
01.jpg,18816,894aeebf,\Solo Masturbation\Solo Mast07 - Taniia\,{TH2~2~1~Solo Mast07 - Taniia}
01_768k.wmv,2955056,52e5def7,\Solo Masturbation\Solo Mast07 - Taniia\,{TH2~2~1~Solo Mast07 - Taniia}
02.jpg,19657,0737ff87,\Solo Masturbation\Solo Mast07 - Taniia\,{TH2~2~1~Solo Mast07 - Taniia}
02_768k.wmv,3595056,f20b0b4f,\Solo Masturbation\Solo Mast07 - Taniia\,{TH2~2~1~Solo Mast07 - Taniia}
03.jpg,18733,c860ee58,\Solo Masturbation\Solo Mast07 - Taniia\,{TH2~2~1~Solo Mast07 - Taniia}
03_768k.wmv,3603056,4502fe6f,\Solo Masturbation\Solo Mast07 - Taniia\,{TH2~2~1~Solo Mast07 - Taniia}
04.jpg,19210,77526ea4,\Solo Masturbation\Solo Mast07 - Taniia\,{TH2~2~1~Solo Mast07 - Taniia}
04_768k.wmv,3579056,1a531106,\Solo Masturbation\Solo Mast07 - Taniia\,{TH2~2~1~Solo Mast07 - Taniia}
05.jpg,18390,57a9b664,\Solo Masturbation\Solo Mast07 - Taniia\,{TH2~2~1~Solo Mast07 - Taniia}
05_768k.wmv,3587056,d983b978,\Solo Masturbation\Solo Mast07 - Taniia\,{TH2~2~1~Solo Mast07 - Taniia}
06.jpg,19258,43675383,\Solo Masturbation\Solo Mast07 - Taniia\,{TH2~2~1~Solo Mast07 - Taniia}
06_768k.wmv,3491056,bc2f5992,\Solo Masturbation\Solo Mast07 - Taniia\,{TH2~2~1~Solo Mast07 - Taniia}
01.jpg,21986,c8a7e99c,\Solo Masturbation\Solo Mast08 - Jesse\,{TH2~2~2~Solo Mast08 - Jesse}
01_768k.wmv,3291086,7d82e56f,\Solo Masturbation\Solo Mast08 - Jesse\,{TH2~2~2~Solo Mast08 - Jesse}
02.jpg,20483,06aa07e3,\Solo Masturbation\Solo Mast08 - Jesse\,{TH2~2~2~Solo Mast08 - Jesse}
02_768k.wmv,4027086,1675a4f7,\Solo Masturbation\Solo Mast08 - Jesse\,{TH2~2~2~Solo Mast08 - Jesse}
03.jpg,21458,b1e7a1a0,\Solo Masturbation\Solo Mast08 - Jesse\,{TH2~2~2~Solo Mast08 - Jesse}
03_768k.wmv,4027086,6402aa6e,\Solo Masturbation\Solo Mast08 - Jesse\,{TH2~2~2~Solo Mast08 - Jesse}
04.jpg,21120,16b1a3cb,\Solo Masturbation\Solo Mast08 - Jesse\,{TH2~2~2~Solo Mast08 - Jesse}
04_768k.wmv,4027086,068d968a,\Solo Masturbation\Solo Mast08 - Jesse\,{TH2~2~2~Solo Mast08 - Jesse}
05.jpg,22413,7d6746e8,\Solo Masturbation\Solo Mast08 - Jesse\,{TH2~2~2~Solo Mast08 - Jesse}
05_768k.wmv,4019086,c39245c7,\Solo Masturbation\Solo Mast08 - Jesse\,{TH2~2~2~Solo Mast08 - Jesse}
06.jpg,19127,24e6cc8c,\Solo Masturbation\Solo Mast08 - Jesse\,{TH2~2~2~Solo Mast08 - Jesse}
06_768k.wmv,5779212,fe31cc68,\Solo Masturbation\Solo Mast08 - Jesse\,{TH2~2~2~Solo Mast08 - Jesse}
01.jpg,20308,1609cb92,\Solo Masturbation\Solo Mast09 - Flabiana\,{TH2~2~3~Solo Mast09 - Flabiana}
01_768k.wmv,3259086,1caceab2,\Solo Masturbation\Solo Mast09 - Flabiana\,{TH2~2~3~Solo Mast09 - Flabiana}
02.jpg,22689,9aa4bd50,\Solo Masturbation\Solo Mast09 - Flabiana\,{TH2~2~3~Solo Mast09 - Flabiana}
02_768k.wmv,4027086,20855f8f,\Solo Masturbation\Solo Mast09 - Flabiana\,{TH2~2~3~Solo Mast09 - Flabiana}
03.jpg,22612,54016455,\Solo Masturbation\Solo Mast09 - Flabiana\,{TH2~2~3~Solo Mast09 - Flabiana}
03_768k.wmv,4027086,10481eb5,\Solo Masturbation\Solo Mast09 - Flabiana\,{TH2~2~3~Solo Mast09 - Flabiana}
04.jpg,18349,984e4d0f,\Solo Masturbation\Solo Mast09 - Flabiana\,{TH2~2~3~Solo Mast09 - Flabiana}
04_768k.wmv,4019086,9fb94827,\Solo Masturbation\Solo Mast09 - Flabiana\,{TH2~2~3~Solo Mast09 - Flabiana}
05.jpg,22392,d1360c45,\Solo Masturbation\Solo Mast09 - Flabiana\,{TH2~2~3~Solo Mast09 - Flabiana}
05_768k.wmv,4043086,bc8d1ad8,\Solo Masturbation\Solo Mast09 - Flabiana\,{TH2~2~3~Solo Mast09 - Flabiana}
06.jpg,20200,b5479265,\Solo Masturbation\Solo Mast09 - Flabiana\,{TH2~2~3~Solo Mast09 - Flabiana}
06_768k.wmv,3019032,1b60b056,\Solo Masturbation\Solo Mast09 - Flabiana\,{TH2~2~3~Solo Mast09 - Flabiana}
01.jpg,20690,5c0d7c9a,\Solo Masturbation\Solo Mast10 - Vanessa\,{TH2~2~4~Solo Mast10 - Vanessa}
01_768k.wmv,3387092,ac7a07a5,\Solo Masturbation\Solo Mast10 - Vanessa\,{TH2~2~4~Solo Mast10 - Vanessa}
02.jpg,23117,e51de206,\Solo Masturbation\Solo Mast10 - Vanessa\,{TH2~2~4~Solo Mast10 - Vanessa}
02_768k.wmv,4131092,9335f221,\Solo Masturbation\Solo Mast10 - Vanessa\,{TH2~2~4~Solo Mast10 - Vanessa}
03.jpg,21525,261974fb,\Solo Masturbation\Solo Mast10 - Vanessa\,{TH2~2~4~Solo Mast10 - Vanessa}
03_768k.wmv,4123092,fae8407a,\Solo Masturbation\Solo Mast10 - Vanessa\,{TH2~2~4~Solo Mast10 - Vanessa}
04.jpg,21585,46d76a56,\Solo Masturbation\Solo Mast10 - Vanessa\,{TH2~2~4~Solo Mast10 - Vanessa}
04_768k.wmv,4131092,e0f0b673,\Solo Masturbation\Solo Mast10 - Vanessa\,{TH2~2~4~Solo Mast10 - Vanessa}
05.jpg,19630,91454bfc,\Solo Masturbation\Solo Mast10 - Vanessa\,{TH2~2~4~Solo Mast10 - Vanessa}
05_768k.wmv,4123092,7df38b5f,\Solo Masturbation\Solo Mast10 - Vanessa\,{TH2~2~4~Solo Mast10 - Vanessa}
06.jpg,21334,2f34c976,\Solo Masturbation\Solo Mast10 - Vanessa\,{TH2~2~4~Solo Mast10 - Vanessa}
06_768k.wmv,5051164,94da0fea,\Solo Masturbation\Solo Mast10 - Vanessa\,{TH2~2~4~Solo Mast10 - Vanessa}
01.jpg,22592,9d62ed87,\Solo Masturbation\Solo Mast11 - Celeste\,{TH2~2~5~Solo Mast11 - Celeste}
01_768k.wmv,3891128,381afe2a,\Solo Masturbation\Solo Mast11 - Celeste\,{TH2~2~5~Solo Mast11 - Celeste}
02.jpg,23055,4d6f2efa,\Solo Masturbation\Solo Mast11 - Celeste\,{TH2~2~5~Solo Mast11 - Celeste}
02_768k.wmv,4643128,af0ee6fc,\Solo Masturbation\Solo Mast11 - Celeste\,{TH2~2~5~Solo Mast11 - Celeste}
03.jpg,21774,683f8843,\Solo Masturbation\Solo Mast11 - Celeste\,{TH2~2~5~Solo Mast11 - Celeste}
03_768k.wmv,4643128,d58b629c,\Solo Masturbation\Solo Mast11 - Celeste\,{TH2~2~5~Solo Mast11 - Celeste}
04.jpg,24593,819d4bf9,\Solo Masturbation\Solo Mast11 - Celeste\,{TH2~2~5~Solo Mast11 - Celeste}
04_768k.wmv,4651128,e98168a1,\Solo Masturbation\Solo Mast11 - Celeste\,{TH2~2~5~Solo Mast11 - Celeste}
05.jpg,25641,b71aa3f4,\Solo Masturbation\Solo Mast11 - Celeste\,{TH2~2~5~Solo Mast11 - Celeste}
05_768k.wmv,4651128,5960ce87,\Solo Masturbation\Solo Mast11 - Celeste\,{TH2~2~5~Solo Mast11 - Celeste}
06.jpg,24178,65c02d4d,\Solo Masturbation\Solo Mast11 - Celeste\,{TH2~2~5~Solo Mast11 - Celeste}
06_768k.wmv,6035230,927a9346,\Solo Masturbation\Solo Mast11 - Celeste\,{TH2~2~5~Solo Mast11 - Celeste}
01.jpg,11851,e322b13e,\Solo Masturbation\Solo Mast18\,{TH2~2~6~Solo Mast18}
01_768k.wmv,4875146,8db1e435,\Solo Masturbation\Solo Mast18\,{TH2~2~6~Solo Mast18}
02.jpg,11078,fbe3a982,\Solo Masturbation\Solo Mast18\,{TH2~2~6~Solo Mast18}
02_768k.wmv,4915146,fce0441c,\Solo Masturbation\Solo Mast18\,{TH2~2~6~Solo Mast18}
03.jpg,12087,219aec10,\Solo Masturbation\Solo Mast18\,{TH2~2~6~Solo Mast18}
03_768k.wmv,4899146,c373a5d5,\Solo Masturbation\Solo Mast18\,{TH2~2~6~Solo Mast18}
04.jpg,11194,d0095099,\Solo Masturbation\Solo Mast18\,{TH2~2~6~Solo Mast18}
04_768k.wmv,4907146,9e1f4949,\Solo Masturbation\Solo Mast18\,{TH2~2~6~Solo Mast18}
05.jpg,10385,d71c11c1,\Solo Masturbation\Solo Mast18\,{TH2~2~6~Solo Mast18}
05_768k.wmv,4907146,f168c056,\Solo Masturbation\Solo Mast18\,{TH2~2~6~Solo Mast18}
06.jpg,9909,62b1fd31,\Solo Masturbation\Solo Mast18\,{TH2~2~6~Solo Mast18}
06_768k.wmv,4467140,b0876b4c,\Solo Masturbation\Solo Mast18\,{TH2~2~6~Solo Mast18}
01.jpg,14473,671de180,\Solo Masturbation\Solo Mast19\,{TH2~2~7~Solo Mast19}
01_768k.wmv,4011086,8bc5b3ab,\Solo Masturbation\Solo Mast19\,{TH2~2~7~Solo Mast19}
02.jpg,14705,1fd36e79,\Solo Masturbation\Solo Mast19\,{TH2~2~7~Solo Mast19}
02_768k.wmv,4051086,1da7d520,\Solo Masturbation\Solo Mast19\,{TH2~2~7~Solo Mast19}
03.jpg,13981,4ca5a5d1,\Solo Masturbation\Solo Mast19\,{TH2~2~7~Solo Mast19}
03_768k.wmv,4051086,0a013857,\Solo Masturbation\Solo Mast19\,{TH2~2~7~Solo Mast19}
04.jpg,12094,5c82e592,\Solo Masturbation\Solo Mast19\,{TH2~2~7~Solo Mast19}
04_768k.wmv,4051086,21515797,\Solo Masturbation\Solo Mast19\,{TH2~2~7~Solo Mast19}
05.jpg,15110,fba56f08,\Solo Masturbation\Solo Mast19\,{TH2~2~7~Solo Mast19}
05_768k.wmv,4027086,d5ca2329,\Solo Masturbation\Solo Mast19\,{TH2~2~7~Solo Mast19}
06.jpg,12731,a5360d31,\Solo Masturbation\Solo Mast19\,{TH2~2~7~Solo Mast19}
06_768k.wmv,3195038,2e2eb29b,\Solo Masturbation\Solo Mast19\,{TH2~2~7~Solo Mast19}
01.jpg,9499,ec0b8e44,\Solo Masturbation\Solo Mast20\,{TH2~2~8~Solo Mast20}
01_768k.wmv,4019086,87d695a7,\Solo Masturbation\Solo Mast20\,{TH2~2~8~Solo Mast20}
02.jpg,11814,672f6d87,\Solo Masturbation\Solo Mast20\,{TH2~2~8~Solo Mast20}
02_768k.wmv,4027086,ce94e64e,\Solo Masturbation\Solo Mast20\,{TH2~2~8~Solo Mast20}
03.jpg,10227,f0f45a16,\Solo Masturbation\Solo Mast20\,{TH2~2~8~Solo Mast20}
03_768k.wmv,4043086,d3865433,\Solo Masturbation\Solo Mast20\,{TH2~2~8~Solo Mast20}
04.jpg,9816,00be416e,\Solo Masturbation\Solo Mast20\,{TH2~2~8~Solo Mast20}
04_768k.wmv,4043086,0f4c9531,\Solo Masturbation\Solo Mast20\,{TH2~2~8~Solo Mast20}
05.jpg,9928,5f438a6a,\Solo Masturbation\Solo Mast20\,{TH2~2~8~Solo Mast20}
05_768k.wmv,4035086,37841a5c,\Solo Masturbation\Solo Mast20\,{TH2~2~8~Solo Mast20}
06.jpg,13309,9c0b03ca,\Solo Masturbation\Solo Mast20\,{TH2~2~8~Solo Mast20}
06_768k.wmv,2538990,3db40319,\Solo Masturbation\Solo Mast20\,{TH2~2~8~Solo Mast20}
01.jpg,10227,3c89c6f3,\Solo Masturbation\Solo Mast21\,{TH2~2~9~Solo Mast21}
01_768k.wmv,3403044,c20e2d64,\Solo Masturbation\Solo Mast21\,{TH2~2~9~Solo Mast21}
02.jpg,7879,238f6f16,\Solo Masturbation\Solo Mast21\,{TH2~2~9~Solo Mast21}
02_768k.wmv,3419044,f6149dad,\Solo Masturbation\Solo Mast21\,{TH2~2~9~Solo Mast21}
03.jpg,8600,aafe95a5,\Solo Masturbation\Solo Mast21\,{TH2~2~9~Solo Mast21}
03_768k.wmv,3411044,71c81de5,\Solo Masturbation\Solo Mast21\,{TH2~2~9~Solo Mast21}
04.jpg,10583,c6cc2021,\Solo Masturbation\Solo Mast21\,{TH2~2~9~Solo Mast21}
04_768k.wmv,3411044,3dad907b,\Solo Masturbation\Solo Mast21\,{TH2~2~9~Solo Mast21}
05.jpg,8551,dafe33f9,\Solo Masturbation\Solo Mast21\,{TH2~2~9~Solo Mast21}
05_768k.wmv,3395044,7b7ca870,\Solo Masturbation\Solo Mast21\,{TH2~2~9~Solo Mast21}
06.jpg,9070,13cd2aea,\Solo Masturbation\Solo Mast21\,{TH2~2~9~Solo Mast21}
06_768k.wmv,2803002,bedda9f0,\Solo Masturbation\Solo Mast21\,{TH2~2~9~Solo Mast21}
01.jpg,9696,db12f5f2,\Solo Masturbation\Solo Mast22\,{TH2~2~10~Solo Mast22}
01_768k.wmv,3579056,e1a5ddea,\Solo Masturbation\Solo Mast22\,{TH2~2~10~Solo Mast22}
02.jpg,10168,db72a978,\Solo Masturbation\Solo Mast22\,{TH2~2~10~Solo Mast22}
02_768k.wmv,3603056,34aca3e8,\Solo Masturbation\Solo Mast22\,{TH2~2~10~Solo Mast22}
03.jpg,8177,07955774,\Solo Masturbation\Solo Mast22\,{TH2~2~10~Solo Mast22}
03_768k.wmv,3587056,8f49d801,\Solo Masturbation\Solo Mast22\,{TH2~2~10~Solo Mast22}
04.jpg,7782,2b99c590,\Solo Masturbation\Solo Mast22\,{TH2~2~10~Solo Mast22}
04_768k.wmv,3619056,e3133f08,\Solo Masturbation\Solo Mast22\,{TH2~2~10~Solo Mast22}
05.jpg,10708,52793778,\Solo Masturbation\Solo Mast22\,{TH2~2~10~Solo Mast22}
05_768k.wmv,3587056,7cb02500,\Solo Masturbation\Solo Mast22\,{TH2~2~10~Solo Mast22}
06.jpg,9320,9ed6b6ae,\Solo Masturbation\Solo Mast22\,{TH2~2~10~Solo Mast22}
06_768k.wmv,2050948,75940271,\Solo Masturbation\Solo Mast22\,{TH2~2~10~Solo Mast22}
01.jpg,11851,a2343e8c,\T-Girl Fantasies Vol3\T-Girl Fantasies Vol3\,{TH2~3~1~T - Girl Fantasies Vol3}
02.jpg,10666,14b50dd2,\T-Girl Fantasies Vol3\T-Girl Fantasies Vol3\,{TH2~3~1~T - Girl Fantasies Vol3}
03.jpg,10807,22c8f107,\T-Girl Fantasies Vol3\T-Girl Fantasies Vol3\,{TH2~3~1~T - Girl Fantasies Vol3}
04.jpg,10982,52fb5608,\T-Girl Fantasies Vol3\T-Girl Fantasies Vol3\,{TH2~3~1~T - Girl Fantasies Vol3}
05.jpg,11728,e5341fd5,\T-Girl Fantasies Vol3\T-Girl Fantasies Vol3\,{TH2~3~1~T - Girl Fantasies Vol3}
01.wmv,7073630,e61194ad,\T-Girl Fantasies Vol3\Tgv3 1\,{TH2~3~2~Tgv3 1}
02.wmv,7054858,6c7b26f1,\T-Girl Fantasies Vol3\Tgv3 1\,{TH2~3~2~Tgv3 1}
03.wmv,7053414,b7aa90c1,\T-Girl Fantasies Vol3\Tgv3 1\,{TH2~3~2~Tgv3 1}
04.wmv,7044750,0eedb7fe,\T-Girl Fantasies Vol3\Tgv3 1\,{TH2~3~2~Tgv3 1}
05.wmv,7047638,5d1b0f07,\T-Girl Fantasies Vol3\Tgv3 1\,{TH2~3~2~Tgv3 1}
06.wmv,8816796,0e16d85e,\T-Girl Fantasies Vol3\Tgv3 1\,{TH2~3~2~Tgv3 1}
01.wmv,11452468,77d815cf,\T-Girl Fantasies Vol3\Tgv3 2\,{TH2~3~3~Tgv3 2}
02.wmv,11478460,1637e037,\T-Girl Fantasies Vol3\Tgv3 2\,{TH2~3~3~Tgv3 2}
03.wmv,11477016,989c5b3c,\T-Girl Fantasies Vol3\Tgv3 2\,{TH2~3~3~Tgv3 2}
04.wmv,11468352,8be8ac9b,\T-Girl Fantasies Vol3\Tgv3 2\,{TH2~3~3~Tgv3 2}
05.wmv,11468352,bbc3f19d,\T-Girl Fantasies Vol3\Tgv3 2\,{TH2~3~3~Tgv3 2}
06.wmv,12112472,3928d748,\T-Girl Fantasies Vol3\Tgv3 2\,{TH2~3~3~Tgv3 2}
01.wmv,6836784,071eb7d9,\T-Girl Fantasies Vol3\Tgv3 3\,{TH2~3~4~Tgv3 3}
02.wmv,6832452,40a732f2,\T-Girl Fantasies Vol3\Tgv3 3\,{TH2~3~4~Tgv3 3}
03.wmv,6839672,9f65579d,\T-Girl Fantasies Vol3\Tgv3 3\,{TH2~3~4~Tgv3 3}
04.wmv,6833896,ad0553d8,\T-Girl Fantasies Vol3\Tgv3 3\,{TH2~3~4~Tgv3 3}
05.wmv,6828120,db6d3cc2,\T-Girl Fantasies Vol3\Tgv3 3\,{TH2~3~4~Tgv3 3}
06.wmv,11851066,3608be69,\T-Girl Fantasies Vol3\Tgv3 3\,{TH2~3~4~Tgv3 3}
01.wmv,9609660,970b7e7b,\T-Girl Fantasies Vol3\Tgv3 4\,{TH2~3~5~Tgv3 4}
02.wmv,9375696,e6aba09d,\T-Girl Fantasies Vol3\Tgv3 4\,{TH2~3~5~Tgv3 4}
03.wmv,9365588,e8b56e67,\T-Girl Fantasies Vol3\Tgv3 4\,{TH2~3~5~Tgv3 4}
04.wmv,9368476,dc60da10,\T-Girl Fantasies Vol3\Tgv3 4\,{TH2~3~5~Tgv3 4}
05.wmv,9368476,0322cc11,\T-Girl Fantasies Vol3\Tgv3 4\,{TH2~3~5~Tgv3 4}
06.wmv,10035700,9ef9219f,\T-Girl Fantasies Vol3\Tgv3 4\,{TH2~3~5~Tgv3 4}
01.wmv,10193120,84e37168,\T-Girl Fantasies Vol3\Tgv3 5\,{TH2~3~6~Tgv3 5}
02.wmv,10207560,f288b174,\T-Girl Fantasies Vol3\Tgv3 5\,{TH2~3~6~Tgv3 5}
03.wmv,10214780,c8d23bda,\T-Girl Fantasies Vol3\Tgv3 5\,{TH2~3~6~Tgv3 5}
04.wmv,10204672,102c7c31,\T-Girl Fantasies Vol3\Tgv3 5\,{TH2~3~6~Tgv3 5}
05.wmv,10207560,a7d19a6f,\T-Girl Fantasies Vol3\Tgv3 5\,{TH2~3~6~Tgv3 5}
06.wmv,10018528,bcda1aad,\T-Girl Fantasies Vol3\Tgv3 5\,{TH2~3~6~Tgv3 5}
01.jpg,45471,895017e7,\Th031 - Light Complicted Tranny\Th031 - Light Complicted Tranny\,{TH2~2~1~Th031 - Light Complicted Tranny}
01m.mpg,25982980,5959f433,\Th031 - Light Complicted Tranny\Th031 - Light Complicted Tranny\,{TH2~2~1~Th031 - Light Complicted Tranny}
02.jpg,45773,8d05ae99,\Th031 - Light Complicted Tranny\Th031 - Light Complicted Tranny\,{TH2~2~1~Th031 - Light Complicted Tranny}
02m.mpg,25325572,34642139,\Th031 - Light Complicted Tranny\Th031 - Light Complicted Tranny\,{TH2~2~1~Th031 - Light Complicted Tranny}
03.jpg,43317,e6aff76d,\Th031 - Light Complicted Tranny\Th031 - Light Complicted Tranny\,{TH2~2~1~Th031 - Light Complicted Tranny}
03m.mpg,25325572,a0c17d48,\Th031 - Light Complicted Tranny\Th031 - Light Complicted Tranny\,{TH2~2~1~Th031 - Light Complicted Tranny}
04.jpg,39542,6f29a0cf,\Th031 - Light Complicted Tranny\Th031 - Light Complicted Tranny\,{TH2~2~1~Th031 - Light Complicted Tranny}
04m.mpg,25366532,d9fbe632,\Th031 - Light Complicted Tranny\Th031 - Light Complicted Tranny\,{TH2~2~1~Th031 - Light Complicted Tranny}
05.jpg,37861,ba6bcf68,\Th031 - Light Complicted Tranny\Th031 - Light Complicted Tranny\,{TH2~2~1~Th031 - Light Complicted Tranny}
05m.mpg,25985028,5662007c,\Th031 - Light Complicted Tranny\Th031 - Light Complicted Tranny\,{TH2~2~1~Th031 - Light Complicted Tranny}
06.jpg,39763,0f5aec60,\Th031 - Light Complicted Tranny\Th031 - Light Complicted Tranny\,{TH2~2~1~Th031 - Light Complicted Tranny}
06m.mpg,26478596,7f4eb22b,\Th031 - Light Complicted Tranny\Th031 - Light Complicted Tranny\,{TH2~2~1~Th031 - Light Complicted Tranny}