yasmindecastro.ld001.jpg,1023108,46ab3a08,\2020-10\08 - Yasmin De Castro\,{TSPOV05~2020-10~VU12JBD8~08 - Yasmin De Castro}
yasmindecastro.ld002.jpg,976613,b92610f7,\2020-10\08 - Yasmin De Castro\,{TSPOV05~2020-10~VU12JBD8~08 - Yasmin De Castro}
yasmindecastro.ld003.jpg,976115,2d5527aa,\2020-10\08 - Yasmin De Castro\,{TSPOV05~2020-10~VU12JBD8~08 - Yasmin De Castro}
yasmindecastro.ld004.jpg,921944,2b506e9b,\2020-10\08 - Yasmin De Castro\,{TSPOV05~2020-10~VU12JBD8~08 - Yasmin De Castro}
yasmindecastro.ld005.jpg,900207,f83450ed,\2020-10\08 - Yasmin De Castro\,{TSPOV05~2020-10~VU12JBD8~08 - Yasmin De Castro}
yasmindecastro.ld006.jpg,778825,66d3fecf,\2020-10\08 - Yasmin De Castro\,{TSPOV05~2020-10~VU12JBD8~08 - Yasmin De Castro}
yasmindecastro.ld007.jpg,778001,0ec6088c,\2020-10\08 - Yasmin De Castro\,{TSPOV05~2020-10~VU12JBD8~08 - Yasmin De Castro}
yasmindecastro.ld008.jpg,959787,35786faa,\2020-10\08 - Yasmin De Castro\,{TSPOV05~2020-10~VU12JBD8~08 - Yasmin De Castro}
yasmindecastro.ld009.jpg,942861,8175ef34,\2020-10\08 - Yasmin De Castro\,{TSPOV05~2020-10~VU12JBD8~08 - Yasmin De Castro}
yasmindecastro.ld010.jpg,870418,872fbcdd,\2020-10\08 - Yasmin De Castro\,{TSPOV05~2020-10~VU12JBD8~08 - Yasmin De Castro}
yasmindecastro.ld011.jpg,861108,de92d268,\2020-10\08 - Yasmin De Castro\,{TSPOV05~2020-10~VU12JBD8~08 - Yasmin De Castro}
yasmindecastro.ld012.jpg,735591,8f4426c8,\2020-10\08 - Yasmin De Castro\,{TSPOV05~2020-10~VU12JBD8~08 - Yasmin De Castro}
yasmindecastro.ld013.jpg,755245,536fd940,\2020-10\08 - Yasmin De Castro\,{TSPOV05~2020-10~VU12JBD8~08 - Yasmin De Castro}
yasmindecastro.ld014.jpg,793379,06d512d2,\2020-10\08 - Yasmin De Castro\,{TSPOV05~2020-10~VU12JBD8~08 - Yasmin De Castro}
yasmindecastro.ld015.jpg,865577,a61256b5,\2020-10\08 - Yasmin De Castro\,{TSPOV05~2020-10~VU12JBD8~08 - Yasmin De Castro}
yasmindecastro.ld016.jpg,875245,f553abb1,\2020-10\08 - Yasmin De Castro\,{TSPOV05~2020-10~VU12JBD8~08 - Yasmin De Castro}
yasmindecastro.ld017.jpg,890796,272ba2be,\2020-10\08 - Yasmin De Castro\,{TSPOV05~2020-10~VU12JBD8~08 - Yasmin De Castro}
yasmindecastro.ld018.jpg,926514,bdce99eb,\2020-10\08 - Yasmin De Castro\,{TSPOV05~2020-10~VU12JBD8~08 - Yasmin De Castro}
yasmindecastro.ld019.jpg,1013286,8879ba5d,\2020-10\08 - Yasmin De Castro\,{TSPOV05~2020-10~VU12JBD8~08 - Yasmin De Castro}
yasmindecastro.ld020.jpg,801543,3abbc1b4,\2020-10\08 - Yasmin De Castro\,{TSPOV05~2020-10~VU12JBD8~08 - Yasmin De Castro}
yasmindecastro.ld021.jpg,770339,59ce7d56,\2020-10\08 - Yasmin De Castro\,{TSPOV05~2020-10~VU12JBD8~08 - Yasmin De Castro}
yasmindecastro.ld022.jpg,863458,ea8e9a73,\2020-10\08 - Yasmin De Castro\,{TSPOV05~2020-10~VU12JBD8~08 - Yasmin De Castro}
yasmindecastro.ld023.jpg,912011,3289cfe9,\2020-10\08 - Yasmin De Castro\,{TSPOV05~2020-10~VU12JBD8~08 - Yasmin De Castro}
yasmindecastro.ld024.jpg,801622,f818dd1c,\2020-10\08 - Yasmin De Castro\,{TSPOV05~2020-10~VU12JBD8~08 - Yasmin De Castro}
yasmindecastro.ld025.jpg,795273,80aa2db9,\2020-10\08 - Yasmin De Castro\,{TSPOV05~2020-10~VU12JBD8~08 - Yasmin De Castro}
yasmindecastro.ld026.jpg,1031507,4668be41,\2020-10\08 - Yasmin De Castro\,{TSPOV05~2020-10~VU12JBD8~08 - Yasmin De Castro}
yasmindecastro.ld027.jpg,1009727,9e1f676d,\2020-10\08 - Yasmin De Castro\,{TSPOV05~2020-10~VU12JBD8~08 - Yasmin De Castro}
yasmindecastro.ld028.jpg,917172,3eed5558,\2020-10\08 - Yasmin De Castro\,{TSPOV05~2020-10~VU12JBD8~08 - Yasmin De Castro}
yasmindecastro.ld029.jpg,837963,e1f92fe6,\2020-10\08 - Yasmin De Castro\,{TSPOV05~2020-10~VU12JBD8~08 - Yasmin De Castro}
yasmindecastro.ld030.jpg,857334,4d42246d,\2020-10\08 - Yasmin De Castro\,{TSPOV05~2020-10~VU12JBD8~08 - Yasmin De Castro}
yasmindecastro.ld031.jpg,719197,603ec29a,\2020-10\08 - Yasmin De Castro\,{TSPOV05~2020-10~VU12JBD8~08 - Yasmin De Castro}
yasmindecastro.ld032.jpg,882443,23bfb9ee,\2020-10\08 - Yasmin De Castro\,{TSPOV05~2020-10~VU12JBD8~08 - Yasmin De Castro}
yasmindecastro.ld033.jpg,826923,596f510f,\2020-10\08 - Yasmin De Castro\,{TSPOV05~2020-10~VU12JBD8~08 - Yasmin De Castro}
yasmindecastro.ld034.jpg,796450,ffd34e32,\2020-10\08 - Yasmin De Castro\,{TSPOV05~2020-10~VU12JBD8~08 - Yasmin De Castro}
yasmindecastro.ld035.jpg,796783,1108e53c,\2020-10\08 - Yasmin De Castro\,{TSPOV05~2020-10~VU12JBD8~08 - Yasmin De Castro}
yasmindecastro.ld036.jpg,818006,b4177ff4,\2020-10\08 - Yasmin De Castro\,{TSPOV05~2020-10~VU12JBD8~08 - Yasmin De Castro}
yasmindecastro.ld037.jpg,811881,96dfa0d2,\2020-10\08 - Yasmin De Castro\,{TSPOV05~2020-10~VU12JBD8~08 - Yasmin De Castro}
yasmindecastro.ld038.jpg,889671,cd527f66,\2020-10\08 - Yasmin De Castro\,{TSPOV05~2020-10~VU12JBD8~08 - Yasmin De Castro}
yasmindecastro.ld039.jpg,775696,6e5ac91b,\2020-10\08 - Yasmin De Castro\,{TSPOV05~2020-10~VU12JBD8~08 - Yasmin De Castro}
yasmindecastro.ld040.jpg,777433,5efda99d,\2020-10\08 - Yasmin De Castro\,{TSPOV05~2020-10~VU12JBD8~08 - Yasmin De Castro}
yasmindecastro.ld041.jpg,917952,c8aa5db6,\2020-10\08 - Yasmin De Castro\,{TSPOV05~2020-10~VU12JBD8~08 - Yasmin De Castro}
yasmindecastro.ld042.jpg,881704,4c5a7c7b,\2020-10\08 - Yasmin De Castro\,{TSPOV05~2020-10~VU12JBD8~08 - Yasmin De Castro}
yasmindecastro.ld043.jpg,929350,44cd69b2,\2020-10\08 - Yasmin De Castro\,{TSPOV05~2020-10~VU12JBD8~08 - Yasmin De Castro}
yasmindecastro.ld044.jpg,848642,812046fa,\2020-10\08 - Yasmin De Castro\,{TSPOV05~2020-10~VU12JBD8~08 - Yasmin De Castro}
yasmindecastro.ld045.jpg,839069,895df9fd,\2020-10\08 - Yasmin De Castro\,{TSPOV05~2020-10~VU12JBD8~08 - Yasmin De Castro}
yasmindecastro.ld046.jpg,831422,657cc77f,\2020-10\08 - Yasmin De Castro\,{TSPOV05~2020-10~VU12JBD8~08 - Yasmin De Castro}
yasmindecastro.ld047.jpg,1009951,dc05ba9d,\2020-10\08 - Yasmin De Castro\,{TSPOV05~2020-10~VU12JBD8~08 - Yasmin De Castro}
yasmindecastro.ld048.jpg,1012588,08756b9c,\2020-10\08 - Yasmin De Castro\,{TSPOV05~2020-10~VU12JBD8~08 - Yasmin De Castro}
yasmindecastro.ld049.jpg,974320,decf4b74,\2020-10\08 - Yasmin De Castro\,{TSPOV05~2020-10~VU12JBD8~08 - Yasmin De Castro}
yasmindecastro.ld050.jpg,990331,a603bc4c,\2020-10\08 - Yasmin De Castro\,{TSPOV05~2020-10~VU12JBD8~08 - Yasmin De Castro}
yasmindecastro.ld051.jpg,1051043,bc5e6e50,\2020-10\08 - Yasmin De Castro\,{TSPOV05~2020-10~VU12JBD8~08 - Yasmin De Castro}
yasmindecastro.ld052.jpg,1015393,5c47e51e,\2020-10\08 - Yasmin De Castro\,{TSPOV05~2020-10~VU12JBD8~08 - Yasmin De Castro}
yasmindecastro.ld053.jpg,1160402,470e0c11,\2020-10\08 - Yasmin De Castro\,{TSPOV05~2020-10~VU12JBD8~08 - Yasmin De Castro}
yasmindecastro.ld054.jpg,965265,8605ee06,\2020-10\08 - Yasmin De Castro\,{TSPOV05~2020-10~VU12JBD8~08 - Yasmin De Castro}
yasmindecastro.ld055.jpg,910126,425af570,\2020-10\08 - Yasmin De Castro\,{TSPOV05~2020-10~VU12JBD8~08 - Yasmin De Castro}
yasmindecastro.ld056.jpg,927638,a683663d,\2020-10\08 - Yasmin De Castro\,{TSPOV05~2020-10~VU12JBD8~08 - Yasmin De Castro}
yasmindecastro.ld057.jpg,828780,0857916b,\2020-10\08 - Yasmin De Castro\,{TSPOV05~2020-10~VU12JBD8~08 - Yasmin De Castro}
yasmindecastro.ld058.jpg,832320,9dc444f9,\2020-10\08 - Yasmin De Castro\,{TSPOV05~2020-10~VU12JBD8~08 - Yasmin De Castro}
yasmindecastro.ld059.jpg,837571,88f3577c,\2020-10\08 - Yasmin De Castro\,{TSPOV05~2020-10~VU12JBD8~08 - Yasmin De Castro}
yasmindecastro.ld060.jpg,833706,0c98a435,\2020-10\08 - Yasmin De Castro\,{TSPOV05~2020-10~VU12JBD8~08 - Yasmin De Castro}
yasmindecastro.ld061.jpg,842902,f4d637ef,\2020-10\08 - Yasmin De Castro\,{TSPOV05~2020-10~VU12JBD8~08 - Yasmin De Castro}
yasmindecastro.ld062.jpg,689249,a04da8ee,\2020-10\08 - Yasmin De Castro\,{TSPOV05~2020-10~VU12JBD8~08 - Yasmin De Castro}
yasmindecastro.ld063.jpg,749192,c4d477c1,\2020-10\08 - Yasmin De Castro\,{TSPOV05~2020-10~VU12JBD8~08 - Yasmin De Castro}
yasmindecastro.ld064.jpg,791636,040d36e7,\2020-10\08 - Yasmin De Castro\,{TSPOV05~2020-10~VU12JBD8~08 - Yasmin De Castro}
yasmindecastro.ld065.jpg,771412,57eb46da,\2020-10\08 - Yasmin De Castro\,{TSPOV05~2020-10~VU12JBD8~08 - Yasmin De Castro}
yasmindecastro.ld066.jpg,752703,117ff349,\2020-10\08 - Yasmin De Castro\,{TSPOV05~2020-10~VU12JBD8~08 - Yasmin De Castro}
yasmindecastro.ld067.jpg,732655,a4855f75,\2020-10\08 - Yasmin De Castro\,{TSPOV05~2020-10~VU12JBD8~08 - Yasmin De Castro}
yasmindecastro.ld068.jpg,760387,773aadb3,\2020-10\08 - Yasmin De Castro\,{TSPOV05~2020-10~VU12JBD8~08 - Yasmin De Castro}
yasmindecastro.ld069.jpg,628430,c0340aef,\2020-10\08 - Yasmin De Castro\,{TSPOV05~2020-10~VU12JBD8~08 - Yasmin De Castro}
yasmindecastro.ld070.jpg,891954,0249ed9f,\2020-10\08 - Yasmin De Castro\,{TSPOV05~2020-10~VU12JBD8~08 - Yasmin De Castro}
yasmindecastro.ld071.jpg,853861,1c45d034,\2020-10\08 - Yasmin De Castro\,{TSPOV05~2020-10~VU12JBD8~08 - Yasmin De Castro}
yasmindecastro.ld072.jpg,823217,80c053a8,\2020-10\08 - Yasmin De Castro\,{TSPOV05~2020-10~VU12JBD8~08 - Yasmin De Castro}
yasmindecastro.ld073.jpg,743331,d4ce1648,\2020-10\08 - Yasmin De Castro\,{TSPOV05~2020-10~VU12JBD8~08 - Yasmin De Castro}
yasmindecastro.ld074.jpg,845326,1a528c9e,\2020-10\08 - Yasmin De Castro\,{TSPOV05~2020-10~VU12JBD8~08 - Yasmin De Castro}
yasmindecastro.ld075.jpg,841833,1858e838,\2020-10\08 - Yasmin De Castro\,{TSPOV05~2020-10~VU12JBD8~08 - Yasmin De Castro}
yasmindecastro.ld076.jpg,665675,7f594254,\2020-10\08 - Yasmin De Castro\,{TSPOV05~2020-10~VU12JBD8~08 - Yasmin De Castro}
yasmindecastro.ld077.jpg,832984,70ab0511,\2020-10\08 - Yasmin De Castro\,{TSPOV05~2020-10~VU12JBD8~08 - Yasmin De Castro}
yasmindecastro.ld078.jpg,822668,c43af82d,\2020-10\08 - Yasmin De Castro\,{TSPOV05~2020-10~VU12JBD8~08 - Yasmin De Castro}
yasmindecastro.ld079.jpg,693080,b4414372,\2020-10\08 - Yasmin De Castro\,{TSPOV05~2020-10~VU12JBD8~08 - Yasmin De Castro}
yasmindecastro.ld080.jpg,708054,8f636e10,\2020-10\08 - Yasmin De Castro\,{TSPOV05~2020-10~VU12JBD8~08 - Yasmin De Castro}
yasmindecastro.ld081.jpg,778171,23207d06,\2020-10\08 - Yasmin De Castro\,{TSPOV05~2020-10~VU12JBD8~08 - Yasmin De Castro}
yasmindecastro.ld082.jpg,826380,defb0d1d,\2020-10\08 - Yasmin De Castro\,{TSPOV05~2020-10~VU12JBD8~08 - Yasmin De Castro}
yasmindecastro.ld083.jpg,817077,ad0201f9,\2020-10\08 - Yasmin De Castro\,{TSPOV05~2020-10~VU12JBD8~08 - Yasmin De Castro}
yasmindecastro.ld084.jpg,788382,0293b791,\2020-10\08 - Yasmin De Castro\,{TSPOV05~2020-10~VU12JBD8~08 - Yasmin De Castro}
yasmindecastro.ld085.jpg,797414,a9471b4a,\2020-10\08 - Yasmin De Castro\,{TSPOV05~2020-10~VU12JBD8~08 - Yasmin De Castro}
yasmindecastro.ld086.jpg,772218,c4b0383b,\2020-10\08 - Yasmin De Castro\,{TSPOV05~2020-10~VU12JBD8~08 - Yasmin De Castro}
yasmindecastro.ld087.jpg,865775,a1429dc9,\2020-10\08 - Yasmin De Castro\,{TSPOV05~2020-10~VU12JBD8~08 - Yasmin De Castro}
yasmindecastro.ld088.jpg,782143,dfc5070e,\2020-10\08 - Yasmin De Castro\,{TSPOV05~2020-10~VU12JBD8~08 - Yasmin De Castro}
yasmindecastro.ld089.jpg,627494,35367270,\2020-10\08 - Yasmin De Castro\,{TSPOV05~2020-10~VU12JBD8~08 - Yasmin De Castro}
yasmindecastro.ld090.jpg,631552,198dc66b,\2020-10\08 - Yasmin De Castro\,{TSPOV05~2020-10~VU12JBD8~08 - Yasmin De Castro}
yasmindecastro.ld091.jpg,625999,a2077ec3,\2020-10\08 - Yasmin De Castro\,{TSPOV05~2020-10~VU12JBD8~08 - Yasmin De Castro}
yasmindecastro.ld092.jpg,817515,4b026a5a,\2020-10\08 - Yasmin De Castro\,{TSPOV05~2020-10~VU12JBD8~08 - Yasmin De Castro}
yasmindecastro.ld093.jpg,840804,7d7c71ba,\2020-10\08 - Yasmin De Castro\,{TSPOV05~2020-10~VU12JBD8~08 - Yasmin De Castro}
yasmindecastro.ld094.jpg,593738,5cacba45,\2020-10\08 - Yasmin De Castro\,{TSPOV05~2020-10~VU12JBD8~08 - Yasmin De Castro}
yasmindecastro.ld095.jpg,830508,ee1c25ad,\2020-10\08 - Yasmin De Castro\,{TSPOV05~2020-10~VU12JBD8~08 - Yasmin De Castro}
yasmindecastro.ld096.jpg,841449,f4f65da1,\2020-10\08 - Yasmin De Castro\,{TSPOV05~2020-10~VU12JBD8~08 - Yasmin De Castro}
yasmindecastro.ld097.jpg,842455,a26b2da0,\2020-10\08 - Yasmin De Castro\,{TSPOV05~2020-10~VU12JBD8~08 - Yasmin De Castro}
yasmindecastro.ld098.jpg,708021,4f2171fc,\2020-10\08 - Yasmin De Castro\,{TSPOV05~2020-10~VU12JBD8~08 - Yasmin De Castro}
yasmindecastro.ld099.jpg,718044,71a666d8,\2020-10\08 - Yasmin De Castro\,{TSPOV05~2020-10~VU12JBD8~08 - Yasmin De Castro}
yasmindecastro.ld100.jpg,702895,26638216,\2020-10\08 - Yasmin De Castro\,{TSPOV05~2020-10~VU12JBD8~08 - Yasmin De Castro}
yasmindecastro.ld101.jpg,699255,842ca280,\2020-10\08 - Yasmin De Castro\,{TSPOV05~2020-10~VU12JBD8~08 - Yasmin De Castro}
yasmindecastro.ld102.jpg,796196,b3b16a01,\2020-10\08 - Yasmin De Castro\,{TSPOV05~2020-10~VU12JBD8~08 - Yasmin De Castro}
yasmindecastro.ld103.jpg,819500,7bb27e8c,\2020-10\08 - Yasmin De Castro\,{TSPOV05~2020-10~VU12JBD8~08 - Yasmin De Castro}
yasmindecastro.ld104.jpg,719546,ecfd8db4,\2020-10\08 - Yasmin De Castro\,{TSPOV05~2020-10~VU12JBD8~08 - Yasmin De Castro}
yasmindecastro.ld105.jpg,760405,58a59046,\2020-10\08 - Yasmin De Castro\,{TSPOV05~2020-10~VU12JBD8~08 - Yasmin De Castro}
yasmindecastro.ld106.jpg,756651,d457620f,\2020-10\08 - Yasmin De Castro\,{TSPOV05~2020-10~VU12JBD8~08 - Yasmin De Castro}
yasmindecastro.ld107.jpg,829314,02aa1bb7,\2020-10\08 - Yasmin De Castro\,{TSPOV05~2020-10~VU12JBD8~08 - Yasmin De Castro}
yasmindecastro.ld108.jpg,709182,04f2f623,\2020-10\08 - Yasmin De Castro\,{TSPOV05~2020-10~VU12JBD8~08 - Yasmin De Castro}
yasmindecastro.ld109.jpg,690892,797f27f3,\2020-10\08 - Yasmin De Castro\,{TSPOV05~2020-10~VU12JBD8~08 - Yasmin De Castro}
yasmindecastro.ld110.jpg,693845,44d9d80a,\2020-10\08 - Yasmin De Castro\,{TSPOV05~2020-10~VU12JBD8~08 - Yasmin De Castro}
yasmindecastro.ld111.jpg,649070,ff0a4587,\2020-10\08 - Yasmin De Castro\,{TSPOV05~2020-10~VU12JBD8~08 - Yasmin De Castro}
yasmindecastro.ld112.jpg,842487,2f0ee29c,\2020-10\08 - Yasmin De Castro\,{TSPOV05~2020-10~VU12JBD8~08 - Yasmin De Castro}
yasmindecastro.ld113.jpg,745974,1fa292b3,\2020-10\08 - Yasmin De Castro\,{TSPOV05~2020-10~VU12JBD8~08 - Yasmin De Castro}
yasmindecastro.ld114.jpg,915978,8473ce4a,\2020-10\08 - Yasmin De Castro\,{TSPOV05~2020-10~VU12JBD8~08 - Yasmin De Castro}
yasmindecastro.ld115.jpg,968836,4236017a,\2020-10\08 - Yasmin De Castro\,{TSPOV05~2020-10~VU12JBD8~08 - Yasmin De Castro}
yasmindecastro.ld116.jpg,988165,407521f1,\2020-10\08 - Yasmin De Castro\,{TSPOV05~2020-10~VU12JBD8~08 - Yasmin De Castro}
yasmindecastro.ld117.jpg,1041159,01da1a2e,\2020-10\08 - Yasmin De Castro\,{TSPOV05~2020-10~VU12JBD8~08 - Yasmin De Castro}
yasmindecastro.ld118.jpg,721996,2b7f2c02,\2020-10\08 - Yasmin De Castro\,{TSPOV05~2020-10~VU12JBD8~08 - Yasmin De Castro}
yasmindecastro.ld119.jpg,798700,2d7314b6,\2020-10\08 - Yasmin De Castro\,{TSPOV05~2020-10~VU12JBD8~08 - Yasmin De Castro}
yasmindecastro.ld120.jpg,793342,2c1af4fa,\2020-10\08 - Yasmin De Castro\,{TSPOV05~2020-10~VU12JBD8~08 - Yasmin De Castro}
yasmindecastro.ld121.jpg,813388,a03ba985,\2020-10\08 - Yasmin De Castro\,{TSPOV05~2020-10~VU12JBD8~08 - Yasmin De Castro}
yasmindecastro.ld122.jpg,549358,33e16b98,\2020-10\08 - Yasmin De Castro\,{TSPOV05~2020-10~VU12JBD8~08 - Yasmin De Castro}
yasmindecastro.ld123.jpg,836801,46abb68f,\2020-10\08 - Yasmin De Castro\,{TSPOV05~2020-10~VU12JBD8~08 - Yasmin De Castro}
yasmindecastro.ld124.jpg,766803,99f0d950,\2020-10\08 - Yasmin De Castro\,{TSPOV05~2020-10~VU12JBD8~08 - Yasmin De Castro}
yasmindecastro.ld125.jpg,698505,8349a86b,\2020-10\08 - Yasmin De Castro\,{TSPOV05~2020-10~VU12JBD8~08 - Yasmin De Castro}
yasmindecastro.ld126.jpg,792797,0e375ea3,\2020-10\08 - Yasmin De Castro\,{TSPOV05~2020-10~VU12JBD8~08 - Yasmin De Castro}
yasmindecastro.ld127.jpg,636879,b9bf342d,\2020-10\08 - Yasmin De Castro\,{TSPOV05~2020-10~VU12JBD8~08 - Yasmin De Castro}
yasmindecastro.ld128.jpg,694137,50c8968b,\2020-10\08 - Yasmin De Castro\,{TSPOV05~2020-10~VU12JBD8~08 - Yasmin De Castro}
yasmindecastro.ld129.jpg,675165,0f8918d2,\2020-10\08 - Yasmin De Castro\,{TSPOV05~2020-10~VU12JBD8~08 - Yasmin De Castro}
yasmindecastro.ld130.jpg,662655,c5cea4ab,\2020-10\08 - Yasmin De Castro\,{TSPOV05~2020-10~VU12JBD8~08 - Yasmin De Castro}
yasmindecastro.ld131.jpg,770066,cc5b09c2,\2020-10\08 - Yasmin De Castro\,{TSPOV05~2020-10~VU12JBD8~08 - Yasmin De Castro}
yasmindecastro.ld132.jpg,719935,6e176f27,\2020-10\08 - Yasmin De Castro\,{TSPOV05~2020-10~VU12JBD8~08 - Yasmin De Castro}
yasmindecastro.ld133.jpg,777163,79cfb374,\2020-10\08 - Yasmin De Castro\,{TSPOV05~2020-10~VU12JBD8~08 - Yasmin De Castro}
yasmindecastro.ld134.jpg,760998,fea99b4e,\2020-10\08 - Yasmin De Castro\,{TSPOV05~2020-10~VU12JBD8~08 - Yasmin De Castro}
yasmindecastro.ld135.jpg,795968,dd1322e4,\2020-10\08 - Yasmin De Castro\,{TSPOV05~2020-10~VU12JBD8~08 - Yasmin De Castro}
yasmindecastro.ld136.jpg,641601,dcefafe5,\2020-10\08 - Yasmin De Castro\,{TSPOV05~2020-10~VU12JBD8~08 - Yasmin De Castro}
yasmindecastro.ld137.jpg,624264,064519cc,\2020-10\08 - Yasmin De Castro\,{TSPOV05~2020-10~VU12JBD8~08 - Yasmin De Castro}
yasmindecastro.ld138.jpg,561803,ecc7c950,\2020-10\08 - Yasmin De Castro\,{TSPOV05~2020-10~VU12JBD8~08 - Yasmin De Castro}
yasmindecastro.ld139.jpg,756537,5e30c3dc,\2020-10\08 - Yasmin De Castro\,{TSPOV05~2020-10~VU12JBD8~08 - Yasmin De Castro}
yasmindecastro.ld140.jpg,788000,a19f35ab,\2020-10\08 - Yasmin De Castro\,{TSPOV05~2020-10~VU12JBD8~08 - Yasmin De Castro}
yasmindecastro.ld141.jpg,641637,bc7016ff,\2020-10\08 - Yasmin De Castro\,{TSPOV05~2020-10~VU12JBD8~08 - Yasmin De Castro}
yasmindecastro.ld142.jpg,794458,f939dac3,\2020-10\08 - Yasmin De Castro\,{TSPOV05~2020-10~VU12JBD8~08 - Yasmin De Castro}
yasmindecastro.ld143.jpg,847381,c5616075,\2020-10\08 - Yasmin De Castro\,{TSPOV05~2020-10~VU12JBD8~08 - Yasmin De Castro}
yasmindecastro.ld144.jpg,832668,b81d005a,\2020-10\08 - Yasmin De Castro\,{TSPOV05~2020-10~VU12JBD8~08 - Yasmin De Castro}
yasmindecastro.ld145.jpg,834393,4daa742f,\2020-10\08 - Yasmin De Castro\,{TSPOV05~2020-10~VU12JBD8~08 - Yasmin De Castro}
yasmindecastro.ld146.jpg,819063,8cf7e10e,\2020-10\08 - Yasmin De Castro\,{TSPOV05~2020-10~VU12JBD8~08 - Yasmin De Castro}
yasmindecastro.ld147.jpg,853478,d1a59f1c,\2020-10\08 - Yasmin De Castro\,{TSPOV05~2020-10~VU12JBD8~08 - Yasmin De Castro}
yasmindecastro.ld148.jpg,836725,0ed97b02,\2020-10\08 - Yasmin De Castro\,{TSPOV05~2020-10~VU12JBD8~08 - Yasmin De Castro}
yasmindecastro.ld149.jpg,804607,2a823eaf,\2020-10\08 - Yasmin De Castro\,{TSPOV05~2020-10~VU12JBD8~08 - Yasmin De Castro}
yasmindecastro.ld150.jpg,985385,598fa188,\2020-10\08 - Yasmin De Castro\,{TSPOV05~2020-10~VU12JBD8~08 - Yasmin De Castro}
yasmindecastro.ld151.jpg,835101,7ea909b0,\2020-10\08 - Yasmin De Castro\,{TSPOV05~2020-10~VU12JBD8~08 - Yasmin De Castro}
yasmindecastro.ld152.jpg,822343,51e0ed92,\2020-10\08 - Yasmin De Castro\,{TSPOV05~2020-10~VU12JBD8~08 - Yasmin De Castro}
yasmindecastro.ld153.jpg,826455,9cabdd38,\2020-10\08 - Yasmin De Castro\,{TSPOV05~2020-10~VU12JBD8~08 - Yasmin De Castro}
yasmindecastro.ld154.jpg,872905,3c71f846,\2020-10\08 - Yasmin De Castro\,{TSPOV05~2020-10~VU12JBD8~08 - Yasmin De Castro}
yasmindecastro.ld155.jpg,911680,566e7eaa,\2020-10\08 - Yasmin De Castro\,{TSPOV05~2020-10~VU12JBD8~08 - Yasmin De Castro}
yasmindecastro.ld156.jpg,887225,24858b35,\2020-10\08 - Yasmin De Castro\,{TSPOV05~2020-10~VU12JBD8~08 - Yasmin De Castro}
yasmindecastro.ld157.jpg,804951,b8c5a6a2,\2020-10\08 - Yasmin De Castro\,{TSPOV05~2020-10~VU12JBD8~08 - Yasmin De Castro}
crystalthayerhc.bw001.jpg,698641,ba14fdcd,\2020-10\15 - Crystal Thayer\,{TSPOV05~2020-10~VY0NOUNR~15 - Crystal Thayer}
crystalthayerhc.bw002.jpg,707560,3dfa4fcc,\2020-10\15 - Crystal Thayer\,{TSPOV05~2020-10~VY0NOUNR~15 - Crystal Thayer}
crystalthayerhc.bw003.jpg,720134,607bc3c0,\2020-10\15 - Crystal Thayer\,{TSPOV05~2020-10~VY0NOUNR~15 - Crystal Thayer}
crystalthayerhc.bw004.jpg,768416,6cdde313,\2020-10\15 - Crystal Thayer\,{TSPOV05~2020-10~VY0NOUNR~15 - Crystal Thayer}
crystalthayerhc.bw005.jpg,643539,49fa8456,\2020-10\15 - Crystal Thayer\,{TSPOV05~2020-10~VY0NOUNR~15 - Crystal Thayer}
crystalthayerhc.bw006.jpg,655092,6dfb23d2,\2020-10\15 - Crystal Thayer\,{TSPOV05~2020-10~VY0NOUNR~15 - Crystal Thayer}
crystalthayerhc.bw007.jpg,611550,16a9ef9e,\2020-10\15 - Crystal Thayer\,{TSPOV05~2020-10~VY0NOUNR~15 - Crystal Thayer}
crystalthayerhc.bw008.jpg,641683,2ff5cc2a,\2020-10\15 - Crystal Thayer\,{TSPOV05~2020-10~VY0NOUNR~15 - Crystal Thayer}
crystalthayerhc.bw009.jpg,699176,0545621a,\2020-10\15 - Crystal Thayer\,{TSPOV05~2020-10~VY0NOUNR~15 - Crystal Thayer}
crystalthayerhc.bw010.jpg,697348,98304305,\2020-10\15 - Crystal Thayer\,{TSPOV05~2020-10~VY0NOUNR~15 - Crystal Thayer}
crystalthayerhc.bw011.jpg,714701,2ae376d3,\2020-10\15 - Crystal Thayer\,{TSPOV05~2020-10~VY0NOUNR~15 - Crystal Thayer}
crystalthayerhc.bw012.jpg,722539,abeb474c,\2020-10\15 - Crystal Thayer\,{TSPOV05~2020-10~VY0NOUNR~15 - Crystal Thayer}
crystalthayerhc.bw013.jpg,729533,f7a44722,\2020-10\15 - Crystal Thayer\,{TSPOV05~2020-10~VY0NOUNR~15 - Crystal Thayer}
crystalthayerhc.bw014.jpg,734279,058a5e72,\2020-10\15 - Crystal Thayer\,{TSPOV05~2020-10~VY0NOUNR~15 - Crystal Thayer}
crystalthayerhc.bw015.jpg,692188,384a2e79,\2020-10\15 - Crystal Thayer\,{TSPOV05~2020-10~VY0NOUNR~15 - Crystal Thayer}
crystalthayerhc.bw016.jpg,671550,8782d21b,\2020-10\15 - Crystal Thayer\,{TSPOV05~2020-10~VY0NOUNR~15 - Crystal Thayer}
crystalthayerhc.bw017.jpg,678687,f7f2f382,\2020-10\15 - Crystal Thayer\,{TSPOV05~2020-10~VY0NOUNR~15 - Crystal Thayer}
crystalthayerhc.bw018.jpg,799465,991f2d35,\2020-10\15 - Crystal Thayer\,{TSPOV05~2020-10~VY0NOUNR~15 - Crystal Thayer}
crystalthayerhc.bw019.jpg,774083,8fe9df4c,\2020-10\15 - Crystal Thayer\,{TSPOV05~2020-10~VY0NOUNR~15 - Crystal Thayer}
crystalthayerhc.bw020.jpg,768488,8a2fd242,\2020-10\15 - Crystal Thayer\,{TSPOV05~2020-10~VY0NOUNR~15 - Crystal Thayer}
crystalthayerhc.bw021.jpg,752232,7c03e96c,\2020-10\15 - Crystal Thayer\,{TSPOV05~2020-10~VY0NOUNR~15 - Crystal Thayer}
crystalthayerhc.bw022.jpg,664733,5febf21b,\2020-10\15 - Crystal Thayer\,{TSPOV05~2020-10~VY0NOUNR~15 - Crystal Thayer}
crystalthayerhc.bw023.jpg,658445,a68eae2c,\2020-10\15 - Crystal Thayer\,{TSPOV05~2020-10~VY0NOUNR~15 - Crystal Thayer}
crystalthayerhc.bw024.jpg,655950,26c7ec12,\2020-10\15 - Crystal Thayer\,{TSPOV05~2020-10~VY0NOUNR~15 - Crystal Thayer}
crystalthayerhc.bw025.jpg,664490,5dcd5c05,\2020-10\15 - Crystal Thayer\,{TSPOV05~2020-10~VY0NOUNR~15 - Crystal Thayer}
crystalthayerhc.bw026.jpg,666875,f3cbe485,\2020-10\15 - Crystal Thayer\,{TSPOV05~2020-10~VY0NOUNR~15 - Crystal Thayer}
crystalthayerhc.bw027.jpg,675481,272059b9,\2020-10\15 - Crystal Thayer\,{TSPOV05~2020-10~VY0NOUNR~15 - Crystal Thayer}
crystalthayerhc.bw028.jpg,685489,36e0d661,\2020-10\15 - Crystal Thayer\,{TSPOV05~2020-10~VY0NOUNR~15 - Crystal Thayer}
crystalthayerhc.bw029.jpg,679486,9b4c40a9,\2020-10\15 - Crystal Thayer\,{TSPOV05~2020-10~VY0NOUNR~15 - Crystal Thayer}
crystalthayerhc.bw030.jpg,666624,053920d7,\2020-10\15 - Crystal Thayer\,{TSPOV05~2020-10~VY0NOUNR~15 - Crystal Thayer}
crystalthayerhc.bw031.jpg,674324,b4b11c16,\2020-10\15 - Crystal Thayer\,{TSPOV05~2020-10~VY0NOUNR~15 - Crystal Thayer}
crystalthayerhc.bw032.jpg,655677,09ae7aea,\2020-10\15 - Crystal Thayer\,{TSPOV05~2020-10~VY0NOUNR~15 - Crystal Thayer}
crystalthayerhc.bw033.jpg,623368,b1c86393,\2020-10\15 - Crystal Thayer\,{TSPOV05~2020-10~VY0NOUNR~15 - Crystal Thayer}
crystalthayerhc.bw034.jpg,645733,8b0a1c76,\2020-10\15 - Crystal Thayer\,{TSPOV05~2020-10~VY0NOUNR~15 - Crystal Thayer}
crystalthayerhc.bw035.jpg,630004,ef424ad7,\2020-10\15 - Crystal Thayer\,{TSPOV05~2020-10~VY0NOUNR~15 - Crystal Thayer}
crystalthayerhc.bw036.jpg,704027,237e8708,\2020-10\15 - Crystal Thayer\,{TSPOV05~2020-10~VY0NOUNR~15 - Crystal Thayer}
crystalthayerhc.bw037.jpg,668627,6620cbf9,\2020-10\15 - Crystal Thayer\,{TSPOV05~2020-10~VY0NOUNR~15 - Crystal Thayer}
crystalthayerhc.bw038.jpg,674501,08f25dad,\2020-10\15 - Crystal Thayer\,{TSPOV05~2020-10~VY0NOUNR~15 - Crystal Thayer}
crystalthayerhc.bw039.jpg,666393,b682fe44,\2020-10\15 - Crystal Thayer\,{TSPOV05~2020-10~VY0NOUNR~15 - Crystal Thayer}
crystalthayerhc.bw040.jpg,668504,a4d0f99b,\2020-10\15 - Crystal Thayer\,{TSPOV05~2020-10~VY0NOUNR~15 - Crystal Thayer}
crystalthayerhc.bw041.jpg,659047,c4d0a9ea,\2020-10\15 - Crystal Thayer\,{TSPOV05~2020-10~VY0NOUNR~15 - Crystal Thayer}
crystalthayerhc.bw042.jpg,739304,0f82e141,\2020-10\15 - Crystal Thayer\,{TSPOV05~2020-10~VY0NOUNR~15 - Crystal Thayer}
crystalthayerhc.bw043.jpg,721178,5a38de8e,\2020-10\15 - Crystal Thayer\,{TSPOV05~2020-10~VY0NOUNR~15 - Crystal Thayer}
crystalthayerhc.bw044.jpg,724550,b2bfac57,\2020-10\15 - Crystal Thayer\,{TSPOV05~2020-10~VY0NOUNR~15 - Crystal Thayer}
crystalthayerhc.bw045.jpg,722250,533cfce0,\2020-10\15 - Crystal Thayer\,{TSPOV05~2020-10~VY0NOUNR~15 - Crystal Thayer}
crystalthayerhc.bw046.jpg,791941,4b6f2c87,\2020-10\15 - Crystal Thayer\,{TSPOV05~2020-10~VY0NOUNR~15 - Crystal Thayer}
crystalthayerhc.bw047.jpg,738863,6178ac76,\2020-10\15 - Crystal Thayer\,{TSPOV05~2020-10~VY0NOUNR~15 - Crystal Thayer}
crystalthayerhc.bw048.jpg,774348,23652dc2,\2020-10\15 - Crystal Thayer\,{TSPOV05~2020-10~VY0NOUNR~15 - Crystal Thayer}
crystalthayerhc.bw049.jpg,678617,d65947bc,\2020-10\15 - Crystal Thayer\,{TSPOV05~2020-10~VY0NOUNR~15 - Crystal Thayer}
crystalthayerhc.bw050.jpg,676696,0af94e4d,\2020-10\15 - Crystal Thayer\,{TSPOV05~2020-10~VY0NOUNR~15 - Crystal Thayer}
crystalthayerhc.bw051.jpg,676388,ed7dcb21,\2020-10\15 - Crystal Thayer\,{TSPOV05~2020-10~VY0NOUNR~15 - Crystal Thayer}
crystalthayerhc.bw052.jpg,698283,bd81bfef,\2020-10\15 - Crystal Thayer\,{TSPOV05~2020-10~VY0NOUNR~15 - Crystal Thayer}
crystalthayerhc.bw053.jpg,719669,911562de,\2020-10\15 - Crystal Thayer\,{TSPOV05~2020-10~VY0NOUNR~15 - Crystal Thayer}
crystalthayerhc.bw054.jpg,691679,b9302012,\2020-10\15 - Crystal Thayer\,{TSPOV05~2020-10~VY0NOUNR~15 - Crystal Thayer}
crystalthayerhc.bw055.jpg,678125,b1f83f86,\2020-10\15 - Crystal Thayer\,{TSPOV05~2020-10~VY0NOUNR~15 - Crystal Thayer}
crystalthayerhc.bw056.jpg,666862,9e8d3907,\2020-10\15 - Crystal Thayer\,{TSPOV05~2020-10~VY0NOUNR~15 - Crystal Thayer}
crystalthayerhc.bw057.jpg,686046,14509ff1,\2020-10\15 - Crystal Thayer\,{TSPOV05~2020-10~VY0NOUNR~15 - Crystal Thayer}
crystalthayerhc.bw058.jpg,666249,e92b2817,\2020-10\15 - Crystal Thayer\,{TSPOV05~2020-10~VY0NOUNR~15 - Crystal Thayer}
crystalthayerhc.bw059.jpg,673982,e2507446,\2020-10\15 - Crystal Thayer\,{TSPOV05~2020-10~VY0NOUNR~15 - Crystal Thayer}
crystalthayerhc.bw060.jpg,673161,98f2c059,\2020-10\15 - Crystal Thayer\,{TSPOV05~2020-10~VY0NOUNR~15 - Crystal Thayer}
crystalthayerhc.bw061.jpg,629735,dea45768,\2020-10\15 - Crystal Thayer\,{TSPOV05~2020-10~VY0NOUNR~15 - Crystal Thayer}
crystalthayerhc.bw062.jpg,572598,875a7f04,\2020-10\15 - Crystal Thayer\,{TSPOV05~2020-10~VY0NOUNR~15 - Crystal Thayer}
crystalthayerhc.bw063.jpg,578254,314b019f,\2020-10\15 - Crystal Thayer\,{TSPOV05~2020-10~VY0NOUNR~15 - Crystal Thayer}
crystalthayerhc.bw064.jpg,617764,deee1be4,\2020-10\15 - Crystal Thayer\,{TSPOV05~2020-10~VY0NOUNR~15 - Crystal Thayer}
crystalthayerhc.bw065.jpg,601851,6824f3f9,\2020-10\15 - Crystal Thayer\,{TSPOV05~2020-10~VY0NOUNR~15 - Crystal Thayer}
crystalthayerhc.bw066.jpg,779454,39a1af2a,\2020-10\15 - Crystal Thayer\,{TSPOV05~2020-10~VY0NOUNR~15 - Crystal Thayer}
crystalthayerhc.bw067.jpg,758419,adfda89e,\2020-10\15 - Crystal Thayer\,{TSPOV05~2020-10~VY0NOUNR~15 - Crystal Thayer}
crystalthayerhc.bw068.jpg,744910,90d7602b,\2020-10\15 - Crystal Thayer\,{TSPOV05~2020-10~VY0NOUNR~15 - Crystal Thayer}
crystalthayerhc.bw069.jpg,733753,bea0526f,\2020-10\15 - Crystal Thayer\,{TSPOV05~2020-10~VY0NOUNR~15 - Crystal Thayer}
crystalthayerhc.bw070.jpg,697062,20f4bd75,\2020-10\15 - Crystal Thayer\,{TSPOV05~2020-10~VY0NOUNR~15 - Crystal Thayer}
crystalthayerhc.bw071.jpg,677675,8e088a24,\2020-10\15 - Crystal Thayer\,{TSPOV05~2020-10~VY0NOUNR~15 - Crystal Thayer}
crystalthayerhc.bw072.jpg,679726,3eeed91d,\2020-10\15 - Crystal Thayer\,{TSPOV05~2020-10~VY0NOUNR~15 - Crystal Thayer}
crystalthayerhc.bw073.jpg,745950,2dd3ee6b,\2020-10\15 - Crystal Thayer\,{TSPOV05~2020-10~VY0NOUNR~15 - Crystal Thayer}
crystalthayerhc.bw074.jpg,749971,ca01e19c,\2020-10\15 - Crystal Thayer\,{TSPOV05~2020-10~VY0NOUNR~15 - Crystal Thayer}
crystalthayerhc.bw075.jpg,752761,0dde2528,\2020-10\15 - Crystal Thayer\,{TSPOV05~2020-10~VY0NOUNR~15 - Crystal Thayer}
crystalthayerhc.bw076.jpg,732158,2cb9e6c3,\2020-10\15 - Crystal Thayer\,{TSPOV05~2020-10~VY0NOUNR~15 - Crystal Thayer}
crystalthayerhc.bw077.jpg,746343,e7f68fae,\2020-10\15 - Crystal Thayer\,{TSPOV05~2020-10~VY0NOUNR~15 - Crystal Thayer}
crystalthayerhc.bw078.jpg,785183,6f6fd90a,\2020-10\15 - Crystal Thayer\,{TSPOV05~2020-10~VY0NOUNR~15 - Crystal Thayer}
crystalthayerhc.bw079.jpg,749328,7ca67680,\2020-10\15 - Crystal Thayer\,{TSPOV05~2020-10~VY0NOUNR~15 - Crystal Thayer}
crystalthayerhc.bw080.jpg,732773,f48a8080,\2020-10\15 - Crystal Thayer\,{TSPOV05~2020-10~VY0NOUNR~15 - Crystal Thayer}
crystalthayerhc.bw081.jpg,764008,03e3a2ac,\2020-10\15 - Crystal Thayer\,{TSPOV05~2020-10~VY0NOUNR~15 - Crystal Thayer}
crystalthayerhc.bw082.jpg,653679,c7b5053a,\2020-10\15 - Crystal Thayer\,{TSPOV05~2020-10~VY0NOUNR~15 - Crystal Thayer}
crystalthayerhc.bw083.jpg,683551,c98e50eb,\2020-10\15 - Crystal Thayer\,{TSPOV05~2020-10~VY0NOUNR~15 - Crystal Thayer}
crystalthayerhc.bw084.jpg,707673,7bf42791,\2020-10\15 - Crystal Thayer\,{TSPOV05~2020-10~VY0NOUNR~15 - Crystal Thayer}
crystalthayerhc.bw085.jpg,735923,bf44b3fe,\2020-10\15 - Crystal Thayer\,{TSPOV05~2020-10~VY0NOUNR~15 - Crystal Thayer}
crystalthayerhc.bw086.jpg,734969,7dee5cc6,\2020-10\15 - Crystal Thayer\,{TSPOV05~2020-10~VY0NOUNR~15 - Crystal Thayer}
crystalthayerhc.bw087.jpg,622211,5d3fed1a,\2020-10\15 - Crystal Thayer\,{TSPOV05~2020-10~VY0NOUNR~15 - Crystal Thayer}
crystalthayerhc.bw088.jpg,632434,094479a3,\2020-10\15 - Crystal Thayer\,{TSPOV05~2020-10~VY0NOUNR~15 - Crystal Thayer}
crystalthayerhc.bw089.jpg,686835,9f9480cb,\2020-10\15 - Crystal Thayer\,{TSPOV05~2020-10~VY0NOUNR~15 - Crystal Thayer}
crystalthayerhc.bw090.jpg,715255,4e9d4383,\2020-10\15 - Crystal Thayer\,{TSPOV05~2020-10~VY0NOUNR~15 - Crystal Thayer}
crystalthayerhc.bw091.jpg,689358,f12b5eed,\2020-10\15 - Crystal Thayer\,{TSPOV05~2020-10~VY0NOUNR~15 - Crystal Thayer}
crystalthayerhc.bw092.jpg,697465,e1874663,\2020-10\15 - Crystal Thayer\,{TSPOV05~2020-10~VY0NOUNR~15 - Crystal Thayer}
crystalthayerhc.bw093.jpg,688775,6a799c14,\2020-10\15 - Crystal Thayer\,{TSPOV05~2020-10~VY0NOUNR~15 - Crystal Thayer}
crystalthayerhc.bw094.jpg,668230,da127590,\2020-10\15 - Crystal Thayer\,{TSPOV05~2020-10~VY0NOUNR~15 - Crystal Thayer}
crystalthayerhc.bw095.jpg,661983,f85cd3cc,\2020-10\15 - Crystal Thayer\,{TSPOV05~2020-10~VY0NOUNR~15 - Crystal Thayer}
crystalthayerhc.bw096.jpg,678391,0acc071d,\2020-10\15 - Crystal Thayer\,{TSPOV05~2020-10~VY0NOUNR~15 - Crystal Thayer}
crystalthayerhc.bw097.jpg,610518,1ab1a5b0,\2020-10\15 - Crystal Thayer\,{TSPOV05~2020-10~VY0NOUNR~15 - Crystal Thayer}
crystalthayerhc.bw098.jpg,635613,9c38f8c4,\2020-10\15 - Crystal Thayer\,{TSPOV05~2020-10~VY0NOUNR~15 - Crystal Thayer}
crystalthayerhc.bw099.jpg,638743,30e0cf55,\2020-10\15 - Crystal Thayer\,{TSPOV05~2020-10~VY0NOUNR~15 - Crystal Thayer}
crystalthayerhc.bw100.jpg,617515,204cd1ca,\2020-10\15 - Crystal Thayer\,{TSPOV05~2020-10~VY0NOUNR~15 - Crystal Thayer}
crystalthayerhc.bw101.jpg,616684,d31e34bb,\2020-10\15 - Crystal Thayer\,{TSPOV05~2020-10~VY0NOUNR~15 - Crystal Thayer}
crystalthayerhc.bw102.jpg,614230,1425e133,\2020-10\15 - Crystal Thayer\,{TSPOV05~2020-10~VY0NOUNR~15 - Crystal Thayer}
crystalthayerhc.bw103.jpg,609723,fa6a6fa0,\2020-10\15 - Crystal Thayer\,{TSPOV05~2020-10~VY0NOUNR~15 - Crystal Thayer}
crystalthayerhc.bw104.jpg,610832,cd966307,\2020-10\15 - Crystal Thayer\,{TSPOV05~2020-10~VY0NOUNR~15 - Crystal Thayer}
crystalthayerhc.bw105.jpg,619605,e1e5c88c,\2020-10\15 - Crystal Thayer\,{TSPOV05~2020-10~VY0NOUNR~15 - Crystal Thayer}
crystalthayerhc.bw106.jpg,619026,c0c76328,\2020-10\15 - Crystal Thayer\,{TSPOV05~2020-10~VY0NOUNR~15 - Crystal Thayer}
crystalthayerhc.bw107.jpg,621781,6698b2bf,\2020-10\15 - Crystal Thayer\,{TSPOV05~2020-10~VY0NOUNR~15 - Crystal Thayer}
crystalthayerhc.bw108.jpg,610043,99f4976e,\2020-10\15 - Crystal Thayer\,{TSPOV05~2020-10~VY0NOUNR~15 - Crystal Thayer}
crystalthayerhc.bw109.jpg,606122,19e05ad2,\2020-10\15 - Crystal Thayer\,{TSPOV05~2020-10~VY0NOUNR~15 - Crystal Thayer}
crystalthayerhc.bw110.jpg,597491,c7b5e315,\2020-10\15 - Crystal Thayer\,{TSPOV05~2020-10~VY0NOUNR~15 - Crystal Thayer}
crystalthayerhc.bw111.jpg,615902,eef6ab4e,\2020-10\15 - Crystal Thayer\,{TSPOV05~2020-10~VY0NOUNR~15 - Crystal Thayer}
crystalthayerhc.bw112.jpg,616714,a7f2b5c2,\2020-10\15 - Crystal Thayer\,{TSPOV05~2020-10~VY0NOUNR~15 - Crystal Thayer}
crystalthayerhc.bw113.jpg,620631,af1a642d,\2020-10\15 - Crystal Thayer\,{TSPOV05~2020-10~VY0NOUNR~15 - Crystal Thayer}
crystalthayerhc.bw114.jpg,617515,f4e38881,\2020-10\15 - Crystal Thayer\,{TSPOV05~2020-10~VY0NOUNR~15 - Crystal Thayer}
crystalthayerhc.bw115.jpg,595634,73cc3ffa,\2020-10\15 - Crystal Thayer\,{TSPOV05~2020-10~VY0NOUNR~15 - Crystal Thayer}
crystalthayerhc.bw116.jpg,607618,22c93f09,\2020-10\15 - Crystal Thayer\,{TSPOV05~2020-10~VY0NOUNR~15 - Crystal Thayer}
crystalthayerhc.bw117.jpg,610449,11c237af,\2020-10\15 - Crystal Thayer\,{TSPOV05~2020-10~VY0NOUNR~15 - Crystal Thayer}
crystalthayerhc.bw118.jpg,616277,5990e722,\2020-10\15 - Crystal Thayer\,{TSPOV05~2020-10~VY0NOUNR~15 - Crystal Thayer}
crystalthayerhc.bw119.jpg,631084,f739c0ef,\2020-10\15 - Crystal Thayer\,{TSPOV05~2020-10~VY0NOUNR~15 - Crystal Thayer}
crystalthayerhc.bw120.jpg,632302,6b7120ed,\2020-10\15 - Crystal Thayer\,{TSPOV05~2020-10~VY0NOUNR~15 - Crystal Thayer}
crystalthayerhc.bw121.jpg,638294,6da9a0fb,\2020-10\15 - Crystal Thayer\,{TSPOV05~2020-10~VY0NOUNR~15 - Crystal Thayer}
crystalthayerhc.bw122.jpg,634345,45f045cb,\2020-10\15 - Crystal Thayer\,{TSPOV05~2020-10~VY0NOUNR~15 - Crystal Thayer}
crystalthayerhc.bw123.jpg,625472,f68d1856,\2020-10\15 - Crystal Thayer\,{TSPOV05~2020-10~VY0NOUNR~15 - Crystal Thayer}
crystalthayerhc.bw124.jpg,611860,ad50b1b6,\2020-10\15 - Crystal Thayer\,{TSPOV05~2020-10~VY0NOUNR~15 - Crystal Thayer}
crystalthayerhc.bw125.jpg,638113,d62e2ae5,\2020-10\15 - Crystal Thayer\,{TSPOV05~2020-10~VY0NOUNR~15 - Crystal Thayer}
crystalthayerhc.bw126.jpg,641065,dc26018f,\2020-10\15 - Crystal Thayer\,{TSPOV05~2020-10~VY0NOUNR~15 - Crystal Thayer}
crystalthayerhc.bw127.jpg,686712,2f23c9c8,\2020-10\15 - Crystal Thayer\,{TSPOV05~2020-10~VY0NOUNR~15 - Crystal Thayer}
crystalthayerhc.bw128.jpg,688963,5c42687d,\2020-10\15 - Crystal Thayer\,{TSPOV05~2020-10~VY0NOUNR~15 - Crystal Thayer}
crystalthayerhc.bw129.jpg,688390,0d1cfb40,\2020-10\15 - Crystal Thayer\,{TSPOV05~2020-10~VY0NOUNR~15 - Crystal Thayer}
crystalthayerhc.bw130.jpg,669620,e892678b,\2020-10\15 - Crystal Thayer\,{TSPOV05~2020-10~VY0NOUNR~15 - Crystal Thayer}
crystalthayerhc.bw131.jpg,694270,0a618796,\2020-10\15 - Crystal Thayer\,{TSPOV05~2020-10~VY0NOUNR~15 - Crystal Thayer}
crystalthayerhc.bw132.jpg,682508,8083c4f3,\2020-10\15 - Crystal Thayer\,{TSPOV05~2020-10~VY0NOUNR~15 - Crystal Thayer}
crystalthayerhc.bw133.jpg,683482,f01b7ff0,\2020-10\15 - Crystal Thayer\,{TSPOV05~2020-10~VY0NOUNR~15 - Crystal Thayer}
crystalthayerhc.bw134.jpg,685845,92efbe1a,\2020-10\15 - Crystal Thayer\,{TSPOV05~2020-10~VY0NOUNR~15 - Crystal Thayer}
crystalthayerhc.bw135.jpg,692257,8ae4803a,\2020-10\15 - Crystal Thayer\,{TSPOV05~2020-10~VY0NOUNR~15 - Crystal Thayer}
crystalthayerhc.bw136.jpg,732219,8fa147ff,\2020-10\15 - Crystal Thayer\,{TSPOV05~2020-10~VY0NOUNR~15 - Crystal Thayer}
crystalthayerhc.bw137.jpg,733269,d849ad44,\2020-10\15 - Crystal Thayer\,{TSPOV05~2020-10~VY0NOUNR~15 - Crystal Thayer}
crystalthayerhc.bw138.jpg,726207,edf3030a,\2020-10\15 - Crystal Thayer\,{TSPOV05~2020-10~VY0NOUNR~15 - Crystal Thayer}
crystalthayerhc.bw139.jpg,689254,a4248f62,\2020-10\15 - Crystal Thayer\,{TSPOV05~2020-10~VY0NOUNR~15 - Crystal Thayer}
crystalthayerhc.bw140.jpg,684215,fdbdae97,\2020-10\15 - Crystal Thayer\,{TSPOV05~2020-10~VY0NOUNR~15 - Crystal Thayer}
crystalthayerhc.bw141.jpg,648776,6581e79a,\2020-10\15 - Crystal Thayer\,{TSPOV05~2020-10~VY0NOUNR~15 - Crystal Thayer}
crystalthayerhc.bw142.jpg,723163,e0cd0ae6,\2020-10\15 - Crystal Thayer\,{TSPOV05~2020-10~VY0NOUNR~15 - Crystal Thayer}
crystalthayerhc.bw143.jpg,727119,f308817f,\2020-10\15 - Crystal Thayer\,{TSPOV05~2020-10~VY0NOUNR~15 - Crystal Thayer}
crystalthayerhc.bw144.jpg,584173,fb66ab13,\2020-10\15 - Crystal Thayer\,{TSPOV05~2020-10~VY0NOUNR~15 - Crystal Thayer}
crystalthayerhc.bw145.jpg,583058,ca0f5f91,\2020-10\15 - Crystal Thayer\,{TSPOV05~2020-10~VY0NOUNR~15 - Crystal Thayer}
crystalthayerhc.bw146.jpg,581952,82e42856,\2020-10\15 - Crystal Thayer\,{TSPOV05~2020-10~VY0NOUNR~15 - Crystal Thayer}
crystalthayerhc.bw147.jpg,565003,d0f75508,\2020-10\15 - Crystal Thayer\,{TSPOV05~2020-10~VY0NOUNR~15 - Crystal Thayer}
crystalthayerhc.bw148.jpg,576999,9d876ec4,\2020-10\15 - Crystal Thayer\,{TSPOV05~2020-10~VY0NOUNR~15 - Crystal Thayer}
crystalthayerhc.bw149.jpg,584660,e5c92490,\2020-10\15 - Crystal Thayer\,{TSPOV05~2020-10~VY0NOUNR~15 - Crystal Thayer}
crystalthayerhc.bw150.jpg,583371,2652b266,\2020-10\15 - Crystal Thayer\,{TSPOV05~2020-10~VY0NOUNR~15 - Crystal Thayer}
crystalthayerhc.bw151.jpg,586383,9bb3de69,\2020-10\15 - Crystal Thayer\,{TSPOV05~2020-10~VY0NOUNR~15 - Crystal Thayer}
crystalthayerhc.bw152.jpg,622540,1d472c4f,\2020-10\15 - Crystal Thayer\,{TSPOV05~2020-10~VY0NOUNR~15 - Crystal Thayer}
crystalthayerhc.bw153.jpg,621895,db67f128,\2020-10\15 - Crystal Thayer\,{TSPOV05~2020-10~VY0NOUNR~15 - Crystal Thayer}
crystalthayerhc.bw154.jpg,605614,b4e0836d,\2020-10\15 - Crystal Thayer\,{TSPOV05~2020-10~VY0NOUNR~15 - Crystal Thayer}
crystalthayerhc.bw155.jpg,602879,203a64b3,\2020-10\15 - Crystal Thayer\,{TSPOV05~2020-10~VY0NOUNR~15 - Crystal Thayer}
crystalthayerhc.bw156.jpg,615015,973945e7,\2020-10\15 - Crystal Thayer\,{TSPOV05~2020-10~VY0NOUNR~15 - Crystal Thayer}
crystalthayerhc.bw157.jpg,605387,7497483d,\2020-10\15 - Crystal Thayer\,{TSPOV05~2020-10~VY0NOUNR~15 - Crystal Thayer}
pennypeacockhc.bw001.jpg,733372,625f478a,\2020-10\22 - Penny Peacock\,{TSPOV05~2020-10~W50NYR0D~22 - Penny Peacock}
pennypeacockhc.bw002.jpg,681616,bf2a05eb,\2020-10\22 - Penny Peacock\,{TSPOV05~2020-10~W50NYR0D~22 - Penny Peacock}
pennypeacockhc.bw003.jpg,686444,8fbe55b8,\2020-10\22 - Penny Peacock\,{TSPOV05~2020-10~W50NYR0D~22 - Penny Peacock}
pennypeacockhc.bw004.jpg,723609,21f5f2e4,\2020-10\22 - Penny Peacock\,{TSPOV05~2020-10~W50NYR0D~22 - Penny Peacock}
pennypeacockhc.bw005.jpg,720025,89904ea4,\2020-10\22 - Penny Peacock\,{TSPOV05~2020-10~W50NYR0D~22 - Penny Peacock}
pennypeacockhc.bw006.jpg,672867,9d4a8418,\2020-10\22 - Penny Peacock\,{TSPOV05~2020-10~W50NYR0D~22 - Penny Peacock}
pennypeacockhc.bw007.jpg,704957,ae5c7270,\2020-10\22 - Penny Peacock\,{TSPOV05~2020-10~W50NYR0D~22 - Penny Peacock}
pennypeacockhc.bw008.jpg,745496,14d7f0cf,\2020-10\22 - Penny Peacock\,{TSPOV05~2020-10~W50NYR0D~22 - Penny Peacock}
pennypeacockhc.bw009.jpg,694964,d637ca7e,\2020-10\22 - Penny Peacock\,{TSPOV05~2020-10~W50NYR0D~22 - Penny Peacock}
pennypeacockhc.bw010.jpg,693655,f9dc3f03,\2020-10\22 - Penny Peacock\,{TSPOV05~2020-10~W50NYR0D~22 - Penny Peacock}
pennypeacockhc.bw011.jpg,630647,a016c0a1,\2020-10\22 - Penny Peacock\,{TSPOV05~2020-10~W50NYR0D~22 - Penny Peacock}
pennypeacockhc.bw012.jpg,713330,71bc48d8,\2020-10\22 - Penny Peacock\,{TSPOV05~2020-10~W50NYR0D~22 - Penny Peacock}
pennypeacockhc.bw013.jpg,708888,d3764fcc,\2020-10\22 - Penny Peacock\,{TSPOV05~2020-10~W50NYR0D~22 - Penny Peacock}
pennypeacockhc.bw014.jpg,772510,ca1a186e,\2020-10\22 - Penny Peacock\,{TSPOV05~2020-10~W50NYR0D~22 - Penny Peacock}
pennypeacockhc.bw015.jpg,726966,c4586c50,\2020-10\22 - Penny Peacock\,{TSPOV05~2020-10~W50NYR0D~22 - Penny Peacock}
pennypeacockhc.bw016.jpg,745429,0633f75d,\2020-10\22 - Penny Peacock\,{TSPOV05~2020-10~W50NYR0D~22 - Penny Peacock}
pennypeacockhc.bw017.jpg,823016,f7d44959,\2020-10\22 - Penny Peacock\,{TSPOV05~2020-10~W50NYR0D~22 - Penny Peacock}
pennypeacockhc.bw018.jpg,808818,4b8e945e,\2020-10\22 - Penny Peacock\,{TSPOV05~2020-10~W50NYR0D~22 - Penny Peacock}
pennypeacockhc.bw019.jpg,780531,ac799dc3,\2020-10\22 - Penny Peacock\,{TSPOV05~2020-10~W50NYR0D~22 - Penny Peacock}
pennypeacockhc.bw020.jpg,784420,3e3a2ec0,\2020-10\22 - Penny Peacock\,{TSPOV05~2020-10~W50NYR0D~22 - Penny Peacock}
pennypeacockhc.bw021.jpg,775775,4d749dbd,\2020-10\22 - Penny Peacock\,{TSPOV05~2020-10~W50NYR0D~22 - Penny Peacock}
pennypeacockhc.bw022.jpg,865241,c4a1b03a,\2020-10\22 - Penny Peacock\,{TSPOV05~2020-10~W50NYR0D~22 - Penny Peacock}
pennypeacockhc.bw023.jpg,817154,53a060b6,\2020-10\22 - Penny Peacock\,{TSPOV05~2020-10~W50NYR0D~22 - Penny Peacock}
pennypeacockhc.bw024.jpg,658062,be766661,\2020-10\22 - Penny Peacock\,{TSPOV05~2020-10~W50NYR0D~22 - Penny Peacock}
pennypeacockhc.bw025.jpg,703968,4bed9a4f,\2020-10\22 - Penny Peacock\,{TSPOV05~2020-10~W50NYR0D~22 - Penny Peacock}
pennypeacockhc.bw026.jpg,764131,64414ca8,\2020-10\22 - Penny Peacock\,{TSPOV05~2020-10~W50NYR0D~22 - Penny Peacock}
pennypeacockhc.bw027.jpg,766863,039f313e,\2020-10\22 - Penny Peacock\,{TSPOV05~2020-10~W50NYR0D~22 - Penny Peacock}
pennypeacockhc.bw028.jpg,718128,a451f6b6,\2020-10\22 - Penny Peacock\,{TSPOV05~2020-10~W50NYR0D~22 - Penny Peacock}
pennypeacockhc.bw029.jpg,762985,9ccea6fa,\2020-10\22 - Penny Peacock\,{TSPOV05~2020-10~W50NYR0D~22 - Penny Peacock}
pennypeacockhc.bw030.jpg,841674,246d7e4f,\2020-10\22 - Penny Peacock\,{TSPOV05~2020-10~W50NYR0D~22 - Penny Peacock}
pennypeacockhc.bw031.jpg,840651,27087f96,\2020-10\22 - Penny Peacock\,{TSPOV05~2020-10~W50NYR0D~22 - Penny Peacock}
pennypeacockhc.bw032.jpg,832378,5058a96f,\2020-10\22 - Penny Peacock\,{TSPOV05~2020-10~W50NYR0D~22 - Penny Peacock}
pennypeacockhc.bw033.jpg,825083,6d8aa3ea,\2020-10\22 - Penny Peacock\,{TSPOV05~2020-10~W50NYR0D~22 - Penny Peacock}
pennypeacockhc.bw034.jpg,818259,d0ab9667,\2020-10\22 - Penny Peacock\,{TSPOV05~2020-10~W50NYR0D~22 - Penny Peacock}
pennypeacockhc.bw035.jpg,792755,0c2234e3,\2020-10\22 - Penny Peacock\,{TSPOV05~2020-10~W50NYR0D~22 - Penny Peacock}
pennypeacockhc.bw036.jpg,746334,b13f2008,\2020-10\22 - Penny Peacock\,{TSPOV05~2020-10~W50NYR0D~22 - Penny Peacock}
pennypeacockhc.bw037.jpg,785907,da9f9da4,\2020-10\22 - Penny Peacock\,{TSPOV05~2020-10~W50NYR0D~22 - Penny Peacock}
pennypeacockhc.bw038.jpg,687481,c868078c,\2020-10\22 - Penny Peacock\,{TSPOV05~2020-10~W50NYR0D~22 - Penny Peacock}
pennypeacockhc.bw039.jpg,689735,8cdfa422,\2020-10\22 - Penny Peacock\,{TSPOV05~2020-10~W50NYR0D~22 - Penny Peacock}
pennypeacockhc.bw040.jpg,703894,4a2850dc,\2020-10\22 - Penny Peacock\,{TSPOV05~2020-10~W50NYR0D~22 - Penny Peacock}
pennypeacockhc.bw041.jpg,614300,f72126d3,\2020-10\22 - Penny Peacock\,{TSPOV05~2020-10~W50NYR0D~22 - Penny Peacock}
pennypeacockhc.bw042.jpg,586808,93de69fb,\2020-10\22 - Penny Peacock\,{TSPOV05~2020-10~W50NYR0D~22 - Penny Peacock}
pennypeacockhc.bw043.jpg,582827,08c29b08,\2020-10\22 - Penny Peacock\,{TSPOV05~2020-10~W50NYR0D~22 - Penny Peacock}
pennypeacockhc.bw044.jpg,676126,d4fb07fa,\2020-10\22 - Penny Peacock\,{TSPOV05~2020-10~W50NYR0D~22 - Penny Peacock}
pennypeacockhc.bw045.jpg,694373,32a6b249,\2020-10\22 - Penny Peacock\,{TSPOV05~2020-10~W50NYR0D~22 - Penny Peacock}
pennypeacockhc.bw046.jpg,647414,01dd3a92,\2020-10\22 - Penny Peacock\,{TSPOV05~2020-10~W50NYR0D~22 - Penny Peacock}
pennypeacockhc.bw047.jpg,691664,1db53f4f,\2020-10\22 - Penny Peacock\,{TSPOV05~2020-10~W50NYR0D~22 - Penny Peacock}
pennypeacockhc.bw048.jpg,706740,634658f5,\2020-10\22 - Penny Peacock\,{TSPOV05~2020-10~W50NYR0D~22 - Penny Peacock}
pennypeacockhc.bw049.jpg,707649,9cc46b04,\2020-10\22 - Penny Peacock\,{TSPOV05~2020-10~W50NYR0D~22 - Penny Peacock}
pennypeacockhc.bw050.jpg,746131,318d0146,\2020-10\22 - Penny Peacock\,{TSPOV05~2020-10~W50NYR0D~22 - Penny Peacock}
pennypeacockhc.bw051.jpg,760234,5dba0f4b,\2020-10\22 - Penny Peacock\,{TSPOV05~2020-10~W50NYR0D~22 - Penny Peacock}
pennypeacockhc.bw052.jpg,753895,43a823e4,\2020-10\22 - Penny Peacock\,{TSPOV05~2020-10~W50NYR0D~22 - Penny Peacock}
pennypeacockhc.bw053.jpg,714630,c544b6dd,\2020-10\22 - Penny Peacock\,{TSPOV05~2020-10~W50NYR0D~22 - Penny Peacock}
pennypeacockhc.bw054.jpg,763664,03ca9352,\2020-10\22 - Penny Peacock\,{TSPOV05~2020-10~W50NYR0D~22 - Penny Peacock}
pennypeacockhc.bw055.jpg,762128,70513015,\2020-10\22 - Penny Peacock\,{TSPOV05~2020-10~W50NYR0D~22 - Penny Peacock}
pennypeacockhc.bw056.jpg,720355,bb8cce8c,\2020-10\22 - Penny Peacock\,{TSPOV05~2020-10~W50NYR0D~22 - Penny Peacock}
pennypeacockhc.bw057.jpg,911752,07b732df,\2020-10\22 - Penny Peacock\,{TSPOV05~2020-10~W50NYR0D~22 - Penny Peacock}
pennypeacockhc.bw058.jpg,896630,e29ee0d3,\2020-10\22 - Penny Peacock\,{TSPOV05~2020-10~W50NYR0D~22 - Penny Peacock}
pennypeacockhc.bw059.jpg,721894,94599b13,\2020-10\22 - Penny Peacock\,{TSPOV05~2020-10~W50NYR0D~22 - Penny Peacock}
pennypeacockhc.bw060.jpg,727022,6c9f1210,\2020-10\22 - Penny Peacock\,{TSPOV05~2020-10~W50NYR0D~22 - Penny Peacock}
pennypeacockhc.bw061.jpg,724351,27f7caad,\2020-10\22 - Penny Peacock\,{TSPOV05~2020-10~W50NYR0D~22 - Penny Peacock}
pennypeacockhc.bw062.jpg,801243,76d149ce,\2020-10\22 - Penny Peacock\,{TSPOV05~2020-10~W50NYR0D~22 - Penny Peacock}
pennypeacockhc.bw063.jpg,799542,e4bd3322,\2020-10\22 - Penny Peacock\,{TSPOV05~2020-10~W50NYR0D~22 - Penny Peacock}
pennypeacockhc.bw064.jpg,736412,bc824a1d,\2020-10\22 - Penny Peacock\,{TSPOV05~2020-10~W50NYR0D~22 - Penny Peacock}
pennypeacockhc.bw065.jpg,767237,697af591,\2020-10\22 - Penny Peacock\,{TSPOV05~2020-10~W50NYR0D~22 - Penny Peacock}
pennypeacockhc.bw066.jpg,813874,43d7a407,\2020-10\22 - Penny Peacock\,{TSPOV05~2020-10~W50NYR0D~22 - Penny Peacock}
pennypeacockhc.bw067.jpg,848030,5aa582b4,\2020-10\22 - Penny Peacock\,{TSPOV05~2020-10~W50NYR0D~22 - Penny Peacock}
pennypeacockhc.bw068.jpg,838457,3e4e5628,\2020-10\22 - Penny Peacock\,{TSPOV05~2020-10~W50NYR0D~22 - Penny Peacock}
pennypeacockhc.bw069.jpg,819013,4e6f8bfc,\2020-10\22 - Penny Peacock\,{TSPOV05~2020-10~W50NYR0D~22 - Penny Peacock}
pennypeacockhc.bw070.jpg,804665,1d8c3673,\2020-10\22 - Penny Peacock\,{TSPOV05~2020-10~W50NYR0D~22 - Penny Peacock}
pennypeacockhc.bw071.jpg,792156,294082da,\2020-10\22 - Penny Peacock\,{TSPOV05~2020-10~W50NYR0D~22 - Penny Peacock}
pennypeacockhc.bw072.jpg,781936,e64b968f,\2020-10\22 - Penny Peacock\,{TSPOV05~2020-10~W50NYR0D~22 - Penny Peacock}
pennypeacockhc.bw073.jpg,832531,05e2516d,\2020-10\22 - Penny Peacock\,{TSPOV05~2020-10~W50NYR0D~22 - Penny Peacock}
pennypeacockhc.bw074.jpg,794963,c8a34d01,\2020-10\22 - Penny Peacock\,{TSPOV05~2020-10~W50NYR0D~22 - Penny Peacock}
pennypeacockhc.bw075.jpg,849314,d29e1bb1,\2020-10\22 - Penny Peacock\,{TSPOV05~2020-10~W50NYR0D~22 - Penny Peacock}
pennypeacockhc.bw076.jpg,814939,0b8e5e72,\2020-10\22 - Penny Peacock\,{TSPOV05~2020-10~W50NYR0D~22 - Penny Peacock}
pennypeacockhc.bw077.jpg,790132,477ddbe5,\2020-10\22 - Penny Peacock\,{TSPOV05~2020-10~W50NYR0D~22 - Penny Peacock}
pennypeacockhc.bw078.jpg,788855,7e0ccad1,\2020-10\22 - Penny Peacock\,{TSPOV05~2020-10~W50NYR0D~22 - Penny Peacock}
pennypeacockhc.bw079.jpg,784708,1e6f799b,\2020-10\22 - Penny Peacock\,{TSPOV05~2020-10~W50NYR0D~22 - Penny Peacock}
pennypeacockhc.bw080.jpg,782519,96c28bdf,\2020-10\22 - Penny Peacock\,{TSPOV05~2020-10~W50NYR0D~22 - Penny Peacock}
pennypeacockhc.bw081.jpg,768613,78e1cd43,\2020-10\22 - Penny Peacock\,{TSPOV05~2020-10~W50NYR0D~22 - Penny Peacock}
pennypeacockhc.bw082.jpg,859733,2db82609,\2020-10\22 - Penny Peacock\,{TSPOV05~2020-10~W50NYR0D~22 - Penny Peacock}
pennypeacockhc.bw083.jpg,766497,69a0af08,\2020-10\22 - Penny Peacock\,{TSPOV05~2020-10~W50NYR0D~22 - Penny Peacock}
pennypeacockhc.bw084.jpg,789624,1551ed5d,\2020-10\22 - Penny Peacock\,{TSPOV05~2020-10~W50NYR0D~22 - Penny Peacock}
pennypeacockhc.bw085.jpg,773288,309801f2,\2020-10\22 - Penny Peacock\,{TSPOV05~2020-10~W50NYR0D~22 - Penny Peacock}
pennypeacockhc.bw086.jpg,654235,0b6db660,\2020-10\22 - Penny Peacock\,{TSPOV05~2020-10~W50NYR0D~22 - Penny Peacock}
pennypeacockhc.bw087.jpg,763839,62189b2e,\2020-10\22 - Penny Peacock\,{TSPOV05~2020-10~W50NYR0D~22 - Penny Peacock}
pennypeacockhc.bw088.jpg,707426,f11d137c,\2020-10\22 - Penny Peacock\,{TSPOV05~2020-10~W50NYR0D~22 - Penny Peacock}
pennypeacockhc.bw089.jpg,711859,e4bb5cf9,\2020-10\22 - Penny Peacock\,{TSPOV05~2020-10~W50NYR0D~22 - Penny Peacock}
pennypeacockhc.bw090.jpg,712438,4b01f7db,\2020-10\22 - Penny Peacock\,{TSPOV05~2020-10~W50NYR0D~22 - Penny Peacock}
pennypeacockhc.bw091.jpg,739218,d0954ca1,\2020-10\22 - Penny Peacock\,{TSPOV05~2020-10~W50NYR0D~22 - Penny Peacock}
pennypeacockhc.bw092.jpg,733679,c49664a4,\2020-10\22 - Penny Peacock\,{TSPOV05~2020-10~W50NYR0D~22 - Penny Peacock}
pennypeacockhc.bw093.jpg,719107,fa1e92f7,\2020-10\22 - Penny Peacock\,{TSPOV05~2020-10~W50NYR0D~22 - Penny Peacock}
pennypeacockhc.bw094.jpg,823708,f05af750,\2020-10\22 - Penny Peacock\,{TSPOV05~2020-10~W50NYR0D~22 - Penny Peacock}
pennypeacockhc.bw095.jpg,787315,13fec5a2,\2020-10\22 - Penny Peacock\,{TSPOV05~2020-10~W50NYR0D~22 - Penny Peacock}
pennypeacockhc.bw096.jpg,836311,db85ff4c,\2020-10\22 - Penny Peacock\,{TSPOV05~2020-10~W50NYR0D~22 - Penny Peacock}
pennypeacockhc.bw097.jpg,758591,4d63f40f,\2020-10\22 - Penny Peacock\,{TSPOV05~2020-10~W50NYR0D~22 - Penny Peacock}
pennypeacockhc.bw098.jpg,751722,22ed8ccf,\2020-10\22 - Penny Peacock\,{TSPOV05~2020-10~W50NYR0D~22 - Penny Peacock}
pennypeacockhc.bw099.jpg,1084112,5d1f68fd,\2020-10\22 - Penny Peacock\,{TSPOV05~2020-10~W50NYR0D~22 - Penny Peacock}
pennypeacockhc.bw100.jpg,1066231,479173c5,\2020-10\22 - Penny Peacock\,{TSPOV05~2020-10~W50NYR0D~22 - Penny Peacock}
pennypeacockhc.bw101.jpg,1067245,4ad04799,\2020-10\22 - Penny Peacock\,{TSPOV05~2020-10~W50NYR0D~22 - Penny Peacock}
pennypeacockhc.bw102.jpg,1099135,c72f6859,\2020-10\22 - Penny Peacock\,{TSPOV05~2020-10~W50NYR0D~22 - Penny Peacock}
pennypeacockhc.bw103.jpg,1001592,90a33a74,\2020-10\22 - Penny Peacock\,{TSPOV05~2020-10~W50NYR0D~22 - Penny Peacock}
pennypeacockhc.bw104.jpg,1068806,b4676a8d,\2020-10\22 - Penny Peacock\,{TSPOV05~2020-10~W50NYR0D~22 - Penny Peacock}
pennypeacockhc.bw105.jpg,1071765,7a98b1c3,\2020-10\22 - Penny Peacock\,{TSPOV05~2020-10~W50NYR0D~22 - Penny Peacock}
pennypeacockhc.bw106.jpg,1036388,3ef02946,\2020-10\22 - Penny Peacock\,{TSPOV05~2020-10~W50NYR0D~22 - Penny Peacock}
pennypeacockhc.bw107.jpg,1113691,f6e0b8bc,\2020-10\22 - Penny Peacock\,{TSPOV05~2020-10~W50NYR0D~22 - Penny Peacock}
pennypeacockhc.bw108.jpg,946666,e59ecca8,\2020-10\22 - Penny Peacock\,{TSPOV05~2020-10~W50NYR0D~22 - Penny Peacock}
pennypeacockhc.bw109.jpg,975495,a80820f7,\2020-10\22 - Penny Peacock\,{TSPOV05~2020-10~W50NYR0D~22 - Penny Peacock}
pennypeacockhc.bw110.jpg,995866,41fe031a,\2020-10\22 - Penny Peacock\,{TSPOV05~2020-10~W50NYR0D~22 - Penny Peacock}
pennypeacockhc.bw111.jpg,989353,361da972,\2020-10\22 - Penny Peacock\,{TSPOV05~2020-10~W50NYR0D~22 - Penny Peacock}
pennypeacockhc.bw112.jpg,1011674,ab99185e,\2020-10\22 - Penny Peacock\,{TSPOV05~2020-10~W50NYR0D~22 - Penny Peacock}
pennypeacockhc.bw113.jpg,993160,a2a623cf,\2020-10\22 - Penny Peacock\,{TSPOV05~2020-10~W50NYR0D~22 - Penny Peacock}
pennypeacockhc.bw114.jpg,987535,fb3a28c5,\2020-10\22 - Penny Peacock\,{TSPOV05~2020-10~W50NYR0D~22 - Penny Peacock}
pennypeacockhc.bw115.jpg,970393,b90775bf,\2020-10\22 - Penny Peacock\,{TSPOV05~2020-10~W50NYR0D~22 - Penny Peacock}
pennypeacockhc.bw116.jpg,975231,2f57ac9e,\2020-10\22 - Penny Peacock\,{TSPOV05~2020-10~W50NYR0D~22 - Penny Peacock}
pennypeacockhc.bw117.jpg,989176,5b62e60a,\2020-10\22 - Penny Peacock\,{TSPOV05~2020-10~W50NYR0D~22 - Penny Peacock}
pennypeacockhc.bw118.jpg,1017542,4d14ded2,\2020-10\22 - Penny Peacock\,{TSPOV05~2020-10~W50NYR0D~22 - Penny Peacock}
pennypeacockhc.bw119.jpg,1021666,9eee6489,\2020-10\22 - Penny Peacock\,{TSPOV05~2020-10~W50NYR0D~22 - Penny Peacock}
pennypeacockhc.bw120.jpg,990572,feb3bec0,\2020-10\22 - Penny Peacock\,{TSPOV05~2020-10~W50NYR0D~22 - Penny Peacock}
pennypeacockhc.bw121.jpg,924230,7e53497b,\2020-10\22 - Penny Peacock\,{TSPOV05~2020-10~W50NYR0D~22 - Penny Peacock}
pennypeacockhc.bw122.jpg,924729,fe682c39,\2020-10\22 - Penny Peacock\,{TSPOV05~2020-10~W50NYR0D~22 - Penny Peacock}
pennypeacockhc.bw123.jpg,1043478,b3e51739,\2020-10\22 - Penny Peacock\,{TSPOV05~2020-10~W50NYR0D~22 - Penny Peacock}
pennypeacockhc.bw124.jpg,1019964,4b301a99,\2020-10\22 - Penny Peacock\,{TSPOV05~2020-10~W50NYR0D~22 - Penny Peacock}
pennypeacockhc.bw125.jpg,997934,22fde581,\2020-10\22 - Penny Peacock\,{TSPOV05~2020-10~W50NYR0D~22 - Penny Peacock}
pennypeacockhc.bw126.jpg,1039810,94dc9bc1,\2020-10\22 - Penny Peacock\,{TSPOV05~2020-10~W50NYR0D~22 - Penny Peacock}
pennypeacockhc.bw127.jpg,1026989,82b70350,\2020-10\22 - Penny Peacock\,{TSPOV05~2020-10~W50NYR0D~22 - Penny Peacock}
pennypeacockhc.bw128.jpg,1043445,6c1f5f20,\2020-10\22 - Penny Peacock\,{TSPOV05~2020-10~W50NYR0D~22 - Penny Peacock}
pennypeacockhc.bw129.jpg,1015526,a3ab2ddc,\2020-10\22 - Penny Peacock\,{TSPOV05~2020-10~W50NYR0D~22 - Penny Peacock}
pennypeacockhc.bw130.jpg,876158,5219d7b5,\2020-10\22 - Penny Peacock\,{TSPOV05~2020-10~W50NYR0D~22 - Penny Peacock}
pennypeacockhc.bw131.jpg,911668,30603750,\2020-10\22 - Penny Peacock\,{TSPOV05~2020-10~W50NYR0D~22 - Penny Peacock}
pennypeacockhc.bw132.jpg,892287,e3199766,\2020-10\22 - Penny Peacock\,{TSPOV05~2020-10~W50NYR0D~22 - Penny Peacock}
pennypeacockhc.bw133.jpg,866386,00659cc4,\2020-10\22 - Penny Peacock\,{TSPOV05~2020-10~W50NYR0D~22 - Penny Peacock}
pennypeacockhc.bw134.jpg,999990,db24d94e,\2020-10\22 - Penny Peacock\,{TSPOV05~2020-10~W50NYR0D~22 - Penny Peacock}
pennypeacockhc.bw135.jpg,992724,fc04d435,\2020-10\22 - Penny Peacock\,{TSPOV05~2020-10~W50NYR0D~22 - Penny Peacock}
pennypeacockhc.bw136.jpg,832066,c3e394ed,\2020-10\22 - Penny Peacock\,{TSPOV05~2020-10~W50NYR0D~22 - Penny Peacock}
pennypeacockhc.bw137.jpg,833340,2f162c54,\2020-10\22 - Penny Peacock\,{TSPOV05~2020-10~W50NYR0D~22 - Penny Peacock}
pennypeacockhc.bw138.jpg,838349,62606c72,\2020-10\22 - Penny Peacock\,{TSPOV05~2020-10~W50NYR0D~22 - Penny Peacock}
pennypeacockhc.bw139.jpg,803647,20ae4bcd,\2020-10\22 - Penny Peacock\,{TSPOV05~2020-10~W50NYR0D~22 - Penny Peacock}
pennypeacockhc.bw140.jpg,782691,78f8f6e1,\2020-10\22 - Penny Peacock\,{TSPOV05~2020-10~W50NYR0D~22 - Penny Peacock}
pennypeacockhc.bw141.jpg,801502,6addd321,\2020-10\22 - Penny Peacock\,{TSPOV05~2020-10~W50NYR0D~22 - Penny Peacock}
pennypeacockhc.bw142.jpg,972037,5a77289a,\2020-10\22 - Penny Peacock\,{TSPOV05~2020-10~W50NYR0D~22 - Penny Peacock}
pennypeacockhc.bw143.jpg,960726,e5ddf41d,\2020-10\22 - Penny Peacock\,{TSPOV05~2020-10~W50NYR0D~22 - Penny Peacock}
pennypeacockhc.bw144.jpg,953104,d83849d1,\2020-10\22 - Penny Peacock\,{TSPOV05~2020-10~W50NYR0D~22 - Penny Peacock}
pennypeacockhc.bw145.jpg,913082,903b70d2,\2020-10\22 - Penny Peacock\,{TSPOV05~2020-10~W50NYR0D~22 - Penny Peacock}
pennypeacockhc.bw146.jpg,810943,08e8da06,\2020-10\22 - Penny Peacock\,{TSPOV05~2020-10~W50NYR0D~22 - Penny Peacock}
pennypeacockhc.bw147.jpg,675484,0263a86a,\2020-10\22 - Penny Peacock\,{TSPOV05~2020-10~W50NYR0D~22 - Penny Peacock}
pennypeacockhc.bw148.jpg,832996,2242befa,\2020-10\22 - Penny Peacock\,{TSPOV05~2020-10~W50NYR0D~22 - Penny Peacock}
pennypeacockhc.bw149.jpg,841347,46b7d622,\2020-10\22 - Penny Peacock\,{TSPOV05~2020-10~W50NYR0D~22 - Penny Peacock}
pennypeacockhc.bw150.jpg,823503,590f2fff,\2020-10\22 - Penny Peacock\,{TSPOV05~2020-10~W50NYR0D~22 - Penny Peacock}
pennypeacockhc.bw151.jpg,826307,7659bb9a,\2020-10\22 - Penny Peacock\,{TSPOV05~2020-10~W50NYR0D~22 - Penny Peacock}
pennypeacockhc.bw152.jpg,783474,66390848,\2020-10\22 - Penny Peacock\,{TSPOV05~2020-10~W50NYR0D~22 - Penny Peacock}
pennypeacockhc.bw153.jpg,881217,c58d2547,\2020-10\22 - Penny Peacock\,{TSPOV05~2020-10~W50NYR0D~22 - Penny Peacock}
pennypeacockhc.bw154.jpg,842593,57005acf,\2020-10\22 - Penny Peacock\,{TSPOV05~2020-10~W50NYR0D~22 - Penny Peacock}