smother1.jpg,1806914,4a2e789b,\Rianna James\Ass Worship And Cock Denial\,{TSRJ01~Rianna James~68A887E7~Ass Worship And Cock Denial}
smother10.jpg,952893,bc515e31,\Rianna James\Ass Worship And Cock Denial\,{TSRJ01~Rianna James~68A887E7~Ass Worship And Cock Denial}
smother2.jpg,1739116,85ed71c8,\Rianna James\Ass Worship And Cock Denial\,{TSRJ01~Rianna James~68A887E7~Ass Worship And Cock Denial}
smother3.jpg,1861992,bc5486dc,\Rianna James\Ass Worship And Cock Denial\,{TSRJ01~Rianna James~68A887E7~Ass Worship And Cock Denial}
smother4.jpg,1916521,4ba983cd,\Rianna James\Ass Worship And Cock Denial\,{TSRJ01~Rianna James~68A887E7~Ass Worship And Cock Denial}
smother5.jpg,1689627,051ec42c,\Rianna James\Ass Worship And Cock Denial\,{TSRJ01~Rianna James~68A887E7~Ass Worship And Cock Denial}
smother6.jpg,1868394,40449463,\Rianna James\Ass Worship And Cock Denial\,{TSRJ01~Rianna James~68A887E7~Ass Worship And Cock Denial}
smother7.jpg,828846,e7c6f1bb,\Rianna James\Ass Worship And Cock Denial\,{TSRJ01~Rianna James~68A887E7~Ass Worship And Cock Denial}
smother8.jpg,770051,e20700fd,\Rianna James\Ass Worship And Cock Denial\,{TSRJ01~Rianna James~68A887E7~Ass Worship And Cock Denial}
smother9.jpg,703189,7426804a,\Rianna James\Ass Worship And Cock Denial\,{TSRJ01~Rianna James~68A887E7~Ass Worship And Cock Denial}
20191108_145717.jpg,1459032,e6a17568,\Rianna James\Ass Worship In Red\,{TSRJ01~Rianna James~86AFF004~Ass Worship In Red}
20191108_145724.jpg,1550494,f9be3fe6,\Rianna James\Ass Worship In Red\,{TSRJ01~Rianna James~86AFF004~Ass Worship In Red}
20191108_145833.jpg,3250169,aabd7dc0,\Rianna James\Ass Worship In Red\,{TSRJ01~Rianna James~86AFF004~Ass Worship In Red}
20191108_150007.jpg,2350251,f2a9f3f7,\Rianna James\Ass Worship In Red\,{TSRJ01~Rianna James~86AFF004~Ass Worship In Red}
20191108_150009.jpg,2522193,f10a9411,\Rianna James\Ass Worship In Red\,{TSRJ01~Rianna James~86AFF004~Ass Worship In Red}
20191108_150106.jpg,3113122,d9749670,\Rianna James\Ass Worship In Red\,{TSRJ01~Rianna James~86AFF004~Ass Worship In Red}
20191108_150124.jpg,1652963,e98d2674,\Rianna James\Ass Worship In Red\,{TSRJ01~Rianna James~86AFF004~Ass Worship In Red}
20191108_150128.jpg,2242793,58f6739d,\Rianna James\Ass Worship In Red\,{TSRJ01~Rianna James~86AFF004~Ass Worship In Red}
20191108_150135.jpg,2819131,e53f696b,\Rianna James\Ass Worship In Red\,{TSRJ01~Rianna James~86AFF004~Ass Worship In Red}
20191108_150143.jpg,1739196,138e53ba,\Rianna James\Ass Worship In Red\,{TSRJ01~Rianna James~86AFF004~Ass Worship In Red}
20191108_150251.jpg,2862189,0784dda4,\Rianna James\Ass Worship In Red\,{TSRJ01~Rianna James~86AFF004~Ass Worship In Red}
20191108_150306.jpg,1585481,16405a82,\Rianna James\Ass Worship In Red\,{TSRJ01~Rianna James~86AFF004~Ass Worship In Red}
20191108_150315.jpg,1635003,aeffe8b5,\Rianna James\Ass Worship In Red\,{TSRJ01~Rianna James~86AFF004~Ass Worship In Red}
20191108_151550.jpg,1597682,75164d6e,\Rianna James\Ass Worship In Red\,{TSRJ01~Rianna James~86AFF004~Ass Worship In Red}
20191108_151634.jpg,1577910,cc612326,\Rianna James\Ass Worship In Red\,{TSRJ01~Rianna James~86AFF004~Ass Worship In Red}
20191108_151702.jpg,2033367,de47c6cc,\Rianna James\Ass Worship In Red\,{TSRJ01~Rianna James~86AFF004~Ass Worship In Red}
20191108_151731.jpg,2135384,9a3b7197,\Rianna James\Ass Worship In Red\,{TSRJ01~Rianna James~86AFF004~Ass Worship In Red}
20191108_151735.jpg,3482064,15fb39e6,\Rianna James\Ass Worship In Red\,{TSRJ01~Rianna James~86AFF004~Ass Worship In Red}
20191108_151753.jpg,2594094,351cbad3,\Rianna James\Ass Worship In Red\,{TSRJ01~Rianna James~86AFF004~Ass Worship In Red}
20191108_151802.jpg,2745865,44daddc8,\Rianna James\Ass Worship In Red\,{TSRJ01~Rianna James~86AFF004~Ass Worship In Red}
20191108_151848.jpg,1520924,c5e54a6f,\Rianna James\Ass Worship In Red\,{TSRJ01~Rianna James~86AFF004~Ass Worship In Red}
20191108_151907.jpg,2715368,da965531,\Rianna James\Ass Worship In Red\,{TSRJ01~Rianna James~86AFF004~Ass Worship In Red}
20191108_153333.jpg,2162783,16c123b7,\Rianna James\Ass Worship In Red\,{TSRJ01~Rianna James~86AFF004~Ass Worship In Red}
20191108_153345.jpg,1770273,663ec54f,\Rianna James\Ass Worship In Red\,{TSRJ01~Rianna James~86AFF004~Ass Worship In Red}
20191108_153357.jpg,1762957,10642a61,\Rianna James\Ass Worship In Red\,{TSRJ01~Rianna James~86AFF004~Ass Worship In Red}
black fishnet 1.jpg,3961472,9d3536df,\Rianna James\Black Fishnet 2016 Tour\,{TSRJ01~Rianna James~4EFE632E~Black Fishnet 2016 Tour}
black fishnet 10.jpg,2695802,1449745c,\Rianna James\Black Fishnet 2016 Tour\,{TSRJ01~Rianna James~4EFE632E~Black Fishnet 2016 Tour}
black fishnet 11.jpg,5296709,3c943e01,\Rianna James\Black Fishnet 2016 Tour\,{TSRJ01~Rianna James~4EFE632E~Black Fishnet 2016 Tour}
black fishnet 12.jpg,4431714,2cc303eb,\Rianna James\Black Fishnet 2016 Tour\,{TSRJ01~Rianna James~4EFE632E~Black Fishnet 2016 Tour}
black fishnet 13.jpg,4148401,42da305a,\Rianna James\Black Fishnet 2016 Tour\,{TSRJ01~Rianna James~4EFE632E~Black Fishnet 2016 Tour}
black fishnet 14.jpg,4255501,7c560a0e,\Rianna James\Black Fishnet 2016 Tour\,{TSRJ01~Rianna James~4EFE632E~Black Fishnet 2016 Tour}
black fishnet 15.jpg,4364947,369cdaeb,\Rianna James\Black Fishnet 2016 Tour\,{TSRJ01~Rianna James~4EFE632E~Black Fishnet 2016 Tour}
black fishnet 16.jpg,5143718,f2e62370,\Rianna James\Black Fishnet 2016 Tour\,{TSRJ01~Rianna James~4EFE632E~Black Fishnet 2016 Tour}
black fishnet 2.jpg,3760177,a3223c07,\Rianna James\Black Fishnet 2016 Tour\,{TSRJ01~Rianna James~4EFE632E~Black Fishnet 2016 Tour}
black fishnet 3 .jpg,3378986,9c99ebbd,\Rianna James\Black Fishnet 2016 Tour\,{TSRJ01~Rianna James~4EFE632E~Black Fishnet 2016 Tour}
black fishnet 4.jpg,5544626,81f8929d,\Rianna James\Black Fishnet 2016 Tour\,{TSRJ01~Rianna James~4EFE632E~Black Fishnet 2016 Tour}
black fishnet 5.jpg,5716004,3715ba8d,\Rianna James\Black Fishnet 2016 Tour\,{TSRJ01~Rianna James~4EFE632E~Black Fishnet 2016 Tour}
black fishnet 6.jpg,2457704,9f4dcb4f,\Rianna James\Black Fishnet 2016 Tour\,{TSRJ01~Rianna James~4EFE632E~Black Fishnet 2016 Tour}
black fishnet 7.jpg,2179660,6856d1e9,\Rianna James\Black Fishnet 2016 Tour\,{TSRJ01~Rianna James~4EFE632E~Black Fishnet 2016 Tour}
black fishnet 8.jpg,4676872,c92419a6,\Rianna James\Black Fishnet 2016 Tour\,{TSRJ01~Rianna James~4EFE632E~Black Fishnet 2016 Tour}
black fishnet 9.jpg,3368727,8b9df720,\Rianna James\Black Fishnet 2016 Tour\,{TSRJ01~Rianna James~4EFE632E~Black Fishnet 2016 Tour}
customjaylenceipic1.jpg,580975,cf57633c,\Rianna James\Custom Video Created For A Kinky Couple\,{TSRJ01~Rianna James~1ADDE37B~Custom Video Created For A Kinky Couple}
customjaylenceipic10.jpg,481089,4e26940b,\Rianna James\Custom Video Created For A Kinky Couple\,{TSRJ01~Rianna James~1ADDE37B~Custom Video Created For A Kinky Couple}
customjaylenceipic11.jpg,567758,e32becaf,\Rianna James\Custom Video Created For A Kinky Couple\,{TSRJ01~Rianna James~1ADDE37B~Custom Video Created For A Kinky Couple}
customjaylenceipic12.jpg,659883,f42b3621,\Rianna James\Custom Video Created For A Kinky Couple\,{TSRJ01~Rianna James~1ADDE37B~Custom Video Created For A Kinky Couple}
customjaylenceipic13.jpg,629543,5acc180e,\Rianna James\Custom Video Created For A Kinky Couple\,{TSRJ01~Rianna James~1ADDE37B~Custom Video Created For A Kinky Couple}
customjaylenceipic14.jpg,530804,7e423a88,\Rianna James\Custom Video Created For A Kinky Couple\,{TSRJ01~Rianna James~1ADDE37B~Custom Video Created For A Kinky Couple}
customjaylenceipic2.jpg,594273,88db3725,\Rianna James\Custom Video Created For A Kinky Couple\,{TSRJ01~Rianna James~1ADDE37B~Custom Video Created For A Kinky Couple}
customjaylenceipic3.jpg,655066,c9b5f669,\Rianna James\Custom Video Created For A Kinky Couple\,{TSRJ01~Rianna James~1ADDE37B~Custom Video Created For A Kinky Couple}
customjaylenceipic4.jpg,633723,e152227a,\Rianna James\Custom Video Created For A Kinky Couple\,{TSRJ01~Rianna James~1ADDE37B~Custom Video Created For A Kinky Couple}
customjaylenceipic5.jpg,609986,50750b1f,\Rianna James\Custom Video Created For A Kinky Couple\,{TSRJ01~Rianna James~1ADDE37B~Custom Video Created For A Kinky Couple}
customjaylenceipic6.jpg,472352,a073b2ab,\Rianna James\Custom Video Created For A Kinky Couple\,{TSRJ01~Rianna James~1ADDE37B~Custom Video Created For A Kinky Couple}
customjaylenceipic7.jpg,444432,e84b2bea,\Rianna James\Custom Video Created For A Kinky Couple\,{TSRJ01~Rianna James~1ADDE37B~Custom Video Created For A Kinky Couple}
customjaylenceipic8.jpg,515638,74dc5dec,\Rianna James\Custom Video Created For A Kinky Couple\,{TSRJ01~Rianna James~1ADDE37B~Custom Video Created For A Kinky Couple}
customjaylenceipic9.jpg,510856,43c96a46,\Rianna James\Custom Video Created For A Kinky Couple\,{TSRJ01~Rianna James~1ADDE37B~Custom Video Created For A Kinky Couple}
star 1.jpg,4528839,57cbde1c,\Rianna James\Dungeon Shoot Wooden Star\,{TSRJ01~Rianna James~06B951D4~Dungeon Shoot Wooden Star}
star 10.jpg,3412220,74aaca51,\Rianna James\Dungeon Shoot Wooden Star\,{TSRJ01~Rianna James~06B951D4~Dungeon Shoot Wooden Star}
star 11.jpg,4712228,15fea5b5,\Rianna James\Dungeon Shoot Wooden Star\,{TSRJ01~Rianna James~06B951D4~Dungeon Shoot Wooden Star}
star 12.jpg,5190329,3a767d1e,\Rianna James\Dungeon Shoot Wooden Star\,{TSRJ01~Rianna James~06B951D4~Dungeon Shoot Wooden Star}
star 13.jpg,6708353,30a8a786,\Rianna James\Dungeon Shoot Wooden Star\,{TSRJ01~Rianna James~06B951D4~Dungeon Shoot Wooden Star}
star 14.jpg,4773197,03a6a726,\Rianna James\Dungeon Shoot Wooden Star\,{TSRJ01~Rianna James~06B951D4~Dungeon Shoot Wooden Star}
star 16.jpg,4827645,5f55b438,\Rianna James\Dungeon Shoot Wooden Star\,{TSRJ01~Rianna James~06B951D4~Dungeon Shoot Wooden Star}
star 17.jpg,5025471,bfe540a8,\Rianna James\Dungeon Shoot Wooden Star\,{TSRJ01~Rianna James~06B951D4~Dungeon Shoot Wooden Star}
star 19.jpg,3773309,2a82e624,\Rianna James\Dungeon Shoot Wooden Star\,{TSRJ01~Rianna James~06B951D4~Dungeon Shoot Wooden Star}
star 2.jpg,4712698,f2272439,\Rianna James\Dungeon Shoot Wooden Star\,{TSRJ01~Rianna James~06B951D4~Dungeon Shoot Wooden Star}
star 20.jpg,5840493,3b5c8cff,\Rianna James\Dungeon Shoot Wooden Star\,{TSRJ01~Rianna James~06B951D4~Dungeon Shoot Wooden Star}
star 21.jpg,4730588,95c283b6,\Rianna James\Dungeon Shoot Wooden Star\,{TSRJ01~Rianna James~06B951D4~Dungeon Shoot Wooden Star}
star 22.jpg,5608714,59477b72,\Rianna James\Dungeon Shoot Wooden Star\,{TSRJ01~Rianna James~06B951D4~Dungeon Shoot Wooden Star}
star 26.jpg,3924145,e2473415,\Rianna James\Dungeon Shoot Wooden Star\,{TSRJ01~Rianna James~06B951D4~Dungeon Shoot Wooden Star}
star 27.jpg,4659392,f1e6f6e5,\Rianna James\Dungeon Shoot Wooden Star\,{TSRJ01~Rianna James~06B951D4~Dungeon Shoot Wooden Star}
star 29.jpg,4659490,934a199c,\Rianna James\Dungeon Shoot Wooden Star\,{TSRJ01~Rianna James~06B951D4~Dungeon Shoot Wooden Star}
star 3.jpg,4132410,4afdca4c,\Rianna James\Dungeon Shoot Wooden Star\,{TSRJ01~Rianna James~06B951D4~Dungeon Shoot Wooden Star}
star 30.jpg,3802628,2b7b749f,\Rianna James\Dungeon Shoot Wooden Star\,{TSRJ01~Rianna James~06B951D4~Dungeon Shoot Wooden Star}
star 31.jpg,4607820,69cff080,\Rianna James\Dungeon Shoot Wooden Star\,{TSRJ01~Rianna James~06B951D4~Dungeon Shoot Wooden Star}
star 35.jpg,4370362,6aea71e8,\Rianna James\Dungeon Shoot Wooden Star\,{TSRJ01~Rianna James~06B951D4~Dungeon Shoot Wooden Star}
star 36.jpg,4721850,e73de8c1,\Rianna James\Dungeon Shoot Wooden Star\,{TSRJ01~Rianna James~06B951D4~Dungeon Shoot Wooden Star}
star 38.jpg,4005128,6b2f0cb5,\Rianna James\Dungeon Shoot Wooden Star\,{TSRJ01~Rianna James~06B951D4~Dungeon Shoot Wooden Star}
star 40.jpg,4534123,b6e281b0,\Rianna James\Dungeon Shoot Wooden Star\,{TSRJ01~Rianna James~06B951D4~Dungeon Shoot Wooden Star}
star 41.jpg,4328969,4112dbb3,\Rianna James\Dungeon Shoot Wooden Star\,{TSRJ01~Rianna James~06B951D4~Dungeon Shoot Wooden Star}
star 43.jpg,4388383,227ae643,\Rianna James\Dungeon Shoot Wooden Star\,{TSRJ01~Rianna James~06B951D4~Dungeon Shoot Wooden Star}
star 45.jpg,4356271,6acf2157,\Rianna James\Dungeon Shoot Wooden Star\,{TSRJ01~Rianna James~06B951D4~Dungeon Shoot Wooden Star}
star 48.jpg,4979885,6c9fa8aa,\Rianna James\Dungeon Shoot Wooden Star\,{TSRJ01~Rianna James~06B951D4~Dungeon Shoot Wooden Star}
star 49.jpg,5143075,8f09de87,\Rianna James\Dungeon Shoot Wooden Star\,{TSRJ01~Rianna James~06B951D4~Dungeon Shoot Wooden Star}
star 5.jpg,4178523,b8a28947,\Rianna James\Dungeon Shoot Wooden Star\,{TSRJ01~Rianna James~06B951D4~Dungeon Shoot Wooden Star}
star 50.jpg,5312935,c297d49d,\Rianna James\Dungeon Shoot Wooden Star\,{TSRJ01~Rianna James~06B951D4~Dungeon Shoot Wooden Star}
star 51.jpg,4362906,ff27ab78,\Rianna James\Dungeon Shoot Wooden Star\,{TSRJ01~Rianna James~06B951D4~Dungeon Shoot Wooden Star}
star 6.jpg,5256126,0b378ca9,\Rianna James\Dungeon Shoot Wooden Star\,{TSRJ01~Rianna James~06B951D4~Dungeon Shoot Wooden Star}
star 7.jpg,4592902,317fbdf1,\Rianna James\Dungeon Shoot Wooden Star\,{TSRJ01~Rianna James~06B951D4~Dungeon Shoot Wooden Star}
star 8.jpg,4146138,fce0df41,\Rianna James\Dungeon Shoot Wooden Star\,{TSRJ01~Rianna James~06B951D4~Dungeon Shoot Wooden Star}
star 9.jpg,3963819,c37c74d1,\Rianna James\Dungeon Shoot Wooden Star\,{TSRJ01~Rianna James~06B951D4~Dungeon Shoot Wooden Star}
last breath 1.jpg,314420,00009cd8,\Rianna James\Face Sitting Slave In Training\,{TSRJ01~Rianna James~8A8EBE6A~Face Sitting Slave In Training}
smother 1 .jpg,318022,7c0fd71c,\Rianna James\Face Sitting Slave In Training\,{TSRJ01~Rianna James~8A8EBE6A~Face Sitting Slave In Training}
smother 6 waiting .jpg,284195,ae2436d6,\Rianna James\Face Sitting Slave In Training\,{TSRJ01~Rianna James~8A8EBE6A~Face Sitting Slave In Training}
smother 7 the aproach .jpg,227547,d3bcf0fa,\Rianna James\Face Sitting Slave In Training\,{TSRJ01~Rianna James~8A8EBE6A~Face Sitting Slave In Training}
smother 8 sitting back.jpg,272042,157c2b4d,\Rianna James\Face Sitting Slave In Training\,{TSRJ01~Rianna James~8A8EBE6A~Face Sitting Slave In Training}
smother close 1.jpg,155498,4d42b409,\Rianna James\Face Sitting Slave In Training\,{TSRJ01~Rianna James~8A8EBE6A~Face Sitting Slave In Training}
smother close 2.jpg,392458,12e9a476,\Rianna James\Face Sitting Slave In Training\,{TSRJ01~Rianna James~8A8EBE6A~Face Sitting Slave In Training}
smother close 3 .jpg,429838,cb898549,\Rianna James\Face Sitting Slave In Training\,{TSRJ01~Rianna James~8A8EBE6A~Face Sitting Slave In Training}
smother close 4 .jpg,447093,12af973d,\Rianna James\Face Sitting Slave In Training\,{TSRJ01~Rianna James~8A8EBE6A~Face Sitting Slave In Training}
20180914_161614.jpg,319983,dc49ffb7,\Rianna James\Gamer Girls A Playful Story\,{TSRJ01~Rianna James~4E72821E~Gamer Girls A Playful Story}
20180914_161630(1).jpg,435381,d1de4f5b,\Rianna James\Gamer Girls A Playful Story\,{TSRJ01~Rianna James~4E72821E~Gamer Girls A Playful Story}
20180914_161630.jpg,558389,9bf8eeb5,\Rianna James\Gamer Girls A Playful Story\,{TSRJ01~Rianna James~4E72821E~Gamer Girls A Playful Story}
20180914_161845.jpg,530185,e729418b,\Rianna James\Gamer Girls A Playful Story\,{TSRJ01~Rianna James~4E72821E~Gamer Girls A Playful Story}
20180914_162141.jpg,648593,4b33fae9,\Rianna James\Gamer Girls A Playful Story\,{TSRJ01~Rianna James~4E72821E~Gamer Girls A Playful Story}
20180914_162358.jpg,259699,8e1fc4f8,\Rianna James\Gamer Girls A Playful Story\,{TSRJ01~Rianna James~4E72821E~Gamer Girls A Playful Story}
20180914_162842.jpg,519787,08ebd3d9,\Rianna James\Gamer Girls A Playful Story\,{TSRJ01~Rianna James~4E72821E~Gamer Girls A Playful Story}
20180914_162857.jpg,391483,2522d3d4,\Rianna James\Gamer Girls A Playful Story\,{TSRJ01~Rianna James~4E72821E~Gamer Girls A Playful Story}
20180914_162911.jpg,954269,20530717,\Rianna James\Gamer Girls A Playful Story\,{TSRJ01~Rianna James~4E72821E~Gamer Girls A Playful Story}
20180914_163011.jpg,367273,9eca1e95,\Rianna James\Gamer Girls A Playful Story\,{TSRJ01~Rianna James~4E72821E~Gamer Girls A Playful Story}
20180914_163036.jpg,585820,ceebfde6,\Rianna James\Gamer Girls A Playful Story\,{TSRJ01~Rianna James~4E72821E~Gamer Girls A Playful Story}
20180914_163128.jpg,345878,9011a932,\Rianna James\Gamer Girls A Playful Story\,{TSRJ01~Rianna James~4E72821E~Gamer Girls A Playful Story}
20180914_163250.jpg,867110,5f211f9f,\Rianna James\Gamer Girls A Playful Story\,{TSRJ01~Rianna James~4E72821E~Gamer Girls A Playful Story}
20180914_163328.jpg,395569,a66342c2,\Rianna James\Gamer Girls A Playful Story\,{TSRJ01~Rianna James~4E72821E~Gamer Girls A Playful Story}
20180914_163334.jpg,727904,052557f9,\Rianna James\Gamer Girls A Playful Story\,{TSRJ01~Rianna James~4E72821E~Gamer Girls A Playful Story}
20180914_180941.jpg,333355,ded72f1e,\Rianna James\Gamer Girls A Playful Story\,{TSRJ01~Rianna James~4E72821E~Gamer Girls A Playful Story}
20180914_181019.jpg,266919,2ed667a0,\Rianna James\Gamer Girls A Playful Story\,{TSRJ01~Rianna James~4E72821E~Gamer Girls A Playful Story}
watermark fist 2.jpg,1882887,da587fc6,\Rianna James\Getting Fisted Behind The Scenes\,{TSRJ01~Rianna James~0AC3C275~Getting Fisted Behind The Scenes}
watermark fist 3.jpg,2042605,8d468c2f,\Rianna James\Getting Fisted Behind The Scenes\,{TSRJ01~Rianna James~0AC3C275~Getting Fisted Behind The Scenes}
watermark fist 4.jpg,1761246,0aa87056,\Rianna James\Getting Fisted Behind The Scenes\,{TSRJ01~Rianna James~0AC3C275~Getting Fisted Behind The Scenes}
watermark fist 5.jpg,1454854,5d1bba3c,\Rianna James\Getting Fisted Behind The Scenes\,{TSRJ01~Rianna James~0AC3C275~Getting Fisted Behind The Scenes}
watermark fist 8.jpg,1950046,e3b03574,\Rianna James\Getting Fisted Behind The Scenes\,{TSRJ01~Rianna James~0AC3C275~Getting Fisted Behind The Scenes}
watrmark fist 7.jpg,1847743,544886a0,\Rianna James\Getting Fisted Behind The Scenes\,{TSRJ01~Rianna James~0AC3C275~Getting Fisted Behind The Scenes}
glasstable1.jpg,1758957,f1e36255,\Rianna James\Glass Table Cum Your Special Desert Is Waiting\,{TSRJ01~Rianna James~EF6B4754~Glass Table Cum Your Special Desert Is Waiting}
glasstable10.jpg,1569353,411ead88,\Rianna James\Glass Table Cum Your Special Desert Is Waiting\,{TSRJ01~Rianna James~EF6B4754~Glass Table Cum Your Special Desert Is Waiting}
glasstable11.jpg,1521362,4b017b78,\Rianna James\Glass Table Cum Your Special Desert Is Waiting\,{TSRJ01~Rianna James~EF6B4754~Glass Table Cum Your Special Desert Is Waiting}
glasstable12.jpg,1616926,e0ccf8d1,\Rianna James\Glass Table Cum Your Special Desert Is Waiting\,{TSRJ01~Rianna James~EF6B4754~Glass Table Cum Your Special Desert Is Waiting}
glasstable13.jpg,1569592,6b11bc2f,\Rianna James\Glass Table Cum Your Special Desert Is Waiting\,{TSRJ01~Rianna James~EF6B4754~Glass Table Cum Your Special Desert Is Waiting}
glasstable14.jpg,1619993,0cafd772,\Rianna James\Glass Table Cum Your Special Desert Is Waiting\,{TSRJ01~Rianna James~EF6B4754~Glass Table Cum Your Special Desert Is Waiting}
glasstable15.jpg,1596179,fe3e9e20,\Rianna James\Glass Table Cum Your Special Desert Is Waiting\,{TSRJ01~Rianna James~EF6B4754~Glass Table Cum Your Special Desert Is Waiting}
glasstable16.jpg,1610011,24adacac,\Rianna James\Glass Table Cum Your Special Desert Is Waiting\,{TSRJ01~Rianna James~EF6B4754~Glass Table Cum Your Special Desert Is Waiting}
glasstable17.jpg,1673703,b4f759af,\Rianna James\Glass Table Cum Your Special Desert Is Waiting\,{TSRJ01~Rianna James~EF6B4754~Glass Table Cum Your Special Desert Is Waiting}
glasstable18.jpg,1602358,ff2c34fa,\Rianna James\Glass Table Cum Your Special Desert Is Waiting\,{TSRJ01~Rianna James~EF6B4754~Glass Table Cum Your Special Desert Is Waiting}
glasstable19.jpg,1549576,ae71d8e3,\Rianna James\Glass Table Cum Your Special Desert Is Waiting\,{TSRJ01~Rianna James~EF6B4754~Glass Table Cum Your Special Desert Is Waiting}
glasstable2.jpg,1748549,6611ffab,\Rianna James\Glass Table Cum Your Special Desert Is Waiting\,{TSRJ01~Rianna James~EF6B4754~Glass Table Cum Your Special Desert Is Waiting}
glasstable3.jpg,1643969,e44d1039,\Rianna James\Glass Table Cum Your Special Desert Is Waiting\,{TSRJ01~Rianna James~EF6B4754~Glass Table Cum Your Special Desert Is Waiting}
glasstable4.jpg,1768257,cdf31e06,\Rianna James\Glass Table Cum Your Special Desert Is Waiting\,{TSRJ01~Rianna James~EF6B4754~Glass Table Cum Your Special Desert Is Waiting}
glasstable5.jpg,1780391,909a5b41,\Rianna James\Glass Table Cum Your Special Desert Is Waiting\,{TSRJ01~Rianna James~EF6B4754~Glass Table Cum Your Special Desert Is Waiting}
glasstable6.jpg,1744652,13cb886d,\Rianna James\Glass Table Cum Your Special Desert Is Waiting\,{TSRJ01~Rianna James~EF6B4754~Glass Table Cum Your Special Desert Is Waiting}
glasstable7.jpg,1900303,08424513,\Rianna James\Glass Table Cum Your Special Desert Is Waiting\,{TSRJ01~Rianna James~EF6B4754~Glass Table Cum Your Special Desert Is Waiting}
glasstable8.jpg,2206283,227abe7e,\Rianna James\Glass Table Cum Your Special Desert Is Waiting\,{TSRJ01~Rianna James~EF6B4754~Glass Table Cum Your Special Desert Is Waiting}
glasstable9.jpg,1764286,c475e265,\Rianna James\Glass Table Cum Your Special Desert Is Waiting\,{TSRJ01~Rianna James~EF6B4754~Glass Table Cum Your Special Desert Is Waiting}
glory  9.jpg,1911441,2dac5e34,\Rianna James\Glory Hole And An Unsuspecting Cock\,{TSRJ01~Rianna James~2C74B9EE~Glory Hole And An Unsuspecting Cock}
glory 1.jpg,4055603,ba806f60,\Rianna James\Glory Hole And An Unsuspecting Cock\,{TSRJ01~Rianna James~2C74B9EE~Glory Hole And An Unsuspecting Cock}
glory 2.jpg,4351290,4fa1fb46,\Rianna James\Glory Hole And An Unsuspecting Cock\,{TSRJ01~Rianna James~2C74B9EE~Glory Hole And An Unsuspecting Cock}
glory 3.jpg,2990291,ebfb08e9,\Rianna James\Glory Hole And An Unsuspecting Cock\,{TSRJ01~Rianna James~2C74B9EE~Glory Hole And An Unsuspecting Cock}
glory 4.jpg,3366040,845afff3,\Rianna James\Glory Hole And An Unsuspecting Cock\,{TSRJ01~Rianna James~2C74B9EE~Glory Hole And An Unsuspecting Cock}
glory 6.jpg,5379172,0beaa1f5,\Rianna James\Glory Hole And An Unsuspecting Cock\,{TSRJ01~Rianna James~2C74B9EE~Glory Hole And An Unsuspecting Cock}
glory 7.jpg,3217817,c050bb01,\Rianna James\Glory Hole And An Unsuspecting Cock\,{TSRJ01~Rianna James~2C74B9EE~Glory Hole And An Unsuspecting Cock}
glory 8.jpg,4091114,4747a740,\Rianna James\Glory Hole And An Unsuspecting Cock\,{TSRJ01~Rianna James~2C74B9EE~Glory Hole And An Unsuspecting Cock}
dsc_5713.jpg,3320621,44885593,\Rianna James\Good Little Puppy Pet Play Is My Favorite Kink\,{TSRJ01~Rianna James~12D0212E~Good Little Puppy Pet Play Is My Favorite Kink}
dsc_5715.jpg,2633123,f742993b,\Rianna James\Good Little Puppy Pet Play Is My Favorite Kink\,{TSRJ01~Rianna James~12D0212E~Good Little Puppy Pet Play Is My Favorite Kink}
dsc_5719.jpg,1357982,4e8cc881,\Rianna James\Good Little Puppy Pet Play Is My Favorite Kink\,{TSRJ01~Rianna James~12D0212E~Good Little Puppy Pet Play Is My Favorite Kink}
dsc_5723.jpg,1078152,557b9430,\Rianna James\Good Little Puppy Pet Play Is My Favorite Kink\,{TSRJ01~Rianna James~12D0212E~Good Little Puppy Pet Play Is My Favorite Kink}
dsc_5730.jpg,1042847,ce19825e,\Rianna James\Good Little Puppy Pet Play Is My Favorite Kink\,{TSRJ01~Rianna James~12D0212E~Good Little Puppy Pet Play Is My Favorite Kink}
dsc_5735.jpg,2342542,85111216,\Rianna James\Good Little Puppy Pet Play Is My Favorite Kink\,{TSRJ01~Rianna James~12D0212E~Good Little Puppy Pet Play Is My Favorite Kink}
dsc_5757.jpg,1120850,2dcbdce3,\Rianna James\Good Little Puppy Pet Play Is My Favorite Kink\,{TSRJ01~Rianna James~12D0212E~Good Little Puppy Pet Play Is My Favorite Kink}
dsc_5759.jpg,938034,a90767f4,\Rianna James\Good Little Puppy Pet Play Is My Favorite Kink\,{TSRJ01~Rianna James~12D0212E~Good Little Puppy Pet Play Is My Favorite Kink}
dsc_5769.jpg,3813092,5a244813,\Rianna James\Good Little Puppy Pet Play Is My Favorite Kink\,{TSRJ01~Rianna James~12D0212E~Good Little Puppy Pet Play Is My Favorite Kink}
dsc_5780.jpg,4196793,263549d2,\Rianna James\Good Little Puppy Pet Play Is My Favorite Kink\,{TSRJ01~Rianna James~12D0212E~Good Little Puppy Pet Play Is My Favorite Kink}
dsc_5781.jpg,4526118,b00fbd1d,\Rianna James\Good Little Puppy Pet Play Is My Favorite Kink\,{TSRJ01~Rianna James~12D0212E~Good Little Puppy Pet Play Is My Favorite Kink}
dsc_5789.jpg,4902914,4ae30a47,\Rianna James\Good Little Puppy Pet Play Is My Favorite Kink\,{TSRJ01~Rianna James~12D0212E~Good Little Puppy Pet Play Is My Favorite Kink}
dsc_5807.jpg,1590065,2175822e,\Rianna James\Good Little Puppy Pet Play Is My Favorite Kink\,{TSRJ01~Rianna James~12D0212E~Good Little Puppy Pet Play Is My Favorite Kink}
dsc_5813.jpg,1182852,0eb03416,\Rianna James\Good Little Puppy Pet Play Is My Favorite Kink\,{TSRJ01~Rianna James~12D0212E~Good Little Puppy Pet Play Is My Favorite Kink}
dsc_5814.jpg,2777213,4c71604b,\Rianna James\Good Little Puppy Pet Play Is My Favorite Kink\,{TSRJ01~Rianna James~12D0212E~Good Little Puppy Pet Play Is My Favorite Kink}
dsc_5820.jpg,1212610,bbce8aaa,\Rianna James\Good Little Puppy Pet Play Is My Favorite Kink\,{TSRJ01~Rianna James~12D0212E~Good Little Puppy Pet Play Is My Favorite Kink}
2015-08-18 12.01.45.jpg,169774,b669f8b5,\Rianna James\Goofy Day To Day Adventures\,{TSRJ01~Rianna James~72079CA5~Goofy Day To Day Adventures}
2016-05-22 15.16.49.jpg,1290203,670b7e1e,\Rianna James\Goofy Day To Day Adventures\,{TSRJ01~Rianna James~72079CA5~Goofy Day To Day Adventures}
20160211_130649.jpg,1109346,6c2ee267,\Rianna James\Goofy Day To Day Adventures\,{TSRJ01~Rianna James~72079CA5~Goofy Day To Day Adventures}
20160225_165940.jpg,8181012,ab447434,\Rianna James\Goofy Day To Day Adventures\,{TSRJ01~Rianna James~72079CA5~Goofy Day To Day Adventures}
20160226_095339.jpg,913125,65270e37,\Rianna James\Goofy Day To Day Adventures\,{TSRJ01~Rianna James~72079CA5~Goofy Day To Day Adventures}
dirt bike candid.jpg,238977,d12af557,\Rianna James\Goofy Day To Day Adventures\,{TSRJ01~Rianna James~72079CA5~Goofy Day To Day Adventures}
enjoying wine country 2.jpg,276193,4ff8fcbe,\Rianna James\Goofy Day To Day Adventures\,{TSRJ01~Rianna James~72079CA5~Goofy Day To Day Adventures}
enjoying wine country.jpg,274846,488f08a6,\Rianna James\Goofy Day To Day Adventures\,{TSRJ01~Rianna James~72079CA5~Goofy Day To Day Adventures}
flash at lake.jpg,1600933,e12f7cc9,\Rianna James\Goofy Day To Day Adventures\,{TSRJ01~Rianna James~72079CA5~Goofy Day To Day Adventures}
front porch.jpg,188059,e9904b66,\Rianna James\Goofy Day To Day Adventures\,{TSRJ01~Rianna James~72079CA5~Goofy Day To Day Adventures}
hair curlers.jpg,1195036,4f41949a,\Rianna James\Goofy Day To Day Adventures\,{TSRJ01~Rianna James~72079CA5~Goofy Day To Day Adventures}
img_20160219_155558.jpg,740516,204cd579,\Rianna James\Goofy Day To Day Adventures\,{TSRJ01~Rianna James~72079CA5~Goofy Day To Day Adventures}
img_20160226_090850.jpg,2177966,8ac8279d,\Rianna James\Goofy Day To Day Adventures\,{TSRJ01~Rianna James~72079CA5~Goofy Day To Day Adventures}
img_2686.jpg,145074,0dcb9384,\Rianna James\Goofy Day To Day Adventures\,{TSRJ01~Rianna James~72079CA5~Goofy Day To Day Adventures}
in my bedroom.jpg,182642,3afa93bb,\Rianna James\Goofy Day To Day Adventures\,{TSRJ01~Rianna James~72079CA5~Goofy Day To Day Adventures}
in wine country with doug aka big daddy.jpg,2375549,cd9bfda8,\Rianna James\Goofy Day To Day Adventures\,{TSRJ01~Rianna James~72079CA5~Goofy Day To Day Adventures}
jeans and tshirt.jpg,660688,dc36c975,\Rianna James\Goofy Day To Day Adventures\,{TSRJ01~Rianna James~72079CA5~Goofy Day To Day Adventures}
mic boob candid.jpg,156985,bc7133a2,\Rianna James\Goofy Day To Day Adventures\,{TSRJ01~Rianna James~72079CA5~Goofy Day To Day Adventures}
morning coffee.jpg,831750,79ae1925,\Rianna James\Goofy Day To Day Adventures\,{TSRJ01~Rianna James~72079CA5~Goofy Day To Day Adventures}
new years big daddy.jpg,1158335,4f15bb87,\Rianna James\Goofy Day To Day Adventures\,{TSRJ01~Rianna James~72079CA5~Goofy Day To Day Adventures}
new years.jpg,1604982,1a8c94e0,\Rianna James\Goofy Day To Day Adventures\,{TSRJ01~Rianna James~72079CA5~Goofy Day To Day Adventures}
on set 3 wtrmrk.jpg,185994,8869086d,\Rianna James\Goofy Day To Day Adventures\,{TSRJ01~Rianna James~72079CA5~Goofy Day To Day Adventures}
on set candid 1.jpg,163678,85a2dc60,\Rianna James\Goofy Day To Day Adventures\,{TSRJ01~Rianna James~72079CA5~Goofy Day To Day Adventures}
on set candid 2.jpg,90965,5db14ecc,\Rianna James\Goofy Day To Day Adventures\,{TSRJ01~Rianna James~72079CA5~Goofy Day To Day Adventures}
on set candid 3.jpg,160442,1ca28674,\Rianna James\Goofy Day To Day Adventures\,{TSRJ01~Rianna James~72079CA5~Goofy Day To Day Adventures}
on set candid 5.jpg,204522,6e48e318,\Rianna James\Goofy Day To Day Adventures\,{TSRJ01~Rianna James~72079CA5~Goofy Day To Day Adventures}
on set candid 6.jpg,3131574,4705d31a,\Rianna James\Goofy Day To Day Adventures\,{TSRJ01~Rianna James~72079CA5~Goofy Day To Day Adventures}
p edit lake 1.jpg,1765882,479b38c2,\Rianna James\Goofy Day To Day Adventures\,{TSRJ01~Rianna James~72079CA5~Goofy Day To Day Adventures}
partied out 2.jpg,293042,73791980,\Rianna James\Goofy Day To Day Adventures\,{TSRJ01~Rianna James~72079CA5~Goofy Day To Day Adventures}
partied out.jpg,288463,5c2b1cab,\Rianna James\Goofy Day To Day Adventures\,{TSRJ01~Rianna James~72079CA5~Goofy Day To Day Adventures}
phone capture at swingers event.jpg,177089,0141ef30,\Rianna James\Goofy Day To Day Adventures\,{TSRJ01~Rianna James~72079CA5~Goofy Day To Day Adventures}
red table wtrmrk 10.jpg,1594698,3734781a,\Rianna James\Goofy Day To Day Adventures\,{TSRJ01~Rianna James~72079CA5~Goofy Day To Day Adventures}
red table wtrmrk candid.jpg,1895421,c0cce185,\Rianna James\Goofy Day To Day Adventures\,{TSRJ01~Rianna James~72079CA5~Goofy Day To Day Adventures}
sweater 1.jpg,4345683,7367b980,\Rianna James\Goofy Day To Day Adventures\,{TSRJ01~Rianna James~72079CA5~Goofy Day To Day Adventures}
sweater 2.jpg,4322403,8347d6e3,\Rianna James\Goofy Day To Day Adventures\,{TSRJ01~Rianna James~72079CA5~Goofy Day To Day Adventures}
sweater 3.jpg,4263486,8d018d8c,\Rianna James\Goofy Day To Day Adventures\,{TSRJ01~Rianna James~72079CA5~Goofy Day To Day Adventures}
sweater 4.jpg,4429583,71fc71b6,\Rianna James\Goofy Day To Day Adventures\,{TSRJ01~Rianna James~72079CA5~Goofy Day To Day Adventures}
sweater 5.jpg,4091909,e6822b1f,\Rianna James\Goofy Day To Day Adventures\,{TSRJ01~Rianna James~72079CA5~Goofy Day To Day Adventures}
sweater 6.jpg,4727320,0c555df4,\Rianna James\Goofy Day To Day Adventures\,{TSRJ01~Rianna James~72079CA5~Goofy Day To Day Adventures}
sweater 7.jpg,4269133,254ac0a1,\Rianna James\Goofy Day To Day Adventures\,{TSRJ01~Rianna James~72079CA5~Goofy Day To Day Adventures}
sweater 8.jpg,4381296,59a82921,\Rianna James\Goofy Day To Day Adventures\,{TSRJ01~Rianna James~72079CA5~Goofy Day To Day Adventures}
swinging.jpg,69024,522115b9,\Rianna James\Goofy Day To Day Adventures\,{TSRJ01~Rianna James~72079CA5~Goofy Day To Day Adventures}
untitled 124.jpg,202442,54666262,\Rianna James\Goofy Day To Day Adventures\,{TSRJ01~Rianna James~72079CA5~Goofy Day To Day Adventures}
up shot webcam.jpg,159421,9aa43443,\Rianna James\Goofy Day To Day Adventures\,{TSRJ01~Rianna James~72079CA5~Goofy Day To Day Adventures}
victoria indigio.jpg,3252689,a599af85,\Rianna James\Goofy Day To Day Adventures\,{TSRJ01~Rianna James~72079CA5~Goofy Day To Day Adventures}
web cam.jpg,830764,284d31af,\Rianna James\Goofy Day To Day Adventures\,{TSRJ01~Rianna James~72079CA5~Goofy Day To Day Adventures}
goth 1.jpg,5670319,3bf445aa,\Rianna James\Gothic Theme Photo Shoot\,{TSRJ01~Rianna James~415931B0~Gothic Theme Photo Shoot}
goth 10.jpg,6473797,3cfb4ebe,\Rianna James\Gothic Theme Photo Shoot\,{TSRJ01~Rianna James~415931B0~Gothic Theme Photo Shoot}
goth 11.jpg,6963176,61898796,\Rianna James\Gothic Theme Photo Shoot\,{TSRJ01~Rianna James~415931B0~Gothic Theme Photo Shoot}
goth 12.jpg,4508620,c3902dc6,\Rianna James\Gothic Theme Photo Shoot\,{TSRJ01~Rianna James~415931B0~Gothic Theme Photo Shoot}
goth 13.jpg,5809052,24ac845b,\Rianna James\Gothic Theme Photo Shoot\,{TSRJ01~Rianna James~415931B0~Gothic Theme Photo Shoot}
goth 14.jpg,5686154,ea42aeed,\Rianna James\Gothic Theme Photo Shoot\,{TSRJ01~Rianna James~415931B0~Gothic Theme Photo Shoot}
goth 15.jpg,2304496,8a615e10,\Rianna James\Gothic Theme Photo Shoot\,{TSRJ01~Rianna James~415931B0~Gothic Theme Photo Shoot}
goth 17.jpg,5288243,c8a89204,\Rianna James\Gothic Theme Photo Shoot\,{TSRJ01~Rianna James~415931B0~Gothic Theme Photo Shoot}
goth 18.jpg,6024300,31546a40,\Rianna James\Gothic Theme Photo Shoot\,{TSRJ01~Rianna James~415931B0~Gothic Theme Photo Shoot}
goth 19.jpg,5976240,e18fcde9,\Rianna James\Gothic Theme Photo Shoot\,{TSRJ01~Rianna James~415931B0~Gothic Theme Photo Shoot}
goth 2.jpg,4673217,9bc7ee52,\Rianna James\Gothic Theme Photo Shoot\,{TSRJ01~Rianna James~415931B0~Gothic Theme Photo Shoot}
goth 20.jpg,6252806,7d4c09be,\Rianna James\Gothic Theme Photo Shoot\,{TSRJ01~Rianna James~415931B0~Gothic Theme Photo Shoot}
goth 3.jpg,4723351,dd58c105,\Rianna James\Gothic Theme Photo Shoot\,{TSRJ01~Rianna James~415931B0~Gothic Theme Photo Shoot}
goth 4.jpg,5383999,0a28d99e,\Rianna James\Gothic Theme Photo Shoot\,{TSRJ01~Rianna James~415931B0~Gothic Theme Photo Shoot}
goth 5.jpg,6269073,92728057,\Rianna James\Gothic Theme Photo Shoot\,{TSRJ01~Rianna James~415931B0~Gothic Theme Photo Shoot}
goth 6.jpg,6350526,ddadfc6d,\Rianna James\Gothic Theme Photo Shoot\,{TSRJ01~Rianna James~415931B0~Gothic Theme Photo Shoot}
goth 7.jpg,5790245,2ddae139,\Rianna James\Gothic Theme Photo Shoot\,{TSRJ01~Rianna James~415931B0~Gothic Theme Photo Shoot}
goth 8.jpg,5289222,8697301b,\Rianna James\Gothic Theme Photo Shoot\,{TSRJ01~Rianna James~415931B0~Gothic Theme Photo Shoot}
goth 9.jpg,5485891,40f7ba0f,\Rianna James\Gothic Theme Photo Shoot\,{TSRJ01~Rianna James~415931B0~Gothic Theme Photo Shoot}
goth16.jpg,6083337,a633dd8f,\Rianna James\Gothic Theme Photo Shoot\,{TSRJ01~Rianna James~415931B0~Gothic Theme Photo Shoot}
gothic 22.jpg,6096246,7215f7a3,\Rianna James\Gothic Theme Photo Shoot\,{TSRJ01~Rianna James~415931B0~Gothic Theme Photo Shoot}
vcca.jpg,5251743,6fbcfc4a,\Rianna James\Graffiti Shoot Victoria Canada Day\,{TSRJ01~Rianna James~6B2536DC~Graffiti Shoot Victoria Canada Day}
vccb.jpg,6002771,f04d7b1a,\Rianna James\Graffiti Shoot Victoria Canada Day\,{TSRJ01~Rianna James~6B2536DC~Graffiti Shoot Victoria Canada Day}
vccc.jpg,5085663,93e48f83,\Rianna James\Graffiti Shoot Victoria Canada Day\,{TSRJ01~Rianna James~6B2536DC~Graffiti Shoot Victoria Canada Day}
vccd.jpg,6008066,aa87ee8c,\Rianna James\Graffiti Shoot Victoria Canada Day\,{TSRJ01~Rianna James~6B2536DC~Graffiti Shoot Victoria Canada Day}
vcce.jpg,5786939,0e151b22,\Rianna James\Graffiti Shoot Victoria Canada Day\,{TSRJ01~Rianna James~6B2536DC~Graffiti Shoot Victoria Canada Day}
vccf.jpg,1642467,58c518db,\Rianna James\Graffiti Shoot Victoria Canada Day\,{TSRJ01~Rianna James~6B2536DC~Graffiti Shoot Victoria Canada Day}
vccg.jpg,1670803,6bbadc0e,\Rianna James\Graffiti Shoot Victoria Canada Day\,{TSRJ01~Rianna James~6B2536DC~Graffiti Shoot Victoria Canada Day}
vcch.jpg,1686002,df8befae,\Rianna James\Graffiti Shoot Victoria Canada Day\,{TSRJ01~Rianna James~6B2536DC~Graffiti Shoot Victoria Canada Day}
vcci.jpg,1894649,f5110616,\Rianna James\Graffiti Shoot Victoria Canada Day\,{TSRJ01~Rianna James~6B2536DC~Graffiti Shoot Victoria Canada Day}
vccj.jpg,1585141,63a15678,\Rianna James\Graffiti Shoot Victoria Canada Day\,{TSRJ01~Rianna James~6B2536DC~Graffiti Shoot Victoria Canada Day}
vcck.jpg,3917605,4e5d2abf,\Rianna James\Graffiti Shoot Victoria Canada Day\,{TSRJ01~Rianna James~6B2536DC~Graffiti Shoot Victoria Canada Day}
vccl.jpg,4793225,cf411f7a,\Rianna James\Graffiti Shoot Victoria Canada Day\,{TSRJ01~Rianna James~6B2536DC~Graffiti Shoot Victoria Canada Day}
vccm.jpg,5126160,f46aded4,\Rianna James\Graffiti Shoot Victoria Canada Day\,{TSRJ01~Rianna James~6B2536DC~Graffiti Shoot Victoria Canada Day}
vccn.jpg,4570922,7b274b9f,\Rianna James\Graffiti Shoot Victoria Canada Day\,{TSRJ01~Rianna James~6B2536DC~Graffiti Shoot Victoria Canada Day}
vcco.jpg,5228762,4893ef50,\Rianna James\Graffiti Shoot Victoria Canada Day\,{TSRJ01~Rianna James~6B2536DC~Graffiti Shoot Victoria Canada Day}
vccp.jpg,5176875,f7c07cb1,\Rianna James\Graffiti Shoot Victoria Canada Day\,{TSRJ01~Rianna James~6B2536DC~Graffiti Shoot Victoria Canada Day}
vccq.jpg,5130381,98478ed9,\Rianna James\Graffiti Shoot Victoria Canada Day\,{TSRJ01~Rianna James~6B2536DC~Graffiti Shoot Victoria Canada Day}
vccr.jpg,5902800,2b662545,\Rianna James\Graffiti Shoot Victoria Canada Day\,{TSRJ01~Rianna James~6B2536DC~Graffiti Shoot Victoria Canada Day}
vccs.jpg,6634032,0701310e,\Rianna James\Graffiti Shoot Victoria Canada Day\,{TSRJ01~Rianna James~6B2536DC~Graffiti Shoot Victoria Canada Day}
vcct.jpg,5418631,880f3d42,\Rianna James\Graffiti Shoot Victoria Canada Day\,{TSRJ01~Rianna James~6B2536DC~Graffiti Shoot Victoria Canada Day}
vccu.jpg,6262034,39fa9245,\Rianna James\Graffiti Shoot Victoria Canada Day\,{TSRJ01~Rianna James~6B2536DC~Graffiti Shoot Victoria Canada Day}
vccv.jpg,5919808,f8e82052,\Rianna James\Graffiti Shoot Victoria Canada Day\,{TSRJ01~Rianna James~6B2536DC~Graffiti Shoot Victoria Canada Day}
vccw.jpg,4814884,ea94cbcb,\Rianna James\Graffiti Shoot Victoria Canada Day\,{TSRJ01~Rianna James~6B2536DC~Graffiti Shoot Victoria Canada Day}
vccx.jpg,6630666,14c54eb3,\Rianna James\Graffiti Shoot Victoria Canada Day\,{TSRJ01~Rianna James~6B2536DC~Graffiti Shoot Victoria Canada Day}
vccy.jpg,5764821,b2883132,\Rianna James\Graffiti Shoot Victoria Canada Day\,{TSRJ01~Rianna James~6B2536DC~Graffiti Shoot Victoria Canada Day}
vccz.jpg,5952022,8e35cb2e,\Rianna James\Graffiti Shoot Victoria Canada Day\,{TSRJ01~Rianna James~6B2536DC~Graffiti Shoot Victoria Canada Day}
vcczz.jpg,5440350,2e11958b,\Rianna James\Graffiti Shoot Victoria Canada Day\,{TSRJ01~Rianna James~6B2536DC~Graffiti Shoot Victoria Canada Day}
vcczzz.jpg,4861457,e669fc32,\Rianna James\Graffiti Shoot Victoria Canada Day\,{TSRJ01~Rianna James~6B2536DC~Graffiti Shoot Victoria Canada Day}
white blk 1.jpg,4950527,eabae2c5,\Rianna James\Hot Little Kinky Corset Set\,{TSRJ01~Rianna James~0A07F41C~Hot Little Kinky Corset Set}
white blk 10.jpg,4654511,385b18b1,\Rianna James\Hot Little Kinky Corset Set\,{TSRJ01~Rianna James~0A07F41C~Hot Little Kinky Corset Set}
white blk 11.jpg,4954094,2cce9cc5,\Rianna James\Hot Little Kinky Corset Set\,{TSRJ01~Rianna James~0A07F41C~Hot Little Kinky Corset Set}
white blk 2.jpg,4754387,796bd88e,\Rianna James\Hot Little Kinky Corset Set\,{TSRJ01~Rianna James~0A07F41C~Hot Little Kinky Corset Set}
white blk 3.jpg,4828595,2fd90a92,\Rianna James\Hot Little Kinky Corset Set\,{TSRJ01~Rianna James~0A07F41C~Hot Little Kinky Corset Set}
white blk 4.jpg,4958454,ccf32a70,\Rianna James\Hot Little Kinky Corset Set\,{TSRJ01~Rianna James~0A07F41C~Hot Little Kinky Corset Set}
white blk 5.jpg,4801206,e8ca1719,\Rianna James\Hot Little Kinky Corset Set\,{TSRJ01~Rianna James~0A07F41C~Hot Little Kinky Corset Set}
white blk 6.jpg,4673970,d69ce7eb,\Rianna James\Hot Little Kinky Corset Set\,{TSRJ01~Rianna James~0A07F41C~Hot Little Kinky Corset Set}
white blk 7.jpg,4212874,9896a736,\Rianna James\Hot Little Kinky Corset Set\,{TSRJ01~Rianna James~0A07F41C~Hot Little Kinky Corset Set}
white blk 8.jpg,4864857,c4aeb2b1,\Rianna James\Hot Little Kinky Corset Set\,{TSRJ01~Rianna James~0A07F41C~Hot Little Kinky Corset Set}
white blk 9.jpg,4843922,9f638f6e,\Rianna James\Hot Little Kinky Corset Set\,{TSRJ01~Rianna James~0A07F41C~Hot Little Kinky Corset Set}
wht bkl 12.jpg,4697348,e1eaae94,\Rianna James\Hot Little Kinky Corset Set\,{TSRJ01~Rianna James~0A07F41C~Hot Little Kinky Corset Set}
img_7831 (2).jpg,3168796,c937df73,\Rianna James\Hotel Room Shoot In Vancouver\,{TSRJ01~Rianna James~8E446D5C~Hotel Room Shoot In Vancouver}
img_7834 (2).jpg,2402579,14bafa5b,\Rianna James\Hotel Room Shoot In Vancouver\,{TSRJ01~Rianna James~8E446D5C~Hotel Room Shoot In Vancouver}
img_7835 (2).jpg,3445393,0e8b56d4,\Rianna James\Hotel Room Shoot In Vancouver\,{TSRJ01~Rianna James~8E446D5C~Hotel Room Shoot In Vancouver}
img_7836 (2).jpg,2028348,8a2b9fc6,\Rianna James\Hotel Room Shoot In Vancouver\,{TSRJ01~Rianna James~8E446D5C~Hotel Room Shoot In Vancouver}
img_7838 (2).jpg,1926593,2d24224d,\Rianna James\Hotel Room Shoot In Vancouver\,{TSRJ01~Rianna James~8E446D5C~Hotel Room Shoot In Vancouver}
img_7840 (2).jpg,2014178,a5bcdf1e,\Rianna James\Hotel Room Shoot In Vancouver\,{TSRJ01~Rianna James~8E446D5C~Hotel Room Shoot In Vancouver}
img_7846 (2).jpg,2106322,e57cf76a,\Rianna James\Hotel Room Shoot In Vancouver\,{TSRJ01~Rianna James~8E446D5C~Hotel Room Shoot In Vancouver}
img_7858 (2).jpg,2026352,203fe5b8,\Rianna James\Hotel Room Shoot In Vancouver\,{TSRJ01~Rianna James~8E446D5C~Hotel Room Shoot In Vancouver}
img_7859 (2).jpg,2301708,f4e86c26,\Rianna James\Hotel Room Shoot In Vancouver\,{TSRJ01~Rianna James~8E446D5C~Hotel Room Shoot In Vancouver}
strip corset 11.jpg,2545927,e96c8893,\Rianna James\Interrogation Chair At The Dungeon\,{TSRJ01~Rianna James~76AB3FD5~Interrogation Chair At The Dungeon}
strip corset 6.jpg,2655809,41e88ae8,\Rianna James\Interrogation Chair At The Dungeon\,{TSRJ01~Rianna James~76AB3FD5~Interrogation Chair At The Dungeon}
stripe corset 1.jpg,2391667,5fc3e65a,\Rianna James\Interrogation Chair At The Dungeon\,{TSRJ01~Rianna James~76AB3FD5~Interrogation Chair At The Dungeon}
stripe corset 10.jpg,2237693,b89bbbcf,\Rianna James\Interrogation Chair At The Dungeon\,{TSRJ01~Rianna James~76AB3FD5~Interrogation Chair At The Dungeon}
stripe corset 12.jpg,2570882,e558c002,\Rianna James\Interrogation Chair At The Dungeon\,{TSRJ01~Rianna James~76AB3FD5~Interrogation Chair At The Dungeon}
stripe corset 13.jpg,2519777,f9e184c9,\Rianna James\Interrogation Chair At The Dungeon\,{TSRJ01~Rianna James~76AB3FD5~Interrogation Chair At The Dungeon}
stripe corset 14.jpg,2184365,39247c97,\Rianna James\Interrogation Chair At The Dungeon\,{TSRJ01~Rianna James~76AB3FD5~Interrogation Chair At The Dungeon}
stripe corset 15.jpg,2622938,aca0ff21,\Rianna James\Interrogation Chair At The Dungeon\,{TSRJ01~Rianna James~76AB3FD5~Interrogation Chair At The Dungeon}
stripe corset 16.jpg,2368125,cc6a89c4,\Rianna James\Interrogation Chair At The Dungeon\,{TSRJ01~Rianna James~76AB3FD5~Interrogation Chair At The Dungeon}
stripe corset 17.jpg,2307978,e209ce20,\Rianna James\Interrogation Chair At The Dungeon\,{TSRJ01~Rianna James~76AB3FD5~Interrogation Chair At The Dungeon}
stripe corset 18.jpg,2496452,391d923a,\Rianna James\Interrogation Chair At The Dungeon\,{TSRJ01~Rianna James~76AB3FD5~Interrogation Chair At The Dungeon}
stripe corset 19.jpg,2869680,d924e0e4,\Rianna James\Interrogation Chair At The Dungeon\,{TSRJ01~Rianna James~76AB3FD5~Interrogation Chair At The Dungeon}
stripe corset 2.jpg,2980308,393023fb,\Rianna James\Interrogation Chair At The Dungeon\,{TSRJ01~Rianna James~76AB3FD5~Interrogation Chair At The Dungeon}
stripe corset 3.jpg,2445288,71c8421a,\Rianna James\Interrogation Chair At The Dungeon\,{TSRJ01~Rianna James~76AB3FD5~Interrogation Chair At The Dungeon}
stripe corset 4.jpg,2448421,453b368e,\Rianna James\Interrogation Chair At The Dungeon\,{TSRJ01~Rianna James~76AB3FD5~Interrogation Chair At The Dungeon}
stripe corset 5.jpg,2372495,86a3837a,\Rianna James\Interrogation Chair At The Dungeon\,{TSRJ01~Rianna James~76AB3FD5~Interrogation Chair At The Dungeon}
stripe corset 7.jpg,2181298,a0cef486,\Rianna James\Interrogation Chair At The Dungeon\,{TSRJ01~Rianna James~76AB3FD5~Interrogation Chair At The Dungeon}
stripe corset 8.jpg,1411093,d902886f,\Rianna James\Interrogation Chair At The Dungeon\,{TSRJ01~Rianna James~76AB3FD5~Interrogation Chair At The Dungeon}
stripe corset 9.jpg,2591468,b9f329a5,\Rianna James\Interrogation Chair At The Dungeon\,{TSRJ01~Rianna James~76AB3FD5~Interrogation Chair At The Dungeon}
jan 2013 1.jpg,1291741,bc7337f9,\Rianna James\Jan 2013\,{TSRJ01~Rianna James~FF88B895~Jan 2013}
jan 2013 10.jpg,1410092,6f77bed9,\Rianna James\Jan 2013\,{TSRJ01~Rianna James~FF88B895~Jan 2013}
jan 2013 11.jpg,1242103,0e0e2ebe,\Rianna James\Jan 2013\,{TSRJ01~Rianna James~FF88B895~Jan 2013}
jan 2013 12.jpg,1270540,1c36f141,\Rianna James\Jan 2013\,{TSRJ01~Rianna James~FF88B895~Jan 2013}
jan 2013 13.jpg,1736861,cd7cc7d0,\Rianna James\Jan 2013\,{TSRJ01~Rianna James~FF88B895~Jan 2013}
jan 2013 14.jpg,1184693,946f59de,\Rianna James\Jan 2013\,{TSRJ01~Rianna James~FF88B895~Jan 2013}
jan 2013 15.jpg,1672421,a7508499,\Rianna James\Jan 2013\,{TSRJ01~Rianna James~FF88B895~Jan 2013}
jan 2013 16.jpg,1477023,730437d2,\Rianna James\Jan 2013\,{TSRJ01~Rianna James~FF88B895~Jan 2013}
jan 2013 17.jpg,1237673,2e65575e,\Rianna James\Jan 2013\,{TSRJ01~Rianna James~FF88B895~Jan 2013}
jan 2013 18.jpg,920638,97f34f32,\Rianna James\Jan 2013\,{TSRJ01~Rianna James~FF88B895~Jan 2013}
jan 2013 19.jpg,341670,dc356d54,\Rianna James\Jan 2013\,{TSRJ01~Rianna James~FF88B895~Jan 2013}
jan 2013 2.jpg,1430128,4d9ef8a8,\Rianna James\Jan 2013\,{TSRJ01~Rianna James~FF88B895~Jan 2013}
jan 2013 20.jpg,1596059,a94c84a8,\Rianna James\Jan 2013\,{TSRJ01~Rianna James~FF88B895~Jan 2013}
jan 2013 3.jpg,1595520,87abafa7,\Rianna James\Jan 2013\,{TSRJ01~Rianna James~FF88B895~Jan 2013}
jan 2013 4.jpg,1760300,689b8c33,\Rianna James\Jan 2013\,{TSRJ01~Rianna James~FF88B895~Jan 2013}
jan 2013 5.jpg,1641801,b3ffe17b,\Rianna James\Jan 2013\,{TSRJ01~Rianna James~FF88B895~Jan 2013}
jan 2013 6.jpg,2283722,7bc478a0,\Rianna James\Jan 2013\,{TSRJ01~Rianna James~FF88B895~Jan 2013}
jan 2013 7.jpg,2049150,ec8cc4f2,\Rianna James\Jan 2013\,{TSRJ01~Rianna James~FF88B895~Jan 2013}
jan 2013 8.jpg,1634356,8ecb7933,\Rianna James\Jan 2013\,{TSRJ01~Rianna James~FF88B895~Jan 2013}
jan 2013 9.jpg,2258834,e9dd9f98,\Rianna James\Jan 2013\,{TSRJ01~Rianna James~FF88B895~Jan 2013}
bry10.jpg,951318,3153e31a,\Rianna James\Nice Cock You Wanna Fuck\,{TSRJ01~Rianna James~F87CE0FB~Nice Cock You Wanna Fuck}
bry11.jpg,819451,3b85a87e,\Rianna James\Nice Cock You Wanna Fuck\,{TSRJ01~Rianna James~F87CE0FB~Nice Cock You Wanna Fuck}
bry12.jpg,693271,ae85dc56,\Rianna James\Nice Cock You Wanna Fuck\,{TSRJ01~Rianna James~F87CE0FB~Nice Cock You Wanna Fuck}
bry13.jpg,832009,e6b2d89e,\Rianna James\Nice Cock You Wanna Fuck\,{TSRJ01~Rianna James~F87CE0FB~Nice Cock You Wanna Fuck}
bry14.jpg,771973,ff9a7429,\Rianna James\Nice Cock You Wanna Fuck\,{TSRJ01~Rianna James~F87CE0FB~Nice Cock You Wanna Fuck}
bry15.jpg,754749,01ef5c32,\Rianna James\Nice Cock You Wanna Fuck\,{TSRJ01~Rianna James~F87CE0FB~Nice Cock You Wanna Fuck}
bry16.jpg,588048,90cda1be,\Rianna James\Nice Cock You Wanna Fuck\,{TSRJ01~Rianna James~F87CE0FB~Nice Cock You Wanna Fuck}
bry17.jpg,576687,daf33eab,\Rianna James\Nice Cock You Wanna Fuck\,{TSRJ01~Rianna James~F87CE0FB~Nice Cock You Wanna Fuck}
bry18.jpg,562990,debafaaf,\Rianna James\Nice Cock You Wanna Fuck\,{TSRJ01~Rianna James~F87CE0FB~Nice Cock You Wanna Fuck}
bry19.jpg,189006,bc611bcc,\Rianna James\Nice Cock You Wanna Fuck\,{TSRJ01~Rianna James~F87CE0FB~Nice Cock You Wanna Fuck}
bry2.jpg,809960,748e2a31,\Rianna James\Nice Cock You Wanna Fuck\,{TSRJ01~Rianna James~F87CE0FB~Nice Cock You Wanna Fuck}
bry20.jpg,205304,ee2988f0,\Rianna James\Nice Cock You Wanna Fuck\,{TSRJ01~Rianna James~F87CE0FB~Nice Cock You Wanna Fuck}
bry21.jpg,207141,121fc156,\Rianna James\Nice Cock You Wanna Fuck\,{TSRJ01~Rianna James~F87CE0FB~Nice Cock You Wanna Fuck}
bry22.jpg,298604,7299f0c0,\Rianna James\Nice Cock You Wanna Fuck\,{TSRJ01~Rianna James~F87CE0FB~Nice Cock You Wanna Fuck}
bry23.jpg,252776,36df3a51,\Rianna James\Nice Cock You Wanna Fuck\,{TSRJ01~Rianna James~F87CE0FB~Nice Cock You Wanna Fuck}
bry24.jpg,240919,ba43a633,\Rianna James\Nice Cock You Wanna Fuck\,{TSRJ01~Rianna James~F87CE0FB~Nice Cock You Wanna Fuck}
bry3.jpg,772318,191963d9,\Rianna James\Nice Cock You Wanna Fuck\,{TSRJ01~Rianna James~F87CE0FB~Nice Cock You Wanna Fuck}
bry5.jpg,650429,dc517cf9,\Rianna James\Nice Cock You Wanna Fuck\,{TSRJ01~Rianna James~F87CE0FB~Nice Cock You Wanna Fuck}
bry6.jpg,863413,ed35d4e2,\Rianna James\Nice Cock You Wanna Fuck\,{TSRJ01~Rianna James~F87CE0FB~Nice Cock You Wanna Fuck}
bry7.jpg,804197,40327889,\Rianna James\Nice Cock You Wanna Fuck\,{TSRJ01~Rianna James~F87CE0FB~Nice Cock You Wanna Fuck}
bry8.jpg,723905,13ae9366,\Rianna James\Nice Cock You Wanna Fuck\,{TSRJ01~Rianna James~F87CE0FB~Nice Cock You Wanna Fuck}
bry9.jpg,777793,c61bbcc6,\Rianna James\Nice Cock You Wanna Fuck\,{TSRJ01~Rianna James~F87CE0FB~Nice Cock You Wanna Fuck}
truck a.jpg,4520246,78db0bee,\Rianna James\Old Truck In The Back Field\,{TSRJ01~Rianna James~D97ACE57~Old Truck In The Back Field}
truck b.jpg,4118188,a4a3a254,\Rianna James\Old Truck In The Back Field\,{TSRJ01~Rianna James~D97ACE57~Old Truck In The Back Field}
truck c.jpg,4179150,97b4e023,\Rianna James\Old Truck In The Back Field\,{TSRJ01~Rianna James~D97ACE57~Old Truck In The Back Field}
truck d.jpg,4419219,e953a53a,\Rianna James\Old Truck In The Back Field\,{TSRJ01~Rianna James~D97ACE57~Old Truck In The Back Field}
truck e.jpg,4501576,8d454608,\Rianna James\Old Truck In The Back Field\,{TSRJ01~Rianna James~D97ACE57~Old Truck In The Back Field}
truck f.jpg,4435574,24cd31b8,\Rianna James\Old Truck In The Back Field\,{TSRJ01~Rianna James~D97ACE57~Old Truck In The Back Field}
truck g.jpg,4560817,a1366a8f,\Rianna James\Old Truck In The Back Field\,{TSRJ01~Rianna James~D97ACE57~Old Truck In The Back Field}
truck h.jpg,3926297,eb221db3,\Rianna James\Old Truck In The Back Field\,{TSRJ01~Rianna James~D97ACE57~Old Truck In The Back Field}
truck i.jpg,4703781,46e7d3da,\Rianna James\Old Truck In The Back Field\,{TSRJ01~Rianna James~D97ACE57~Old Truck In The Back Field}
truck j.jpg,2879318,d423829e,\Rianna James\Old Truck In The Back Field\,{TSRJ01~Rianna James~D97ACE57~Old Truck In The Back Field}
truck k.jpg,4674628,47d3a3ac,\Rianna James\Old Truck In The Back Field\,{TSRJ01~Rianna James~D97ACE57~Old Truck In The Back Field}
truck l.jpg,3767648,d9124150,\Rianna James\Old Truck In The Back Field\,{TSRJ01~Rianna James~D97ACE57~Old Truck In The Back Field}
truck m.jpg,5605911,9d58bde3,\Rianna James\Old Truck In The Back Field\,{TSRJ01~Rianna James~D97ACE57~Old Truck In The Back Field}
truck n.jpg,5888006,26072254,\Rianna James\Old Truck In The Back Field\,{TSRJ01~Rianna James~D97ACE57~Old Truck In The Back Field}
truck o.jpg,5181386,56474673,\Rianna James\Old Truck In The Back Field\,{TSRJ01~Rianna James~D97ACE57~Old Truck In The Back Field}
truck p.jpg,5139587,8eeca3c8,\Rianna James\Old Truck In The Back Field\,{TSRJ01~Rianna James~D97ACE57~Old Truck In The Back Field}
truck q.jpg,5580732,4d2711b9,\Rianna James\Old Truck In The Back Field\,{TSRJ01~Rianna James~D97ACE57~Old Truck In The Back Field}
truck r.jpg,5865735,af2e72a8,\Rianna James\Old Truck In The Back Field\,{TSRJ01~Rianna James~D97ACE57~Old Truck In The Back Field}
truck s.jpg,5810949,67965d51,\Rianna James\Old Truck In The Back Field\,{TSRJ01~Rianna James~D97ACE57~Old Truck In The Back Field}
truck t.jpg,5966027,d98123de,\Rianna James\Old Truck In The Back Field\,{TSRJ01~Rianna James~D97ACE57~Old Truck In The Back Field}
truck u.jpg,5747801,65fd1b79,\Rianna James\Old Truck In The Back Field\,{TSRJ01~Rianna James~D97ACE57~Old Truck In The Back Field}
truck v.jpg,5681995,cebbf060,\Rianna James\Old Truck In The Back Field\,{TSRJ01~Rianna James~D97ACE57~Old Truck In The Back Field}
truck w.jpg,3298227,4d66120c,\Rianna James\Old Truck In The Back Field\,{TSRJ01~Rianna James~D97ACE57~Old Truck In The Back Field}
truck x.jpg,3428537,f459e76f,\Rianna James\Old Truck In The Back Field\,{TSRJ01~Rianna James~D97ACE57~Old Truck In The Back Field}
truck y.jpg,5985347,b95bd394,\Rianna James\Old Truck In The Back Field\,{TSRJ01~Rianna James~D97ACE57~Old Truck In The Back Field}
truck z.jpg,4942503,f3ff8f27,\Rianna James\Old Truck In The Back Field\,{TSRJ01~Rianna James~D97ACE57~Old Truck In The Back Field}
truck zz.jpg,3676942,675e205e,\Rianna James\Old Truck In The Back Field\,{TSRJ01~Rianna James~D97ACE57~Old Truck In The Back Field}
truck zzz.jpg,5969482,1ec93791,\Rianna James\Old Truck In The Back Field\,{TSRJ01~Rianna James~D97ACE57~Old Truck In The Back Field}
truck zzzz.jpg,5691339,eda2919a,\Rianna James\Old Truck In The Back Field\,{TSRJ01~Rianna James~D97ACE57~Old Truck In The Back Field}
truck zzzzz.jpg,5658199,0af4f6db,\Rianna James\Old Truck In The Back Field\,{TSRJ01~Rianna James~D97ACE57~Old Truck In The Back Field}
outdoor a.jpg,3281341,a047d5b8,\Rianna James\Out For A Hike\,{TSRJ01~Rianna James~5EB6CCD4~Out For A Hike}
outdoor b.jpg,3573216,ff495584,\Rianna James\Out For A Hike\,{TSRJ01~Rianna James~5EB6CCD4~Out For A Hike}
outdoor d.jpg,2779315,0d1bc268,\Rianna James\Out For A Hike\,{TSRJ01~Rianna James~5EB6CCD4~Out For A Hike}
outdoor e.jpg,2916444,3876985a,\Rianna James\Out For A Hike\,{TSRJ01~Rianna James~5EB6CCD4~Out For A Hike}
red curtain 1.jpg,3324493,b089bc7c,\Rianna James\Red Curtains And Rianna\,{TSRJ01~Rianna James~EE3AABA5~Red Curtains And Rianna}
red curtain 10.jpg,3848761,4dd0ddba,\Rianna James\Red Curtains And Rianna\,{TSRJ01~Rianna James~EE3AABA5~Red Curtains And Rianna}
red curtain 11.jpg,5121120,b17636b5,\Rianna James\Red Curtains And Rianna\,{TSRJ01~Rianna James~EE3AABA5~Red Curtains And Rianna}
red curtain 2.jpg,3438885,e1b4ede8,\Rianna James\Red Curtains And Rianna\,{TSRJ01~Rianna James~EE3AABA5~Red Curtains And Rianna}
red curtain 3.jpg,2937818,a1c3f21c,\Rianna James\Red Curtains And Rianna\,{TSRJ01~Rianna James~EE3AABA5~Red Curtains And Rianna}
red curtain 4.jpg,3943476,b63a70a0,\Rianna James\Red Curtains And Rianna\,{TSRJ01~Rianna James~EE3AABA5~Red Curtains And Rianna}
red curtain 5.jpg,3513817,040e7a75,\Rianna James\Red Curtains And Rianna\,{TSRJ01~Rianna James~EE3AABA5~Red Curtains And Rianna}
red curtain 6.jpg,3936710,416f81fa,\Rianna James\Red Curtains And Rianna\,{TSRJ01~Rianna James~EE3AABA5~Red Curtains And Rianna}
red curtain 7.jpg,2681316,1912003a,\Rianna James\Red Curtains And Rianna\,{TSRJ01~Rianna James~EE3AABA5~Red Curtains And Rianna}
red curtain 8.jpg,4749985,b732ca6b,\Rianna James\Red Curtains And Rianna\,{TSRJ01~Rianna James~EE3AABA5~Red Curtains And Rianna}
red curtain 9.jpg,4458005,34143ca7,\Rianna James\Red Curtains And Rianna\,{TSRJ01~Rianna James~EE3AABA5~Red Curtains And Rianna}
confident watermarked resized.jpg,175906,674e3909,\Rianna James\Red Velvet Bench\,{TSRJ01~Rianna James~2A37D830~Red Velvet Bench}
deadly shoot watermark 1.jpg,3914334,8e2b22bd,\Rianna James\Red Velvet Bench\,{TSRJ01~Rianna James~2A37D830~Red Velvet Bench}
deadly shoot watermark 10.jpg,3978436,9f635a7e,\Rianna James\Red Velvet Bench\,{TSRJ01~Rianna James~2A37D830~Red Velvet Bench}
deadly shoot watermark 11.jpg,3259702,3efdbfc6,\Rianna James\Red Velvet Bench\,{TSRJ01~Rianna James~2A37D830~Red Velvet Bench}
deadly shoot watermark 12.jpg,2333115,ad63d12f,\Rianna James\Red Velvet Bench\,{TSRJ01~Rianna James~2A37D830~Red Velvet Bench}
deadly shoot watermark 13.jpg,2250210,afc31df7,\Rianna James\Red Velvet Bench\,{TSRJ01~Rianna James~2A37D830~Red Velvet Bench}
deadly shoot watermark 2.jpg,4040753,dfbda74e,\Rianna James\Red Velvet Bench\,{TSRJ01~Rianna James~2A37D830~Red Velvet Bench}
deadly shoot watermark 3.jpg,3207669,d4d73794,\Rianna James\Red Velvet Bench\,{TSRJ01~Rianna James~2A37D830~Red Velvet Bench}
deadly shoot watermark 4.jpg,3705136,40048ec8,\Rianna James\Red Velvet Bench\,{TSRJ01~Rianna James~2A37D830~Red Velvet Bench}
deadly shoot watermark 5.jpg,2040959,a3f836ac,\Rianna James\Red Velvet Bench\,{TSRJ01~Rianna James~2A37D830~Red Velvet Bench}
deadly shoot watermark 6.jpg,1791207,66139468,\Rianna James\Red Velvet Bench\,{TSRJ01~Rianna James~2A37D830~Red Velvet Bench}
deadly shoot watermark 7.jpg,3672702,ecee9477,\Rianna James\Red Velvet Bench\,{TSRJ01~Rianna James~2A37D830~Red Velvet Bench}
deadly shoot watermark 8.jpg,3175906,9baf410f,\Rianna James\Red Velvet Bench\,{TSRJ01~Rianna James~2A37D830~Red Velvet Bench}
deadly shoot watermark 9.jpg,3996519,8c64de23,\Rianna James\Red Velvet Bench\,{TSRJ01~Rianna James~2A37D830~Red Velvet Bench}
me and carli 1.jpg,3679878,ec41c3ae,\Rianna James\Rianna And Carli\,{TSRJ01~Rianna James~89F1202D~Rianna And Carli}
me and carli 2.jpg,5559146,23a32b53,\Rianna James\Rianna And Carli\,{TSRJ01~Rianna James~89F1202D~Rianna And Carli}
me and carli 3.jpg,2851710,4a756c38,\Rianna James\Rianna And Carli\,{TSRJ01~Rianna James~89F1202D~Rianna And Carli}
me and carli 4.jpg,1788210,976b3c58,\Rianna James\Rianna And Carli\,{TSRJ01~Rianna James~89F1202D~Rianna And Carli}
me and carli 5.jpg,3525212,67825172,\Rianna James\Rianna And Carli\,{TSRJ01~Rianna James~89F1202D~Rianna And Carli}
me with carli 10.jpg,1739447,b292ac12,\Rianna James\Rianna And Carli\,{TSRJ01~Rianna James~89F1202D~Rianna And Carli}
me with carli 11.jpg,2824611,ce0bb2e5,\Rianna James\Rianna And Carli\,{TSRJ01~Rianna James~89F1202D~Rianna And Carli}
me with carli 6.jpg,3656733,04ae8b5c,\Rianna James\Rianna And Carli\,{TSRJ01~Rianna James~89F1202D~Rianna And Carli}
me with carli 7.jpg,3276054,e0920b2d,\Rianna James\Rianna And Carli\,{TSRJ01~Rianna James~89F1202D~Rianna And Carli}
me with carli 8.jpg,3309995,6a830568,\Rianna James\Rianna And Carli\,{TSRJ01~Rianna James~89F1202D~Rianna And Carli}
me with carli 9.jpg,3821236,51c2db61,\Rianna James\Rianna And Carli\,{TSRJ01~Rianna James~89F1202D~Rianna And Carli}
hotel watermark 1.jpg,2480009,285c7908,\Rianna James\Rough Sex With Scott\,{TSRJ01~Rianna James~16ED8A7F~Rough Sex With Scott}
hotel watermark 2.jpg,2051380,057d2310,\Rianna James\Rough Sex With Scott\,{TSRJ01~Rianna James~16ED8A7F~Rough Sex With Scott}
hotel watermark 3.jpg,2537632,ea0d8454,\Rianna James\Rough Sex With Scott\,{TSRJ01~Rianna James~16ED8A7F~Rough Sex With Scott}
hotel watermark 4.jpg,2582742,57599bbb,\Rianna James\Rough Sex With Scott\,{TSRJ01~Rianna James~16ED8A7F~Rough Sex With Scott}
hotel watermark 5.jpg,2050329,7c17fbf2,\Rianna James\Rough Sex With Scott\,{TSRJ01~Rianna James~16ED8A7F~Rough Sex With Scott}
hotel watermark 6.jpg,3344343,ad614e83,\Rianna James\Rough Sex With Scott\,{TSRJ01~Rianna James~16ED8A7F~Rough Sex With Scott}
hotel watermark 7.jpg,2644534,004489c2,\Rianna James\Rough Sex With Scott\,{TSRJ01~Rianna James~16ED8A7F~Rough Sex With Scott}
edit  19.jpg,2521959,cd3f915d,\Rianna James\Scott Knight  Rianna James Oral Pleasure\,{TSRJ01~Rianna James~36DE91FC~Scott Knight Rianna James Oral Pleasure}
edit 1.jpg,1510187,37e54a0c,\Rianna James\Scott Knight  Rianna James Oral Pleasure\,{TSRJ01~Rianna James~36DE91FC~Scott Knight Rianna James Oral Pleasure}
edit 14.jpg,2363691,41213b26,\Rianna James\Scott Knight  Rianna James Oral Pleasure\,{TSRJ01~Rianna James~36DE91FC~Scott Knight Rianna James Oral Pleasure}
edit 15.jpg,2106187,d366c8af,\Rianna James\Scott Knight  Rianna James Oral Pleasure\,{TSRJ01~Rianna James~36DE91FC~Scott Knight Rianna James Oral Pleasure}
edit 16 (1).jpg,1871465,168557da,\Rianna James\Scott Knight  Rianna James Oral Pleasure\,{TSRJ01~Rianna James~36DE91FC~Scott Knight Rianna James Oral Pleasure}
edit 17.jpg,937804,8a2db04a,\Rianna James\Scott Knight  Rianna James Oral Pleasure\,{TSRJ01~Rianna James~36DE91FC~Scott Knight Rianna James Oral Pleasure}
edit 18.jpg,1906525,c204b541,\Rianna James\Scott Knight  Rianna James Oral Pleasure\,{TSRJ01~Rianna James~36DE91FC~Scott Knight Rianna James Oral Pleasure}
edit 2 .jpg,1574165,f5e284f0,\Rianna James\Scott Knight  Rianna James Oral Pleasure\,{TSRJ01~Rianna James~36DE91FC~Scott Knight Rianna James Oral Pleasure}
edit 20.jpg,1323560,bd3d1390,\Rianna James\Scott Knight  Rianna James Oral Pleasure\,{TSRJ01~Rianna James~36DE91FC~Scott Knight Rianna James Oral Pleasure}
edit 21.jpg,2385424,d4d4f95c,\Rianna James\Scott Knight  Rianna James Oral Pleasure\,{TSRJ01~Rianna James~36DE91FC~Scott Knight Rianna James Oral Pleasure}
edit 22.jpg,2619293,438f09a1,\Rianna James\Scott Knight  Rianna James Oral Pleasure\,{TSRJ01~Rianna James~36DE91FC~Scott Knight Rianna James Oral Pleasure}
edit 23.jpg,2685100,56c64273,\Rianna James\Scott Knight  Rianna James Oral Pleasure\,{TSRJ01~Rianna James~36DE91FC~Scott Knight Rianna James Oral Pleasure}
edit 3.jpg,2382978,b8b675f4,\Rianna James\Scott Knight  Rianna James Oral Pleasure\,{TSRJ01~Rianna James~36DE91FC~Scott Knight Rianna James Oral Pleasure}
edit 4 .jpg,2137384,800e9294,\Rianna James\Scott Knight  Rianna James Oral Pleasure\,{TSRJ01~Rianna James~36DE91FC~Scott Knight Rianna James Oral Pleasure}
edit 5 .jpg,2015177,c409e2b8,\Rianna James\Scott Knight  Rianna James Oral Pleasure\,{TSRJ01~Rianna James~36DE91FC~Scott Knight Rianna James Oral Pleasure}
001p.jpg,1919942,0a14da30,\Rianna James\Steampunkpictorial\,{TSRJ01~Rianna James~A1F79743~Steampunkpictorial}
002p.jpg,3687458,279aaa6f,\Rianna James\Steampunkpictorial\,{TSRJ01~Rianna James~A1F79743~Steampunkpictorial}
003p (1).jpg,6426058,919a020c,\Rianna James\Steampunkpictorial\,{TSRJ01~Rianna James~A1F79743~Steampunkpictorial}
004p.jpg,5198401,15210e42,\Rianna James\Steampunkpictorial\,{TSRJ01~Rianna James~A1F79743~Steampunkpictorial}
005p.jpg,3785937,a0fab4c8,\Rianna James\Steampunkpictorial\,{TSRJ01~Rianna James~A1F79743~Steampunkpictorial}
006p.jpg,3849103,179a4fcc,\Rianna James\Steampunkpictorial\,{TSRJ01~Rianna James~A1F79743~Steampunkpictorial}
007p.jpg,7597340,0c4384c0,\Rianna James\Steampunkpictorial\,{TSRJ01~Rianna James~A1F79743~Steampunkpictorial}
008p.jpg,3801156,701d6e21,\Rianna James\Steampunkpictorial\,{TSRJ01~Rianna James~A1F79743~Steampunkpictorial}
009p.jpg,3862600,ba352a83,\Rianna James\Steampunkpictorial\,{TSRJ01~Rianna James~A1F79743~Steampunkpictorial}
010p.jpg,3622702,617b5a0d,\Rianna James\Steampunkpictorial\,{TSRJ01~Rianna James~A1F79743~Steampunkpictorial}
011p.jpg,3981977,741060d9,\Rianna James\Steampunkpictorial\,{TSRJ01~Rianna James~A1F79743~Steampunkpictorial}
012p.jpg,4095943,d3e19c8b,\Rianna James\Steampunkpictorial\,{TSRJ01~Rianna James~A1F79743~Steampunkpictorial}
013p.jpg,2907885,3b0d411a,\Rianna James\Steampunkpictorial\,{TSRJ01~Rianna James~A1F79743~Steampunkpictorial}
014p.jpg,3339011,6dca557b,\Rianna James\Steampunkpictorial\,{TSRJ01~Rianna James~A1F79743~Steampunkpictorial}
015p.jpg,2926173,d43a624a,\Rianna James\Steampunkpictorial\,{TSRJ01~Rianna James~A1F79743~Steampunkpictorial}
016p.jpg,2416031,3fe89d0d,\Rianna James\Steampunkpictorial\,{TSRJ01~Rianna James~A1F79743~Steampunkpictorial}
017p.jpg,3783170,319fd5f6,\Rianna James\Steampunkpictorial\,{TSRJ01~Rianna James~A1F79743~Steampunkpictorial}
018p.jpg,2631413,fb70d172,\Rianna James\Steampunkpictorial\,{TSRJ01~Rianna James~A1F79743~Steampunkpictorial}
019p.jpg,4765388,0b800b6d,\Rianna James\Steampunkpictorial\,{TSRJ01~Rianna James~A1F79743~Steampunkpictorial}
020p.jpg,2953323,b954d988,\Rianna James\Steampunkpictorial\,{TSRJ01~Rianna James~A1F79743~Steampunkpictorial}
021p.jpg,5001255,84933100,\Rianna James\Steampunkpictorial\,{TSRJ01~Rianna James~A1F79743~Steampunkpictorial}
022p.jpg,4725422,2a984473,\Rianna James\Steampunkpictorial\,{TSRJ01~Rianna James~A1F79743~Steampunkpictorial}
023p.jpg,3350925,698932ed,\Rianna James\Steampunkpictorial\,{TSRJ01~Rianna James~A1F79743~Steampunkpictorial}
024p.jpg,4869781,a3d9096e,\Rianna James\Steampunkpictorial\,{TSRJ01~Rianna James~A1F79743~Steampunkpictorial}
025p.jpg,4028485,3f7f89d8,\Rianna James\Steampunkpictorial\,{TSRJ01~Rianna James~A1F79743~Steampunkpictorial}
026p.jpg,4174767,9486f871,\Rianna James\Steampunkpictorial\,{TSRJ01~Rianna James~A1F79743~Steampunkpictorial}
027p.jpg,4532885,f3b676b0,\Rianna James\Steampunkpictorial\,{TSRJ01~Rianna James~A1F79743~Steampunkpictorial}
028p.jpg,5111669,3628bc18,\Rianna James\Steampunkpictorial\,{TSRJ01~Rianna James~A1F79743~Steampunkpictorial}
029p.jpg,5426028,bc904e1e,\Rianna James\Steampunkpictorial\,{TSRJ01~Rianna James~A1F79743~Steampunkpictorial}
030p.jpg,5586991,193c7d29,\Rianna James\Steampunkpictorial\,{TSRJ01~Rianna James~A1F79743~Steampunkpictorial}
031p.jpg,4898386,bc6d99a8,\Rianna James\Steampunkpictorial\,{TSRJ01~Rianna James~A1F79743~Steampunkpictorial}
032p.jpg,5149569,054ac2d5,\Rianna James\Steampunkpictorial\,{TSRJ01~Rianna James~A1F79743~Steampunkpictorial}
033p.jpg,3920419,f8f1764f,\Rianna James\Steampunkpictorial\,{TSRJ01~Rianna James~A1F79743~Steampunkpictorial}
034p.jpg,3056551,d62a16b4,\Rianna James\Steampunkpictorial\,{TSRJ01~Rianna James~A1F79743~Steampunkpictorial}
035p.jpg,4515057,ae740fc7,\Rianna James\Steampunkpictorial\,{TSRJ01~Rianna James~A1F79743~Steampunkpictorial}
incestfantasyskyriannanoheaders_moment(10).jpg,1797090,57880f39,\Rianna James\Stepmom Fantasy With Skylar Adams\,{TSRJ01~Rianna James~E1941DB5~Stepmom Fantasy With Skylar Adams}
incestfantasyskyriannanoheaders_moment(11).jpg,2024858,610a4c13,\Rianna James\Stepmom Fantasy With Skylar Adams\,{TSRJ01~Rianna James~E1941DB5~Stepmom Fantasy With Skylar Adams}
incestfantasyskyriannanoheaders_moment(12).jpg,1937866,4a76f50a,\Rianna James\Stepmom Fantasy With Skylar Adams\,{TSRJ01~Rianna James~E1941DB5~Stepmom Fantasy With Skylar Adams}
incestfantasyskyriannanoheaders_moment(13).jpg,1900000,d327d29c,\Rianna James\Stepmom Fantasy With Skylar Adams\,{TSRJ01~Rianna James~E1941DB5~Stepmom Fantasy With Skylar Adams}
incestfantasyskyriannanoheaders_moment(14).jpg,1982117,55fd3cf9,\Rianna James\Stepmom Fantasy With Skylar Adams\,{TSRJ01~Rianna James~E1941DB5~Stepmom Fantasy With Skylar Adams}
incestfantasyskyriannanoheaders_moment(15).jpg,1704270,cc7b178d,\Rianna James\Stepmom Fantasy With Skylar Adams\,{TSRJ01~Rianna James~E1941DB5~Stepmom Fantasy With Skylar Adams}
incestfantasyskyriannanoheaders_moment(16).jpg,1666091,e0cb6afa,\Rianna James\Stepmom Fantasy With Skylar Adams\,{TSRJ01~Rianna James~E1941DB5~Stepmom Fantasy With Skylar Adams}
incestfantasyskyriannanoheaders_moment(17).jpg,1666862,f6eb742e,\Rianna James\Stepmom Fantasy With Skylar Adams\,{TSRJ01~Rianna James~E1941DB5~Stepmom Fantasy With Skylar Adams}
incestfantasyskyriannanoheaders_moment(18).jpg,1744189,a289dab9,\Rianna James\Stepmom Fantasy With Skylar Adams\,{TSRJ01~Rianna James~E1941DB5~Stepmom Fantasy With Skylar Adams}
incestfantasyskyriannanoheaders_moment(19).jpg,1601544,c0b81c2d,\Rianna James\Stepmom Fantasy With Skylar Adams\,{TSRJ01~Rianna James~E1941DB5~Stepmom Fantasy With Skylar Adams}
incestfantasyskyriannanoheaders_moment(2).jpg,2071437,338c00fc,\Rianna James\Stepmom Fantasy With Skylar Adams\,{TSRJ01~Rianna James~E1941DB5~Stepmom Fantasy With Skylar Adams}
incestfantasyskyriannanoheaders_moment(20).jpg,1600462,c1434a3a,\Rianna James\Stepmom Fantasy With Skylar Adams\,{TSRJ01~Rianna James~E1941DB5~Stepmom Fantasy With Skylar Adams}
incestfantasyskyriannanoheaders_moment(21).jpg,1867546,d087b9c3,\Rianna James\Stepmom Fantasy With Skylar Adams\,{TSRJ01~Rianna James~E1941DB5~Stepmom Fantasy With Skylar Adams}
incestfantasyskyriannanoheaders_moment(22).jpg,1868400,9f83a110,\Rianna James\Stepmom Fantasy With Skylar Adams\,{TSRJ01~Rianna James~E1941DB5~Stepmom Fantasy With Skylar Adams}
incestfantasyskyriannanoheaders_moment(23).jpg,1923698,fd9f25f1,\Rianna James\Stepmom Fantasy With Skylar Adams\,{TSRJ01~Rianna James~E1941DB5~Stepmom Fantasy With Skylar Adams}
incestfantasyskyriannanoheaders_moment(3).jpg,2114500,6c06a621,\Rianna James\Stepmom Fantasy With Skylar Adams\,{TSRJ01~Rianna James~E1941DB5~Stepmom Fantasy With Skylar Adams}
incestfantasyskyriannanoheaders_moment(4).jpg,1854470,c959ed00,\Rianna James\Stepmom Fantasy With Skylar Adams\,{TSRJ01~Rianna James~E1941DB5~Stepmom Fantasy With Skylar Adams}
incestfantasyskyriannanoheaders_moment(5).jpg,1899906,f203bd39,\Rianna James\Stepmom Fantasy With Skylar Adams\,{TSRJ01~Rianna James~E1941DB5~Stepmom Fantasy With Skylar Adams}
incestfantasyskyriannanoheaders_moment(6).jpg,1831790,f2ee29e8,\Rianna James\Stepmom Fantasy With Skylar Adams\,{TSRJ01~Rianna James~E1941DB5~Stepmom Fantasy With Skylar Adams}
incestfantasyskyriannanoheaders_moment(7).jpg,1908245,25de8b0a,\Rianna James\Stepmom Fantasy With Skylar Adams\,{TSRJ01~Rianna James~E1941DB5~Stepmom Fantasy With Skylar Adams}
incestfantasyskyriannanoheaders_moment(8).jpg,1935063,aa896d94,\Rianna James\Stepmom Fantasy With Skylar Adams\,{TSRJ01~Rianna James~E1941DB5~Stepmom Fantasy With Skylar Adams}
incestfantasyskyriannanoheaders_moment(9).jpg,1818155,f688de2d,\Rianna James\Stepmom Fantasy With Skylar Adams\,{TSRJ01~Rianna James~E1941DB5~Stepmom Fantasy With Skylar Adams}
incestfantasyskyriannanoheaders_moment.jpg,1904845,01d73e4c,\Rianna James\Stepmom Fantasy With Skylar Adams\,{TSRJ01~Rianna James~E1941DB5~Stepmom Fantasy With Skylar Adams}
closeup1.jpg,588503,131bcc0c,\Rianna James\Stroking And Vibe Play In Cute Ankle Socks\,{TSRJ01~Rianna James~6435CC96~Stroking And Vibe Play In Cute Ankle Socks}
closeup2.jpg,579554,5bb77a58,\Rianna James\Stroking And Vibe Play In Cute Ankle Socks\,{TSRJ01~Rianna James~6435CC96~Stroking And Vibe Play In Cute Ankle Socks}
closeup3.jpg,144623,a6d541d1,\Rianna James\Stroking And Vibe Play In Cute Ankle Socks\,{TSRJ01~Rianna James~6435CC96~Stroking And Vibe Play In Cute Ankle Socks}
closeup4.jpg,632187,0aed8fc0,\Rianna James\Stroking And Vibe Play In Cute Ankle Socks\,{TSRJ01~Rianna James~6435CC96~Stroking And Vibe Play In Cute Ankle Socks}
closeup5.jpg,596492,1e97637d,\Rianna James\Stroking And Vibe Play In Cute Ankle Socks\,{TSRJ01~Rianna James~6435CC96~Stroking And Vibe Play In Cute Ankle Socks}
closeup6.jpg,515675,a9cd0b12,\Rianna James\Stroking And Vibe Play In Cute Ankle Socks\,{TSRJ01~Rianna James~6435CC96~Stroking And Vibe Play In Cute Ankle Socks}
door10wm.jpg,5074268,5ea1d7f7,\Rianna James\Summer Adventures In The Capital City\,{TSRJ01~Rianna James~98911B61~Summer Adventures In The Capital City}
door11wm.jpg,1177468,82bebadf,\Rianna James\Summer Adventures In The Capital City\,{TSRJ01~Rianna James~98911B61~Summer Adventures In The Capital City}
door12wm.jpg,6292724,ddcf9137,\Rianna James\Summer Adventures In The Capital City\,{TSRJ01~Rianna James~98911B61~Summer Adventures In The Capital City}
door13wm.jpg,6473595,60f4b24e,\Rianna James\Summer Adventures In The Capital City\,{TSRJ01~Rianna James~98911B61~Summer Adventures In The Capital City}
door14wm.jpg,3925576,c7521243,\Rianna James\Summer Adventures In The Capital City\,{TSRJ01~Rianna James~98911B61~Summer Adventures In The Capital City}
door15wm.jpg,5595676,76872a6d,\Rianna James\Summer Adventures In The Capital City\,{TSRJ01~Rianna James~98911B61~Summer Adventures In The Capital City}
door16wm.jpg,5695006,1407a2c2,\Rianna James\Summer Adventures In The Capital City\,{TSRJ01~Rianna James~98911B61~Summer Adventures In The Capital City}
door18wm.jpg,5757559,076a3f5e,\Rianna James\Summer Adventures In The Capital City\,{TSRJ01~Rianna James~98911B61~Summer Adventures In The Capital City}
door19wm.jpg,5639025,228b2ca0,\Rianna James\Summer Adventures In The Capital City\,{TSRJ01~Rianna James~98911B61~Summer Adventures In The Capital City}
door20wm.jpg,5957261,db3d8744,\Rianna James\Summer Adventures In The Capital City\,{TSRJ01~Rianna James~98911B61~Summer Adventures In The Capital City}
door21wm.jpg,6082064,546730eb,\Rianna James\Summer Adventures In The Capital City\,{TSRJ01~Rianna James~98911B61~Summer Adventures In The Capital City}
door2wm.jpg,5139161,582e1e06,\Rianna James\Summer Adventures In The Capital City\,{TSRJ01~Rianna James~98911B61~Summer Adventures In The Capital City}
door3wm.jpg,4965499,9c58dd8a,\Rianna James\Summer Adventures In The Capital City\,{TSRJ01~Rianna James~98911B61~Summer Adventures In The Capital City}
door4wm.jpg,4814514,4ea290cb,\Rianna James\Summer Adventures In The Capital City\,{TSRJ01~Rianna James~98911B61~Summer Adventures In The Capital City}
door5wm.jpg,4836277,89e24589,\Rianna James\Summer Adventures In The Capital City\,{TSRJ01~Rianna James~98911B61~Summer Adventures In The Capital City}
door6wm.jpg,5528481,a0eadea9,\Rianna James\Summer Adventures In The Capital City\,{TSRJ01~Rianna James~98911B61~Summer Adventures In The Capital City}
door7wm.jpg,6053176,c3aa966e,\Rianna James\Summer Adventures In The Capital City\,{TSRJ01~Rianna James~98911B61~Summer Adventures In The Capital City}
door8wm.jpg,5315807,b2a93539,\Rianna James\Summer Adventures In The Capital City\,{TSRJ01~Rianna James~98911B61~Summer Adventures In The Capital City}
door9wm.jpg,4905554,c7951a0c,\Rianna James\Summer Adventures In The Capital City\,{TSRJ01~Rianna James~98911B61~Summer Adventures In The Capital City}
mag 1.jpg,6410380,8e53c7b2,\Rianna James\Sunday Afternoon Reading\,{TSRJ01~Rianna James~EC9E3CEE~Sunday Afternoon Reading}
mag 10.jpg,4805974,4acda5f5,\Rianna James\Sunday Afternoon Reading\,{TSRJ01~Rianna James~EC9E3CEE~Sunday Afternoon Reading}
mag 11.jpg,4488525,b096b0fe,\Rianna James\Sunday Afternoon Reading\,{TSRJ01~Rianna James~EC9E3CEE~Sunday Afternoon Reading}
mag 12.jpg,4102493,e2112aff,\Rianna James\Sunday Afternoon Reading\,{TSRJ01~Rianna James~EC9E3CEE~Sunday Afternoon Reading}
mag 13.jpg,3542949,59f7ee96,\Rianna James\Sunday Afternoon Reading\,{TSRJ01~Rianna James~EC9E3CEE~Sunday Afternoon Reading}
mag 15.jpg,4428617,b4c5e4b7,\Rianna James\Sunday Afternoon Reading\,{TSRJ01~Rianna James~EC9E3CEE~Sunday Afternoon Reading}
mag 2.jpg,3119609,67be3310,\Rianna James\Sunday Afternoon Reading\,{TSRJ01~Rianna James~EC9E3CEE~Sunday Afternoon Reading}
mag 3.jpg,3308508,ed655f1a,\Rianna James\Sunday Afternoon Reading\,{TSRJ01~Rianna James~EC9E3CEE~Sunday Afternoon Reading}
mag 4.jpg,3682574,83e063ae,\Rianna James\Sunday Afternoon Reading\,{TSRJ01~Rianna James~EC9E3CEE~Sunday Afternoon Reading}
mag 5.jpg,2935085,dbe4c896,\Rianna James\Sunday Afternoon Reading\,{TSRJ01~Rianna James~EC9E3CEE~Sunday Afternoon Reading}
mag 6.jpg,4052869,25af113f,\Rianna James\Sunday Afternoon Reading\,{TSRJ01~Rianna James~EC9E3CEE~Sunday Afternoon Reading}
mag 7.jpg,3429969,fc8565d6,\Rianna James\Sunday Afternoon Reading\,{TSRJ01~Rianna James~EC9E3CEE~Sunday Afternoon Reading}
mag 9.jpg,4974459,8f8d2c10,\Rianna James\Sunday Afternoon Reading\,{TSRJ01~Rianna James~EC9E3CEE~Sunday Afternoon Reading}
edit 1 feb10.jpg,7529523,9e75b344,\Rianna James\Tease And Denial In Black\,{TSRJ01~Rianna James~EC718564~Tease And Denial In Black}
edit 10 feb10.jpg,6116700,35492682,\Rianna James\Tease And Denial In Black\,{TSRJ01~Rianna James~EC718564~Tease And Denial In Black}
edit 11 feb10.jpg,5867141,45d2f103,\Rianna James\Tease And Denial In Black\,{TSRJ01~Rianna James~EC718564~Tease And Denial In Black}
edit 12 feb10.jpg,5343083,652523f7,\Rianna James\Tease And Denial In Black\,{TSRJ01~Rianna James~EC718564~Tease And Denial In Black}
edit 13 feb10.jpg,6668612,f2071b1e,\Rianna James\Tease And Denial In Black\,{TSRJ01~Rianna James~EC718564~Tease And Denial In Black}
edit 14 feb10.jpg,6253397,a2286b29,\Rianna James\Tease And Denial In Black\,{TSRJ01~Rianna James~EC718564~Tease And Denial In Black}
edit 15 feb10.jpg,5855959,e239b069,\Rianna James\Tease And Denial In Black\,{TSRJ01~Rianna James~EC718564~Tease And Denial In Black}
edit 16 feb10.jpg,5805035,7225c0e3,\Rianna James\Tease And Denial In Black\,{TSRJ01~Rianna James~EC718564~Tease And Denial In Black}
edit 17 feb10.jpg,6616799,f2b76abd,\Rianna James\Tease And Denial In Black\,{TSRJ01~Rianna James~EC718564~Tease And Denial In Black}
edit 18 feb10.jpg,7156390,12e8bb0d,\Rianna James\Tease And Denial In Black\,{TSRJ01~Rianna James~EC718564~Tease And Denial In Black}
edit 19 feb10.jpg,8992012,5d83c174,\Rianna James\Tease And Denial In Black\,{TSRJ01~Rianna James~EC718564~Tease And Denial In Black}
edit 2 feb10.jpg,7698702,d7b2a7cd,\Rianna James\Tease And Denial In Black\,{TSRJ01~Rianna James~EC718564~Tease And Denial In Black}
edit 20 feb10.jpg,7620318,403f8b69,\Rianna James\Tease And Denial In Black\,{TSRJ01~Rianna James~EC718564~Tease And Denial In Black}
edit 21 feb10.jpg,6772574,8061bfe7,\Rianna James\Tease And Denial In Black\,{TSRJ01~Rianna James~EC718564~Tease And Denial In Black}
edit 22 feb10.jpg,5906172,849d062b,\Rianna James\Tease And Denial In Black\,{TSRJ01~Rianna James~EC718564~Tease And Denial In Black}
edit 23 feb10.jpg,5862267,1f477d8a,\Rianna James\Tease And Denial In Black\,{TSRJ01~Rianna James~EC718564~Tease And Denial In Black}
edit 24 feb10.jpg,6208112,5a59580b,\Rianna James\Tease And Denial In Black\,{TSRJ01~Rianna James~EC718564~Tease And Denial In Black}
edit 25 feb10.jpg,6426025,efb524fb,\Rianna James\Tease And Denial In Black\,{TSRJ01~Rianna James~EC718564~Tease And Denial In Black}
edit 26 feb10.jpg,5210063,940d8eaf,\Rianna James\Tease And Denial In Black\,{TSRJ01~Rianna James~EC718564~Tease And Denial In Black}
edit 27 feb10.jpg,7116555,caa6a338,\Rianna James\Tease And Denial In Black\,{TSRJ01~Rianna James~EC718564~Tease And Denial In Black}
edit 28 feb10.jpg,6800232,705fd898,\Rianna James\Tease And Denial In Black\,{TSRJ01~Rianna James~EC718564~Tease And Denial In Black}
edit 29 feb10.jpg,5516184,2ed0feab,\Rianna James\Tease And Denial In Black\,{TSRJ01~Rianna James~EC718564~Tease And Denial In Black}
edit 3 feb10.jpg,6948825,f2f3c081,\Rianna James\Tease And Denial In Black\,{TSRJ01~Rianna James~EC718564~Tease And Denial In Black}
edit 30 feb10.jpg,5782312,4677469f,\Rianna James\Tease And Denial In Black\,{TSRJ01~Rianna James~EC718564~Tease And Denial In Black}
edit 4 feb10.jpg,5915665,c745df1d,\Rianna James\Tease And Denial In Black\,{TSRJ01~Rianna James~EC718564~Tease And Denial In Black}
edit 5 feb10.jpg,6391888,945a5048,\Rianna James\Tease And Denial In Black\,{TSRJ01~Rianna James~EC718564~Tease And Denial In Black}
edit 6 feb10.jpg,5893508,43762c6b,\Rianna James\Tease And Denial In Black\,{TSRJ01~Rianna James~EC718564~Tease And Denial In Black}
edit 7 feb10.jpg,5869251,59d523b3,\Rianna James\Tease And Denial In Black\,{TSRJ01~Rianna James~EC718564~Tease And Denial In Black}
edit 8 feb10.jpg,6058314,d4dc0a05,\Rianna James\Tease And Denial In Black\,{TSRJ01~Rianna James~EC718564~Tease And Denial In Black}
edit 9 feb10.jpg,6056181,0c68effb,\Rianna James\Tease And Denial In Black\,{TSRJ01~Rianna James~EC718564~Tease And Denial In Black}
purpletext10.jpg,1529346,8dbcd1c8,\Rianna James\Text Play With An Adoring Fan\,{TSRJ01~Rianna James~565E8A3A~Text Play With An Adoring Fan}
purpletext11.jpg,2392113,6e76b4a2,\Rianna James\Text Play With An Adoring Fan\,{TSRJ01~Rianna James~565E8A3A~Text Play With An Adoring Fan}
purpletext12.jpg,1702045,5d318bd3,\Rianna James\Text Play With An Adoring Fan\,{TSRJ01~Rianna James~565E8A3A~Text Play With An Adoring Fan}
purpletext3.jpg,698387,cb9d402a,\Rianna James\Text Play With An Adoring Fan\,{TSRJ01~Rianna James~565E8A3A~Text Play With An Adoring Fan}
purpletext4.jpg,701061,28d2e8aa,\Rianna James\Text Play With An Adoring Fan\,{TSRJ01~Rianna James~565E8A3A~Text Play With An Adoring Fan}
purpletext5.jpg,503195,03e2eaf6,\Rianna James\Text Play With An Adoring Fan\,{TSRJ01~Rianna James~565E8A3A~Text Play With An Adoring Fan}
purpletext7.jpg,593365,eeab0c11,\Rianna James\Text Play With An Adoring Fan\,{TSRJ01~Rianna James~565E8A3A~Text Play With An Adoring Fan}
purpletext8.jpg,608204,e21235e0,\Rianna James\Text Play With An Adoring Fan\,{TSRJ01~Rianna James~565E8A3A~Text Play With An Adoring Fan}
purpletext9.jpg,2448665,ed592d79,\Rianna James\Text Play With An Adoring Fan\,{TSRJ01~Rianna James~565E8A3A~Text Play With An Adoring Fan}
20191108_140051.jpg,4754528,42e02ede,\Rianna James\The Interview Foot Worhship And Humiliation\,{TSRJ01~Rianna James~C54948EB~The Interview Foot Worhship And Humiliation}
20191108_140214.jpg,4403721,71cd0824,\Rianna James\The Interview Foot Worhship And Humiliation\,{TSRJ01~Rianna James~C54948EB~The Interview Foot Worhship And Humiliation}
20191108_140218.jpg,3963307,8088c674,\Rianna James\The Interview Foot Worhship And Humiliation\,{TSRJ01~Rianna James~C54948EB~The Interview Foot Worhship And Humiliation}
20191108_140237.jpg,4752187,334dfe50,\Rianna James\The Interview Foot Worhship And Humiliation\,{TSRJ01~Rianna James~C54948EB~The Interview Foot Worhship And Humiliation}
20191108_140309.jpg,3512490,208c88f6,\Rianna James\The Interview Foot Worhship And Humiliation\,{TSRJ01~Rianna James~C54948EB~The Interview Foot Worhship And Humiliation}
20191108_140344.jpg,3456491,08092f8f,\Rianna James\The Interview Foot Worhship And Humiliation\,{TSRJ01~Rianna James~C54948EB~The Interview Foot Worhship And Humiliation}
20191108_140731_001.jpg,4103527,74ec2399,\Rianna James\The Interview Foot Worhship And Humiliation\,{TSRJ01~Rianna James~C54948EB~The Interview Foot Worhship And Humiliation}
20191108_140740.jpg,3150186,ff0e99de,\Rianna James\The Interview Foot Worhship And Humiliation\,{TSRJ01~Rianna James~C54948EB~The Interview Foot Worhship And Humiliation}
20191108_140817.jpg,673610,f4509469,\Rianna James\The Interview Foot Worhship And Humiliation\,{TSRJ01~Rianna James~C54948EB~The Interview Foot Worhship And Humiliation}
20191108_140832.jpg,4078249,e770115e,\Rianna James\The Interview Foot Worhship And Humiliation\,{TSRJ01~Rianna James~C54948EB~The Interview Foot Worhship And Humiliation}
20191108_140908.jpg,4445130,0d5239c2,\Rianna James\The Interview Foot Worhship And Humiliation\,{TSRJ01~Rianna James~C54948EB~The Interview Foot Worhship And Humiliation}
20191108_140924.jpg,3806621,e8597fdc,\Rianna James\The Interview Foot Worhship And Humiliation\,{TSRJ01~Rianna James~C54948EB~The Interview Foot Worhship And Humiliation}
20191108_140930.jpg,3170230,0ddeddc9,\Rianna James\The Interview Foot Worhship And Humiliation\,{TSRJ01~Rianna James~C54948EB~The Interview Foot Worhship And Humiliation}
20191108_140936.jpg,4338859,9629c816,\Rianna James\The Interview Foot Worhship And Humiliation\,{TSRJ01~Rianna James~C54948EB~The Interview Foot Worhship And Humiliation}
20191108_140940.jpg,3982978,5e73687c,\Rianna James\The Interview Foot Worhship And Humiliation\,{TSRJ01~Rianna James~C54948EB~The Interview Foot Worhship And Humiliation}
20191108_141008(0).jpg,3832528,0964878e,\Rianna James\The Interview Foot Worhship And Humiliation\,{TSRJ01~Rianna James~C54948EB~The Interview Foot Worhship And Humiliation}
20191108_141010.jpg,4432478,d4cdaf9c,\Rianna James\The Interview Foot Worhship And Humiliation\,{TSRJ01~Rianna James~C54948EB~The Interview Foot Worhship And Humiliation}
20191108_141031_001.jpg,4661743,27459d11,\Rianna James\The Interview Foot Worhship And Humiliation\,{TSRJ01~Rianna James~C54948EB~The Interview Foot Worhship And Humiliation}
20191108_141052.jpg,3068552,c03b2dbd,\Rianna James\The Interview Foot Worhship And Humiliation\,{TSRJ01~Rianna James~C54948EB~The Interview Foot Worhship And Humiliation}
20191108_141115.jpg,3180147,7f10944d,\Rianna James\The Interview Foot Worhship And Humiliation\,{TSRJ01~Rianna James~C54948EB~The Interview Foot Worhship And Humiliation}
20191108_141125.jpg,3658915,d79f5041,\Rianna James\The Interview Foot Worhship And Humiliation\,{TSRJ01~Rianna James~C54948EB~The Interview Foot Worhship And Humiliation}
20191108_141137.jpg,2799334,26de3a2b,\Rianna James\The Interview Foot Worhship And Humiliation\,{TSRJ01~Rianna James~C54948EB~The Interview Foot Worhship And Humiliation}
20191108_141143.jpg,2886460,5b6db1dd,\Rianna James\The Interview Foot Worhship And Humiliation\,{TSRJ01~Rianna James~C54948EB~The Interview Foot Worhship And Humiliation}
20191108_141239.jpg,3053926,4b6b5d3c,\Rianna James\The Interview Foot Worhship And Humiliation\,{TSRJ01~Rianna James~C54948EB~The Interview Foot Worhship And Humiliation}
20191108_141301.jpg,2916908,2ef7918c,\Rianna James\The Interview Foot Worhship And Humiliation\,{TSRJ01~Rianna James~C54948EB~The Interview Foot Worhship And Humiliation}
20191108_141304.jpg,3110175,8ae00ca8,\Rianna James\The Interview Foot Worhship And Humiliation\,{TSRJ01~Rianna James~C54948EB~The Interview Foot Worhship And Humiliation}
20191108_141309.jpg,3046873,5c62dcc9,\Rianna James\The Interview Foot Worhship And Humiliation\,{TSRJ01~Rianna James~C54948EB~The Interview Foot Worhship And Humiliation}
20191108_141317.jpg,3160113,294a7eba,\Rianna James\The Interview Foot Worhship And Humiliation\,{TSRJ01~Rianna James~C54948EB~The Interview Foot Worhship And Humiliation}
boob grab.jpg,2565130,e3e8e0e9,\Rianna James\Welding Shop Playtime Outside\,{TSRJ01~Rianna James~9A9D9CB6~Welding Shop Playtime Outside}
butt plug.jpg,2326169,87fe86e7,\Rianna James\Welding Shop Playtime Outside\,{TSRJ01~Rianna James~9A9D9CB6~Welding Shop Playtime Outside}
dirty shoe.jpg,2848024,80a3d71e,\Rianna James\Welding Shop Playtime Outside\,{TSRJ01~Rianna James~9A9D9CB6~Welding Shop Playtime Outside}
glasses.jpg,1793637,e4fdc886,\Rianna James\Welding Shop Playtime Outside\,{TSRJ01~Rianna James~9A9D9CB6~Welding Shop Playtime Outside}
hand up.jpg,1431679,7ccbe980,\Rianna James\Welding Shop Playtime Outside\,{TSRJ01~Rianna James~9A9D9CB6~Welding Shop Playtime Outside}
look back 1 (2).jpg,2845145,254b826d,\Rianna James\Welding Shop Playtime Outside\,{TSRJ01~Rianna James~9A9D9CB6~Welding Shop Playtime Outside}
look back 2.jpg,2991108,dd38e80b,\Rianna James\Welding Shop Playtime Outside\,{TSRJ01~Rianna James~9A9D9CB6~Welding Shop Playtime Outside}
20191030_144821.jpg,2561812,8305dc77,\Rianna James\White Body Stocking Dripping With Oil\,{TSRJ01~Rianna James~B7B152E9~White Body Stocking Dripping With Oil}
20191030_144855.jpg,1894059,34ccacd2,\Rianna James\White Body Stocking Dripping With Oil\,{TSRJ01~Rianna James~B7B152E9~White Body Stocking Dripping With Oil}
20191030_145052.jpg,1760025,a1a462ca,\Rianna James\White Body Stocking Dripping With Oil\,{TSRJ01~Rianna James~B7B152E9~White Body Stocking Dripping With Oil}
20191030_152020.jpg,1769761,90f89bff,\Rianna James\White Body Stocking Dripping With Oil\,{TSRJ01~Rianna James~B7B152E9~White Body Stocking Dripping With Oil}
20191030_152027.jpg,1757035,c34f2600,\Rianna James\White Body Stocking Dripping With Oil\,{TSRJ01~Rianna James~B7B152E9~White Body Stocking Dripping With Oil}
20191030_152033.jpg,1715823,a37d0852,\Rianna James\White Body Stocking Dripping With Oil\,{TSRJ01~Rianna James~B7B152E9~White Body Stocking Dripping With Oil}
20191030_152035.jpg,2039970,c6afe26f,\Rianna James\White Body Stocking Dripping With Oil\,{TSRJ01~Rianna James~B7B152E9~White Body Stocking Dripping With Oil}
20191030_152041.jpg,1773769,2ea5fe4d,\Rianna James\White Body Stocking Dripping With Oil\,{TSRJ01~Rianna James~B7B152E9~White Body Stocking Dripping With Oil}
20191030_152113.jpg,2991874,194720ee,\Rianna James\White Body Stocking Dripping With Oil\,{TSRJ01~Rianna James~B7B152E9~White Body Stocking Dripping With Oil}
20191030_152128.jpg,2513321,a4910686,\Rianna James\White Body Stocking Dripping With Oil\,{TSRJ01~Rianna James~B7B152E9~White Body Stocking Dripping With Oil}
airbrush_20191030165630.jpg,241504,54008424,\Rianna James\White Body Stocking Dripping With Oil\,{TSRJ01~Rianna James~B7B152E9~White Body Stocking Dripping With Oil}