img_2232.jpg,344598,5CB6FE83,\2025-06\18 - Ashley Aspen - Its Summertime\,{TPOV05~2025-06~1E0EF21F~18 - Ashley Aspen - Its Summertime}
img_2233.jpg,336642,281A942B,\2025-06\18 - Ashley Aspen - Its Summertime\,{TPOV05~2025-06~1E0EF21F~18 - Ashley Aspen - Its Summertime}
img_2234.jpg,343813,60513224,\2025-06\18 - Ashley Aspen - Its Summertime\,{TPOV05~2025-06~1E0EF21F~18 - Ashley Aspen - Its Summertime}
img_2235.jpg,341210,BA259EEA,\2025-06\18 - Ashley Aspen - Its Summertime\,{TPOV05~2025-06~1E0EF21F~18 - Ashley Aspen - Its Summertime}
img_2236.jpg,332900,B42C7E9F,\2025-06\18 - Ashley Aspen - Its Summertime\,{TPOV05~2025-06~1E0EF21F~18 - Ashley Aspen - Its Summertime}
img_2237.jpg,343502,7AF9F06A,\2025-06\18 - Ashley Aspen - Its Summertime\,{TPOV05~2025-06~1E0EF21F~18 - Ashley Aspen - Its Summertime}
img_2238.jpg,342635,1DC2EC01,\2025-06\18 - Ashley Aspen - Its Summertime\,{TPOV05~2025-06~1E0EF21F~18 - Ashley Aspen - Its Summertime}
img_2239.jpg,339154,CF4FBAA7,\2025-06\18 - Ashley Aspen - Its Summertime\,{TPOV05~2025-06~1E0EF21F~18 - Ashley Aspen - Its Summertime}
img_2240.jpg,331398,94D9CFAF,\2025-06\18 - Ashley Aspen - Its Summertime\,{TPOV05~2025-06~1E0EF21F~18 - Ashley Aspen - Its Summertime}
img_2241.jpg,341415,12CE43F0,\2025-06\18 - Ashley Aspen - Its Summertime\,{TPOV05~2025-06~1E0EF21F~18 - Ashley Aspen - Its Summertime}
img_2242.jpg,319039,919ECE1A,\2025-06\18 - Ashley Aspen - Its Summertime\,{TPOV05~2025-06~1E0EF21F~18 - Ashley Aspen - Its Summertime}
img_2243.jpg,318985,818DF4D7,\2025-06\18 - Ashley Aspen - Its Summertime\,{TPOV05~2025-06~1E0EF21F~18 - Ashley Aspen - Its Summertime}
img_2244.jpg,317780,BE7479DE,\2025-06\18 - Ashley Aspen - Its Summertime\,{TPOV05~2025-06~1E0EF21F~18 - Ashley Aspen - Its Summertime}
img_2245.jpg,319141,CD8A16C7,\2025-06\18 - Ashley Aspen - Its Summertime\,{TPOV05~2025-06~1E0EF21F~18 - Ashley Aspen - Its Summertime}
img_2246.jpg,319367,49F71934,\2025-06\18 - Ashley Aspen - Its Summertime\,{TPOV05~2025-06~1E0EF21F~18 - Ashley Aspen - Its Summertime}
img_2247.jpg,318938,B045C112,\2025-06\18 - Ashley Aspen - Its Summertime\,{TPOV05~2025-06~1E0EF21F~18 - Ashley Aspen - Its Summertime}
img_2248.jpg,317917,CD3F130E,\2025-06\18 - Ashley Aspen - Its Summertime\,{TPOV05~2025-06~1E0EF21F~18 - Ashley Aspen - Its Summertime}
img_2249.jpg,337316,F1D79EA7,\2025-06\18 - Ashley Aspen - Its Summertime\,{TPOV05~2025-06~1E0EF21F~18 - Ashley Aspen - Its Summertime}
img_2250.jpg,330537,26C2C995,\2025-06\18 - Ashley Aspen - Its Summertime\,{TPOV05~2025-06~1E0EF21F~18 - Ashley Aspen - Its Summertime}
img_2251.jpg,324645,B6EA2B1C,\2025-06\18 - Ashley Aspen - Its Summertime\,{TPOV05~2025-06~1E0EF21F~18 - Ashley Aspen - Its Summertime}
img_2252.jpg,327966,D3D5EC2E,\2025-06\18 - Ashley Aspen - Its Summertime\,{TPOV05~2025-06~1E0EF21F~18 - Ashley Aspen - Its Summertime}
img_2253.jpg,335105,E14F5F31,\2025-06\18 - Ashley Aspen - Its Summertime\,{TPOV05~2025-06~1E0EF21F~18 - Ashley Aspen - Its Summertime}
img_2254.jpg,341987,AC0D7FC6,\2025-06\18 - Ashley Aspen - Its Summertime\,{TPOV05~2025-06~1E0EF21F~18 - Ashley Aspen - Its Summertime}
img_2255.jpg,322004,EED32B65,\2025-06\18 - Ashley Aspen - Its Summertime\,{TPOV05~2025-06~1E0EF21F~18 - Ashley Aspen - Its Summertime}
img_2256.jpg,327000,E02F6766,\2025-06\18 - Ashley Aspen - Its Summertime\,{TPOV05~2025-06~1E0EF21F~18 - Ashley Aspen - Its Summertime}
img_2257.jpg,325037,BB89758A,\2025-06\18 - Ashley Aspen - Its Summertime\,{TPOV05~2025-06~1E0EF21F~18 - Ashley Aspen - Its Summertime}
img_2258.jpg,331462,4E19C0F2,\2025-06\18 - Ashley Aspen - Its Summertime\,{TPOV05~2025-06~1E0EF21F~18 - Ashley Aspen - Its Summertime}
img_2259.jpg,318773,F9FB4514,\2025-06\18 - Ashley Aspen - Its Summertime\,{TPOV05~2025-06~1E0EF21F~18 - Ashley Aspen - Its Summertime}
img_2260.jpg,338712,26091B8A,\2025-06\18 - Ashley Aspen - Its Summertime\,{TPOV05~2025-06~1E0EF21F~18 - Ashley Aspen - Its Summertime}
img_2261.jpg,325590,2FC61A4B,\2025-06\18 - Ashley Aspen - Its Summertime\,{TPOV05~2025-06~1E0EF21F~18 - Ashley Aspen - Its Summertime}
img_2262.jpg,326830,4C1BAC68,\2025-06\18 - Ashley Aspen - Its Summertime\,{TPOV05~2025-06~1E0EF21F~18 - Ashley Aspen - Its Summertime}
img_2263.jpg,334399,D93016F6,\2025-06\18 - Ashley Aspen - Its Summertime\,{TPOV05~2025-06~1E0EF21F~18 - Ashley Aspen - Its Summertime}
img_2264.jpg,287812,D4D2F8D7,\2025-06\18 - Ashley Aspen - Its Summertime\,{TPOV05~2025-06~1E0EF21F~18 - Ashley Aspen - Its Summertime}
img_2265.jpg,293081,FE65D125,\2025-06\18 - Ashley Aspen - Its Summertime\,{TPOV05~2025-06~1E0EF21F~18 - Ashley Aspen - Its Summertime}
img_2266.jpg,311080,59984356,\2025-06\18 - Ashley Aspen - Its Summertime\,{TPOV05~2025-06~1E0EF21F~18 - Ashley Aspen - Its Summertime}
img_2267.jpg,315361,DF73035B,\2025-06\18 - Ashley Aspen - Its Summertime\,{TPOV05~2025-06~1E0EF21F~18 - Ashley Aspen - Its Summertime}
img_2269.jpg,318762,BED04D86,\2025-06\18 - Ashley Aspen - Its Summertime\,{TPOV05~2025-06~1E0EF21F~18 - Ashley Aspen - Its Summertime}
img_2270.jpg,326542,D2428D4B,\2025-06\18 - Ashley Aspen - Its Summertime\,{TPOV05~2025-06~1E0EF21F~18 - Ashley Aspen - Its Summertime}
img_2271.jpg,308914,2CB575BD,\2025-06\18 - Ashley Aspen - Its Summertime\,{TPOV05~2025-06~1E0EF21F~18 - Ashley Aspen - Its Summertime}
img_2272.jpg,304731,5624DDA8,\2025-06\18 - Ashley Aspen - Its Summertime\,{TPOV05~2025-06~1E0EF21F~18 - Ashley Aspen - Its Summertime}
img_2273.jpg,329318,05B975D2,\2025-06\18 - Ashley Aspen - Its Summertime\,{TPOV05~2025-06~1E0EF21F~18 - Ashley Aspen - Its Summertime}
img_2274.jpg,332787,367B9FD1,\2025-06\18 - Ashley Aspen - Its Summertime\,{TPOV05~2025-06~1E0EF21F~18 - Ashley Aspen - Its Summertime}
img_2275.jpg,332182,B0CE58C8,\2025-06\18 - Ashley Aspen - Its Summertime\,{TPOV05~2025-06~1E0EF21F~18 - Ashley Aspen - Its Summertime}
img_2276.jpg,355518,A3112537,\2025-06\18 - Ashley Aspen - Its Summertime\,{TPOV05~2025-06~1E0EF21F~18 - Ashley Aspen - Its Summertime}
img_2277.jpg,369615,D7E5DFA4,\2025-06\18 - Ashley Aspen - Its Summertime\,{TPOV05~2025-06~1E0EF21F~18 - Ashley Aspen - Its Summertime}
img_2278.jpg,365383,3A007343,\2025-06\18 - Ashley Aspen - Its Summertime\,{TPOV05~2025-06~1E0EF21F~18 - Ashley Aspen - Its Summertime}
img_2279.jpg,355765,E542618D,\2025-06\18 - Ashley Aspen - Its Summertime\,{TPOV05~2025-06~1E0EF21F~18 - Ashley Aspen - Its Summertime}
img_2280.jpg,368995,BD714C06,\2025-06\18 - Ashley Aspen - Its Summertime\,{TPOV05~2025-06~1E0EF21F~18 - Ashley Aspen - Its Summertime}
img_2281.jpg,369920,5A0FE2B9,\2025-06\18 - Ashley Aspen - Its Summertime\,{TPOV05~2025-06~1E0EF21F~18 - Ashley Aspen - Its Summertime}
img_2282.jpg,251575,E52770C5,\2025-06\18 - Ashley Aspen - Its Summertime\,{TPOV05~2025-06~1E0EF21F~18 - Ashley Aspen - Its Summertime}
img_2283.jpg,248490,F09D31EA,\2025-06\18 - Ashley Aspen - Its Summertime\,{TPOV05~2025-06~1E0EF21F~18 - Ashley Aspen - Its Summertime}
img_2284.jpg,257121,79074D91,\2025-06\18 - Ashley Aspen - Its Summertime\,{TPOV05~2025-06~1E0EF21F~18 - Ashley Aspen - Its Summertime}
img_2285.jpg,306934,F104EFF0,\2025-06\18 - Ashley Aspen - Its Summertime\,{TPOV05~2025-06~1E0EF21F~18 - Ashley Aspen - Its Summertime}
img_2286.jpg,304588,69C3A8A3,\2025-06\18 - Ashley Aspen - Its Summertime\,{TPOV05~2025-06~1E0EF21F~18 - Ashley Aspen - Its Summertime}
img_2287.jpg,299799,55E6B291,\2025-06\18 - Ashley Aspen - Its Summertime\,{TPOV05~2025-06~1E0EF21F~18 - Ashley Aspen - Its Summertime}
img_2288.jpg,295484,4A071029,\2025-06\18 - Ashley Aspen - Its Summertime\,{TPOV05~2025-06~1E0EF21F~18 - Ashley Aspen - Its Summertime}
img_2289.jpg,316959,FE8D9DE4,\2025-06\18 - Ashley Aspen - Its Summertime\,{TPOV05~2025-06~1E0EF21F~18 - Ashley Aspen - Its Summertime}
img_2290.jpg,310587,36DEDD17,\2025-06\18 - Ashley Aspen - Its Summertime\,{TPOV05~2025-06~1E0EF21F~18 - Ashley Aspen - Its Summertime}
img_2291.jpg,307853,3215D74A,\2025-06\18 - Ashley Aspen - Its Summertime\,{TPOV05~2025-06~1E0EF21F~18 - Ashley Aspen - Its Summertime}
img_2292.jpg,306547,85ADA3B2,\2025-06\18 - Ashley Aspen - Its Summertime\,{TPOV05~2025-06~1E0EF21F~18 - Ashley Aspen - Its Summertime}
img_2293.jpg,312701,29BAD460,\2025-06\18 - Ashley Aspen - Its Summertime\,{TPOV05~2025-06~1E0EF21F~18 - Ashley Aspen - Its Summertime}
img_2294.jpg,384170,6DAFA8BD,\2025-06\18 - Ashley Aspen - Its Summertime\,{TPOV05~2025-06~1E0EF21F~18 - Ashley Aspen - Its Summertime}
img_2295.jpg,378616,335EFA45,\2025-06\18 - Ashley Aspen - Its Summertime\,{TPOV05~2025-06~1E0EF21F~18 - Ashley Aspen - Its Summertime}
img_2296.jpg,381353,B842318E,\2025-06\18 - Ashley Aspen - Its Summertime\,{TPOV05~2025-06~1E0EF21F~18 - Ashley Aspen - Its Summertime}
img_2297.jpg,379957,226E900D,\2025-06\18 - Ashley Aspen - Its Summertime\,{TPOV05~2025-06~1E0EF21F~18 - Ashley Aspen - Its Summertime}
img_2298.jpg,359758,C5DE14F7,\2025-06\18 - Ashley Aspen - Its Summertime\,{TPOV05~2025-06~1E0EF21F~18 - Ashley Aspen - Its Summertime}
img_2299.jpg,360036,9E653E42,\2025-06\18 - Ashley Aspen - Its Summertime\,{TPOV05~2025-06~1E0EF21F~18 - Ashley Aspen - Its Summertime}
img_2300.jpg,353752,6626CA2C,\2025-06\18 - Ashley Aspen - Its Summertime\,{TPOV05~2025-06~1E0EF21F~18 - Ashley Aspen - Its Summertime}
img_2301.jpg,366745,BF1500E6,\2025-06\18 - Ashley Aspen - Its Summertime\,{TPOV05~2025-06~1E0EF21F~18 - Ashley Aspen - Its Summertime}
img_2302.jpg,353523,1936461A,\2025-06\18 - Ashley Aspen - Its Summertime\,{TPOV05~2025-06~1E0EF21F~18 - Ashley Aspen - Its Summertime}
img_2303.jpg,367704,05CF110D,\2025-06\18 - Ashley Aspen - Its Summertime\,{TPOV05~2025-06~1E0EF21F~18 - Ashley Aspen - Its Summertime}
img_2304.jpg,367393,17E20CAA,\2025-06\18 - Ashley Aspen - Its Summertime\,{TPOV05~2025-06~1E0EF21F~18 - Ashley Aspen - Its Summertime}
img_2305.jpg,370382,F194DB09,\2025-06\18 - Ashley Aspen - Its Summertime\,{TPOV05~2025-06~1E0EF21F~18 - Ashley Aspen - Its Summertime}
img_2306.jpg,369681,2A3DD01A,\2025-06\18 - Ashley Aspen - Its Summertime\,{TPOV05~2025-06~1E0EF21F~18 - Ashley Aspen - Its Summertime}
img_2307.jpg,374995,A62E5B40,\2025-06\18 - Ashley Aspen - Its Summertime\,{TPOV05~2025-06~1E0EF21F~18 - Ashley Aspen - Its Summertime}
img_2308.jpg,378222,BB564036,\2025-06\18 - Ashley Aspen - Its Summertime\,{TPOV05~2025-06~1E0EF21F~18 - Ashley Aspen - Its Summertime}
img_2309.jpg,373889,47DCDEA2,\2025-06\18 - Ashley Aspen - Its Summertime\,{TPOV05~2025-06~1E0EF21F~18 - Ashley Aspen - Its Summertime}
img_2310.jpg,369078,68FB29B3,\2025-06\18 - Ashley Aspen - Its Summertime\,{TPOV05~2025-06~1E0EF21F~18 - Ashley Aspen - Its Summertime}
img_2311.jpg,372721,5099B244,\2025-06\18 - Ashley Aspen - Its Summertime\,{TPOV05~2025-06~1E0EF21F~18 - Ashley Aspen - Its Summertime}
img_2312.jpg,376153,8C71816B,\2025-06\18 - Ashley Aspen - Its Summertime\,{TPOV05~2025-06~1E0EF21F~18 - Ashley Aspen - Its Summertime}
img_2313.jpg,385949,7E7D2F04,\2025-06\18 - Ashley Aspen - Its Summertime\,{TPOV05~2025-06~1E0EF21F~18 - Ashley Aspen - Its Summertime}
img_2314.jpg,388530,FA9AE747,\2025-06\18 - Ashley Aspen - Its Summertime\,{TPOV05~2025-06~1E0EF21F~18 - Ashley Aspen - Its Summertime}
img_2315.jpg,375563,11DCFB11,\2025-06\18 - Ashley Aspen - Its Summertime\,{TPOV05~2025-06~1E0EF21F~18 - Ashley Aspen - Its Summertime}
img_2316.jpg,385815,2DB5790E,\2025-06\18 - Ashley Aspen - Its Summertime\,{TPOV05~2025-06~1E0EF21F~18 - Ashley Aspen - Its Summertime}
img_2317.jpg,396199,E08D0764,\2025-06\18 - Ashley Aspen - Its Summertime\,{TPOV05~2025-06~1E0EF21F~18 - Ashley Aspen - Its Summertime}
img_2318.jpg,388252,9289D775,\2025-06\18 - Ashley Aspen - Its Summertime\,{TPOV05~2025-06~1E0EF21F~18 - Ashley Aspen - Its Summertime}
img_2319.jpg,388632,B77D34E1,\2025-06\18 - Ashley Aspen - Its Summertime\,{TPOV05~2025-06~1E0EF21F~18 - Ashley Aspen - Its Summertime}
img_2320.jpg,385010,887A9191,\2025-06\18 - Ashley Aspen - Its Summertime\,{TPOV05~2025-06~1E0EF21F~18 - Ashley Aspen - Its Summertime}
img_2321.jpg,371846,BD87BEDA,\2025-06\18 - Ashley Aspen - Its Summertime\,{TPOV05~2025-06~1E0EF21F~18 - Ashley Aspen - Its Summertime}
img_2322.jpg,391296,EB6F10CE,\2025-06\18 - Ashley Aspen - Its Summertime\,{TPOV05~2025-06~1E0EF21F~18 - Ashley Aspen - Its Summertime}
img_2324.jpg,261397,4EC10C44,\2025-06\18 - Ashley Aspen - Its Summertime\,{TPOV05~2025-06~1E0EF21F~18 - Ashley Aspen - Its Summertime}
img_2325.jpg,270714,BA22EE30,\2025-06\18 - Ashley Aspen - Its Summertime\,{TPOV05~2025-06~1E0EF21F~18 - Ashley Aspen - Its Summertime}
img_2326.jpg,258652,E9D87CDF,\2025-06\18 - Ashley Aspen - Its Summertime\,{TPOV05~2025-06~1E0EF21F~18 - Ashley Aspen - Its Summertime}
img_2327.jpg,268305,772DB414,\2025-06\18 - Ashley Aspen - Its Summertime\,{TPOV05~2025-06~1E0EF21F~18 - Ashley Aspen - Its Summertime}
img_2328.jpg,267195,80E4935A,\2025-06\18 - Ashley Aspen - Its Summertime\,{TPOV05~2025-06~1E0EF21F~18 - Ashley Aspen - Its Summertime}
img_2329.jpg,262744,1550BD11,\2025-06\18 - Ashley Aspen - Its Summertime\,{TPOV05~2025-06~1E0EF21F~18 - Ashley Aspen - Its Summertime}
img_2330.jpg,276109,FB8C9738,\2025-06\18 - Ashley Aspen - Its Summertime\,{TPOV05~2025-06~1E0EF21F~18 - Ashley Aspen - Its Summertime}
img_2331.jpg,281401,4BE79B01,\2025-06\18 - Ashley Aspen - Its Summertime\,{TPOV05~2025-06~1E0EF21F~18 - Ashley Aspen - Its Summertime}
img_2332.jpg,282969,CDB4CF4C,\2025-06\18 - Ashley Aspen - Its Summertime\,{TPOV05~2025-06~1E0EF21F~18 - Ashley Aspen - Its Summertime}
img_2333.jpg,281070,40B73E39,\2025-06\18 - Ashley Aspen - Its Summertime\,{TPOV05~2025-06~1E0EF21F~18 - Ashley Aspen - Its Summertime}
img_2334.jpg,289529,88A97546,\2025-06\18 - Ashley Aspen - Its Summertime\,{TPOV05~2025-06~1E0EF21F~18 - Ashley Aspen - Its Summertime}
img_2335.jpg,282815,D42D6775,\2025-06\18 - Ashley Aspen - Its Summertime\,{TPOV05~2025-06~1E0EF21F~18 - Ashley Aspen - Its Summertime}
img_2336.jpg,283651,4E5229DA,\2025-06\18 - Ashley Aspen - Its Summertime\,{TPOV05~2025-06~1E0EF21F~18 - Ashley Aspen - Its Summertime}
img_2337.jpg,284967,8F341C40,\2025-06\18 - Ashley Aspen - Its Summertime\,{TPOV05~2025-06~1E0EF21F~18 - Ashley Aspen - Its Summertime}
img_2338.jpg,284279,2DD82ADA,\2025-06\18 - Ashley Aspen - Its Summertime\,{TPOV05~2025-06~1E0EF21F~18 - Ashley Aspen - Its Summertime}
img_2339.jpg,245142,1F02383F,\2025-06\18 - Ashley Aspen - Its Summertime\,{TPOV05~2025-06~1E0EF21F~18 - Ashley Aspen - Its Summertime}
img_2340.jpg,245936,05B8ACB8,\2025-06\18 - Ashley Aspen - Its Summertime\,{TPOV05~2025-06~1E0EF21F~18 - Ashley Aspen - Its Summertime}
img_2341.jpg,246149,D77AFD7C,\2025-06\18 - Ashley Aspen - Its Summertime\,{TPOV05~2025-06~1E0EF21F~18 - Ashley Aspen - Its Summertime}
img_2342.jpg,244012,A8C0F0C4,\2025-06\18 - Ashley Aspen - Its Summertime\,{TPOV05~2025-06~1E0EF21F~18 - Ashley Aspen - Its Summertime}
img_2343.jpg,247051,810E1628,\2025-06\18 - Ashley Aspen - Its Summertime\,{TPOV05~2025-06~1E0EF21F~18 - Ashley Aspen - Its Summertime}
img_2344.jpg,247551,BDC54902,\2025-06\18 - Ashley Aspen - Its Summertime\,{TPOV05~2025-06~1E0EF21F~18 - Ashley Aspen - Its Summertime}
img_2345.jpg,247513,384D2304,\2025-06\18 - Ashley Aspen - Its Summertime\,{TPOV05~2025-06~1E0EF21F~18 - Ashley Aspen - Its Summertime}
img_2346.jpg,281024,C40BDA22,\2025-06\18 - Ashley Aspen - Its Summertime\,{TPOV05~2025-06~1E0EF21F~18 - Ashley Aspen - Its Summertime}
img_2347.jpg,285458,C1818883,\2025-06\18 - Ashley Aspen - Its Summertime\,{TPOV05~2025-06~1E0EF21F~18 - Ashley Aspen - Its Summertime}
img_2348.jpg,283388,4003280C,\2025-06\18 - Ashley Aspen - Its Summertime\,{TPOV05~2025-06~1E0EF21F~18 - Ashley Aspen - Its Summertime}
img_2349.jpg,287227,A9F7D902,\2025-06\18 - Ashley Aspen - Its Summertime\,{TPOV05~2025-06~1E0EF21F~18 - Ashley Aspen - Its Summertime}
img_2350.jpg,285472,4DBEE05D,\2025-06\18 - Ashley Aspen - Its Summertime\,{TPOV05~2025-06~1E0EF21F~18 - Ashley Aspen - Its Summertime}
img_2351.jpg,283809,CBFF2528,\2025-06\18 - Ashley Aspen - Its Summertime\,{TPOV05~2025-06~1E0EF21F~18 - Ashley Aspen - Its Summertime}
img_2352.jpg,283599,DF8D1396,\2025-06\18 - Ashley Aspen - Its Summertime\,{TPOV05~2025-06~1E0EF21F~18 - Ashley Aspen - Its Summertime}
img_2353.jpg,285796,2FDDAFA4,\2025-06\18 - Ashley Aspen - Its Summertime\,{TPOV05~2025-06~1E0EF21F~18 - Ashley Aspen - Its Summertime}
img_2354.jpg,286205,10DE3FF2,\2025-06\18 - Ashley Aspen - Its Summertime\,{TPOV05~2025-06~1E0EF21F~18 - Ashley Aspen - Its Summertime}
img_2355.jpg,283299,532312BA,\2025-06\18 - Ashley Aspen - Its Summertime\,{TPOV05~2025-06~1E0EF21F~18 - Ashley Aspen - Its Summertime}
img_2356.jpg,294104,36B7C5BA,\2025-06\18 - Ashley Aspen - Its Summertime\,{TPOV05~2025-06~1E0EF21F~18 - Ashley Aspen - Its Summertime}
img_2357.jpg,286772,CE162908,\2025-06\18 - Ashley Aspen - Its Summertime\,{TPOV05~2025-06~1E0EF21F~18 - Ashley Aspen - Its Summertime}
img_2358.jpg,288030,A79C3C2B,\2025-06\18 - Ashley Aspen - Its Summertime\,{TPOV05~2025-06~1E0EF21F~18 - Ashley Aspen - Its Summertime}
img_2359.jpg,281228,3A4CAAA6,\2025-06\18 - Ashley Aspen - Its Summertime\,{TPOV05~2025-06~1E0EF21F~18 - Ashley Aspen - Its Summertime}
img_2360.jpg,252731,C66E971F,\2025-06\18 - Ashley Aspen - Its Summertime\,{TPOV05~2025-06~1E0EF21F~18 - Ashley Aspen - Its Summertime}
img_2361.jpg,238541,AA4E5144,\2025-06\18 - Ashley Aspen - Its Summertime\,{TPOV05~2025-06~1E0EF21F~18 - Ashley Aspen - Its Summertime}
img_2362.jpg,237742,7C3F7F2A,\2025-06\18 - Ashley Aspen - Its Summertime\,{TPOV05~2025-06~1E0EF21F~18 - Ashley Aspen - Its Summertime}
img_2363.jpg,248730,E3983983,\2025-06\18 - Ashley Aspen - Its Summertime\,{TPOV05~2025-06~1E0EF21F~18 - Ashley Aspen - Its Summertime}
img_2364.jpg,249871,8AA7AFEB,\2025-06\18 - Ashley Aspen - Its Summertime\,{TPOV05~2025-06~1E0EF21F~18 - Ashley Aspen - Its Summertime}
img_2365.jpg,232092,90161266,\2025-06\18 - Ashley Aspen - Its Summertime\,{TPOV05~2025-06~1E0EF21F~18 - Ashley Aspen - Its Summertime}
img_2366.jpg,279614,2DB6BC70,\2025-06\18 - Ashley Aspen - Its Summertime\,{TPOV05~2025-06~1E0EF21F~18 - Ashley Aspen - Its Summertime}
img_2367.jpg,280459,38CB0940,\2025-06\18 - Ashley Aspen - Its Summertime\,{TPOV05~2025-06~1E0EF21F~18 - Ashley Aspen - Its Summertime}
img_2368.jpg,278331,F0CFC035,\2025-06\18 - Ashley Aspen - Its Summertime\,{TPOV05~2025-06~1E0EF21F~18 - Ashley Aspen - Its Summertime}
img_2369.jpg,275932,1501D27C,\2025-06\18 - Ashley Aspen - Its Summertime\,{TPOV05~2025-06~1E0EF21F~18 - Ashley Aspen - Its Summertime}
img_2370.jpg,272811,EA194C54,\2025-06\18 - Ashley Aspen - Its Summertime\,{TPOV05~2025-06~1E0EF21F~18 - Ashley Aspen - Its Summertime}
img_2371.jpg,275035,D9CF6D06,\2025-06\18 - Ashley Aspen - Its Summertime\,{TPOV05~2025-06~1E0EF21F~18 - Ashley Aspen - Its Summertime}
img_2372.jpg,274490,3A2CBE9B,\2025-06\18 - Ashley Aspen - Its Summertime\,{TPOV05~2025-06~1E0EF21F~18 - Ashley Aspen - Its Summertime}
img_2373.jpg,279347,4D37AA37,\2025-06\18 - Ashley Aspen - Its Summertime\,{TPOV05~2025-06~1E0EF21F~18 - Ashley Aspen - Its Summertime}
img_2374.jpg,295770,41987979,\2025-06\18 - Ashley Aspen - Its Summertime\,{TPOV05~2025-06~1E0EF21F~18 - Ashley Aspen - Its Summertime}
img_2375.jpg,293577,FFA77080,\2025-06\18 - Ashley Aspen - Its Summertime\,{TPOV05~2025-06~1E0EF21F~18 - Ashley Aspen - Its Summertime}
img_2376.jpg,297020,4A8281F1,\2025-06\18 - Ashley Aspen - Its Summertime\,{TPOV05~2025-06~1E0EF21F~18 - Ashley Aspen - Its Summertime}
img_2377.jpg,295970,F3E13DCB,\2025-06\18 - Ashley Aspen - Its Summertime\,{TPOV05~2025-06~1E0EF21F~18 - Ashley Aspen - Its Summertime}
img_2378.jpg,295593,5532616A,\2025-06\18 - Ashley Aspen - Its Summertime\,{TPOV05~2025-06~1E0EF21F~18 - Ashley Aspen - Its Summertime}
img_2379.jpg,286503,5C14E0B5,\2025-06\18 - Ashley Aspen - Its Summertime\,{TPOV05~2025-06~1E0EF21F~18 - Ashley Aspen - Its Summertime}
img_2380.jpg,289328,939B616F,\2025-06\18 - Ashley Aspen - Its Summertime\,{TPOV05~2025-06~1E0EF21F~18 - Ashley Aspen - Its Summertime}
img_2381.jpg,284796,5D29BEAF,\2025-06\18 - Ashley Aspen - Its Summertime\,{TPOV05~2025-06~1E0EF21F~18 - Ashley Aspen - Its Summertime}
img_2382.jpg,288991,C94817DA,\2025-06\18 - Ashley Aspen - Its Summertime\,{TPOV05~2025-06~1E0EF21F~18 - Ashley Aspen - Its Summertime}
img_2383.jpg,288834,ADACBDA0,\2025-06\18 - Ashley Aspen - Its Summertime\,{TPOV05~2025-06~1E0EF21F~18 - Ashley Aspen - Its Summertime}
img_2384.jpg,285251,FF87DAE2,\2025-06\18 - Ashley Aspen - Its Summertime\,{TPOV05~2025-06~1E0EF21F~18 - Ashley Aspen - Its Summertime}
img_2385.jpg,288633,980C4465,\2025-06\18 - Ashley Aspen - Its Summertime\,{TPOV05~2025-06~1E0EF21F~18 - Ashley Aspen - Its Summertime}
img_2386.jpg,288343,DB7E6261,\2025-06\18 - Ashley Aspen - Its Summertime\,{TPOV05~2025-06~1E0EF21F~18 - Ashley Aspen - Its Summertime}
Img_4860.jpg,270807,688831A0,\2025-06\25 - Ashley Doll - You Are Lucky To Have Her\,{TPOV05~2025-06~B3160832~25 - Ashley Doll - You Are Lucky To Have Her}
Img_4861.jpg,280567,73C1FC70,\2025-06\25 - Ashley Doll - You Are Lucky To Have Her\,{TPOV05~2025-06~B3160832~25 - Ashley Doll - You Are Lucky To Have Her}
Img_4862.jpg,283859,5E369EBC,\2025-06\25 - Ashley Doll - You Are Lucky To Have Her\,{TPOV05~2025-06~B3160832~25 - Ashley Doll - You Are Lucky To Have Her}
Img_4863.jpg,280519,CE57AB7D,\2025-06\25 - Ashley Doll - You Are Lucky To Have Her\,{TPOV05~2025-06~B3160832~25 - Ashley Doll - You Are Lucky To Have Her}
Img_4864.jpg,277972,BE8C68C9,\2025-06\25 - Ashley Doll - You Are Lucky To Have Her\,{TPOV05~2025-06~B3160832~25 - Ashley Doll - You Are Lucky To Have Her}
Img_4865.jpg,278946,5C891A52,\2025-06\25 - Ashley Doll - You Are Lucky To Have Her\,{TPOV05~2025-06~B3160832~25 - Ashley Doll - You Are Lucky To Have Her}
Img_4866.jpg,258088,4E2F9FC0,\2025-06\25 - Ashley Doll - You Are Lucky To Have Her\,{TPOV05~2025-06~B3160832~25 - Ashley Doll - You Are Lucky To Have Her}
Img_4867.jpg,281696,7030D80E,\2025-06\25 - Ashley Doll - You Are Lucky To Have Her\,{TPOV05~2025-06~B3160832~25 - Ashley Doll - You Are Lucky To Have Her}
Img_4868.jpg,286434,116A194F,\2025-06\25 - Ashley Doll - You Are Lucky To Have Her\,{TPOV05~2025-06~B3160832~25 - Ashley Doll - You Are Lucky To Have Her}
Img_4869.jpg,273966,25F74784,\2025-06\25 - Ashley Doll - You Are Lucky To Have Her\,{TPOV05~2025-06~B3160832~25 - Ashley Doll - You Are Lucky To Have Her}
Img_4870.jpg,271115,41F13886,\2025-06\25 - Ashley Doll - You Are Lucky To Have Her\,{TPOV05~2025-06~B3160832~25 - Ashley Doll - You Are Lucky To Have Her}
Img_4871.jpg,272592,4E92C0D5,\2025-06\25 - Ashley Doll - You Are Lucky To Have Her\,{TPOV05~2025-06~B3160832~25 - Ashley Doll - You Are Lucky To Have Her}
Img_4872.jpg,277486,CB1AF50C,\2025-06\25 - Ashley Doll - You Are Lucky To Have Her\,{TPOV05~2025-06~B3160832~25 - Ashley Doll - You Are Lucky To Have Her}
Img_4873.jpg,275014,77096831,\2025-06\25 - Ashley Doll - You Are Lucky To Have Her\,{TPOV05~2025-06~B3160832~25 - Ashley Doll - You Are Lucky To Have Her}
Img_4874.jpg,271488,06878FFA,\2025-06\25 - Ashley Doll - You Are Lucky To Have Her\,{TPOV05~2025-06~B3160832~25 - Ashley Doll - You Are Lucky To Have Her}
Img_4875.jpg,270379,9E81665B,\2025-06\25 - Ashley Doll - You Are Lucky To Have Her\,{TPOV05~2025-06~B3160832~25 - Ashley Doll - You Are Lucky To Have Her}
Img_4876.jpg,325817,C3E72BCB,\2025-06\25 - Ashley Doll - You Are Lucky To Have Her\,{TPOV05~2025-06~B3160832~25 - Ashley Doll - You Are Lucky To Have Her}
Img_4877.jpg,312255,2F6822E1,\2025-06\25 - Ashley Doll - You Are Lucky To Have Her\,{TPOV05~2025-06~B3160832~25 - Ashley Doll - You Are Lucky To Have Her}
Img_4878.jpg,310213,32B66717,\2025-06\25 - Ashley Doll - You Are Lucky To Have Her\,{TPOV05~2025-06~B3160832~25 - Ashley Doll - You Are Lucky To Have Her}
Img_4879.jpg,325261,CCACB3D6,\2025-06\25 - Ashley Doll - You Are Lucky To Have Her\,{TPOV05~2025-06~B3160832~25 - Ashley Doll - You Are Lucky To Have Her}
Img_4880.jpg,278193,CAC18E12,\2025-06\25 - Ashley Doll - You Are Lucky To Have Her\,{TPOV05~2025-06~B3160832~25 - Ashley Doll - You Are Lucky To Have Her}
Img_4881.jpg,275774,20F5CB81,\2025-06\25 - Ashley Doll - You Are Lucky To Have Her\,{TPOV05~2025-06~B3160832~25 - Ashley Doll - You Are Lucky To Have Her}
Img_4882.jpg,277083,BC22CE02,\2025-06\25 - Ashley Doll - You Are Lucky To Have Her\,{TPOV05~2025-06~B3160832~25 - Ashley Doll - You Are Lucky To Have Her}
Img_4883.jpg,272908,ECA50A69,\2025-06\25 - Ashley Doll - You Are Lucky To Have Her\,{TPOV05~2025-06~B3160832~25 - Ashley Doll - You Are Lucky To Have Her}
Img_4884.jpg,276670,6A2D5EC4,\2025-06\25 - Ashley Doll - You Are Lucky To Have Her\,{TPOV05~2025-06~B3160832~25 - Ashley Doll - You Are Lucky To Have Her}
Img_4885.jpg,267816,C82076F5,\2025-06\25 - Ashley Doll - You Are Lucky To Have Her\,{TPOV05~2025-06~B3160832~25 - Ashley Doll - You Are Lucky To Have Her}
Img_4886.jpg,282030,DFC481C5,\2025-06\25 - Ashley Doll - You Are Lucky To Have Her\,{TPOV05~2025-06~B3160832~25 - Ashley Doll - You Are Lucky To Have Her}
Img_4887.jpg,285201,EC648E29,\2025-06\25 - Ashley Doll - You Are Lucky To Have Her\,{TPOV05~2025-06~B3160832~25 - Ashley Doll - You Are Lucky To Have Her}
Img_4888.jpg,283385,697B62C3,\2025-06\25 - Ashley Doll - You Are Lucky To Have Her\,{TPOV05~2025-06~B3160832~25 - Ashley Doll - You Are Lucky To Have Her}
Img_4889.jpg,289435,D7F4BCBA,\2025-06\25 - Ashley Doll - You Are Lucky To Have Her\,{TPOV05~2025-06~B3160832~25 - Ashley Doll - You Are Lucky To Have Her}
Img_4890.jpg,286114,A0F9BE4A,\2025-06\25 - Ashley Doll - You Are Lucky To Have Her\,{TPOV05~2025-06~B3160832~25 - Ashley Doll - You Are Lucky To Have Her}
Img_4891.jpg,296509,220BB2E9,\2025-06\25 - Ashley Doll - You Are Lucky To Have Her\,{TPOV05~2025-06~B3160832~25 - Ashley Doll - You Are Lucky To Have Her}
Img_4892.jpg,228617,91946732,\2025-06\25 - Ashley Doll - You Are Lucky To Have Her\,{TPOV05~2025-06~B3160832~25 - Ashley Doll - You Are Lucky To Have Her}
Img_4893.jpg,258967,9D97D49A,\2025-06\25 - Ashley Doll - You Are Lucky To Have Her\,{TPOV05~2025-06~B3160832~25 - Ashley Doll - You Are Lucky To Have Her}
Img_4894.jpg,246095,869C7623,\2025-06\25 - Ashley Doll - You Are Lucky To Have Her\,{TPOV05~2025-06~B3160832~25 - Ashley Doll - You Are Lucky To Have Her}
Img_4895.jpg,256695,1973A561,\2025-06\25 - Ashley Doll - You Are Lucky To Have Her\,{TPOV05~2025-06~B3160832~25 - Ashley Doll - You Are Lucky To Have Her}
Img_4896.jpg,247852,7D33B16C,\2025-06\25 - Ashley Doll - You Are Lucky To Have Her\,{TPOV05~2025-06~B3160832~25 - Ashley Doll - You Are Lucky To Have Her}
Img_4897.jpg,265151,91785895,\2025-06\25 - Ashley Doll - You Are Lucky To Have Her\,{TPOV05~2025-06~B3160832~25 - Ashley Doll - You Are Lucky To Have Her}
Img_4898.jpg,265567,C635EBAC,\2025-06\25 - Ashley Doll - You Are Lucky To Have Her\,{TPOV05~2025-06~B3160832~25 - Ashley Doll - You Are Lucky To Have Her}
Img_4899.jpg,259270,023D556C,\2025-06\25 - Ashley Doll - You Are Lucky To Have Her\,{TPOV05~2025-06~B3160832~25 - Ashley Doll - You Are Lucky To Have Her}
Img_4900.jpg,279143,86DE2B73,\2025-06\25 - Ashley Doll - You Are Lucky To Have Her\,{TPOV05~2025-06~B3160832~25 - Ashley Doll - You Are Lucky To Have Her}
Img_4901.jpg,278267,391CC5EB,\2025-06\25 - Ashley Doll - You Are Lucky To Have Her\,{TPOV05~2025-06~B3160832~25 - Ashley Doll - You Are Lucky To Have Her}
Img_4902.jpg,313158,7671C553,\2025-06\25 - Ashley Doll - You Are Lucky To Have Her\,{TPOV05~2025-06~B3160832~25 - Ashley Doll - You Are Lucky To Have Her}
Img_4903.jpg,307925,873800C9,\2025-06\25 - Ashley Doll - You Are Lucky To Have Her\,{TPOV05~2025-06~B3160832~25 - Ashley Doll - You Are Lucky To Have Her}
Img_4904.jpg,316497,A464C60B,\2025-06\25 - Ashley Doll - You Are Lucky To Have Her\,{TPOV05~2025-06~B3160832~25 - Ashley Doll - You Are Lucky To Have Her}
Img_4905.jpg,320107,4EFA2F92,\2025-06\25 - Ashley Doll - You Are Lucky To Have Her\,{TPOV05~2025-06~B3160832~25 - Ashley Doll - You Are Lucky To Have Her}
Img_4906.jpg,323568,8EB4C0AD,\2025-06\25 - Ashley Doll - You Are Lucky To Have Her\,{TPOV05~2025-06~B3160832~25 - Ashley Doll - You Are Lucky To Have Her}
Img_4907.jpg,312958,1F74F301,\2025-06\25 - Ashley Doll - You Are Lucky To Have Her\,{TPOV05~2025-06~B3160832~25 - Ashley Doll - You Are Lucky To Have Her}
Img_4908.jpg,307706,6DBE8146,\2025-06\25 - Ashley Doll - You Are Lucky To Have Her\,{TPOV05~2025-06~B3160832~25 - Ashley Doll - You Are Lucky To Have Her}
Img_4909.jpg,305763,711201C4,\2025-06\25 - Ashley Doll - You Are Lucky To Have Her\,{TPOV05~2025-06~B3160832~25 - Ashley Doll - You Are Lucky To Have Her}
Img_4910.jpg,319023,5F882E52,\2025-06\25 - Ashley Doll - You Are Lucky To Have Her\,{TPOV05~2025-06~B3160832~25 - Ashley Doll - You Are Lucky To Have Her}
Img_4911.jpg,319027,36167D97,\2025-06\25 - Ashley Doll - You Are Lucky To Have Her\,{TPOV05~2025-06~B3160832~25 - Ashley Doll - You Are Lucky To Have Her}
Img_4912.jpg,318857,620FC5AC,\2025-06\25 - Ashley Doll - You Are Lucky To Have Her\,{TPOV05~2025-06~B3160832~25 - Ashley Doll - You Are Lucky To Have Her}
Img_4913.jpg,319977,BBF885CC,\2025-06\25 - Ashley Doll - You Are Lucky To Have Her\,{TPOV05~2025-06~B3160832~25 - Ashley Doll - You Are Lucky To Have Her}
Img_4914.jpg,318999,FFB3950C,\2025-06\25 - Ashley Doll - You Are Lucky To Have Her\,{TPOV05~2025-06~B3160832~25 - Ashley Doll - You Are Lucky To Have Her}
Img_4915.jpg,321053,30D3DB89,\2025-06\25 - Ashley Doll - You Are Lucky To Have Her\,{TPOV05~2025-06~B3160832~25 - Ashley Doll - You Are Lucky To Have Her}
Img_4916.jpg,342800,C68FFA82,\2025-06\25 - Ashley Doll - You Are Lucky To Have Her\,{TPOV05~2025-06~B3160832~25 - Ashley Doll - You Are Lucky To Have Her}
Img_4918.jpg,341640,8F83F700,\2025-06\25 - Ashley Doll - You Are Lucky To Have Her\,{TPOV05~2025-06~B3160832~25 - Ashley Doll - You Are Lucky To Have Her}
Img_4919.jpg,334804,38BF7A67,\2025-06\25 - Ashley Doll - You Are Lucky To Have Her\,{TPOV05~2025-06~B3160832~25 - Ashley Doll - You Are Lucky To Have Her}
Img_4920.jpg,340274,0D1814E3,\2025-06\25 - Ashley Doll - You Are Lucky To Have Her\,{TPOV05~2025-06~B3160832~25 - Ashley Doll - You Are Lucky To Have Her}
Img_4921.jpg,326130,0349189A,\2025-06\25 - Ashley Doll - You Are Lucky To Have Her\,{TPOV05~2025-06~B3160832~25 - Ashley Doll - You Are Lucky To Have Her}
Img_4922.jpg,323629,B54038ED,\2025-06\25 - Ashley Doll - You Are Lucky To Have Her\,{TPOV05~2025-06~B3160832~25 - Ashley Doll - You Are Lucky To Have Her}
Img_4923.jpg,321470,7717C9C1,\2025-06\25 - Ashley Doll - You Are Lucky To Have Her\,{TPOV05~2025-06~B3160832~25 - Ashley Doll - You Are Lucky To Have Her}
Img_4924.jpg,327856,DF6650BC,\2025-06\25 - Ashley Doll - You Are Lucky To Have Her\,{TPOV05~2025-06~B3160832~25 - Ashley Doll - You Are Lucky To Have Her}
Img_4925.jpg,330916,5ED33D86,\2025-06\25 - Ashley Doll - You Are Lucky To Have Her\,{TPOV05~2025-06~B3160832~25 - Ashley Doll - You Are Lucky To Have Her}
Img_4926.jpg,327717,146D972C,\2025-06\25 - Ashley Doll - You Are Lucky To Have Her\,{TPOV05~2025-06~B3160832~25 - Ashley Doll - You Are Lucky To Have Her}
Img_4927.jpg,352910,0EBC5AD4,\2025-06\25 - Ashley Doll - You Are Lucky To Have Her\,{TPOV05~2025-06~B3160832~25 - Ashley Doll - You Are Lucky To Have Her}
Img_4928.jpg,345260,69E6819D,\2025-06\25 - Ashley Doll - You Are Lucky To Have Her\,{TPOV05~2025-06~B3160832~25 - Ashley Doll - You Are Lucky To Have Her}
Img_4929.jpg,332926,C0D5C1D4,\2025-06\25 - Ashley Doll - You Are Lucky To Have Her\,{TPOV05~2025-06~B3160832~25 - Ashley Doll - You Are Lucky To Have Her}
Img_4930.jpg,336898,95BAFE20,\2025-06\25 - Ashley Doll - You Are Lucky To Have Her\,{TPOV05~2025-06~B3160832~25 - Ashley Doll - You Are Lucky To Have Her}
Img_4931.jpg,339920,D26E2E87,\2025-06\25 - Ashley Doll - You Are Lucky To Have Her\,{TPOV05~2025-06~B3160832~25 - Ashley Doll - You Are Lucky To Have Her}
Img_4932.jpg,322210,94F75AB1,\2025-06\25 - Ashley Doll - You Are Lucky To Have Her\,{TPOV05~2025-06~B3160832~25 - Ashley Doll - You Are Lucky To Have Her}
Img_4933.jpg,309747,6F2E1044,\2025-06\25 - Ashley Doll - You Are Lucky To Have Her\,{TPOV05~2025-06~B3160832~25 - Ashley Doll - You Are Lucky To Have Her}
Img_4934.jpg,322924,848EDDD2,\2025-06\25 - Ashley Doll - You Are Lucky To Have Her\,{TPOV05~2025-06~B3160832~25 - Ashley Doll - You Are Lucky To Have Her}
Img_4935.jpg,315023,7F2CAE7F,\2025-06\25 - Ashley Doll - You Are Lucky To Have Her\,{TPOV05~2025-06~B3160832~25 - Ashley Doll - You Are Lucky To Have Her}
Img_4936.jpg,320333,FA2FF0C5,\2025-06\25 - Ashley Doll - You Are Lucky To Have Her\,{TPOV05~2025-06~B3160832~25 - Ashley Doll - You Are Lucky To Have Her}
Img_4937.jpg,318184,6B0FB118,\2025-06\25 - Ashley Doll - You Are Lucky To Have Her\,{TPOV05~2025-06~B3160832~25 - Ashley Doll - You Are Lucky To Have Her}
Img_4938.jpg,288257,5D9598C6,\2025-06\25 - Ashley Doll - You Are Lucky To Have Her\,{TPOV05~2025-06~B3160832~25 - Ashley Doll - You Are Lucky To Have Her}
Img_4939.jpg,292198,385F24DE,\2025-06\25 - Ashley Doll - You Are Lucky To Have Her\,{TPOV05~2025-06~B3160832~25 - Ashley Doll - You Are Lucky To Have Her}
Img_4940.jpg,290469,F9360E55,\2025-06\25 - Ashley Doll - You Are Lucky To Have Her\,{TPOV05~2025-06~B3160832~25 - Ashley Doll - You Are Lucky To Have Her}
Img_4941.jpg,287632,7E4E789C,\2025-06\25 - Ashley Doll - You Are Lucky To Have Her\,{TPOV05~2025-06~B3160832~25 - Ashley Doll - You Are Lucky To Have Her}
Img_4942.jpg,286773,85916022,\2025-06\25 - Ashley Doll - You Are Lucky To Have Her\,{TPOV05~2025-06~B3160832~25 - Ashley Doll - You Are Lucky To Have Her}
Img_4943.jpg,289838,0B830CF4,\2025-06\25 - Ashley Doll - You Are Lucky To Have Her\,{TPOV05~2025-06~B3160832~25 - Ashley Doll - You Are Lucky To Have Her}
Img_4945.jpg,297795,225CBD7C,\2025-06\25 - Ashley Doll - You Are Lucky To Have Her\,{TPOV05~2025-06~B3160832~25 - Ashley Doll - You Are Lucky To Have Her}
Img_4946.jpg,300903,5F7FD577,\2025-06\25 - Ashley Doll - You Are Lucky To Have Her\,{TPOV05~2025-06~B3160832~25 - Ashley Doll - You Are Lucky To Have Her}
Img_4947.jpg,308181,15F91381,\2025-06\25 - Ashley Doll - You Are Lucky To Have Her\,{TPOV05~2025-06~B3160832~25 - Ashley Doll - You Are Lucky To Have Her}
Img_4948.jpg,319202,00BD1AB3,\2025-06\25 - Ashley Doll - You Are Lucky To Have Her\,{TPOV05~2025-06~B3160832~25 - Ashley Doll - You Are Lucky To Have Her}
Img_4949.jpg,318392,19B73842,\2025-06\25 - Ashley Doll - You Are Lucky To Have Her\,{TPOV05~2025-06~B3160832~25 - Ashley Doll - You Are Lucky To Have Her}
Img_4950.jpg,328774,38B1B771,\2025-06\25 - Ashley Doll - You Are Lucky To Have Her\,{TPOV05~2025-06~B3160832~25 - Ashley Doll - You Are Lucky To Have Her}
Img_4951.jpg,283276,BF6C8C4C,\2025-06\25 - Ashley Doll - You Are Lucky To Have Her\,{TPOV05~2025-06~B3160832~25 - Ashley Doll - You Are Lucky To Have Her}
Img_4952.jpg,282152,7250EFEA,\2025-06\25 - Ashley Doll - You Are Lucky To Have Her\,{TPOV05~2025-06~B3160832~25 - Ashley Doll - You Are Lucky To Have Her}
Img_4953.jpg,281318,469E90EF,\2025-06\25 - Ashley Doll - You Are Lucky To Have Her\,{TPOV05~2025-06~B3160832~25 - Ashley Doll - You Are Lucky To Have Her}
Img_4954.jpg,278410,45E98FB8,\2025-06\25 - Ashley Doll - You Are Lucky To Have Her\,{TPOV05~2025-06~B3160832~25 - Ashley Doll - You Are Lucky To Have Her}
Img_4955.jpg,281702,D6C47ABC,\2025-06\25 - Ashley Doll - You Are Lucky To Have Her\,{TPOV05~2025-06~B3160832~25 - Ashley Doll - You Are Lucky To Have Her}
Img_4956.jpg,281054,1E336BBE,\2025-06\25 - Ashley Doll - You Are Lucky To Have Her\,{TPOV05~2025-06~B3160832~25 - Ashley Doll - You Are Lucky To Have Her}
Img_4957.jpg,283096,057FD69C,\2025-06\25 - Ashley Doll - You Are Lucky To Have Her\,{TPOV05~2025-06~B3160832~25 - Ashley Doll - You Are Lucky To Have Her}
Img_4958.jpg,287822,61E4FE46,\2025-06\25 - Ashley Doll - You Are Lucky To Have Her\,{TPOV05~2025-06~B3160832~25 - Ashley Doll - You Are Lucky To Have Her}
Img_4959.jpg,327854,0EA61075,\2025-06\25 - Ashley Doll - You Are Lucky To Have Her\,{TPOV05~2025-06~B3160832~25 - Ashley Doll - You Are Lucky To Have Her}
Img_4960.jpg,330595,AE53B6B7,\2025-06\25 - Ashley Doll - You Are Lucky To Have Her\,{TPOV05~2025-06~B3160832~25 - Ashley Doll - You Are Lucky To Have Her}
Img_4961.jpg,292897,81C38000,\2025-06\25 - Ashley Doll - You Are Lucky To Have Her\,{TPOV05~2025-06~B3160832~25 - Ashley Doll - You Are Lucky To Have Her}
Img_4962.jpg,291603,B3C818C7,\2025-06\25 - Ashley Doll - You Are Lucky To Have Her\,{TPOV05~2025-06~B3160832~25 - Ashley Doll - You Are Lucky To Have Her}
Img_4963.jpg,293339,9A5E4B05,\2025-06\25 - Ashley Doll - You Are Lucky To Have Her\,{TPOV05~2025-06~B3160832~25 - Ashley Doll - You Are Lucky To Have Her}
Img_4964.jpg,298848,370F1C49,\2025-06\25 - Ashley Doll - You Are Lucky To Have Her\,{TPOV05~2025-06~B3160832~25 - Ashley Doll - You Are Lucky To Have Her}
Img_4965.jpg,296075,9C4C0AFD,\2025-06\25 - Ashley Doll - You Are Lucky To Have Her\,{TPOV05~2025-06~B3160832~25 - Ashley Doll - You Are Lucky To Have Her}
