jannycosta3.kalin.001.jpg,626812,5952ce96,\2024-12\31 - Janny Costa\,{UKTG11~2024-12~2X0Y5QJ8~31 - Janny Costa}
jannycosta3.kalin.002.jpg,627777,82a7f4fd,\2024-12\31 - Janny Costa\,{UKTG11~2024-12~2X0Y5QJ8~31 - Janny Costa}
jannycosta3.kalin.003.jpg,638478,7df0ee52,\2024-12\31 - Janny Costa\,{UKTG11~2024-12~2X0Y5QJ8~31 - Janny Costa}
jannycosta3.kalin.004.jpg,633258,0917ad53,\2024-12\31 - Janny Costa\,{UKTG11~2024-12~2X0Y5QJ8~31 - Janny Costa}
jannycosta3.kalin.005.jpg,584776,49a7834e,\2024-12\31 - Janny Costa\,{UKTG11~2024-12~2X0Y5QJ8~31 - Janny Costa}
jannycosta3.kalin.006.jpg,582904,6310b4be,\2024-12\31 - Janny Costa\,{UKTG11~2024-12~2X0Y5QJ8~31 - Janny Costa}
jannycosta3.kalin.007.jpg,637228,62b924dc,\2024-12\31 - Janny Costa\,{UKTG11~2024-12~2X0Y5QJ8~31 - Janny Costa}
jannycosta3.kalin.008.jpg,618465,bc49e387,\2024-12\31 - Janny Costa\,{UKTG11~2024-12~2X0Y5QJ8~31 - Janny Costa}
jannycosta3.kalin.009.jpg,609140,f1eae2f0,\2024-12\31 - Janny Costa\,{UKTG11~2024-12~2X0Y5QJ8~31 - Janny Costa}
jannycosta3.kalin.010.jpg,598258,fc59430d,\2024-12\31 - Janny Costa\,{UKTG11~2024-12~2X0Y5QJ8~31 - Janny Costa}
jannycosta3.kalin.011.jpg,583041,4147a432,\2024-12\31 - Janny Costa\,{UKTG11~2024-12~2X0Y5QJ8~31 - Janny Costa}
jannycosta3.kalin.012.jpg,579231,0786cadf,\2024-12\31 - Janny Costa\,{UKTG11~2024-12~2X0Y5QJ8~31 - Janny Costa}
jannycosta3.kalin.013.jpg,547672,0d53eb87,\2024-12\31 - Janny Costa\,{UKTG11~2024-12~2X0Y5QJ8~31 - Janny Costa}
jannycosta3.kalin.014.jpg,541848,36c46015,\2024-12\31 - Janny Costa\,{UKTG11~2024-12~2X0Y5QJ8~31 - Janny Costa}
jannycosta3.kalin.015.jpg,603641,1384f475,\2024-12\31 - Janny Costa\,{UKTG11~2024-12~2X0Y5QJ8~31 - Janny Costa}
jannycosta3.kalin.016.jpg,618041,195a9871,\2024-12\31 - Janny Costa\,{UKTG11~2024-12~2X0Y5QJ8~31 - Janny Costa}
jannycosta3.kalin.017.jpg,603261,efae6427,\2024-12\31 - Janny Costa\,{UKTG11~2024-12~2X0Y5QJ8~31 - Janny Costa}
jannycosta3.kalin.018.jpg,599622,d7dc822c,\2024-12\31 - Janny Costa\,{UKTG11~2024-12~2X0Y5QJ8~31 - Janny Costa}
jannycosta3.kalin.019.jpg,616360,73562ce7,\2024-12\31 - Janny Costa\,{UKTG11~2024-12~2X0Y5QJ8~31 - Janny Costa}
jannycosta3.kalin.020.jpg,602343,a9a0e437,\2024-12\31 - Janny Costa\,{UKTG11~2024-12~2X0Y5QJ8~31 - Janny Costa}
jannycosta3.kalin.021.jpg,677813,910e0a26,\2024-12\31 - Janny Costa\,{UKTG11~2024-12~2X0Y5QJ8~31 - Janny Costa}
jannycosta3.kalin.022.jpg,648568,fd035490,\2024-12\31 - Janny Costa\,{UKTG11~2024-12~2X0Y5QJ8~31 - Janny Costa}
jannycosta3.kalin.023.jpg,630704,69e2a5f1,\2024-12\31 - Janny Costa\,{UKTG11~2024-12~2X0Y5QJ8~31 - Janny Costa}
jannycosta3.kalin.024.jpg,674384,ee416514,\2024-12\31 - Janny Costa\,{UKTG11~2024-12~2X0Y5QJ8~31 - Janny Costa}
jannycosta3.kalin.025.jpg,681031,3a165868,\2024-12\31 - Janny Costa\,{UKTG11~2024-12~2X0Y5QJ8~31 - Janny Costa}
jannycosta3.kalin.026.jpg,584258,4d25ed9e,\2024-12\31 - Janny Costa\,{UKTG11~2024-12~2X0Y5QJ8~31 - Janny Costa}
jannycosta3.kalin.027.jpg,658083,04eff622,\2024-12\31 - Janny Costa\,{UKTG11~2024-12~2X0Y5QJ8~31 - Janny Costa}
jannycosta3.kalin.028.jpg,612856,ad188144,\2024-12\31 - Janny Costa\,{UKTG11~2024-12~2X0Y5QJ8~31 - Janny Costa}
jannycosta3.kalin.029.jpg,438455,2cffa7ed,\2024-12\31 - Janny Costa\,{UKTG11~2024-12~2X0Y5QJ8~31 - Janny Costa}
jannycosta3.kalin.030.jpg,523006,32bfe097,\2024-12\31 - Janny Costa\,{UKTG11~2024-12~2X0Y5QJ8~31 - Janny Costa}
jannycosta3.kalin.031.jpg,506036,398656ad,\2024-12\31 - Janny Costa\,{UKTG11~2024-12~2X0Y5QJ8~31 - Janny Costa}
jannycosta3.kalin.032.jpg,632119,aaab4287,\2024-12\31 - Janny Costa\,{UKTG11~2024-12~2X0Y5QJ8~31 - Janny Costa}
jannycosta3.kalin.033.jpg,606650,87ca3797,\2024-12\31 - Janny Costa\,{UKTG11~2024-12~2X0Y5QJ8~31 - Janny Costa}
jannycosta3.kalin.034.jpg,502719,f920e535,\2024-12\31 - Janny Costa\,{UKTG11~2024-12~2X0Y5QJ8~31 - Janny Costa}
jannycosta3.kalin.035.jpg,618349,0397493a,\2024-12\31 - Janny Costa\,{UKTG11~2024-12~2X0Y5QJ8~31 - Janny Costa}
jannycosta3.kalin.036.jpg,603311,284796d7,\2024-12\31 - Janny Costa\,{UKTG11~2024-12~2X0Y5QJ8~31 - Janny Costa}
jannycosta3.kalin.037.jpg,586489,defd42a7,\2024-12\31 - Janny Costa\,{UKTG11~2024-12~2X0Y5QJ8~31 - Janny Costa}
jannycosta3.kalin.038.jpg,524708,57892f33,\2024-12\31 - Janny Costa\,{UKTG11~2024-12~2X0Y5QJ8~31 - Janny Costa}
jannycosta3.kalin.039.jpg,648957,4fd985c6,\2024-12\31 - Janny Costa\,{UKTG11~2024-12~2X0Y5QJ8~31 - Janny Costa}
jannycosta3.kalin.040.jpg,609179,d4fb10af,\2024-12\31 - Janny Costa\,{UKTG11~2024-12~2X0Y5QJ8~31 - Janny Costa}
jannycosta3.kalin.041.jpg,578619,fbd40f04,\2024-12\31 - Janny Costa\,{UKTG11~2024-12~2X0Y5QJ8~31 - Janny Costa}
jannycosta3.kalin.042.jpg,602496,54e20dd8,\2024-12\31 - Janny Costa\,{UKTG11~2024-12~2X0Y5QJ8~31 - Janny Costa}
jannycosta3.kalin.043.jpg,476712,08ca4d1c,\2024-12\31 - Janny Costa\,{UKTG11~2024-12~2X0Y5QJ8~31 - Janny Costa}
jannycosta3.kalin.044.jpg,487278,c319c23b,\2024-12\31 - Janny Costa\,{UKTG11~2024-12~2X0Y5QJ8~31 - Janny Costa}
jannycosta3.kalin.045.jpg,493094,c77bd723,\2024-12\31 - Janny Costa\,{UKTG11~2024-12~2X0Y5QJ8~31 - Janny Costa}
jannycosta3.kalin.046.jpg,657231,e7102163,\2024-12\31 - Janny Costa\,{UKTG11~2024-12~2X0Y5QJ8~31 - Janny Costa}
jannycosta3.kalin.047.jpg,666382,444a268e,\2024-12\31 - Janny Costa\,{UKTG11~2024-12~2X0Y5QJ8~31 - Janny Costa}
jannycosta3.kalin.048.jpg,650960,22261f8a,\2024-12\31 - Janny Costa\,{UKTG11~2024-12~2X0Y5QJ8~31 - Janny Costa}
jannycosta3.kalin.049.jpg,569206,1e9f14e5,\2024-12\31 - Janny Costa\,{UKTG11~2024-12~2X0Y5QJ8~31 - Janny Costa}
jannycosta3.kalin.050.jpg,618258,f74c095a,\2024-12\31 - Janny Costa\,{UKTG11~2024-12~2X0Y5QJ8~31 - Janny Costa}
jannycosta3.kalin.051.jpg,593509,1049adb0,\2024-12\31 - Janny Costa\,{UKTG11~2024-12~2X0Y5QJ8~31 - Janny Costa}
jannycosta3.kalin.052.jpg,545528,a64badd5,\2024-12\31 - Janny Costa\,{UKTG11~2024-12~2X0Y5QJ8~31 - Janny Costa}
jannycosta3.kalin.053.jpg,581323,89485362,\2024-12\31 - Janny Costa\,{UKTG11~2024-12~2X0Y5QJ8~31 - Janny Costa}
jannycosta3.kalin.054.jpg,553721,99b79375,\2024-12\31 - Janny Costa\,{UKTG11~2024-12~2X0Y5QJ8~31 - Janny Costa}
jannycosta3.kalin.055.jpg,603387,a8e67024,\2024-12\31 - Janny Costa\,{UKTG11~2024-12~2X0Y5QJ8~31 - Janny Costa}
jannycosta3.kalin.056.jpg,459205,6cadf699,\2024-12\31 - Janny Costa\,{UKTG11~2024-12~2X0Y5QJ8~31 - Janny Costa}
jannycosta3.kalin.057.jpg,646230,3a20f27f,\2024-12\31 - Janny Costa\,{UKTG11~2024-12~2X0Y5QJ8~31 - Janny Costa}
jannycosta3.kalin.058.jpg,615890,dbfddaae,\2024-12\31 - Janny Costa\,{UKTG11~2024-12~2X0Y5QJ8~31 - Janny Costa}
jannycosta3.kalin.059.jpg,638699,4b4d4cd6,\2024-12\31 - Janny Costa\,{UKTG11~2024-12~2X0Y5QJ8~31 - Janny Costa}
jannycosta3.kalin.060.jpg,564429,d24524a4,\2024-12\31 - Janny Costa\,{UKTG11~2024-12~2X0Y5QJ8~31 - Janny Costa}
jannycosta3.kalin.061.jpg,555564,314523b6,\2024-12\31 - Janny Costa\,{UKTG11~2024-12~2X0Y5QJ8~31 - Janny Costa}
jannycosta3.kalin.062.jpg,555787,d2728fdc,\2024-12\31 - Janny Costa\,{UKTG11~2024-12~2X0Y5QJ8~31 - Janny Costa}
jannycosta3.kalin.063.jpg,516588,aad31008,\2024-12\31 - Janny Costa\,{UKTG11~2024-12~2X0Y5QJ8~31 - Janny Costa}
jannycosta3.kalin.064.jpg,492227,de6ac564,\2024-12\31 - Janny Costa\,{UKTG11~2024-12~2X0Y5QJ8~31 - Janny Costa}
jannycosta3.kalin.065.jpg,488933,3b91dd4a,\2024-12\31 - Janny Costa\,{UKTG11~2024-12~2X0Y5QJ8~31 - Janny Costa}
jannycosta3.kalin.066.jpg,714284,52c9b6a7,\2024-12\31 - Janny Costa\,{UKTG11~2024-12~2X0Y5QJ8~31 - Janny Costa}
jannycosta3.kalin.067.jpg,711722,0589ec93,\2024-12\31 - Janny Costa\,{UKTG11~2024-12~2X0Y5QJ8~31 - Janny Costa}
jannycosta3.kalin.068.jpg,666146,ba4d125f,\2024-12\31 - Janny Costa\,{UKTG11~2024-12~2X0Y5QJ8~31 - Janny Costa}
jannycosta3.kalin.069.jpg,630972,b67140ee,\2024-12\31 - Janny Costa\,{UKTG11~2024-12~2X0Y5QJ8~31 - Janny Costa}
jannycosta3.kalin.070.jpg,544616,b4205142,\2024-12\31 - Janny Costa\,{UKTG11~2024-12~2X0Y5QJ8~31 - Janny Costa}
jannycosta3.kalin.071.jpg,526593,29b85cce,\2024-12\31 - Janny Costa\,{UKTG11~2024-12~2X0Y5QJ8~31 - Janny Costa}
jannycosta3.kalin.072.jpg,571692,0888ad4b,\2024-12\31 - Janny Costa\,{UKTG11~2024-12~2X0Y5QJ8~31 - Janny Costa}
jannycosta3.kalin.073.jpg,549160,b42a64d2,\2024-12\31 - Janny Costa\,{UKTG11~2024-12~2X0Y5QJ8~31 - Janny Costa}
jannycosta3.kalin.074.jpg,416339,7d447bde,\2024-12\31 - Janny Costa\,{UKTG11~2024-12~2X0Y5QJ8~31 - Janny Costa}
jannycosta3.kalin.075.jpg,697122,0f99f12d,\2024-12\31 - Janny Costa\,{UKTG11~2024-12~2X0Y5QJ8~31 - Janny Costa}
jannycosta3.kalin.076.jpg,652583,3db72974,\2024-12\31 - Janny Costa\,{UKTG11~2024-12~2X0Y5QJ8~31 - Janny Costa}
jannycosta3.kalin.077.jpg,665823,a16dd645,\2024-12\31 - Janny Costa\,{UKTG11~2024-12~2X0Y5QJ8~31 - Janny Costa}
jannycosta3.kalin.078.jpg,640864,3a25fd42,\2024-12\31 - Janny Costa\,{UKTG11~2024-12~2X0Y5QJ8~31 - Janny Costa}
jannycosta3.kalin.079.jpg,492622,1ff525a7,\2024-12\31 - Janny Costa\,{UKTG11~2024-12~2X0Y5QJ8~31 - Janny Costa}
jannycosta3.kalin.080.jpg,474866,1bfd6d12,\2024-12\31 - Janny Costa\,{UKTG11~2024-12~2X0Y5QJ8~31 - Janny Costa}
jannycosta3.kalin.081.jpg,486152,e60767d2,\2024-12\31 - Janny Costa\,{UKTG11~2024-12~2X0Y5QJ8~31 - Janny Costa}
jannycosta3.kalin.082.jpg,625080,4935d0f8,\2024-12\31 - Janny Costa\,{UKTG11~2024-12~2X0Y5QJ8~31 - Janny Costa}
jannycosta3.kalin.083.jpg,408117,fd202a69,\2024-12\31 - Janny Costa\,{UKTG11~2024-12~2X0Y5QJ8~31 - Janny Costa}
jannycosta3.kalin.084.jpg,414527,4c1cba00,\2024-12\31 - Janny Costa\,{UKTG11~2024-12~2X0Y5QJ8~31 - Janny Costa}
jannycosta3.kalin.085.jpg,475573,f09e2446,\2024-12\31 - Janny Costa\,{UKTG11~2024-12~2X0Y5QJ8~31 - Janny Costa}
jannycosta3.kalin.086.jpg,477247,66c757d0,\2024-12\31 - Janny Costa\,{UKTG11~2024-12~2X0Y5QJ8~31 - Janny Costa}
jannycosta3.kalin.087.jpg,499448,bd5a0d3b,\2024-12\31 - Janny Costa\,{UKTG11~2024-12~2X0Y5QJ8~31 - Janny Costa}
jannycosta3.kalin.088.jpg,493332,961c130d,\2024-12\31 - Janny Costa\,{UKTG11~2024-12~2X0Y5QJ8~31 - Janny Costa}
jannycosta3.kalin.089.jpg,492874,2a8c6168,\2024-12\31 - Janny Costa\,{UKTG11~2024-12~2X0Y5QJ8~31 - Janny Costa}
jannycosta3.kalin.090.jpg,480627,970724bb,\2024-12\31 - Janny Costa\,{UKTG11~2024-12~2X0Y5QJ8~31 - Janny Costa}
jannycosta3.kalin.091.jpg,621617,6e7d381f,\2024-12\31 - Janny Costa\,{UKTG11~2024-12~2X0Y5QJ8~31 - Janny Costa}
jannycosta3.kalin.092.jpg,647405,6de95944,\2024-12\31 - Janny Costa\,{UKTG11~2024-12~2X0Y5QJ8~31 - Janny Costa}
jannycosta3.kalin.093.jpg,555613,5a4a93bb,\2024-12\31 - Janny Costa\,{UKTG11~2024-12~2X0Y5QJ8~31 - Janny Costa}
jannycosta3.kalin.094.jpg,594631,eb15081b,\2024-12\31 - Janny Costa\,{UKTG11~2024-12~2X0Y5QJ8~31 - Janny Costa}
jannycosta3.kalin.095.jpg,463789,d8aeefb4,\2024-12\31 - Janny Costa\,{UKTG11~2024-12~2X0Y5QJ8~31 - Janny Costa}
jannycosta3.kalin.096.jpg,510998,5cbf9f9c,\2024-12\31 - Janny Costa\,{UKTG11~2024-12~2X0Y5QJ8~31 - Janny Costa}
jannycosta3.kalin.097.jpg,645227,c332bc2a,\2024-12\31 - Janny Costa\,{UKTG11~2024-12~2X0Y5QJ8~31 - Janny Costa}
jannycosta3.kalin.098.jpg,616514,e2599dc5,\2024-12\31 - Janny Costa\,{UKTG11~2024-12~2X0Y5QJ8~31 - Janny Costa}
jannycosta3.kalin.099.jpg,460213,ad8b0d1d,\2024-12\31 - Janny Costa\,{UKTG11~2024-12~2X0Y5QJ8~31 - Janny Costa}
jannycosta3.kalin.100.jpg,461566,3de80b5a,\2024-12\31 - Janny Costa\,{UKTG11~2024-12~2X0Y5QJ8~31 - Janny Costa}
jannycosta3.kalin.101.jpg,463873,2ca93070,\2024-12\31 - Janny Costa\,{UKTG11~2024-12~2X0Y5QJ8~31 - Janny Costa}
jannycosta3.kalin.102.jpg,469082,00504dd0,\2024-12\31 - Janny Costa\,{UKTG11~2024-12~2X0Y5QJ8~31 - Janny Costa}
jannycosta3.kalin.103.jpg,439429,4ff58c2b,\2024-12\31 - Janny Costa\,{UKTG11~2024-12~2X0Y5QJ8~31 - Janny Costa}
jannycosta3.kalin.104.jpg,569434,18b67585,\2024-12\31 - Janny Costa\,{UKTG11~2024-12~2X0Y5QJ8~31 - Janny Costa}
jannycosta3.kalin.105.jpg,520976,b8668bf1,\2024-12\31 - Janny Costa\,{UKTG11~2024-12~2X0Y5QJ8~31 - Janny Costa}
jannycosta3.kalin.106.jpg,500998,3e181935,\2024-12\31 - Janny Costa\,{UKTG11~2024-12~2X0Y5QJ8~31 - Janny Costa}
jannycosta3.kalin.107.jpg,597983,b4df4d03,\2024-12\31 - Janny Costa\,{UKTG11~2024-12~2X0Y5QJ8~31 - Janny Costa}
jannycosta3.kalin.108.jpg,606757,2f5ed2b0,\2024-12\31 - Janny Costa\,{UKTG11~2024-12~2X0Y5QJ8~31 - Janny Costa}
jannycosta3.kalin.109.jpg,590340,c72c4191,\2024-12\31 - Janny Costa\,{UKTG11~2024-12~2X0Y5QJ8~31 - Janny Costa}
jannycosta3.kalin.110.jpg,584045,0d3fb0cd,\2024-12\31 - Janny Costa\,{UKTG11~2024-12~2X0Y5QJ8~31 - Janny Costa}
jannycosta3.kalin.111.jpg,589744,d97779e8,\2024-12\31 - Janny Costa\,{UKTG11~2024-12~2X0Y5QJ8~31 - Janny Costa}
jannycosta3.kalin.112.jpg,602306,77918a8c,\2024-12\31 - Janny Costa\,{UKTG11~2024-12~2X0Y5QJ8~31 - Janny Costa}
jannycosta3.kalin.113.jpg,591593,61390ecb,\2024-12\31 - Janny Costa\,{UKTG11~2024-12~2X0Y5QJ8~31 - Janny Costa}
jannycosta3.kalin.114.jpg,518848,dbfc1385,\2024-12\31 - Janny Costa\,{UKTG11~2024-12~2X0Y5QJ8~31 - Janny Costa}
jannycosta3.kalin.115.jpg,487036,4b1d3f92,\2024-12\31 - Janny Costa\,{UKTG11~2024-12~2X0Y5QJ8~31 - Janny Costa}
jannycosta3.kalin.116.jpg,488723,cf175bc2,\2024-12\31 - Janny Costa\,{UKTG11~2024-12~2X0Y5QJ8~31 - Janny Costa}
jannycosta3.kalin.117.jpg,608640,161bf157,\2024-12\31 - Janny Costa\,{UKTG11~2024-12~2X0Y5QJ8~31 - Janny Costa}
jannycosta3.kalin.118.jpg,585104,8395d569,\2024-12\31 - Janny Costa\,{UKTG11~2024-12~2X0Y5QJ8~31 - Janny Costa}
jannycosta3.kalin.119.jpg,572294,b5ef6593,\2024-12\31 - Janny Costa\,{UKTG11~2024-12~2X0Y5QJ8~31 - Janny Costa}
jannycosta4.kalin.001.jpg,640886,553fe0e8,\2025-01\14 - Janny Costa\,{UKTG11~2025-01~390SHKVW~14 - Janny Costa}
jannycosta4.kalin.002.jpg,643989,b57ac1f0,\2025-01\14 - Janny Costa\,{UKTG11~2025-01~390SHKVW~14 - Janny Costa}
jannycosta4.kalin.003.jpg,580613,2f62f530,\2025-01\14 - Janny Costa\,{UKTG11~2025-01~390SHKVW~14 - Janny Costa}
jannycosta4.kalin.004.jpg,586689,dc818c74,\2025-01\14 - Janny Costa\,{UKTG11~2025-01~390SHKVW~14 - Janny Costa}
jannycosta4.kalin.005.jpg,583814,f84ac34c,\2025-01\14 - Janny Costa\,{UKTG11~2025-01~390SHKVW~14 - Janny Costa}
jannycosta4.kalin.006.jpg,590878,004e53ba,\2025-01\14 - Janny Costa\,{UKTG11~2025-01~390SHKVW~14 - Janny Costa}
jannycosta4.kalin.007.jpg,617324,c3a7c2e0,\2025-01\14 - Janny Costa\,{UKTG11~2025-01~390SHKVW~14 - Janny Costa}
jannycosta4.kalin.008.jpg,605262,656cc86c,\2025-01\14 - Janny Costa\,{UKTG11~2025-01~390SHKVW~14 - Janny Costa}
jannycosta4.kalin.009.jpg,612511,0a63a510,\2025-01\14 - Janny Costa\,{UKTG11~2025-01~390SHKVW~14 - Janny Costa}
jannycosta4.kalin.010.jpg,604408,38ca636e,\2025-01\14 - Janny Costa\,{UKTG11~2025-01~390SHKVW~14 - Janny Costa}
jannycosta4.kalin.011.jpg,576519,032b4159,\2025-01\14 - Janny Costa\,{UKTG11~2025-01~390SHKVW~14 - Janny Costa}
jannycosta4.kalin.012.jpg,560389,936315db,\2025-01\14 - Janny Costa\,{UKTG11~2025-01~390SHKVW~14 - Janny Costa}
jannycosta4.kalin.013.jpg,583537,bf32a815,\2025-01\14 - Janny Costa\,{UKTG11~2025-01~390SHKVW~14 - Janny Costa}
jannycosta4.kalin.014.jpg,500843,cd593876,\2025-01\14 - Janny Costa\,{UKTG11~2025-01~390SHKVW~14 - Janny Costa}
jannycosta4.kalin.015.jpg,576177,1b1bf6e0,\2025-01\14 - Janny Costa\,{UKTG11~2025-01~390SHKVW~14 - Janny Costa}
jannycosta4.kalin.016.jpg,573284,4d91401c,\2025-01\14 - Janny Costa\,{UKTG11~2025-01~390SHKVW~14 - Janny Costa}
jannycosta4.kalin.017.jpg,551834,98aaba2c,\2025-01\14 - Janny Costa\,{UKTG11~2025-01~390SHKVW~14 - Janny Costa}
jannycosta4.kalin.018.jpg,579055,a22f9cb7,\2025-01\14 - Janny Costa\,{UKTG11~2025-01~390SHKVW~14 - Janny Costa}
jannycosta4.kalin.019.jpg,575842,32c63cb8,\2025-01\14 - Janny Costa\,{UKTG11~2025-01~390SHKVW~14 - Janny Costa}
jannycosta4.kalin.020.jpg,572772,759d0d3e,\2025-01\14 - Janny Costa\,{UKTG11~2025-01~390SHKVW~14 - Janny Costa}
jannycosta4.kalin.021.jpg,571363,88a41c84,\2025-01\14 - Janny Costa\,{UKTG11~2025-01~390SHKVW~14 - Janny Costa}
jannycosta4.kalin.022.jpg,571613,5d419590,\2025-01\14 - Janny Costa\,{UKTG11~2025-01~390SHKVW~14 - Janny Costa}
jannycosta4.kalin.023.jpg,569344,98c0cd83,\2025-01\14 - Janny Costa\,{UKTG11~2025-01~390SHKVW~14 - Janny Costa}
jannycosta4.kalin.024.jpg,533157,94b5f1f7,\2025-01\14 - Janny Costa\,{UKTG11~2025-01~390SHKVW~14 - Janny Costa}
jannycosta4.kalin.025.jpg,548035,41bfc12d,\2025-01\14 - Janny Costa\,{UKTG11~2025-01~390SHKVW~14 - Janny Costa}
jannycosta4.kalin.026.jpg,542711,678ab9a3,\2025-01\14 - Janny Costa\,{UKTG11~2025-01~390SHKVW~14 - Janny Costa}
jannycosta4.kalin.027.jpg,532764,a7a5446c,\2025-01\14 - Janny Costa\,{UKTG11~2025-01~390SHKVW~14 - Janny Costa}
jannycosta4.kalin.028.jpg,569537,97d854ed,\2025-01\14 - Janny Costa\,{UKTG11~2025-01~390SHKVW~14 - Janny Costa}
jannycosta4.kalin.029.jpg,558445,7a5d8131,\2025-01\14 - Janny Costa\,{UKTG11~2025-01~390SHKVW~14 - Janny Costa}
jannycosta4.kalin.030.jpg,579054,b7a38661,\2025-01\14 - Janny Costa\,{UKTG11~2025-01~390SHKVW~14 - Janny Costa}
jannycosta4.kalin.031.jpg,589146,6d7df4f1,\2025-01\14 - Janny Costa\,{UKTG11~2025-01~390SHKVW~14 - Janny Costa}
jannycosta4.kalin.032.jpg,419130,859a9132,\2025-01\14 - Janny Costa\,{UKTG11~2025-01~390SHKVW~14 - Janny Costa}
jannycosta4.kalin.033.jpg,532181,c579b0f0,\2025-01\14 - Janny Costa\,{UKTG11~2025-01~390SHKVW~14 - Janny Costa}
jannycosta4.kalin.034.jpg,528487,7039024d,\2025-01\14 - Janny Costa\,{UKTG11~2025-01~390SHKVW~14 - Janny Costa}
jannycosta4.kalin.035.jpg,542264,8551f0a1,\2025-01\14 - Janny Costa\,{UKTG11~2025-01~390SHKVW~14 - Janny Costa}
jannycosta4.kalin.036.jpg,539623,1e7cc33e,\2025-01\14 - Janny Costa\,{UKTG11~2025-01~390SHKVW~14 - Janny Costa}
jannycosta4.kalin.037.jpg,551241,d456fda9,\2025-01\14 - Janny Costa\,{UKTG11~2025-01~390SHKVW~14 - Janny Costa}
jannycosta4.kalin.038.jpg,532004,e998760c,\2025-01\14 - Janny Costa\,{UKTG11~2025-01~390SHKVW~14 - Janny Costa}
jannycosta4.kalin.039.jpg,536994,8d923765,\2025-01\14 - Janny Costa\,{UKTG11~2025-01~390SHKVW~14 - Janny Costa}
jannycosta4.kalin.040.jpg,549617,cfeb3882,\2025-01\14 - Janny Costa\,{UKTG11~2025-01~390SHKVW~14 - Janny Costa}
jannycosta4.kalin.041.jpg,569697,435a9d07,\2025-01\14 - Janny Costa\,{UKTG11~2025-01~390SHKVW~14 - Janny Costa}
jannycosta4.kalin.042.jpg,517269,e89dc6fe,\2025-01\14 - Janny Costa\,{UKTG11~2025-01~390SHKVW~14 - Janny Costa}
jannycosta4.kalin.043.jpg,567145,fbe6c6b2,\2025-01\14 - Janny Costa\,{UKTG11~2025-01~390SHKVW~14 - Janny Costa}
jannycosta4.kalin.044.jpg,568392,8b32cd87,\2025-01\14 - Janny Costa\,{UKTG11~2025-01~390SHKVW~14 - Janny Costa}
jannycosta4.kalin.045.jpg,575042,e46c137e,\2025-01\14 - Janny Costa\,{UKTG11~2025-01~390SHKVW~14 - Janny Costa}
jannycosta4.kalin.046.jpg,586101,d20134b0,\2025-01\14 - Janny Costa\,{UKTG11~2025-01~390SHKVW~14 - Janny Costa}
jannycosta4.kalin.047.jpg,535504,8631ec83,\2025-01\14 - Janny Costa\,{UKTG11~2025-01~390SHKVW~14 - Janny Costa}
jannycosta4.kalin.048.jpg,525962,72628719,\2025-01\14 - Janny Costa\,{UKTG11~2025-01~390SHKVW~14 - Janny Costa}
jannycosta4.kalin.049.jpg,496705,75270fc2,\2025-01\14 - Janny Costa\,{UKTG11~2025-01~390SHKVW~14 - Janny Costa}
jannycosta4.kalin.050.jpg,494679,5a219af1,\2025-01\14 - Janny Costa\,{UKTG11~2025-01~390SHKVW~14 - Janny Costa}
jannycosta4.kalin.051.jpg,548720,c17400cc,\2025-01\14 - Janny Costa\,{UKTG11~2025-01~390SHKVW~14 - Janny Costa}
jannycosta4.kalin.052.jpg,575291,8bb0d24a,\2025-01\14 - Janny Costa\,{UKTG11~2025-01~390SHKVW~14 - Janny Costa}
jannycosta4.kalin.053.jpg,522540,5a1c484e,\2025-01\14 - Janny Costa\,{UKTG11~2025-01~390SHKVW~14 - Janny Costa}
jannycosta4.kalin.054.jpg,577001,09a01bb8,\2025-01\14 - Janny Costa\,{UKTG11~2025-01~390SHKVW~14 - Janny Costa}
jannycosta4.kalin.055.jpg,535149,a7b2a2c3,\2025-01\14 - Janny Costa\,{UKTG11~2025-01~390SHKVW~14 - Janny Costa}
jannycosta4.kalin.056.jpg,514532,f3ad6d41,\2025-01\14 - Janny Costa\,{UKTG11~2025-01~390SHKVW~14 - Janny Costa}
jannycosta4.kalin.057.jpg,524136,7da4bd3f,\2025-01\14 - Janny Costa\,{UKTG11~2025-01~390SHKVW~14 - Janny Costa}
jannycosta4.kalin.058.jpg,530880,8056e6ef,\2025-01\14 - Janny Costa\,{UKTG11~2025-01~390SHKVW~14 - Janny Costa}
jannycosta4.kalin.059.jpg,522065,7d51b392,\2025-01\14 - Janny Costa\,{UKTG11~2025-01~390SHKVW~14 - Janny Costa}
jannycosta4.kalin.060.jpg,489832,629da990,\2025-01\14 - Janny Costa\,{UKTG11~2025-01~390SHKVW~14 - Janny Costa}
jannycosta4.kalin.061.jpg,549713,047d8cfa,\2025-01\14 - Janny Costa\,{UKTG11~2025-01~390SHKVW~14 - Janny Costa}
jannycosta4.kalin.062.jpg,576740,7a75a73c,\2025-01\14 - Janny Costa\,{UKTG11~2025-01~390SHKVW~14 - Janny Costa}
jannycosta4.kalin.063.jpg,534290,05160fb5,\2025-01\14 - Janny Costa\,{UKTG11~2025-01~390SHKVW~14 - Janny Costa}
jannycosta4.kalin.064.jpg,608393,1be47c3d,\2025-01\14 - Janny Costa\,{UKTG11~2025-01~390SHKVW~14 - Janny Costa}
jannycosta4.kalin.065.jpg,527938,6cdbcae9,\2025-01\14 - Janny Costa\,{UKTG11~2025-01~390SHKVW~14 - Janny Costa}
jannycosta4.kalin.066.jpg,460385,888fec79,\2025-01\14 - Janny Costa\,{UKTG11~2025-01~390SHKVW~14 - Janny Costa}
jannycosta4.kalin.067.jpg,399241,facb9c04,\2025-01\14 - Janny Costa\,{UKTG11~2025-01~390SHKVW~14 - Janny Costa}
jannycosta4.kalin.068.jpg,467892,4278027f,\2025-01\14 - Janny Costa\,{UKTG11~2025-01~390SHKVW~14 - Janny Costa}
jannycosta4.kalin.069.jpg,466611,d7e0ba4d,\2025-01\14 - Janny Costa\,{UKTG11~2025-01~390SHKVW~14 - Janny Costa}
jannycosta4.kalin.070.jpg,527001,36a88913,\2025-01\14 - Janny Costa\,{UKTG11~2025-01~390SHKVW~14 - Janny Costa}
jannycosta4.kalin.071.jpg,499861,9e1da8f7,\2025-01\14 - Janny Costa\,{UKTG11~2025-01~390SHKVW~14 - Janny Costa}
jannycosta4.kalin.072.jpg,482084,46bcefba,\2025-01\14 - Janny Costa\,{UKTG11~2025-01~390SHKVW~14 - Janny Costa}
jannycosta4.kalin.073.jpg,456590,5e48f6f1,\2025-01\14 - Janny Costa\,{UKTG11~2025-01~390SHKVW~14 - Janny Costa}
jannycosta4.kalin.074.jpg,465578,3c33d423,\2025-01\14 - Janny Costa\,{UKTG11~2025-01~390SHKVW~14 - Janny Costa}
jannycosta4.kalin.075.jpg,440538,1e23926b,\2025-01\14 - Janny Costa\,{UKTG11~2025-01~390SHKVW~14 - Janny Costa}
jannycosta4.kalin.076.jpg,467011,8daaec9e,\2025-01\14 - Janny Costa\,{UKTG11~2025-01~390SHKVW~14 - Janny Costa}
jannycosta4.kalin.077.jpg,482650,0fbde986,\2025-01\14 - Janny Costa\,{UKTG11~2025-01~390SHKVW~14 - Janny Costa}
jannycosta4.kalin.078.jpg,435165,100c31db,\2025-01\14 - Janny Costa\,{UKTG11~2025-01~390SHKVW~14 - Janny Costa}
jannycosta4.kalin.079.jpg,451160,5e5d6497,\2025-01\14 - Janny Costa\,{UKTG11~2025-01~390SHKVW~14 - Janny Costa}
jannycosta4.kalin.080.jpg,475900,71775ecf,\2025-01\14 - Janny Costa\,{UKTG11~2025-01~390SHKVW~14 - Janny Costa}
jannycosta4.kalin.081.jpg,467898,99ad01b5,\2025-01\14 - Janny Costa\,{UKTG11~2025-01~390SHKVW~14 - Janny Costa}
jannycosta4.kalin.082.jpg,406870,4c6e3623,\2025-01\14 - Janny Costa\,{UKTG11~2025-01~390SHKVW~14 - Janny Costa}
jannycosta4.kalin.083.jpg,472874,39045287,\2025-01\14 - Janny Costa\,{UKTG11~2025-01~390SHKVW~14 - Janny Costa}
jannycosta4.kalin.084.jpg,479532,1f89d8b9,\2025-01\14 - Janny Costa\,{UKTG11~2025-01~390SHKVW~14 - Janny Costa}
jannycosta4.kalin.085.jpg,470484,1444243d,\2025-01\14 - Janny Costa\,{UKTG11~2025-01~390SHKVW~14 - Janny Costa}
jannycosta4.kalin.086.jpg,456435,58b25ec3,\2025-01\14 - Janny Costa\,{UKTG11~2025-01~390SHKVW~14 - Janny Costa}
jannycosta4.kalin.087.jpg,425254,8832f014,\2025-01\14 - Janny Costa\,{UKTG11~2025-01~390SHKVW~14 - Janny Costa}
jannycosta4.kalin.088.jpg,451157,01681b9a,\2025-01\14 - Janny Costa\,{UKTG11~2025-01~390SHKVW~14 - Janny Costa}
jannycosta4.kalin.089.jpg,562161,c363d38b,\2025-01\14 - Janny Costa\,{UKTG11~2025-01~390SHKVW~14 - Janny Costa}
jannycosta4.kalin.090.jpg,654050,66b91c52,\2025-01\14 - Janny Costa\,{UKTG11~2025-01~390SHKVW~14 - Janny Costa}
jannycosta4.kalin.091.jpg,446009,4016ecd8,\2025-01\14 - Janny Costa\,{UKTG11~2025-01~390SHKVW~14 - Janny Costa}
jannycosta4.kalin.092.jpg,541304,fe80e0d6,\2025-01\14 - Janny Costa\,{UKTG11~2025-01~390SHKVW~14 - Janny Costa}
jannycosta4.kalin.093.jpg,455490,7cdd07b6,\2025-01\14 - Janny Costa\,{UKTG11~2025-01~390SHKVW~14 - Janny Costa}
jannycosta4.kalin.094.jpg,471289,afd6634b,\2025-01\14 - Janny Costa\,{UKTG11~2025-01~390SHKVW~14 - Janny Costa}
jannycosta4.kalin.095.jpg,555691,8e671c1e,\2025-01\14 - Janny Costa\,{UKTG11~2025-01~390SHKVW~14 - Janny Costa}
jannycosta4.kalin.096.jpg,561709,d1e2070f,\2025-01\14 - Janny Costa\,{UKTG11~2025-01~390SHKVW~14 - Janny Costa}
jannycosta4.kalin.097.jpg,528802,c888faf4,\2025-01\14 - Janny Costa\,{UKTG11~2025-01~390SHKVW~14 - Janny Costa}
jannycosta4.kalin.098.jpg,517267,bb0bf562,\2025-01\14 - Janny Costa\,{UKTG11~2025-01~390SHKVW~14 - Janny Costa}
jannycosta4.kalin.099.jpg,576405,3ec08660,\2025-01\14 - Janny Costa\,{UKTG11~2025-01~390SHKVW~14 - Janny Costa}
jannycosta4.kalin.100.jpg,531000,40b6ddd1,\2025-01\14 - Janny Costa\,{UKTG11~2025-01~390SHKVW~14 - Janny Costa}
jannycosta4.kalin.101.jpg,497093,ac084a6d,\2025-01\14 - Janny Costa\,{UKTG11~2025-01~390SHKVW~14 - Janny Costa}
jannycosta4.kalin.102.jpg,437709,0a91e877,\2025-01\14 - Janny Costa\,{UKTG11~2025-01~390SHKVW~14 - Janny Costa}
jannycosta4.kalin.103.jpg,521029,9b41fe97,\2025-01\14 - Janny Costa\,{UKTG11~2025-01~390SHKVW~14 - Janny Costa}
jannycosta4.kalin.104.jpg,476009,43d03d33,\2025-01\14 - Janny Costa\,{UKTG11~2025-01~390SHKVW~14 - Janny Costa}
jannycosta4.kalin.105.jpg,501410,5ec7dd1a,\2025-01\14 - Janny Costa\,{UKTG11~2025-01~390SHKVW~14 - Janny Costa}
jannycosta4.kalin.106.jpg,596637,a9728b84,\2025-01\14 - Janny Costa\,{UKTG11~2025-01~390SHKVW~14 - Janny Costa}
jannycosta4.kalin.107.jpg,602056,72d49a92,\2025-01\14 - Janny Costa\,{UKTG11~2025-01~390SHKVW~14 - Janny Costa}
jannycosta4.kalin.108.jpg,616873,10457172,\2025-01\14 - Janny Costa\,{UKTG11~2025-01~390SHKVW~14 - Janny Costa}
jannycosta4.kalin.109.jpg,443579,d033c606,\2025-01\14 - Janny Costa\,{UKTG11~2025-01~390SHKVW~14 - Janny Costa}
jannycosta4.kalin.110.jpg,476801,c61559f4,\2025-01\14 - Janny Costa\,{UKTG11~2025-01~390SHKVW~14 - Janny Costa}
jannycosta4.kalin.111.jpg,484927,b1ed2096,\2025-01\14 - Janny Costa\,{UKTG11~2025-01~390SHKVW~14 - Janny Costa}
jannycosta4.kalin.112.jpg,437896,03c77672,\2025-01\14 - Janny Costa\,{UKTG11~2025-01~390SHKVW~14 - Janny Costa}
jannycosta4.kalin.113.jpg,643340,72647974,\2025-01\14 - Janny Costa\,{UKTG11~2025-01~390SHKVW~14 - Janny Costa}
jannycosta4.kalin.114.jpg,572310,ded8d901,\2025-01\14 - Janny Costa\,{UKTG11~2025-01~390SHKVW~14 - Janny Costa}
jannycosta4.kalin.115.jpg,588114,0d2941bd,\2025-01\14 - Janny Costa\,{UKTG11~2025-01~390SHKVW~14 - Janny Costa}
jannycosta4.kalin.116.jpg,577132,10d50f09,\2025-01\14 - Janny Costa\,{UKTG11~2025-01~390SHKVW~14 - Janny Costa}
jannycosta4.kalin.117.jpg,580177,1b7ba79b,\2025-01\14 - Janny Costa\,{UKTG11~2025-01~390SHKVW~14 - Janny Costa}
jannycosta4.kalin.118.jpg,592969,53076ddf,\2025-01\14 - Janny Costa\,{UKTG11~2025-01~390SHKVW~14 - Janny Costa}
jannycosta4.kalin.119.jpg,629190,e5af3717,\2025-01\14 - Janny Costa\,{UKTG11~2025-01~390SHKVW~14 - Janny Costa}